query,key,solute,solvent,T,role,benchmark_row
XLYOFNOQVPJJNP-UHFFFAOYSA-N:11,XLYOFNOQVPJJNP-UHFFFAOYSA-N,AMQJEAYHLZJPGS-UHFFFAOYSA-N,XLYOFNOQVPJJNP-UHFFFAOYSA-N,273.35,solvent,11
XLYOFNOQVPJJNP-UHFFFAOYSA-N:12,XLYOFNOQVPJJNP-UHFFFAOYSA-N,AMQJEAYHLZJPGS-UHFFFAOYSA-N,XLYOFNOQVPJJNP-UHFFFAOYSA-N,283.15,solvent,12
XLYOFNOQVPJJNP-UHFFFAOYSA-N:13,XLYOFNOQVPJJNP-UHFFFAOYSA-N,AMQJEAYHLZJPGS-UHFFFAOYSA-N,XLYOFNOQVPJJNP-UHFFFAOYSA-N,293.15,solvent,13
XLYOFNOQVPJJNP-UHFFFAOYSA-N:14,XLYOFNOQVPJJNP-UHFFFAOYSA-N,AMQJEAYHLZJPGS-UHFFFAOYSA-N,XLYOFNOQVPJJNP-UHFFFAOYSA-N,303.15,solvent,14
XLYOFNOQVPJJNP-UHFFFAOYSA-N:15,XLYOFNOQVPJJNP-UHFFFAOYSA-N,AMQJEAYHLZJPGS-UHFFFAOYSA-N,XLYOFNOQVPJJNP-UHFFFAOYSA-N,313.15,solvent,15
XLYOFNOQVPJJNP-UHFFFAOYSA-N:16,XLYOFNOQVPJJNP-UHFFFAOYSA-N,AMQJEAYHLZJPGS-UHFFFAOYSA-N,XLYOFNOQVPJJNP-UHFFFAOYSA-N,323.15,solvent,16
XLYOFNOQVPJJNP-UHFFFAOYSA-N:17,XLYOFNOQVPJJNP-UHFFFAOYSA-N,AMQJEAYHLZJPGS-UHFFFAOYSA-N,XLYOFNOQVPJJNP-UHFFFAOYSA-N,333.15,solvent,17
XLYOFNOQVPJJNP-UHFFFAOYSA-N:18,XLYOFNOQVPJJNP-UHFFFAOYSA-N,AMQJEAYHLZJPGS-UHFFFAOYSA-N,XLYOFNOQVPJJNP-UHFFFAOYSA-N,343.15,solvent,18
XLYOFNOQVPJJNP-UHFFFAOYSA-N:19,XLYOFNOQVPJJNP-UHFFFAOYSA-N,AMQJEAYHLZJPGS-UHFFFAOYSA-N,XLYOFNOQVPJJNP-UHFFFAOYSA-N,353.15,solvent,19
XLYOFNOQVPJJNP-UHFFFAOYSA-N:20,XLYOFNOQVPJJNP-UHFFFAOYSA-N,AMQJEAYHLZJPGS-UHFFFAOYSA-N,XLYOFNOQVPJJNP-UHFFFAOYSA-N,363.15,solvent,20
XLYOFNOQVPJJNP-UHFFFAOYSA-N:21,XLYOFNOQVPJJNP-UHFFFAOYSA-N,AMQJEAYHLZJPGS-UHFFFAOYSA-N,XLYOFNOQVPJJNP-UHFFFAOYSA-N,371.15,solvent,21
XLYOFNOQVPJJNP-UHFFFAOYSA-N:27,XLYOFNOQVPJJNP-UHFFFAOYSA-N,AQIXEPGDORPWBJ-UHFFFAOYSA-N,XLYOFNOQVPJJNP-UHFFFAOYSA-N,273.35,solvent,27
XLYOFNOQVPJJNP-UHFFFAOYSA-N:28,XLYOFNOQVPJJNP-UHFFFAOYSA-N,AQIXEPGDORPWBJ-UHFFFAOYSA-N,XLYOFNOQVPJJNP-UHFFFAOYSA-N,283.15,solvent,28
XLYOFNOQVPJJNP-UHFFFAOYSA-N:29,XLYOFNOQVPJJNP-UHFFFAOYSA-N,AQIXEPGDORPWBJ-UHFFFAOYSA-N,XLYOFNOQVPJJNP-UHFFFAOYSA-N,293.15,solvent,29
XLYOFNOQVPJJNP-UHFFFAOYSA-N:30,XLYOFNOQVPJJNP-UHFFFAOYSA-N,AQIXEPGDORPWBJ-UHFFFAOYSA-N,XLYOFNOQVPJJNP-UHFFFAOYSA-N,303.15,solvent,30
XLYOFNOQVPJJNP-UHFFFAOYSA-N:31,XLYOFNOQVPJJNP-UHFFFAOYSA-N,AQIXEPGDORPWBJ-UHFFFAOYSA-N,XLYOFNOQVPJJNP-UHFFFAOYSA-N,313.15,solvent,31
XLYOFNOQVPJJNP-UHFFFAOYSA-N:32,XLYOFNOQVPJJNP-UHFFFAOYSA-N,AQIXEPGDORPWBJ-UHFFFAOYSA-N,XLYOFNOQVPJJNP-UHFFFAOYSA-N,323.15,solvent,32
XLYOFNOQVPJJNP-UHFFFAOYSA-N:33,XLYOFNOQVPJJNP-UHFFFAOYSA-N,AQIXEPGDORPWBJ-UHFFFAOYSA-N,XLYOFNOQVPJJNP-UHFFFAOYSA-N,333.15,solvent,33
XLYOFNOQVPJJNP-UHFFFAOYSA-N:34,XLYOFNOQVPJJNP-UHFFFAOYSA-N,AQIXEPGDORPWBJ-UHFFFAOYSA-N,XLYOFNOQVPJJNP-UHFFFAOYSA-N,343.15,solvent,34
XLYOFNOQVPJJNP-UHFFFAOYSA-N:35,XLYOFNOQVPJJNP-UHFFFAOYSA-N,AQIXEPGDORPWBJ-UHFFFAOYSA-N,XLYOFNOQVPJJNP-UHFFFAOYSA-N,353.15,solvent,35
XLYOFNOQVPJJNP-UHFFFAOYSA-N:36,XLYOFNOQVPJJNP-UHFFFAOYSA-N,AQIXEPGDORPWBJ-UHFFFAOYSA-N,XLYOFNOQVPJJNP-UHFFFAOYSA-N,363.15,solvent,36
XLYOFNOQVPJJNP-UHFFFAOYSA-N:37,XLYOFNOQVPJJNP-UHFFFAOYSA-N,AQIXEPGDORPWBJ-UHFFFAOYSA-N,XLYOFNOQVPJJNP-UHFFFAOYSA-N,371.15,solvent,37
XLYOFNOQVPJJNP-UHFFFAOYSA-N:38,XLYOFNOQVPJJNP-UHFFFAOYSA-N,ATHHXGZTWNVVOU-UHFFFAOYSA-N,XLYOFNOQVPJJNP-UHFFFAOYSA-N,333.15,solvent,38
XLYOFNOQVPJJNP-UHFFFAOYSA-N:39,XLYOFNOQVPJJNP-UHFFFAOYSA-N,ATHHXGZTWNVVOU-UHFFFAOYSA-N,XLYOFNOQVPJJNP-UHFFFAOYSA-N,343.15,solvent,39
XLYOFNOQVPJJNP-UHFFFAOYSA-N:40,XLYOFNOQVPJJNP-UHFFFAOYSA-N,ATHHXGZTWNVVOU-UHFFFAOYSA-N,XLYOFNOQVPJJNP-UHFFFAOYSA-N,353.15,solvent,40
XLYOFNOQVPJJNP-UHFFFAOYSA-N:41,XLYOFNOQVPJJNP-UHFFFAOYSA-N,ATHHXGZTWNVVOU-UHFFFAOYSA-N,XLYOFNOQVPJJNP-UHFFFAOYSA-N,372.65,solvent,41
XLYOFNOQVPJJNP-UHFFFAOYSA-N:185,XLYOFNOQVPJJNP-UHFFFAOYSA-N,BDERNNFJNOPAEC-UHFFFAOYSA-N,XLYOFNOQVPJJNP-UHFFFAOYSA-N,273.35,solvent,185
XLYOFNOQVPJJNP-UHFFFAOYSA-N:186,XLYOFNOQVPJJNP-UHFFFAOYSA-N,BDERNNFJNOPAEC-UHFFFAOYSA-N,XLYOFNOQVPJJNP-UHFFFAOYSA-N,283.15,solvent,186
XLYOFNOQVPJJNP-UHFFFAOYSA-N:187,XLYOFNOQVPJJNP-UHFFFAOYSA-N,BDERNNFJNOPAEC-UHFFFAOYSA-N,XLYOFNOQVPJJNP-UHFFFAOYSA-N,293.15,solvent,187
XLYOFNOQVPJJNP-UHFFFAOYSA-N:188,XLYOFNOQVPJJNP-UHFFFAOYSA-N,BDERNNFJNOPAEC-UHFFFAOYSA-N,XLYOFNOQVPJJNP-UHFFFAOYSA-N,298.01,solvent,188
XLYOFNOQVPJJNP-UHFFFAOYSA-N:189,XLYOFNOQVPJJNP-UHFFFAOYSA-N,BDERNNFJNOPAEC-UHFFFAOYSA-N,XLYOFNOQVPJJNP-UHFFFAOYSA-N,298.03,solvent,189
XLYOFNOQVPJJNP-UHFFFAOYSA-N:190,XLYOFNOQVPJJNP-UHFFFAOYSA-N,BDERNNFJNOPAEC-UHFFFAOYSA-N,XLYOFNOQVPJJNP-UHFFFAOYSA-N,298.1,solvent,190
XLYOFNOQVPJJNP-UHFFFAOYSA-N:191,XLYOFNOQVPJJNP-UHFFFAOYSA-N,BDERNNFJNOPAEC-UHFFFAOYSA-N,XLYOFNOQVPJJNP-UHFFFAOYSA-N,298.04,solvent,191
XLYOFNOQVPJJNP-UHFFFAOYSA-N:192,XLYOFNOQVPJJNP-UHFFFAOYSA-N,BDERNNFJNOPAEC-UHFFFAOYSA-N,XLYOFNOQVPJJNP-UHFFFAOYSA-N,298.1,solvent,192
XLYOFNOQVPJJNP-UHFFFAOYSA-N:193,XLYOFNOQVPJJNP-UHFFFAOYSA-N,BDERNNFJNOPAEC-UHFFFAOYSA-N,XLYOFNOQVPJJNP-UHFFFAOYSA-N,303.15,solvent,193
XLYOFNOQVPJJNP-UHFFFAOYSA-N:194,XLYOFNOQVPJJNP-UHFFFAOYSA-N,BDERNNFJNOPAEC-UHFFFAOYSA-N,XLYOFNOQVPJJNP-UHFFFAOYSA-N,308.15,solvent,194
XLYOFNOQVPJJNP-UHFFFAOYSA-N:195,XLYOFNOQVPJJNP-UHFFFAOYSA-N,BDERNNFJNOPAEC-UHFFFAOYSA-N,XLYOFNOQVPJJNP-UHFFFAOYSA-N,313.15,solvent,195
XLYOFNOQVPJJNP-UHFFFAOYSA-N:196,XLYOFNOQVPJJNP-UHFFFAOYSA-N,BDERNNFJNOPAEC-UHFFFAOYSA-N,XLYOFNOQVPJJNP-UHFFFAOYSA-N,318.15,solvent,196
XLYOFNOQVPJJNP-UHFFFAOYSA-N:197,XLYOFNOQVPJJNP-UHFFFAOYSA-N,BDERNNFJNOPAEC-UHFFFAOYSA-N,XLYOFNOQVPJJNP-UHFFFAOYSA-N,323.15,solvent,197
XLYOFNOQVPJJNP-UHFFFAOYSA-N:198,XLYOFNOQVPJJNP-UHFFFAOYSA-N,BDERNNFJNOPAEC-UHFFFAOYSA-N,XLYOFNOQVPJJNP-UHFFFAOYSA-N,328.15,solvent,198
XLYOFNOQVPJJNP-UHFFFAOYSA-N:199,XLYOFNOQVPJJNP-UHFFFAOYSA-N,BDERNNFJNOPAEC-UHFFFAOYSA-N,XLYOFNOQVPJJNP-UHFFFAOYSA-N,333.15,solvent,199
XLYOFNOQVPJJNP-UHFFFAOYSA-N:200,XLYOFNOQVPJJNP-UHFFFAOYSA-N,BDERNNFJNOPAEC-UHFFFAOYSA-N,XLYOFNOQVPJJNP-UHFFFAOYSA-N,358.15,solvent,200
XLYOFNOQVPJJNP-UHFFFAOYSA-N:201,XLYOFNOQVPJJNP-UHFFFAOYSA-N,BDERNNFJNOPAEC-UHFFFAOYSA-N,XLYOFNOQVPJJNP-UHFFFAOYSA-N,363.15,solvent,201
XLYOFNOQVPJJNP-UHFFFAOYSA-N:202,XLYOFNOQVPJJNP-UHFFFAOYSA-N,BDERNNFJNOPAEC-UHFFFAOYSA-N,XLYOFNOQVPJJNP-UHFFFAOYSA-N,368.15,solvent,202
XLYOFNOQVPJJNP-UHFFFAOYSA-N:203,XLYOFNOQVPJJNP-UHFFFAOYSA-N,BDERNNFJNOPAEC-UHFFFAOYSA-N,XLYOFNOQVPJJNP-UHFFFAOYSA-N,372.15,solvent,203
XLYOFNOQVPJJNP-UHFFFAOYSA-N:332,XLYOFNOQVPJJNP-UHFFFAOYSA-N,CSCPPACGZOOCGX-UHFFFAOYSA-N,XLYOFNOQVPJJNP-UHFFFAOYSA-N,298.01,solvent,332
XLYOFNOQVPJJNP-UHFFFAOYSA-N:333,XLYOFNOQVPJJNP-UHFFFAOYSA-N,CSCPPACGZOOCGX-UHFFFAOYSA-N,XLYOFNOQVPJJNP-UHFFFAOYSA-N,298.03,solvent,333
XLYOFNOQVPJJNP-UHFFFAOYSA-N:334,XLYOFNOQVPJJNP-UHFFFAOYSA-N,CSCPPACGZOOCGX-UHFFFAOYSA-N,XLYOFNOQVPJJNP-UHFFFAOYSA-N,298.04,solvent,334
XLYOFNOQVPJJNP-UHFFFAOYSA-N:335,XLYOFNOQVPJJNP-UHFFFAOYSA-N,CSCPPACGZOOCGX-UHFFFAOYSA-N,XLYOFNOQVPJJNP-UHFFFAOYSA-N,298.03,solvent,335
XLYOFNOQVPJJNP-UHFFFAOYSA-N:336,XLYOFNOQVPJJNP-UHFFFAOYSA-N,CSCPPACGZOOCGX-UHFFFAOYSA-N,XLYOFNOQVPJJNP-UHFFFAOYSA-N,298.17,solvent,336
XLYOFNOQVPJJNP-UHFFFAOYSA-N:337,XLYOFNOQVPJJNP-UHFFFAOYSA-N,CSCPPACGZOOCGX-UHFFFAOYSA-N,XLYOFNOQVPJJNP-UHFFFAOYSA-N,298.01,solvent,337
XLYOFNOQVPJJNP-UHFFFAOYSA-N:338,XLYOFNOQVPJJNP-UHFFFAOYSA-N,CSCPPACGZOOCGX-UHFFFAOYSA-N,XLYOFNOQVPJJNP-UHFFFAOYSA-N,298.04,solvent,338
XLYOFNOQVPJJNP-UHFFFAOYSA-N:360,XLYOFNOQVPJJNP-UHFFFAOYSA-N,DHXVGJBLRPWPCS-UHFFFAOYSA-N,XLYOFNOQVPJJNP-UHFFFAOYSA-N,273.35,solvent,360
XLYOFNOQVPJJNP-UHFFFAOYSA-N:361,XLYOFNOQVPJJNP-UHFFFAOYSA-N,DHXVGJBLRPWPCS-UHFFFAOYSA-N,XLYOFNOQVPJJNP-UHFFFAOYSA-N,283.15,solvent,361
XLYOFNOQVPJJNP-UHFFFAOYSA-N:362,XLYOFNOQVPJJNP-UHFFFAOYSA-N,DHXVGJBLRPWPCS-UHFFFAOYSA-N,XLYOFNOQVPJJNP-UHFFFAOYSA-N,288.15,solvent,362
XLYOFNOQVPJJNP-UHFFFAOYSA-N:363,XLYOFNOQVPJJNP-UHFFFAOYSA-N,DHXVGJBLRPWPCS-UHFFFAOYSA-N,XLYOFNOQVPJJNP-UHFFFAOYSA-N,298.15,solvent,363
XLYOFNOQVPJJNP-UHFFFAOYSA-N:364,XLYOFNOQVPJJNP-UHFFFAOYSA-N,DHXVGJBLRPWPCS-UHFFFAOYSA-N,XLYOFNOQVPJJNP-UHFFFAOYSA-N,308.15,solvent,364
XLYOFNOQVPJJNP-UHFFFAOYSA-N:365,XLYOFNOQVPJJNP-UHFFFAOYSA-N,DHXVGJBLRPWPCS-UHFFFAOYSA-N,XLYOFNOQVPJJNP-UHFFFAOYSA-N,318.15,solvent,365
XLYOFNOQVPJJNP-UHFFFAOYSA-N:366,XLYOFNOQVPJJNP-UHFFFAOYSA-N,DHXVGJBLRPWPCS-UHFFFAOYSA-N,XLYOFNOQVPJJNP-UHFFFAOYSA-N,328.15,solvent,366
XLYOFNOQVPJJNP-UHFFFAOYSA-N:431,XLYOFNOQVPJJNP-UHFFFAOYSA-N,DKGAVHZHDRPRBM-UHFFFAOYSA-N,XLYOFNOQVPJJNP-UHFFFAOYSA-N,299.15,solvent,431
XLYOFNOQVPJJNP-UHFFFAOYSA-N:432,XLYOFNOQVPJJNP-UHFFFAOYSA-N,DKGAVHZHDRPRBM-UHFFFAOYSA-N,XLYOFNOQVPJJNP-UHFFFAOYSA-N,303.15,solvent,432
XLYOFNOQVPJJNP-UHFFFAOYSA-N:433,XLYOFNOQVPJJNP-UHFFFAOYSA-N,DKGAVHZHDRPRBM-UHFFFAOYSA-N,XLYOFNOQVPJJNP-UHFFFAOYSA-N,313.15,solvent,433
XLYOFNOQVPJJNP-UHFFFAOYSA-N:434,XLYOFNOQVPJJNP-UHFFFAOYSA-N,DKGAVHZHDRPRBM-UHFFFAOYSA-N,XLYOFNOQVPJJNP-UHFFFAOYSA-N,323.15,solvent,434
XLYOFNOQVPJJNP-UHFFFAOYSA-N:435,XLYOFNOQVPJJNP-UHFFFAOYSA-N,DKGAVHZHDRPRBM-UHFFFAOYSA-N,XLYOFNOQVPJJNP-UHFFFAOYSA-N,333.15,solvent,435
XLYOFNOQVPJJNP-UHFFFAOYSA-N:436,XLYOFNOQVPJJNP-UHFFFAOYSA-N,DKGAVHZHDRPRBM-UHFFFAOYSA-N,XLYOFNOQVPJJNP-UHFFFAOYSA-N,343.15,solvent,436
XLYOFNOQVPJJNP-UHFFFAOYSA-N:437,XLYOFNOQVPJJNP-UHFFFAOYSA-N,DKGAVHZHDRPRBM-UHFFFAOYSA-N,XLYOFNOQVPJJNP-UHFFFAOYSA-N,353.15,solvent,437
XLYOFNOQVPJJNP-UHFFFAOYSA-N:438,XLYOFNOQVPJJNP-UHFFFAOYSA-N,DKGAVHZHDRPRBM-UHFFFAOYSA-N,XLYOFNOQVPJJNP-UHFFFAOYSA-N,363.15,solvent,438
XLYOFNOQVPJJNP-UHFFFAOYSA-N:439,XLYOFNOQVPJJNP-UHFFFAOYSA-N,DKGAVHZHDRPRBM-UHFFFAOYSA-N,XLYOFNOQVPJJNP-UHFFFAOYSA-N,371.15,solvent,439
XLYOFNOQVPJJNP-UHFFFAOYSA-N:458,XLYOFNOQVPJJNP-UHFFFAOYSA-N,DKPFZGUDAPQIHT-UHFFFAOYSA-N,XLYOFNOQVPJJNP-UHFFFAOYSA-N,273.35,solvent,458
XLYOFNOQVPJJNP-UHFFFAOYSA-N:459,XLYOFNOQVPJJNP-UHFFFAOYSA-N,DKPFZGUDAPQIHT-UHFFFAOYSA-N,XLYOFNOQVPJJNP-UHFFFAOYSA-N,283.15,solvent,459
XLYOFNOQVPJJNP-UHFFFAOYSA-N:460,XLYOFNOQVPJJNP-UHFFFAOYSA-N,DKPFZGUDAPQIHT-UHFFFAOYSA-N,XLYOFNOQVPJJNP-UHFFFAOYSA-N,293.15,solvent,460
XLYOFNOQVPJJNP-UHFFFAOYSA-N:461,XLYOFNOQVPJJNP-UHFFFAOYSA-N,DKPFZGUDAPQIHT-UHFFFAOYSA-N,XLYOFNOQVPJJNP-UHFFFAOYSA-N,298.15,solvent,461
XLYOFNOQVPJJNP-UHFFFAOYSA-N:462,XLYOFNOQVPJJNP-UHFFFAOYSA-N,DKPFZGUDAPQIHT-UHFFFAOYSA-N,XLYOFNOQVPJJNP-UHFFFAOYSA-N,303.15,solvent,462
XLYOFNOQVPJJNP-UHFFFAOYSA-N:463,XLYOFNOQVPJJNP-UHFFFAOYSA-N,DKPFZGUDAPQIHT-UHFFFAOYSA-N,XLYOFNOQVPJJNP-UHFFFAOYSA-N,313.15,solvent,463
XLYOFNOQVPJJNP-UHFFFAOYSA-N:464,XLYOFNOQVPJJNP-UHFFFAOYSA-N,DKPFZGUDAPQIHT-UHFFFAOYSA-N,XLYOFNOQVPJJNP-UHFFFAOYSA-N,323.15,solvent,464
XLYOFNOQVPJJNP-UHFFFAOYSA-N:465,XLYOFNOQVPJJNP-UHFFFAOYSA-N,DKPFZGUDAPQIHT-UHFFFAOYSA-N,XLYOFNOQVPJJNP-UHFFFAOYSA-N,333.15,solvent,465
XLYOFNOQVPJJNP-UHFFFAOYSA-N:490,XLYOFNOQVPJJNP-UHFFFAOYSA-N,FKRCODPIKNYEAC-UHFFFAOYSA-N,XLYOFNOQVPJJNP-UHFFFAOYSA-N,293.15,solvent,490
XLYOFNOQVPJJNP-UHFFFAOYSA-N:491,XLYOFNOQVPJJNP-UHFFFAOYSA-N,FKRCODPIKNYEAC-UHFFFAOYSA-N,XLYOFNOQVPJJNP-UHFFFAOYSA-N,303.15,solvent,491
XLYOFNOQVPJJNP-UHFFFAOYSA-N:492,XLYOFNOQVPJJNP-UHFFFAOYSA-N,FKRCODPIKNYEAC-UHFFFAOYSA-N,XLYOFNOQVPJJNP-UHFFFAOYSA-N,313.15,solvent,492
XLYOFNOQVPJJNP-UHFFFAOYSA-N:493,XLYOFNOQVPJJNP-UHFFFAOYSA-N,FKRCODPIKNYEAC-UHFFFAOYSA-N,XLYOFNOQVPJJNP-UHFFFAOYSA-N,323.15,solvent,493
XLYOFNOQVPJJNP-UHFFFAOYSA-N:494,XLYOFNOQVPJJNP-UHFFFAOYSA-N,FKRCODPIKNYEAC-UHFFFAOYSA-N,XLYOFNOQVPJJNP-UHFFFAOYSA-N,333.15,solvent,494
XLYOFNOQVPJJNP-UHFFFAOYSA-N:495,XLYOFNOQVPJJNP-UHFFFAOYSA-N,FKRCODPIKNYEAC-UHFFFAOYSA-N,XLYOFNOQVPJJNP-UHFFFAOYSA-N,341.15,solvent,495
XLYOFNOQVPJJNP-UHFFFAOYSA-N:496,XLYOFNOQVPJJNP-UHFFFAOYSA-N,FKRCODPIKNYEAC-UHFFFAOYSA-N,XLYOFNOQVPJJNP-UHFFFAOYSA-N,341.15,solvent,496
XLYOFNOQVPJJNP-UHFFFAOYSA-N:497,XLYOFNOQVPJJNP-UHFFFAOYSA-N,FKRCODPIKNYEAC-UHFFFAOYSA-N,XLYOFNOQVPJJNP-UHFFFAOYSA-N,351.15,solvent,497
XLYOFNOQVPJJNP-UHFFFAOYSA-N:498,XLYOFNOQVPJJNP-UHFFFAOYSA-N,FKRCODPIKNYEAC-UHFFFAOYSA-N,XLYOFNOQVPJJNP-UHFFFAOYSA-N,351.15,solvent,498
XLYOFNOQVPJJNP-UHFFFAOYSA-N:499,XLYOFNOQVPJJNP-UHFFFAOYSA-N,FKRCODPIKNYEAC-UHFFFAOYSA-N,XLYOFNOQVPJJNP-UHFFFAOYSA-N,361.25,solvent,499
XLYOFNOQVPJJNP-UHFFFAOYSA-N:500,XLYOFNOQVPJJNP-UHFFFAOYSA-N,FXHOOIRPVKKKFG-UHFFFAOYSA-N,XLYOFNOQVPJJNP-UHFFFAOYSA-N,343.15,solvent,500
XLYOFNOQVPJJNP-UHFFFAOYSA-N:501,XLYOFNOQVPJJNP-UHFFFAOYSA-N,FXHOOIRPVKKKFG-UHFFFAOYSA-N,XLYOFNOQVPJJNP-UHFFFAOYSA-N,343.51,solvent,501
XLYOFNOQVPJJNP-UHFFFAOYSA-N:502,XLYOFNOQVPJJNP-UHFFFAOYSA-N,FXHOOIRPVKKKFG-UHFFFAOYSA-N,XLYOFNOQVPJJNP-UHFFFAOYSA-N,349.03,solvent,502
XLYOFNOQVPJJNP-UHFFFAOYSA-N:503,XLYOFNOQVPJJNP-UHFFFAOYSA-N,FXHOOIRPVKKKFG-UHFFFAOYSA-N,XLYOFNOQVPJJNP-UHFFFAOYSA-N,351.15,solvent,503
XLYOFNOQVPJJNP-UHFFFAOYSA-N:504,XLYOFNOQVPJJNP-UHFFFAOYSA-N,FXHOOIRPVKKKFG-UHFFFAOYSA-N,XLYOFNOQVPJJNP-UHFFFAOYSA-N,353.5,solvent,504
XLYOFNOQVPJJNP-UHFFFAOYSA-N:505,XLYOFNOQVPJJNP-UHFFFAOYSA-N,FXHOOIRPVKKKFG-UHFFFAOYSA-N,XLYOFNOQVPJJNP-UHFFFAOYSA-N,353.5,solvent,505
XLYOFNOQVPJJNP-UHFFFAOYSA-N:506,XLYOFNOQVPJJNP-UHFFFAOYSA-N,FXHOOIRPVKKKFG-UHFFFAOYSA-N,XLYOFNOQVPJJNP-UHFFFAOYSA-N,363.87,solvent,506
XLYOFNOQVPJJNP-UHFFFAOYSA-N:507,XLYOFNOQVPJJNP-UHFFFAOYSA-N,FXHOOIRPVKKKFG-UHFFFAOYSA-N,XLYOFNOQVPJJNP-UHFFFAOYSA-N,363.87,solvent,507
XLYOFNOQVPJJNP-UHFFFAOYSA-N:508,XLYOFNOQVPJJNP-UHFFFAOYSA-N,FXHOOIRPVKKKFG-UHFFFAOYSA-N,XLYOFNOQVPJJNP-UHFFFAOYSA-N,370.86,solvent,508
XLYOFNOQVPJJNP-UHFFFAOYSA-N:509,XLYOFNOQVPJJNP-UHFFFAOYSA-N,FXHOOIRPVKKKFG-UHFFFAOYSA-N,XLYOFNOQVPJJNP-UHFFFAOYSA-N,372.28,solvent,509
XLYOFNOQVPJJNP-UHFFFAOYSA-N:554,XLYOFNOQVPJJNP-UHFFFAOYSA-N,HGBOYTHUEUWSSQ-UHFFFAOYSA-N,XLYOFNOQVPJJNP-UHFFFAOYSA-N,298.15,solvent,554
XLYOFNOQVPJJNP-UHFFFAOYSA-N:555,XLYOFNOQVPJJNP-UHFFFAOYSA-N,HGBOYTHUEUWSSQ-UHFFFAOYSA-N,XLYOFNOQVPJJNP-UHFFFAOYSA-N,303.15,solvent,555
XLYOFNOQVPJJNP-UHFFFAOYSA-N:556,XLYOFNOQVPJJNP-UHFFFAOYSA-N,HGBOYTHUEUWSSQ-UHFFFAOYSA-N,XLYOFNOQVPJJNP-UHFFFAOYSA-N,308.15,solvent,556
XLYOFNOQVPJJNP-UHFFFAOYSA-N:557,XLYOFNOQVPJJNP-UHFFFAOYSA-N,HGBOYTHUEUWSSQ-UHFFFAOYSA-N,XLYOFNOQVPJJNP-UHFFFAOYSA-N,313.15,solvent,557
XLYOFNOQVPJJNP-UHFFFAOYSA-N:558,XLYOFNOQVPJJNP-UHFFFAOYSA-N,HGBOYTHUEUWSSQ-UHFFFAOYSA-N,XLYOFNOQVPJJNP-UHFFFAOYSA-N,318.15,solvent,558
XLYOFNOQVPJJNP-UHFFFAOYSA-N:559,XLYOFNOQVPJJNP-UHFFFAOYSA-N,HGBOYTHUEUWSSQ-UHFFFAOYSA-N,XLYOFNOQVPJJNP-UHFFFAOYSA-N,323.15,solvent,559
XLYOFNOQVPJJNP-UHFFFAOYSA-N:560,XLYOFNOQVPJJNP-UHFFFAOYSA-N,HGBOYTHUEUWSSQ-UHFFFAOYSA-N,XLYOFNOQVPJJNP-UHFFFAOYSA-N,328.15,solvent,560
XLYOFNOQVPJJNP-UHFFFAOYSA-N:569,XLYOFNOQVPJJNP-UHFFFAOYSA-N,HGINCPLSRVDWNT-UHFFFAOYSA-N,XLYOFNOQVPJJNP-UHFFFAOYSA-N,298.15,solvent,569
XLYOFNOQVPJJNP-UHFFFAOYSA-N:570,XLYOFNOQVPJJNP-UHFFFAOYSA-N,HGINCPLSRVDWNT-UHFFFAOYSA-N,XLYOFNOQVPJJNP-UHFFFAOYSA-N,301.15,solvent,570
XLYOFNOQVPJJNP-UHFFFAOYSA-N:571,XLYOFNOQVPJJNP-UHFFFAOYSA-N,HGINCPLSRVDWNT-UHFFFAOYSA-N,XLYOFNOQVPJJNP-UHFFFAOYSA-N,303.15,solvent,571
XLYOFNOQVPJJNP-UHFFFAOYSA-N:572,XLYOFNOQVPJJNP-UHFFFAOYSA-N,HGINCPLSRVDWNT-UHFFFAOYSA-N,XLYOFNOQVPJJNP-UHFFFAOYSA-N,305.15,solvent,572
XLYOFNOQVPJJNP-UHFFFAOYSA-N:573,XLYOFNOQVPJJNP-UHFFFAOYSA-N,HGINCPLSRVDWNT-UHFFFAOYSA-N,XLYOFNOQVPJJNP-UHFFFAOYSA-N,308.15,solvent,573
XLYOFNOQVPJJNP-UHFFFAOYSA-N:574,XLYOFNOQVPJJNP-UHFFFAOYSA-N,HGINCPLSRVDWNT-UHFFFAOYSA-N,XLYOFNOQVPJJNP-UHFFFAOYSA-N,310.15,solvent,574
XLYOFNOQVPJJNP-UHFFFAOYSA-N:575,XLYOFNOQVPJJNP-UHFFFAOYSA-N,HGINCPLSRVDWNT-UHFFFAOYSA-N,XLYOFNOQVPJJNP-UHFFFAOYSA-N,313.15,solvent,575
XLYOFNOQVPJJNP-UHFFFAOYSA-N:576,XLYOFNOQVPJJNP-UHFFFAOYSA-N,HGINCPLSRVDWNT-UHFFFAOYSA-N,XLYOFNOQVPJJNP-UHFFFAOYSA-N,315.15,solvent,576
XLYOFNOQVPJJNP-UHFFFAOYSA-N:577,XLYOFNOQVPJJNP-UHFFFAOYSA-N,HGINCPLSRVDWNT-UHFFFAOYSA-N,XLYOFNOQVPJJNP-UHFFFAOYSA-N,318.15,solvent,577
XLYOFNOQVPJJNP-UHFFFAOYSA-N:578,XLYOFNOQVPJJNP-UHFFFAOYSA-N,HGINCPLSRVDWNT-UHFFFAOYSA-N,XLYOFNOQVPJJNP-UHFFFAOYSA-N,320.15,solvent,578
XLYOFNOQVPJJNP-UHFFFAOYSA-N:579,XLYOFNOQVPJJNP-UHFFFAOYSA-N,HGINCPLSRVDWNT-UHFFFAOYSA-N,XLYOFNOQVPJJNP-UHFFFAOYSA-N,323.15,solvent,579
XLYOFNOQVPJJNP-UHFFFAOYSA-N:580,XLYOFNOQVPJJNP-UHFFFAOYSA-N,HGINCPLSRVDWNT-UHFFFAOYSA-N,XLYOFNOQVPJJNP-UHFFFAOYSA-N,325.15,solvent,580
XLYOFNOQVPJJNP-UHFFFAOYSA-N:581,XLYOFNOQVPJJNP-UHFFFAOYSA-N,HGINCPLSRVDWNT-UHFFFAOYSA-N,XLYOFNOQVPJJNP-UHFFFAOYSA-N,328.15,solvent,581
XLYOFNOQVPJJNP-UHFFFAOYSA-N:582,XLYOFNOQVPJJNP-UHFFFAOYSA-N,HGINCPLSRVDWNT-UHFFFAOYSA-N,XLYOFNOQVPJJNP-UHFFFAOYSA-N,330.15,solvent,582
XLYOFNOQVPJJNP-UHFFFAOYSA-N:583,XLYOFNOQVPJJNP-UHFFFAOYSA-N,HGINCPLSRVDWNT-UHFFFAOYSA-N,XLYOFNOQVPJJNP-UHFFFAOYSA-N,333.15,solvent,583
XLYOFNOQVPJJNP-UHFFFAOYSA-N:883,XLYOFNOQVPJJNP-UHFFFAOYSA-N,IEJIGPNLZYLLBP-UHFFFAOYSA-N,XLYOFNOQVPJJNP-UHFFFAOYSA-N,273.35,solvent,883
XLYOFNOQVPJJNP-UHFFFAOYSA-N:884,XLYOFNOQVPJJNP-UHFFFAOYSA-N,IEJIGPNLZYLLBP-UHFFFAOYSA-N,XLYOFNOQVPJJNP-UHFFFAOYSA-N,283.15,solvent,884
XLYOFNOQVPJJNP-UHFFFAOYSA-N:885,XLYOFNOQVPJJNP-UHFFFAOYSA-N,IEJIGPNLZYLLBP-UHFFFAOYSA-N,XLYOFNOQVPJJNP-UHFFFAOYSA-N,293.15,solvent,885
XLYOFNOQVPJJNP-UHFFFAOYSA-N:886,XLYOFNOQVPJJNP-UHFFFAOYSA-N,IEJIGPNLZYLLBP-UHFFFAOYSA-N,XLYOFNOQVPJJNP-UHFFFAOYSA-N,298.15,solvent,886
XLYOFNOQVPJJNP-UHFFFAOYSA-N:887,XLYOFNOQVPJJNP-UHFFFAOYSA-N,IEJIGPNLZYLLBP-UHFFFAOYSA-N,XLYOFNOQVPJJNP-UHFFFAOYSA-N,303.15,solvent,887
XLYOFNOQVPJJNP-UHFFFAOYSA-N:888,XLYOFNOQVPJJNP-UHFFFAOYSA-N,IEJIGPNLZYLLBP-UHFFFAOYSA-N,XLYOFNOQVPJJNP-UHFFFAOYSA-N,313.15,solvent,888
XLYOFNOQVPJJNP-UHFFFAOYSA-N:889,XLYOFNOQVPJJNP-UHFFFAOYSA-N,IEJIGPNLZYLLBP-UHFFFAOYSA-N,XLYOFNOQVPJJNP-UHFFFAOYSA-N,323.15,solvent,889
XLYOFNOQVPJJNP-UHFFFAOYSA-N:890,XLYOFNOQVPJJNP-UHFFFAOYSA-N,IEJIGPNLZYLLBP-UHFFFAOYSA-N,XLYOFNOQVPJJNP-UHFFFAOYSA-N,333.15,solvent,890
XLYOFNOQVPJJNP-UHFFFAOYSA-N:974,XLYOFNOQVPJJNP-UHFFFAOYSA-N,IKHGUXGNUITLKF-UHFFFAOYSA-N,XLYOFNOQVPJJNP-UHFFFAOYSA-N,298.13,solvent,974
XLYOFNOQVPJJNP-UHFFFAOYSA-N:975,XLYOFNOQVPJJNP-UHFFFAOYSA-N,IKHGUXGNUITLKF-UHFFFAOYSA-N,XLYOFNOQVPJJNP-UHFFFAOYSA-N,298.13,solvent,975
XLYOFNOQVPJJNP-UHFFFAOYSA-N:976,XLYOFNOQVPJJNP-UHFFFAOYSA-N,IKHGUXGNUITLKF-UHFFFAOYSA-N,XLYOFNOQVPJJNP-UHFFFAOYSA-N,298.15,solvent,976
XLYOFNOQVPJJNP-UHFFFAOYSA-N:977,XLYOFNOQVPJJNP-UHFFFAOYSA-N,IKHGUXGNUITLKF-UHFFFAOYSA-N,XLYOFNOQVPJJNP-UHFFFAOYSA-N,298.13,solvent,977
XLYOFNOQVPJJNP-UHFFFAOYSA-N:978,XLYOFNOQVPJJNP-UHFFFAOYSA-N,IKHGUXGNUITLKF-UHFFFAOYSA-N,XLYOFNOQVPJJNP-UHFFFAOYSA-N,298.13,solvent,978
XLYOFNOQVPJJNP-UHFFFAOYSA-N:1094,XLYOFNOQVPJJNP-UHFFFAOYSA-N,JUJWROOIHBZHMG-UHFFFAOYSA-N,XLYOFNOQVPJJNP-UHFFFAOYSA-N,333.15,solvent,1094
XLYOFNOQVPJJNP-UHFFFAOYSA-N:1095,XLYOFNOQVPJJNP-UHFFFAOYSA-N,JUJWROOIHBZHMG-UHFFFAOYSA-N,XLYOFNOQVPJJNP-UHFFFAOYSA-N,343.15,solvent,1095
XLYOFNOQVPJJNP-UHFFFAOYSA-N:1096,XLYOFNOQVPJJNP-UHFFFAOYSA-N,JUJWROOIHBZHMG-UHFFFAOYSA-N,XLYOFNOQVPJJNP-UHFFFAOYSA-N,353.15,solvent,1096
XLYOFNOQVPJJNP-UHFFFAOYSA-N:1097,XLYOFNOQVPJJNP-UHFFFAOYSA-N,JUJWROOIHBZHMG-UHFFFAOYSA-N,XLYOFNOQVPJJNP-UHFFFAOYSA-N,372.8,solvent,1097
XLYOFNOQVPJJNP-UHFFFAOYSA-N:1098,XLYOFNOQVPJJNP-UHFFFAOYSA-N,JYVLIDXNZAXMDK-UHFFFAOYSA-N,XLYOFNOQVPJJNP-UHFFFAOYSA-N,273.35,solvent,1098
XLYOFNOQVPJJNP-UHFFFAOYSA-N:1099,XLYOFNOQVPJJNP-UHFFFAOYSA-N,JYVLIDXNZAXMDK-UHFFFAOYSA-N,XLYOFNOQVPJJNP-UHFFFAOYSA-N,283.15,solvent,1099
XLYOFNOQVPJJNP-UHFFFAOYSA-N:1100,XLYOFNOQVPJJNP-UHFFFAOYSA-N,JYVLIDXNZAXMDK-UHFFFAOYSA-N,XLYOFNOQVPJJNP-UHFFFAOYSA-N,293.15,solvent,1100
XLYOFNOQVPJJNP-UHFFFAOYSA-N:1101,XLYOFNOQVPJJNP-UHFFFAOYSA-N,JYVLIDXNZAXMDK-UHFFFAOYSA-N,XLYOFNOQVPJJNP-UHFFFAOYSA-N,293.15,solvent,1101
XLYOFNOQVPJJNP-UHFFFAOYSA-N:1102,XLYOFNOQVPJJNP-UHFFFAOYSA-N,JYVLIDXNZAXMDK-UHFFFAOYSA-N,XLYOFNOQVPJJNP-UHFFFAOYSA-N,303.15,solvent,1102
XLYOFNOQVPJJNP-UHFFFAOYSA-N:1103,XLYOFNOQVPJJNP-UHFFFAOYSA-N,JYVLIDXNZAXMDK-UHFFFAOYSA-N,XLYOFNOQVPJJNP-UHFFFAOYSA-N,303.15,solvent,1103
XLYOFNOQVPJJNP-UHFFFAOYSA-N:1104,XLYOFNOQVPJJNP-UHFFFAOYSA-N,JYVLIDXNZAXMDK-UHFFFAOYSA-N,XLYOFNOQVPJJNP-UHFFFAOYSA-N,313.15,solvent,1104
XLYOFNOQVPJJNP-UHFFFAOYSA-N:1105,XLYOFNOQVPJJNP-UHFFFAOYSA-N,JYVLIDXNZAXMDK-UHFFFAOYSA-N,XLYOFNOQVPJJNP-UHFFFAOYSA-N,323.15,solvent,1105
XLYOFNOQVPJJNP-UHFFFAOYSA-N:1106,XLYOFNOQVPJJNP-UHFFFAOYSA-N,JYVLIDXNZAXMDK-UHFFFAOYSA-N,XLYOFNOQVPJJNP-UHFFFAOYSA-N,333.15,solvent,1106
XLYOFNOQVPJJNP-UHFFFAOYSA-N:1107,XLYOFNOQVPJJNP-UHFFFAOYSA-N,JYVLIDXNZAXMDK-UHFFFAOYSA-N,XLYOFNOQVPJJNP-UHFFFAOYSA-N,343.15,solvent,1107
XLYOFNOQVPJJNP-UHFFFAOYSA-N:1108,XLYOFNOQVPJJNP-UHFFFAOYSA-N,JYVLIDXNZAXMDK-UHFFFAOYSA-N,XLYOFNOQVPJJNP-UHFFFAOYSA-N,353.15,solvent,1108
XLYOFNOQVPJJNP-UHFFFAOYSA-N:1109,XLYOFNOQVPJJNP-UHFFFAOYSA-N,JYVLIDXNZAXMDK-UHFFFAOYSA-N,XLYOFNOQVPJJNP-UHFFFAOYSA-N,363.15,solvent,1109
XLYOFNOQVPJJNP-UHFFFAOYSA-N:1110,XLYOFNOQVPJJNP-UHFFFAOYSA-N,JYVLIDXNZAXMDK-UHFFFAOYSA-N,XLYOFNOQVPJJNP-UHFFFAOYSA-N,371.15,solvent,1110
XLYOFNOQVPJJNP-UHFFFAOYSA-N:1246,XLYOFNOQVPJJNP-UHFFFAOYSA-N,KFZMGEQAYNKOFK-UHFFFAOYSA-N,XLYOFNOQVPJJNP-UHFFFAOYSA-N,283.15,solvent,1246
XLYOFNOQVPJJNP-UHFFFAOYSA-N:1247,XLYOFNOQVPJJNP-UHFFFAOYSA-N,KFZMGEQAYNKOFK-UHFFFAOYSA-N,XLYOFNOQVPJJNP-UHFFFAOYSA-N,293.15,solvent,1247
XLYOFNOQVPJJNP-UHFFFAOYSA-N:1248,XLYOFNOQVPJJNP-UHFFFAOYSA-N,KFZMGEQAYNKOFK-UHFFFAOYSA-N,XLYOFNOQVPJJNP-UHFFFAOYSA-N,308.15,solvent,1248
XLYOFNOQVPJJNP-UHFFFAOYSA-N:1249,XLYOFNOQVPJJNP-UHFFFAOYSA-N,KFZMGEQAYNKOFK-UHFFFAOYSA-N,XLYOFNOQVPJJNP-UHFFFAOYSA-N,333.15,solvent,1249
XLYOFNOQVPJJNP-UHFFFAOYSA-N:1250,XLYOFNOQVPJJNP-UHFFFAOYSA-N,KFZMGEQAYNKOFK-UHFFFAOYSA-N,XLYOFNOQVPJJNP-UHFFFAOYSA-N,353.15,solvent,1250
XLYOFNOQVPJJNP-UHFFFAOYSA-N:1251,XLYOFNOQVPJJNP-UHFFFAOYSA-N,KFZMGEQAYNKOFK-UHFFFAOYSA-N,XLYOFNOQVPJJNP-UHFFFAOYSA-N,363.15,solvent,1251
XLYOFNOQVPJJNP-UHFFFAOYSA-N:1252,XLYOFNOQVPJJNP-UHFFFAOYSA-N,KFZMGEQAYNKOFK-UHFFFAOYSA-N,XLYOFNOQVPJJNP-UHFFFAOYSA-N,371.15,solvent,1252
XLYOFNOQVPJJNP-UHFFFAOYSA-N:1439,XLYOFNOQVPJJNP-UHFFFAOYSA-N,LFQSCWFLJHTTHZ-UHFFFAOYSA-N,XLYOFNOQVPJJNP-UHFFFAOYSA-N,273.35,solvent,1439
XLYOFNOQVPJJNP-UHFFFAOYSA-N:1440,XLYOFNOQVPJJNP-UHFFFAOYSA-N,LFQSCWFLJHTTHZ-UHFFFAOYSA-N,XLYOFNOQVPJJNP-UHFFFAOYSA-N,283.15,solvent,1440
XLYOFNOQVPJJNP-UHFFFAOYSA-N:1441,XLYOFNOQVPJJNP-UHFFFAOYSA-N,LFQSCWFLJHTTHZ-UHFFFAOYSA-N,XLYOFNOQVPJJNP-UHFFFAOYSA-N,298.15,solvent,1441
XLYOFNOQVPJJNP-UHFFFAOYSA-N:1442,XLYOFNOQVPJJNP-UHFFFAOYSA-N,LFQSCWFLJHTTHZ-UHFFFAOYSA-N,XLYOFNOQVPJJNP-UHFFFAOYSA-N,303.15,solvent,1442
XLYOFNOQVPJJNP-UHFFFAOYSA-N:1443,XLYOFNOQVPJJNP-UHFFFAOYSA-N,LFQSCWFLJHTTHZ-UHFFFAOYSA-N,XLYOFNOQVPJJNP-UHFFFAOYSA-N,308.15,solvent,1443
XLYOFNOQVPJJNP-UHFFFAOYSA-N:1444,XLYOFNOQVPJJNP-UHFFFAOYSA-N,LFQSCWFLJHTTHZ-UHFFFAOYSA-N,XLYOFNOQVPJJNP-UHFFFAOYSA-N,313.15,solvent,1444
XLYOFNOQVPJJNP-UHFFFAOYSA-N:1445,XLYOFNOQVPJJNP-UHFFFAOYSA-N,LFQSCWFLJHTTHZ-UHFFFAOYSA-N,XLYOFNOQVPJJNP-UHFFFAOYSA-N,318.15,solvent,1445
XLYOFNOQVPJJNP-UHFFFAOYSA-N:1446,XLYOFNOQVPJJNP-UHFFFAOYSA-N,LFQSCWFLJHTTHZ-UHFFFAOYSA-N,XLYOFNOQVPJJNP-UHFFFAOYSA-N,323.15,solvent,1446
XLYOFNOQVPJJNP-UHFFFAOYSA-N:1447,XLYOFNOQVPJJNP-UHFFFAOYSA-N,LFQSCWFLJHTTHZ-UHFFFAOYSA-N,XLYOFNOQVPJJNP-UHFFFAOYSA-N,323.15,solvent,1447
XLYOFNOQVPJJNP-UHFFFAOYSA-N:1448,XLYOFNOQVPJJNP-UHFFFAOYSA-N,LFQSCWFLJHTTHZ-UHFFFAOYSA-N,XLYOFNOQVPJJNP-UHFFFAOYSA-N,328.15,solvent,1448
XLYOFNOQVPJJNP-UHFFFAOYSA-N:1449,XLYOFNOQVPJJNP-UHFFFAOYSA-N,LFQSCWFLJHTTHZ-UHFFFAOYSA-N,XLYOFNOQVPJJNP-UHFFFAOYSA-N,333.15,solvent,1449
XLYOFNOQVPJJNP-UHFFFAOYSA-N:1450,XLYOFNOQVPJJNP-UHFFFAOYSA-N,LFQSCWFLJHTTHZ-UHFFFAOYSA-N,XLYOFNOQVPJJNP-UHFFFAOYSA-N,333.15,solvent,1450
XLYOFNOQVPJJNP-UHFFFAOYSA-N:1451,XLYOFNOQVPJJNP-UHFFFAOYSA-N,LFQSCWFLJHTTHZ-UHFFFAOYSA-N,XLYOFNOQVPJJNP-UHFFFAOYSA-N,343.15,solvent,1451
XLYOFNOQVPJJNP-UHFFFAOYSA-N:1452,XLYOFNOQVPJJNP-UHFFFAOYSA-N,LFQSCWFLJHTTHZ-UHFFFAOYSA-N,XLYOFNOQVPJJNP-UHFFFAOYSA-N,353.15,solvent,1452
XLYOFNOQVPJJNP-UHFFFAOYSA-N:1453,XLYOFNOQVPJJNP-UHFFFAOYSA-N,LFQSCWFLJHTTHZ-UHFFFAOYSA-N,XLYOFNOQVPJJNP-UHFFFAOYSA-N,358.15,solvent,1453
XLYOFNOQVPJJNP-UHFFFAOYSA-N:1454,XLYOFNOQVPJJNP-UHFFFAOYSA-N,LFQSCWFLJHTTHZ-UHFFFAOYSA-N,XLYOFNOQVPJJNP-UHFFFAOYSA-N,363.15,solvent,1454
XLYOFNOQVPJJNP-UHFFFAOYSA-N:1455,XLYOFNOQVPJJNP-UHFFFAOYSA-N,LFQSCWFLJHTTHZ-UHFFFAOYSA-N,XLYOFNOQVPJJNP-UHFFFAOYSA-N,368.15,solvent,1455
XLYOFNOQVPJJNP-UHFFFAOYSA-N:1456,XLYOFNOQVPJJNP-UHFFFAOYSA-N,LFQSCWFLJHTTHZ-UHFFFAOYSA-N,XLYOFNOQVPJJNP-UHFFFAOYSA-N,372.15,solvent,1456
XLYOFNOQVPJJNP-UHFFFAOYSA-N:1575,XLYOFNOQVPJJNP-UHFFFAOYSA-N,LRHPLDYGYMQRHN-UHFFFAOYSA-N,XLYOFNOQVPJJNP-UHFFFAOYSA-N,273.35,solvent,1575
XLYOFNOQVPJJNP-UHFFFAOYSA-N:1576,XLYOFNOQVPJJNP-UHFFFAOYSA-N,LRHPLDYGYMQRHN-UHFFFAOYSA-N,XLYOFNOQVPJJNP-UHFFFAOYSA-N,283.15,solvent,1576
XLYOFNOQVPJJNP-UHFFFAOYSA-N:1577,XLYOFNOQVPJJNP-UHFFFAOYSA-N,LRHPLDYGYMQRHN-UHFFFAOYSA-N,XLYOFNOQVPJJNP-UHFFFAOYSA-N,293.15,solvent,1577
XLYOFNOQVPJJNP-UHFFFAOYSA-N:1578,XLYOFNOQVPJJNP-UHFFFAOYSA-N,LRHPLDYGYMQRHN-UHFFFAOYSA-N,XLYOFNOQVPJJNP-UHFFFAOYSA-N,303.15,solvent,1578
XLYOFNOQVPJJNP-UHFFFAOYSA-N:1579,XLYOFNOQVPJJNP-UHFFFAOYSA-N,LRHPLDYGYMQRHN-UHFFFAOYSA-N,XLYOFNOQVPJJNP-UHFFFAOYSA-N,303.15,solvent,1579
XLYOFNOQVPJJNP-UHFFFAOYSA-N:1580,XLYOFNOQVPJJNP-UHFFFAOYSA-N,LRHPLDYGYMQRHN-UHFFFAOYSA-N,XLYOFNOQVPJJNP-UHFFFAOYSA-N,308.15,solvent,1580
XLYOFNOQVPJJNP-UHFFFAOYSA-N:1581,XLYOFNOQVPJJNP-UHFFFAOYSA-N,LRHPLDYGYMQRHN-UHFFFAOYSA-N,XLYOFNOQVPJJNP-UHFFFAOYSA-N,308.15,solvent,1581
XLYOFNOQVPJJNP-UHFFFAOYSA-N:1582,XLYOFNOQVPJJNP-UHFFFAOYSA-N,LRHPLDYGYMQRHN-UHFFFAOYSA-N,XLYOFNOQVPJJNP-UHFFFAOYSA-N,313.15,solvent,1582
XLYOFNOQVPJJNP-UHFFFAOYSA-N:1583,XLYOFNOQVPJJNP-UHFFFAOYSA-N,LRHPLDYGYMQRHN-UHFFFAOYSA-N,XLYOFNOQVPJJNP-UHFFFAOYSA-N,313.15,solvent,1583
XLYOFNOQVPJJNP-UHFFFAOYSA-N:1584,XLYOFNOQVPJJNP-UHFFFAOYSA-N,LRHPLDYGYMQRHN-UHFFFAOYSA-N,XLYOFNOQVPJJNP-UHFFFAOYSA-N,318.15,solvent,1584
XLYOFNOQVPJJNP-UHFFFAOYSA-N:1585,XLYOFNOQVPJJNP-UHFFFAOYSA-N,LRHPLDYGYMQRHN-UHFFFAOYSA-N,XLYOFNOQVPJJNP-UHFFFAOYSA-N,318.15,solvent,1585
XLYOFNOQVPJJNP-UHFFFAOYSA-N:1586,XLYOFNOQVPJJNP-UHFFFAOYSA-N,LRHPLDYGYMQRHN-UHFFFAOYSA-N,XLYOFNOQVPJJNP-UHFFFAOYSA-N,323.15,solvent,1586
XLYOFNOQVPJJNP-UHFFFAOYSA-N:1587,XLYOFNOQVPJJNP-UHFFFAOYSA-N,LRHPLDYGYMQRHN-UHFFFAOYSA-N,XLYOFNOQVPJJNP-UHFFFAOYSA-N,323.15,solvent,1587
XLYOFNOQVPJJNP-UHFFFAOYSA-N:1588,XLYOFNOQVPJJNP-UHFFFAOYSA-N,LRHPLDYGYMQRHN-UHFFFAOYSA-N,XLYOFNOQVPJJNP-UHFFFAOYSA-N,323.15,solvent,1588
XLYOFNOQVPJJNP-UHFFFAOYSA-N:1589,XLYOFNOQVPJJNP-UHFFFAOYSA-N,LRHPLDYGYMQRHN-UHFFFAOYSA-N,XLYOFNOQVPJJNP-UHFFFAOYSA-N,323.15,solvent,1589
XLYOFNOQVPJJNP-UHFFFAOYSA-N:1590,XLYOFNOQVPJJNP-UHFFFAOYSA-N,LRHPLDYGYMQRHN-UHFFFAOYSA-N,XLYOFNOQVPJJNP-UHFFFAOYSA-N,328.15,solvent,1590
XLYOFNOQVPJJNP-UHFFFAOYSA-N:1591,XLYOFNOQVPJJNP-UHFFFAOYSA-N,LRHPLDYGYMQRHN-UHFFFAOYSA-N,XLYOFNOQVPJJNP-UHFFFAOYSA-N,328.15,solvent,1591
XLYOFNOQVPJJNP-UHFFFAOYSA-N:1592,XLYOFNOQVPJJNP-UHFFFAOYSA-N,LRHPLDYGYMQRHN-UHFFFAOYSA-N,XLYOFNOQVPJJNP-UHFFFAOYSA-N,333.15,solvent,1592
XLYOFNOQVPJJNP-UHFFFAOYSA-N:1593,XLYOFNOQVPJJNP-UHFFFAOYSA-N,LRHPLDYGYMQRHN-UHFFFAOYSA-N,XLYOFNOQVPJJNP-UHFFFAOYSA-N,333.15,solvent,1593
XLYOFNOQVPJJNP-UHFFFAOYSA-N:1594,XLYOFNOQVPJJNP-UHFFFAOYSA-N,LRHPLDYGYMQRHN-UHFFFAOYSA-N,XLYOFNOQVPJJNP-UHFFFAOYSA-N,338.15,solvent,1594
XLYOFNOQVPJJNP-UHFFFAOYSA-N:1595,XLYOFNOQVPJJNP-UHFFFAOYSA-N,LRHPLDYGYMQRHN-UHFFFAOYSA-N,XLYOFNOQVPJJNP-UHFFFAOYSA-N,372.15,solvent,1595
XLYOFNOQVPJJNP-UHFFFAOYSA-N:1618,XLYOFNOQVPJJNP-UHFFFAOYSA-N,MLUCVPSAIODCQM-NSCUHMNNSA-N,XLYOFNOQVPJJNP-UHFFFAOYSA-N,298.15,solvent,1618
XLYOFNOQVPJJNP-UHFFFAOYSA-N:1619,XLYOFNOQVPJJNP-UHFFFAOYSA-N,MLUCVPSAIODCQM-NSCUHMNNSA-N,XLYOFNOQVPJJNP-UHFFFAOYSA-N,308.15,solvent,1619
XLYOFNOQVPJJNP-UHFFFAOYSA-N:1620,XLYOFNOQVPJJNP-UHFFFAOYSA-N,MLUCVPSAIODCQM-NSCUHMNNSA-N,XLYOFNOQVPJJNP-UHFFFAOYSA-N,313.15,solvent,1620
XLYOFNOQVPJJNP-UHFFFAOYSA-N:1621,XLYOFNOQVPJJNP-UHFFFAOYSA-N,MLUCVPSAIODCQM-NSCUHMNNSA-N,XLYOFNOQVPJJNP-UHFFFAOYSA-N,318.15,solvent,1621
XLYOFNOQVPJJNP-UHFFFAOYSA-N:1622,XLYOFNOQVPJJNP-UHFFFAOYSA-N,MLUCVPSAIODCQM-NSCUHMNNSA-N,XLYOFNOQVPJJNP-UHFFFAOYSA-N,323.15,solvent,1622
XLYOFNOQVPJJNP-UHFFFAOYSA-N:1623,XLYOFNOQVPJJNP-UHFFFAOYSA-N,MLUCVPSAIODCQM-NSCUHMNNSA-N,XLYOFNOQVPJJNP-UHFFFAOYSA-N,328.15,solvent,1623
XLYOFNOQVPJJNP-UHFFFAOYSA-N:1624,XLYOFNOQVPJJNP-UHFFFAOYSA-N,MLUCVPSAIODCQM-NSCUHMNNSA-N,XLYOFNOQVPJJNP-UHFFFAOYSA-N,333.15,solvent,1624
XLYOFNOQVPJJNP-UHFFFAOYSA-N:1625,XLYOFNOQVPJJNP-UHFFFAOYSA-N,MSXVEPNJUHWQHW-UHFFFAOYSA-N,XLYOFNOQVPJJNP-UHFFFAOYSA-N,273.35,solvent,1625
XLYOFNOQVPJJNP-UHFFFAOYSA-N:1626,XLYOFNOQVPJJNP-UHFFFAOYSA-N,MSXVEPNJUHWQHW-UHFFFAOYSA-N,XLYOFNOQVPJJNP-UHFFFAOYSA-N,283.15,solvent,1626
XLYOFNOQVPJJNP-UHFFFAOYSA-N:1627,XLYOFNOQVPJJNP-UHFFFAOYSA-N,MSXVEPNJUHWQHW-UHFFFAOYSA-N,XLYOFNOQVPJJNP-UHFFFAOYSA-N,293.15,solvent,1627
XLYOFNOQVPJJNP-UHFFFAOYSA-N:1628,XLYOFNOQVPJJNP-UHFFFAOYSA-N,MSXVEPNJUHWQHW-UHFFFAOYSA-N,XLYOFNOQVPJJNP-UHFFFAOYSA-N,293.15,solvent,1628
XLYOFNOQVPJJNP-UHFFFAOYSA-N:1629,XLYOFNOQVPJJNP-UHFFFAOYSA-N,MSXVEPNJUHWQHW-UHFFFAOYSA-N,XLYOFNOQVPJJNP-UHFFFAOYSA-N,303.15,solvent,1629
XLYOFNOQVPJJNP-UHFFFAOYSA-N:1630,XLYOFNOQVPJJNP-UHFFFAOYSA-N,MSXVEPNJUHWQHW-UHFFFAOYSA-N,XLYOFNOQVPJJNP-UHFFFAOYSA-N,303.15,solvent,1630
XLYOFNOQVPJJNP-UHFFFAOYSA-N:1631,XLYOFNOQVPJJNP-UHFFFAOYSA-N,MSXVEPNJUHWQHW-UHFFFAOYSA-N,XLYOFNOQVPJJNP-UHFFFAOYSA-N,313.15,solvent,1631
XLYOFNOQVPJJNP-UHFFFAOYSA-N:1632,XLYOFNOQVPJJNP-UHFFFAOYSA-N,MSXVEPNJUHWQHW-UHFFFAOYSA-N,XLYOFNOQVPJJNP-UHFFFAOYSA-N,313.15,solvent,1632
XLYOFNOQVPJJNP-UHFFFAOYSA-N:1633,XLYOFNOQVPJJNP-UHFFFAOYSA-N,MSXVEPNJUHWQHW-UHFFFAOYSA-N,XLYOFNOQVPJJNP-UHFFFAOYSA-N,323.15,solvent,1633
XLYOFNOQVPJJNP-UHFFFAOYSA-N:1634,XLYOFNOQVPJJNP-UHFFFAOYSA-N,MSXVEPNJUHWQHW-UHFFFAOYSA-N,XLYOFNOQVPJJNP-UHFFFAOYSA-N,323.15,solvent,1634
XLYOFNOQVPJJNP-UHFFFAOYSA-N:1635,XLYOFNOQVPJJNP-UHFFFAOYSA-N,MSXVEPNJUHWQHW-UHFFFAOYSA-N,XLYOFNOQVPJJNP-UHFFFAOYSA-N,333.15,solvent,1635
XLYOFNOQVPJJNP-UHFFFAOYSA-N:1636,XLYOFNOQVPJJNP-UHFFFAOYSA-N,MSXVEPNJUHWQHW-UHFFFAOYSA-N,XLYOFNOQVPJJNP-UHFFFAOYSA-N,333.15,solvent,1636
XLYOFNOQVPJJNP-UHFFFAOYSA-N:1637,XLYOFNOQVPJJNP-UHFFFAOYSA-N,MSXVEPNJUHWQHW-UHFFFAOYSA-N,XLYOFNOQVPJJNP-UHFFFAOYSA-N,343.15,solvent,1637
XLYOFNOQVPJJNP-UHFFFAOYSA-N:1638,XLYOFNOQVPJJNP-UHFFFAOYSA-N,MSXVEPNJUHWQHW-UHFFFAOYSA-N,XLYOFNOQVPJJNP-UHFFFAOYSA-N,353.15,solvent,1638
XLYOFNOQVPJJNP-UHFFFAOYSA-N:1639,XLYOFNOQVPJJNP-UHFFFAOYSA-N,MSXVEPNJUHWQHW-UHFFFAOYSA-N,XLYOFNOQVPJJNP-UHFFFAOYSA-N,361.25,solvent,1639
XLYOFNOQVPJJNP-UHFFFAOYSA-N:1640,XLYOFNOQVPJJNP-UHFFFAOYSA-N,MSXVEPNJUHWQHW-UHFFFAOYSA-N,XLYOFNOQVPJJNP-UHFFFAOYSA-N,371.45,solvent,1640
XLYOFNOQVPJJNP-UHFFFAOYSA-N:1672,XLYOFNOQVPJJNP-UHFFFAOYSA-N,MXLMTQWGSQIYOW-RXMQYKEDSA-N,XLYOFNOQVPJJNP-UHFFFAOYSA-N,273.35,solvent,1672
XLYOFNOQVPJJNP-UHFFFAOYSA-N:1673,XLYOFNOQVPJJNP-UHFFFAOYSA-N,MXLMTQWGSQIYOW-RXMQYKEDSA-N,XLYOFNOQVPJJNP-UHFFFAOYSA-N,283.15,solvent,1673
XLYOFNOQVPJJNP-UHFFFAOYSA-N:1674,XLYOFNOQVPJJNP-UHFFFAOYSA-N,MXLMTQWGSQIYOW-RXMQYKEDSA-N,XLYOFNOQVPJJNP-UHFFFAOYSA-N,293.15,solvent,1674
XLYOFNOQVPJJNP-UHFFFAOYSA-N:1675,XLYOFNOQVPJJNP-UHFFFAOYSA-N,MXLMTQWGSQIYOW-RXMQYKEDSA-N,XLYOFNOQVPJJNP-UHFFFAOYSA-N,303.15,solvent,1675
XLYOFNOQVPJJNP-UHFFFAOYSA-N:1676,XLYOFNOQVPJJNP-UHFFFAOYSA-N,MXLMTQWGSQIYOW-RXMQYKEDSA-N,XLYOFNOQVPJJNP-UHFFFAOYSA-N,313.15,solvent,1676
XLYOFNOQVPJJNP-UHFFFAOYSA-N:1677,XLYOFNOQVPJJNP-UHFFFAOYSA-N,MXLMTQWGSQIYOW-RXMQYKEDSA-N,XLYOFNOQVPJJNP-UHFFFAOYSA-N,323.15,solvent,1677
XLYOFNOQVPJJNP-UHFFFAOYSA-N:1678,XLYOFNOQVPJJNP-UHFFFAOYSA-N,MXLMTQWGSQIYOW-RXMQYKEDSA-N,XLYOFNOQVPJJNP-UHFFFAOYSA-N,333.15,solvent,1678
XLYOFNOQVPJJNP-UHFFFAOYSA-N:1679,XLYOFNOQVPJJNP-UHFFFAOYSA-N,MXLMTQWGSQIYOW-RXMQYKEDSA-N,XLYOFNOQVPJJNP-UHFFFAOYSA-N,343.15,solvent,1679
XLYOFNOQVPJJNP-UHFFFAOYSA-N:1680,XLYOFNOQVPJJNP-UHFFFAOYSA-N,MXLMTQWGSQIYOW-RXMQYKEDSA-N,XLYOFNOQVPJJNP-UHFFFAOYSA-N,353.15,solvent,1680
XLYOFNOQVPJJNP-UHFFFAOYSA-N:1681,XLYOFNOQVPJJNP-UHFFFAOYSA-N,MXLMTQWGSQIYOW-RXMQYKEDSA-N,XLYOFNOQVPJJNP-UHFFFAOYSA-N,371.15,solvent,1681
XLYOFNOQVPJJNP-UHFFFAOYSA-N:1719,XLYOFNOQVPJJNP-UHFFFAOYSA-N,NKDDWNXOKDWJAK-UHFFFAOYSA-N,XLYOFNOQVPJJNP-UHFFFAOYSA-N,273.35,solvent,1719
XLYOFNOQVPJJNP-UHFFFAOYSA-N:1720,XLYOFNOQVPJJNP-UHFFFAOYSA-N,NKDDWNXOKDWJAK-UHFFFAOYSA-N,XLYOFNOQVPJJNP-UHFFFAOYSA-N,283.15,solvent,1720
XLYOFNOQVPJJNP-UHFFFAOYSA-N:1721,XLYOFNOQVPJJNP-UHFFFAOYSA-N,NKDDWNXOKDWJAK-UHFFFAOYSA-N,XLYOFNOQVPJJNP-UHFFFAOYSA-N,293.15,solvent,1721
XLYOFNOQVPJJNP-UHFFFAOYSA-N:1722,XLYOFNOQVPJJNP-UHFFFAOYSA-N,NKDDWNXOKDWJAK-UHFFFAOYSA-N,XLYOFNOQVPJJNP-UHFFFAOYSA-N,298.15,solvent,1722
XLYOFNOQVPJJNP-UHFFFAOYSA-N:1723,XLYOFNOQVPJJNP-UHFFFAOYSA-N,NKDDWNXOKDWJAK-UHFFFAOYSA-N,XLYOFNOQVPJJNP-UHFFFAOYSA-N,303.15,solvent,1723
XLYOFNOQVPJJNP-UHFFFAOYSA-N:1724,XLYOFNOQVPJJNP-UHFFFAOYSA-N,NKDDWNXOKDWJAK-UHFFFAOYSA-N,XLYOFNOQVPJJNP-UHFFFAOYSA-N,313.15,solvent,1724
XLYOFNOQVPJJNP-UHFFFAOYSA-N:1725,XLYOFNOQVPJJNP-UHFFFAOYSA-N,NKDDWNXOKDWJAK-UHFFFAOYSA-N,XLYOFNOQVPJJNP-UHFFFAOYSA-N,323.15,solvent,1725
XLYOFNOQVPJJNP-UHFFFAOYSA-N:1726,XLYOFNOQVPJJNP-UHFFFAOYSA-N,NKDDWNXOKDWJAK-UHFFFAOYSA-N,XLYOFNOQVPJJNP-UHFFFAOYSA-N,333.15,solvent,1726
XLYOFNOQVPJJNP-UHFFFAOYSA-N:1915,XLYOFNOQVPJJNP-UHFFFAOYSA-N,NQRYJNQNLNOLGT-UHFFFAOYSA-N,XLYOFNOQVPJJNP-UHFFFAOYSA-N,333.15,solvent,1915
XLYOFNOQVPJJNP-UHFFFAOYSA-N:1916,XLYOFNOQVPJJNP-UHFFFAOYSA-N,NQRYJNQNLNOLGT-UHFFFAOYSA-N,XLYOFNOQVPJJNP-UHFFFAOYSA-N,343.15,solvent,1916
XLYOFNOQVPJJNP-UHFFFAOYSA-N:1917,XLYOFNOQVPJJNP-UHFFFAOYSA-N,NQRYJNQNLNOLGT-UHFFFAOYSA-N,XLYOFNOQVPJJNP-UHFFFAOYSA-N,353.15,solvent,1917
XLYOFNOQVPJJNP-UHFFFAOYSA-N:1918,XLYOFNOQVPJJNP-UHFFFAOYSA-N,NQRYJNQNLNOLGT-UHFFFAOYSA-N,XLYOFNOQVPJJNP-UHFFFAOYSA-N,372.6,solvent,1918
XLYOFNOQVPJJNP-UHFFFAOYSA-N:1919,XLYOFNOQVPJJNP-UHFFFAOYSA-N,OBNCKNCVKJNDBV-UHFFFAOYSA-N,XLYOFNOQVPJJNP-UHFFFAOYSA-N,293.15,solvent,1919
XLYOFNOQVPJJNP-UHFFFAOYSA-N:1920,XLYOFNOQVPJJNP-UHFFFAOYSA-N,OBNCKNCVKJNDBV-UHFFFAOYSA-N,XLYOFNOQVPJJNP-UHFFFAOYSA-N,303.15,solvent,1920
XLYOFNOQVPJJNP-UHFFFAOYSA-N:1921,XLYOFNOQVPJJNP-UHFFFAOYSA-N,OBNCKNCVKJNDBV-UHFFFAOYSA-N,XLYOFNOQVPJJNP-UHFFFAOYSA-N,313.15,solvent,1921
XLYOFNOQVPJJNP-UHFFFAOYSA-N:1922,XLYOFNOQVPJJNP-UHFFFAOYSA-N,OBNCKNCVKJNDBV-UHFFFAOYSA-N,XLYOFNOQVPJJNP-UHFFFAOYSA-N,323.15,solvent,1922
XLYOFNOQVPJJNP-UHFFFAOYSA-N:1923,XLYOFNOQVPJJNP-UHFFFAOYSA-N,OBNCKNCVKJNDBV-UHFFFAOYSA-N,XLYOFNOQVPJJNP-UHFFFAOYSA-N,333.15,solvent,1923
XLYOFNOQVPJJNP-UHFFFAOYSA-N:1924,XLYOFNOQVPJJNP-UHFFFAOYSA-N,OBNCKNCVKJNDBV-UHFFFAOYSA-N,XLYOFNOQVPJJNP-UHFFFAOYSA-N,341.15,solvent,1924
XLYOFNOQVPJJNP-UHFFFAOYSA-N:1925,XLYOFNOQVPJJNP-UHFFFAOYSA-N,OBNCKNCVKJNDBV-UHFFFAOYSA-N,XLYOFNOQVPJJNP-UHFFFAOYSA-N,351.15,solvent,1925
XLYOFNOQVPJJNP-UHFFFAOYSA-N:1964,XLYOFNOQVPJJNP-UHFFFAOYSA-N,OHLUUHNLEMFGTQ-UHFFFAOYSA-N,XLYOFNOQVPJJNP-UHFFFAOYSA-N,333.15,solvent,1964
XLYOFNOQVPJJNP-UHFFFAOYSA-N:1965,XLYOFNOQVPJJNP-UHFFFAOYSA-N,OHLUUHNLEMFGTQ-UHFFFAOYSA-N,XLYOFNOQVPJJNP-UHFFFAOYSA-N,343.15,solvent,1965
XLYOFNOQVPJJNP-UHFFFAOYSA-N:1966,XLYOFNOQVPJJNP-UHFFFAOYSA-N,OHLUUHNLEMFGTQ-UHFFFAOYSA-N,XLYOFNOQVPJJNP-UHFFFAOYSA-N,353.15,solvent,1966
XLYOFNOQVPJJNP-UHFFFAOYSA-N:1967,XLYOFNOQVPJJNP-UHFFFAOYSA-N,OIFBSDVPJOWBCH-UHFFFAOYSA-N,XLYOFNOQVPJJNP-UHFFFAOYSA-N,273.35,solvent,1967
XLYOFNOQVPJJNP-UHFFFAOYSA-N:1968,XLYOFNOQVPJJNP-UHFFFAOYSA-N,OIFBSDVPJOWBCH-UHFFFAOYSA-N,XLYOFNOQVPJJNP-UHFFFAOYSA-N,283.15,solvent,1968
XLYOFNOQVPJJNP-UHFFFAOYSA-N:1969,XLYOFNOQVPJJNP-UHFFFAOYSA-N,OIFBSDVPJOWBCH-UHFFFAOYSA-N,XLYOFNOQVPJJNP-UHFFFAOYSA-N,293.15,solvent,1969
XLYOFNOQVPJJNP-UHFFFAOYSA-N:1970,XLYOFNOQVPJJNP-UHFFFAOYSA-N,OIFBSDVPJOWBCH-UHFFFAOYSA-N,XLYOFNOQVPJJNP-UHFFFAOYSA-N,298.15,solvent,1970
XLYOFNOQVPJJNP-UHFFFAOYSA-N:1971,XLYOFNOQVPJJNP-UHFFFAOYSA-N,OIFBSDVPJOWBCH-UHFFFAOYSA-N,XLYOFNOQVPJJNP-UHFFFAOYSA-N,303.15,solvent,1971
XLYOFNOQVPJJNP-UHFFFAOYSA-N:1972,XLYOFNOQVPJJNP-UHFFFAOYSA-N,OIFBSDVPJOWBCH-UHFFFAOYSA-N,XLYOFNOQVPJJNP-UHFFFAOYSA-N,313.15,solvent,1972
XLYOFNOQVPJJNP-UHFFFAOYSA-N:1973,XLYOFNOQVPJJNP-UHFFFAOYSA-N,OIFBSDVPJOWBCH-UHFFFAOYSA-N,XLYOFNOQVPJJNP-UHFFFAOYSA-N,323.15,solvent,1973
XLYOFNOQVPJJNP-UHFFFAOYSA-N:1974,XLYOFNOQVPJJNP-UHFFFAOYSA-N,OIFBSDVPJOWBCH-UHFFFAOYSA-N,XLYOFNOQVPJJNP-UHFFFAOYSA-N,333.15,solvent,1974
XLYOFNOQVPJJNP-UHFFFAOYSA-N:2024,XLYOFNOQVPJJNP-UHFFFAOYSA-N,OKKJLVBELUTLKV-UHFFFAOYSA-N,XLYOFNOQVPJJNP-UHFFFAOYSA-N,273.35,solvent,2024
XLYOFNOQVPJJNP-UHFFFAOYSA-N:2025,XLYOFNOQVPJJNP-UHFFFAOYSA-N,OKKJLVBELUTLKV-UHFFFAOYSA-N,XLYOFNOQVPJJNP-UHFFFAOYSA-N,283.15,solvent,2025
XLYOFNOQVPJJNP-UHFFFAOYSA-N:2026,XLYOFNOQVPJJNP-UHFFFAOYSA-N,OKKJLVBELUTLKV-UHFFFAOYSA-N,XLYOFNOQVPJJNP-UHFFFAOYSA-N,293.15,solvent,2026
XLYOFNOQVPJJNP-UHFFFAOYSA-N:2027,XLYOFNOQVPJJNP-UHFFFAOYSA-N,OKKJLVBELUTLKV-UHFFFAOYSA-N,XLYOFNOQVPJJNP-UHFFFAOYSA-N,303.15,solvent,2027
XLYOFNOQVPJJNP-UHFFFAOYSA-N:2028,XLYOFNOQVPJJNP-UHFFFAOYSA-N,OKKJLVBELUTLKV-UHFFFAOYSA-N,XLYOFNOQVPJJNP-UHFFFAOYSA-N,308.15,solvent,2028
XLYOFNOQVPJJNP-UHFFFAOYSA-N:2029,XLYOFNOQVPJJNP-UHFFFAOYSA-N,OKKJLVBELUTLKV-UHFFFAOYSA-N,XLYOFNOQVPJJNP-UHFFFAOYSA-N,313.15,solvent,2029
XLYOFNOQVPJJNP-UHFFFAOYSA-N:2030,XLYOFNOQVPJJNP-UHFFFAOYSA-N,OKKJLVBELUTLKV-UHFFFAOYSA-N,XLYOFNOQVPJJNP-UHFFFAOYSA-N,318.15,solvent,2030
XLYOFNOQVPJJNP-UHFFFAOYSA-N:2031,XLYOFNOQVPJJNP-UHFFFAOYSA-N,OKKJLVBELUTLKV-UHFFFAOYSA-N,XLYOFNOQVPJJNP-UHFFFAOYSA-N,323.15,solvent,2031
XLYOFNOQVPJJNP-UHFFFAOYSA-N:2032,XLYOFNOQVPJJNP-UHFFFAOYSA-N,OKKJLVBELUTLKV-UHFFFAOYSA-N,XLYOFNOQVPJJNP-UHFFFAOYSA-N,328.15,solvent,2032
XLYOFNOQVPJJNP-UHFFFAOYSA-N:2033,XLYOFNOQVPJJNP-UHFFFAOYSA-N,OKKJLVBELUTLKV-UHFFFAOYSA-N,XLYOFNOQVPJJNP-UHFFFAOYSA-N,333.15,solvent,2033
XLYOFNOQVPJJNP-UHFFFAOYSA-N:2034,XLYOFNOQVPJJNP-UHFFFAOYSA-N,OKKJLVBELUTLKV-UHFFFAOYSA-N,XLYOFNOQVPJJNP-UHFFFAOYSA-N,358.15,solvent,2034
XLYOFNOQVPJJNP-UHFFFAOYSA-N:2035,XLYOFNOQVPJJNP-UHFFFAOYSA-N,OKKJLVBELUTLKV-UHFFFAOYSA-N,XLYOFNOQVPJJNP-UHFFFAOYSA-N,363.15,solvent,2035
XLYOFNOQVPJJNP-UHFFFAOYSA-N:2036,XLYOFNOQVPJJNP-UHFFFAOYSA-N,OKKJLVBELUTLKV-UHFFFAOYSA-N,XLYOFNOQVPJJNP-UHFFFAOYSA-N,368.15,solvent,2036
XLYOFNOQVPJJNP-UHFFFAOYSA-N:2037,XLYOFNOQVPJJNP-UHFFFAOYSA-N,OKKJLVBELUTLKV-UHFFFAOYSA-N,XLYOFNOQVPJJNP-UHFFFAOYSA-N,372.15,solvent,2037
XLYOFNOQVPJJNP-UHFFFAOYSA-N:2053,XLYOFNOQVPJJNP-UHFFFAOYSA-N,PAFZNILMFXTMIY-UHFFFAOYSA-N,XLYOFNOQVPJJNP-UHFFFAOYSA-N,298.15,solvent,2053
XLYOFNOQVPJJNP-UHFFFAOYSA-N:2054,XLYOFNOQVPJJNP-UHFFFAOYSA-N,PAFZNILMFXTMIY-UHFFFAOYSA-N,XLYOFNOQVPJJNP-UHFFFAOYSA-N,313.15,solvent,2054
XLYOFNOQVPJJNP-UHFFFAOYSA-N:2055,XLYOFNOQVPJJNP-UHFFFAOYSA-N,PAFZNILMFXTMIY-UHFFFAOYSA-N,XLYOFNOQVPJJNP-UHFFFAOYSA-N,333.15,solvent,2055
XLYOFNOQVPJJNP-UHFFFAOYSA-N:2056,XLYOFNOQVPJJNP-UHFFFAOYSA-N,PAFZNILMFXTMIY-UHFFFAOYSA-N,XLYOFNOQVPJJNP-UHFFFAOYSA-N,343.15,solvent,2056
XLYOFNOQVPJJNP-UHFFFAOYSA-N:2057,XLYOFNOQVPJJNP-UHFFFAOYSA-N,PAFZNILMFXTMIY-UHFFFAOYSA-N,XLYOFNOQVPJJNP-UHFFFAOYSA-N,353.15,solvent,2057
XLYOFNOQVPJJNP-UHFFFAOYSA-N:2058,XLYOFNOQVPJJNP-UHFFFAOYSA-N,PAFZNILMFXTMIY-UHFFFAOYSA-N,XLYOFNOQVPJJNP-UHFFFAOYSA-N,372.65,solvent,2058
XLYOFNOQVPJJNP-UHFFFAOYSA-N:2059,XLYOFNOQVPJJNP-UHFFFAOYSA-N,PAFZNILMFXTMIY-UHFFFAOYSA-N,XLYOFNOQVPJJNP-UHFFFAOYSA-N,372.82,solvent,2059
XLYOFNOQVPJJNP-UHFFFAOYSA-N:2060,XLYOFNOQVPJJNP-UHFFFAOYSA-N,PAFZNILMFXTMIY-UHFFFAOYSA-N,XLYOFNOQVPJJNP-UHFFFAOYSA-N,372.82,solvent,2060
XLYOFNOQVPJJNP-UHFFFAOYSA-N:2066,XLYOFNOQVPJJNP-UHFFFAOYSA-N,PAYRUJLWNCNPSJ-UHFFFAOYSA-N,XLYOFNOQVPJJNP-UHFFFAOYSA-N,298.15,solvent,2066
XLYOFNOQVPJJNP-UHFFFAOYSA-N:2067,XLYOFNOQVPJJNP-UHFFFAOYSA-N,PAYRUJLWNCNPSJ-UHFFFAOYSA-N,XLYOFNOQVPJJNP-UHFFFAOYSA-N,333.15,solvent,2067
XLYOFNOQVPJJNP-UHFFFAOYSA-N:2068,XLYOFNOQVPJJNP-UHFFFAOYSA-N,PAYRUJLWNCNPSJ-UHFFFAOYSA-N,XLYOFNOQVPJJNP-UHFFFAOYSA-N,343.15,solvent,2068
XLYOFNOQVPJJNP-UHFFFAOYSA-N:2069,XLYOFNOQVPJJNP-UHFFFAOYSA-N,PAYRUJLWNCNPSJ-UHFFFAOYSA-N,XLYOFNOQVPJJNP-UHFFFAOYSA-N,343.15,solvent,2069
XLYOFNOQVPJJNP-UHFFFAOYSA-N:2070,XLYOFNOQVPJJNP-UHFFFAOYSA-N,PAYRUJLWNCNPSJ-UHFFFAOYSA-N,XLYOFNOQVPJJNP-UHFFFAOYSA-N,353.15,solvent,2070
XLYOFNOQVPJJNP-UHFFFAOYSA-N:2071,XLYOFNOQVPJJNP-UHFFFAOYSA-N,PAYRUJLWNCNPSJ-UHFFFAOYSA-N,XLYOFNOQVPJJNP-UHFFFAOYSA-N,372.47,solvent,2071
XLYOFNOQVPJJNP-UHFFFAOYSA-N:2073,XLYOFNOQVPJJNP-UHFFFAOYSA-N,PHTQWCKDNZKARW-UHFFFAOYSA-N,XLYOFNOQVPJJNP-UHFFFAOYSA-N,273.35,solvent,2073
XLYOFNOQVPJJNP-UHFFFAOYSA-N:2074,XLYOFNOQVPJJNP-UHFFFAOYSA-N,PHTQWCKDNZKARW-UHFFFAOYSA-N,XLYOFNOQVPJJNP-UHFFFAOYSA-N,283.15,solvent,2074
XLYOFNOQVPJJNP-UHFFFAOYSA-N:2075,XLYOFNOQVPJJNP-UHFFFAOYSA-N,PHTQWCKDNZKARW-UHFFFAOYSA-N,XLYOFNOQVPJJNP-UHFFFAOYSA-N,293.15,solvent,2075
XLYOFNOQVPJJNP-UHFFFAOYSA-N:2076,XLYOFNOQVPJJNP-UHFFFAOYSA-N,PHTQWCKDNZKARW-UHFFFAOYSA-N,XLYOFNOQVPJJNP-UHFFFAOYSA-N,293.15,solvent,2076
XLYOFNOQVPJJNP-UHFFFAOYSA-N:2077,XLYOFNOQVPJJNP-UHFFFAOYSA-N,PHTQWCKDNZKARW-UHFFFAOYSA-N,XLYOFNOQVPJJNP-UHFFFAOYSA-N,303.15,solvent,2077
XLYOFNOQVPJJNP-UHFFFAOYSA-N:2078,XLYOFNOQVPJJNP-UHFFFAOYSA-N,PHTQWCKDNZKARW-UHFFFAOYSA-N,XLYOFNOQVPJJNP-UHFFFAOYSA-N,303.15,solvent,2078
XLYOFNOQVPJJNP-UHFFFAOYSA-N:2079,XLYOFNOQVPJJNP-UHFFFAOYSA-N,PHTQWCKDNZKARW-UHFFFAOYSA-N,XLYOFNOQVPJJNP-UHFFFAOYSA-N,313.15,solvent,2079
XLYOFNOQVPJJNP-UHFFFAOYSA-N:2080,XLYOFNOQVPJJNP-UHFFFAOYSA-N,PHTQWCKDNZKARW-UHFFFAOYSA-N,XLYOFNOQVPJJNP-UHFFFAOYSA-N,313.15,solvent,2080
XLYOFNOQVPJJNP-UHFFFAOYSA-N:2081,XLYOFNOQVPJJNP-UHFFFAOYSA-N,PHTQWCKDNZKARW-UHFFFAOYSA-N,XLYOFNOQVPJJNP-UHFFFAOYSA-N,323.15,solvent,2081
XLYOFNOQVPJJNP-UHFFFAOYSA-N:2082,XLYOFNOQVPJJNP-UHFFFAOYSA-N,PHTQWCKDNZKARW-UHFFFAOYSA-N,XLYOFNOQVPJJNP-UHFFFAOYSA-N,323.15,solvent,2082
XLYOFNOQVPJJNP-UHFFFAOYSA-N:2083,XLYOFNOQVPJJNP-UHFFFAOYSA-N,PHTQWCKDNZKARW-UHFFFAOYSA-N,XLYOFNOQVPJJNP-UHFFFAOYSA-N,333.15,solvent,2083
XLYOFNOQVPJJNP-UHFFFAOYSA-N:2084,XLYOFNOQVPJJNP-UHFFFAOYSA-N,PHTQWCKDNZKARW-UHFFFAOYSA-N,XLYOFNOQVPJJNP-UHFFFAOYSA-N,333.15,solvent,2084
XLYOFNOQVPJJNP-UHFFFAOYSA-N:2085,XLYOFNOQVPJJNP-UHFFFAOYSA-N,PHTQWCKDNZKARW-UHFFFAOYSA-N,XLYOFNOQVPJJNP-UHFFFAOYSA-N,343.15,solvent,2085
XLYOFNOQVPJJNP-UHFFFAOYSA-N:2086,XLYOFNOQVPJJNP-UHFFFAOYSA-N,PHTQWCKDNZKARW-UHFFFAOYSA-N,XLYOFNOQVPJJNP-UHFFFAOYSA-N,353.15,solvent,2086
XLYOFNOQVPJJNP-UHFFFAOYSA-N:2087,XLYOFNOQVPJJNP-UHFFFAOYSA-N,PHTQWCKDNZKARW-UHFFFAOYSA-N,XLYOFNOQVPJJNP-UHFFFAOYSA-N,371.15,solvent,2087
XLYOFNOQVPJJNP-UHFFFAOYSA-N:2123,XLYOFNOQVPJJNP-UHFFFAOYSA-N,QMMFVYPAHWMCMS-UHFFFAOYSA-N,XLYOFNOQVPJJNP-UHFFFAOYSA-N,298.01,solvent,2123
XLYOFNOQVPJJNP-UHFFFAOYSA-N:2124,XLYOFNOQVPJJNP-UHFFFAOYSA-N,QMMFVYPAHWMCMS-UHFFFAOYSA-N,XLYOFNOQVPJJNP-UHFFFAOYSA-N,298.03,solvent,2124
XLYOFNOQVPJJNP-UHFFFAOYSA-N:2125,XLYOFNOQVPJJNP-UHFFFAOYSA-N,QMMFVYPAHWMCMS-UHFFFAOYSA-N,XLYOFNOQVPJJNP-UHFFFAOYSA-N,298.03,solvent,2125
XLYOFNOQVPJJNP-UHFFFAOYSA-N:2126,XLYOFNOQVPJJNP-UHFFFAOYSA-N,QMMFVYPAHWMCMS-UHFFFAOYSA-N,XLYOFNOQVPJJNP-UHFFFAOYSA-N,298.01,solvent,2126
XLYOFNOQVPJJNP-UHFFFAOYSA-N:2127,XLYOFNOQVPJJNP-UHFFFAOYSA-N,QMMFVYPAHWMCMS-UHFFFAOYSA-N,XLYOFNOQVPJJNP-UHFFFAOYSA-N,298.01,solvent,2127
XLYOFNOQVPJJNP-UHFFFAOYSA-N:2128,XLYOFNOQVPJJNP-UHFFFAOYSA-N,QMMFVYPAHWMCMS-UHFFFAOYSA-N,XLYOFNOQVPJJNP-UHFFFAOYSA-N,298.07,solvent,2128
XLYOFNOQVPJJNP-UHFFFAOYSA-N:2129,XLYOFNOQVPJJNP-UHFFFAOYSA-N,QMMFVYPAHWMCMS-UHFFFAOYSA-N,XLYOFNOQVPJJNP-UHFFFAOYSA-N,298.02,solvent,2129
XLYOFNOQVPJJNP-UHFFFAOYSA-N:2130,XLYOFNOQVPJJNP-UHFFFAOYSA-N,QMMFVYPAHWMCMS-UHFFFAOYSA-N,XLYOFNOQVPJJNP-UHFFFAOYSA-N,298.02,solvent,2130
XLYOFNOQVPJJNP-UHFFFAOYSA-N:2131,XLYOFNOQVPJJNP-UHFFFAOYSA-N,QPRQEDXDYOZYLA-YFKPBYRVSA-N,XLYOFNOQVPJJNP-UHFFFAOYSA-N,273.35,solvent,2131
XLYOFNOQVPJJNP-UHFFFAOYSA-N:2132,XLYOFNOQVPJJNP-UHFFFAOYSA-N,QPRQEDXDYOZYLA-YFKPBYRVSA-N,XLYOFNOQVPJJNP-UHFFFAOYSA-N,283.15,solvent,2132
XLYOFNOQVPJJNP-UHFFFAOYSA-N:2133,XLYOFNOQVPJJNP-UHFFFAOYSA-N,QPRQEDXDYOZYLA-YFKPBYRVSA-N,XLYOFNOQVPJJNP-UHFFFAOYSA-N,293.15,solvent,2133
XLYOFNOQVPJJNP-UHFFFAOYSA-N:2134,XLYOFNOQVPJJNP-UHFFFAOYSA-N,QPRQEDXDYOZYLA-YFKPBYRVSA-N,XLYOFNOQVPJJNP-UHFFFAOYSA-N,293.15,solvent,2134
XLYOFNOQVPJJNP-UHFFFAOYSA-N:2135,XLYOFNOQVPJJNP-UHFFFAOYSA-N,QPRQEDXDYOZYLA-YFKPBYRVSA-N,XLYOFNOQVPJJNP-UHFFFAOYSA-N,303.15,solvent,2135
XLYOFNOQVPJJNP-UHFFFAOYSA-N:2136,XLYOFNOQVPJJNP-UHFFFAOYSA-N,QPRQEDXDYOZYLA-YFKPBYRVSA-N,XLYOFNOQVPJJNP-UHFFFAOYSA-N,303.15,solvent,2136
XLYOFNOQVPJJNP-UHFFFAOYSA-N:2137,XLYOFNOQVPJJNP-UHFFFAOYSA-N,QPRQEDXDYOZYLA-YFKPBYRVSA-N,XLYOFNOQVPJJNP-UHFFFAOYSA-N,313.15,solvent,2137
XLYOFNOQVPJJNP-UHFFFAOYSA-N:2138,XLYOFNOQVPJJNP-UHFFFAOYSA-N,QPRQEDXDYOZYLA-YFKPBYRVSA-N,XLYOFNOQVPJJNP-UHFFFAOYSA-N,313.15,solvent,2138
XLYOFNOQVPJJNP-UHFFFAOYSA-N:2139,XLYOFNOQVPJJNP-UHFFFAOYSA-N,QPRQEDXDYOZYLA-YFKPBYRVSA-N,XLYOFNOQVPJJNP-UHFFFAOYSA-N,323.15,solvent,2139
XLYOFNOQVPJJNP-UHFFFAOYSA-N:2140,XLYOFNOQVPJJNP-UHFFFAOYSA-N,QPRQEDXDYOZYLA-YFKPBYRVSA-N,XLYOFNOQVPJJNP-UHFFFAOYSA-N,323.15,solvent,2140
XLYOFNOQVPJJNP-UHFFFAOYSA-N:2141,XLYOFNOQVPJJNP-UHFFFAOYSA-N,QPRQEDXDYOZYLA-YFKPBYRVSA-N,XLYOFNOQVPJJNP-UHFFFAOYSA-N,333.15,solvent,2141
XLYOFNOQVPJJNP-UHFFFAOYSA-N:2142,XLYOFNOQVPJJNP-UHFFFAOYSA-N,QPRQEDXDYOZYLA-YFKPBYRVSA-N,XLYOFNOQVPJJNP-UHFFFAOYSA-N,333.15,solvent,2142
XLYOFNOQVPJJNP-UHFFFAOYSA-N:2143,XLYOFNOQVPJJNP-UHFFFAOYSA-N,QPRQEDXDYOZYLA-YFKPBYRVSA-N,XLYOFNOQVPJJNP-UHFFFAOYSA-N,343.15,solvent,2143
XLYOFNOQVPJJNP-UHFFFAOYSA-N:2144,XLYOFNOQVPJJNP-UHFFFAOYSA-N,QPRQEDXDYOZYLA-YFKPBYRVSA-N,XLYOFNOQVPJJNP-UHFFFAOYSA-N,353.15,solvent,2144
XLYOFNOQVPJJNP-UHFFFAOYSA-N:2145,XLYOFNOQVPJJNP-UHFFFAOYSA-N,QPRQEDXDYOZYLA-YFKPBYRVSA-N,XLYOFNOQVPJJNP-UHFFFAOYSA-N,363.15,solvent,2145
XLYOFNOQVPJJNP-UHFFFAOYSA-N:2225,XLYOFNOQVPJJNP-UHFFFAOYSA-N,QQZOPKMRPOGIEB-UHFFFAOYSA-N,XLYOFNOQVPJJNP-UHFFFAOYSA-N,297.85,solvent,2225
XLYOFNOQVPJJNP-UHFFFAOYSA-N:2226,XLYOFNOQVPJJNP-UHFFFAOYSA-N,QQZOPKMRPOGIEB-UHFFFAOYSA-N,XLYOFNOQVPJJNP-UHFFFAOYSA-N,298.15,solvent,2226
XLYOFNOQVPJJNP-UHFFFAOYSA-N:2227,XLYOFNOQVPJJNP-UHFFFAOYSA-N,QSJXEFYPDANLFS-UHFFFAOYSA-N,XLYOFNOQVPJJNP-UHFFFAOYSA-N,298.1,solvent,2227
XLYOFNOQVPJJNP-UHFFFAOYSA-N:2228,XLYOFNOQVPJJNP-UHFFFAOYSA-N,QSJXEFYPDANLFS-UHFFFAOYSA-N,XLYOFNOQVPJJNP-UHFFFAOYSA-N,298.1,solvent,2228
XLYOFNOQVPJJNP-UHFFFAOYSA-N:2229,XLYOFNOQVPJJNP-UHFFFAOYSA-N,QSJXEFYPDANLFS-UHFFFAOYSA-N,XLYOFNOQVPJJNP-UHFFFAOYSA-N,298.1,solvent,2229
XLYOFNOQVPJJNP-UHFFFAOYSA-N:2230,XLYOFNOQVPJJNP-UHFFFAOYSA-N,QSJXEFYPDANLFS-UHFFFAOYSA-N,XLYOFNOQVPJJNP-UHFFFAOYSA-N,298.17,solvent,2230
XLYOFNOQVPJJNP-UHFFFAOYSA-N:2231,XLYOFNOQVPJJNP-UHFFFAOYSA-N,QSJXEFYPDANLFS-UHFFFAOYSA-N,XLYOFNOQVPJJNP-UHFFFAOYSA-N,298.17,solvent,2231
XLYOFNOQVPJJNP-UHFFFAOYSA-N:2232,XLYOFNOQVPJJNP-UHFFFAOYSA-N,QSJXEFYPDANLFS-UHFFFAOYSA-N,XLYOFNOQVPJJNP-UHFFFAOYSA-N,298.17,solvent,2232
XLYOFNOQVPJJNP-UHFFFAOYSA-N:2318,XLYOFNOQVPJJNP-UHFFFAOYSA-N,RTZKZFJDLAIYFH-UHFFFAOYSA-N,XLYOFNOQVPJJNP-UHFFFAOYSA-N,273.35,solvent,2318
XLYOFNOQVPJJNP-UHFFFAOYSA-N:2319,XLYOFNOQVPJJNP-UHFFFAOYSA-N,RTZKZFJDLAIYFH-UHFFFAOYSA-N,XLYOFNOQVPJJNP-UHFFFAOYSA-N,278.15,solvent,2319
XLYOFNOQVPJJNP-UHFFFAOYSA-N:2320,XLYOFNOQVPJJNP-UHFFFAOYSA-N,RTZKZFJDLAIYFH-UHFFFAOYSA-N,XLYOFNOQVPJJNP-UHFFFAOYSA-N,283.15,solvent,2320
XLYOFNOQVPJJNP-UHFFFAOYSA-N:2321,XLYOFNOQVPJJNP-UHFFFAOYSA-N,RTZKZFJDLAIYFH-UHFFFAOYSA-N,XLYOFNOQVPJJNP-UHFFFAOYSA-N,288.15,solvent,2321
XLYOFNOQVPJJNP-UHFFFAOYSA-N:2322,XLYOFNOQVPJJNP-UHFFFAOYSA-N,RTZKZFJDLAIYFH-UHFFFAOYSA-N,XLYOFNOQVPJJNP-UHFFFAOYSA-N,293.15,solvent,2322
XLYOFNOQVPJJNP-UHFFFAOYSA-N:2323,XLYOFNOQVPJJNP-UHFFFAOYSA-N,RTZKZFJDLAIYFH-UHFFFAOYSA-N,XLYOFNOQVPJJNP-UHFFFAOYSA-N,298.15,solvent,2323
XLYOFNOQVPJJNP-UHFFFAOYSA-N:2324,XLYOFNOQVPJJNP-UHFFFAOYSA-N,RTZKZFJDLAIYFH-UHFFFAOYSA-N,XLYOFNOQVPJJNP-UHFFFAOYSA-N,303.15,solvent,2324
XLYOFNOQVPJJNP-UHFFFAOYSA-N:2325,XLYOFNOQVPJJNP-UHFFFAOYSA-N,RTZKZFJDLAIYFH-UHFFFAOYSA-N,XLYOFNOQVPJJNP-UHFFFAOYSA-N,308.15,solvent,2325
XLYOFNOQVPJJNP-UHFFFAOYSA-N:2326,XLYOFNOQVPJJNP-UHFFFAOYSA-N,RTZKZFJDLAIYFH-UHFFFAOYSA-N,XLYOFNOQVPJJNP-UHFFFAOYSA-N,318.15,solvent,2326
XLYOFNOQVPJJNP-UHFFFAOYSA-N:2327,XLYOFNOQVPJJNP-UHFFFAOYSA-N,RTZKZFJDLAIYFH-UHFFFAOYSA-N,XLYOFNOQVPJJNP-UHFFFAOYSA-N,328.15,solvent,2327
XLYOFNOQVPJJNP-UHFFFAOYSA-N:2331,XLYOFNOQVPJJNP-UHFFFAOYSA-N,RYHBNJHYFVUHQT-UHFFFAOYSA-N,XLYOFNOQVPJJNP-UHFFFAOYSA-N,273.35,solvent,2331
XLYOFNOQVPJJNP-UHFFFAOYSA-N:2332,XLYOFNOQVPJJNP-UHFFFAOYSA-N,RYHBNJHYFVUHQT-UHFFFAOYSA-N,XLYOFNOQVPJJNP-UHFFFAOYSA-N,278.15,solvent,2332
XLYOFNOQVPJJNP-UHFFFAOYSA-N:2333,XLYOFNOQVPJJNP-UHFFFAOYSA-N,RYHBNJHYFVUHQT-UHFFFAOYSA-N,XLYOFNOQVPJJNP-UHFFFAOYSA-N,288.15,solvent,2333
XLYOFNOQVPJJNP-UHFFFAOYSA-N:2334,XLYOFNOQVPJJNP-UHFFFAOYSA-N,RYHBNJHYFVUHQT-UHFFFAOYSA-N,XLYOFNOQVPJJNP-UHFFFAOYSA-N,288.15,solvent,2334
XLYOFNOQVPJJNP-UHFFFAOYSA-N:2335,XLYOFNOQVPJJNP-UHFFFAOYSA-N,RYHBNJHYFVUHQT-UHFFFAOYSA-N,XLYOFNOQVPJJNP-UHFFFAOYSA-N,298.15,solvent,2335
XLYOFNOQVPJJNP-UHFFFAOYSA-N:2336,XLYOFNOQVPJJNP-UHFFFAOYSA-N,RYHBNJHYFVUHQT-UHFFFAOYSA-N,XLYOFNOQVPJJNP-UHFFFAOYSA-N,308.15,solvent,2336
XLYOFNOQVPJJNP-UHFFFAOYSA-N:2337,XLYOFNOQVPJJNP-UHFFFAOYSA-N,RYHBNJHYFVUHQT-UHFFFAOYSA-N,XLYOFNOQVPJJNP-UHFFFAOYSA-N,308.15,solvent,2337
XLYOFNOQVPJJNP-UHFFFAOYSA-N:2338,XLYOFNOQVPJJNP-UHFFFAOYSA-N,RYHBNJHYFVUHQT-UHFFFAOYSA-N,XLYOFNOQVPJJNP-UHFFFAOYSA-N,318.15,solvent,2338
XLYOFNOQVPJJNP-UHFFFAOYSA-N:2339,XLYOFNOQVPJJNP-UHFFFAOYSA-N,RYHBNJHYFVUHQT-UHFFFAOYSA-N,XLYOFNOQVPJJNP-UHFFFAOYSA-N,328.15,solvent,2339
XLYOFNOQVPJJNP-UHFFFAOYSA-N:2340,XLYOFNOQVPJJNP-UHFFFAOYSA-N,RYHBNJHYFVUHQT-UHFFFAOYSA-N,XLYOFNOQVPJJNP-UHFFFAOYSA-N,338.15,solvent,2340
XLYOFNOQVPJJNP-UHFFFAOYSA-N:2341,XLYOFNOQVPJJNP-UHFFFAOYSA-N,RYHBNJHYFVUHQT-UHFFFAOYSA-N,XLYOFNOQVPJJNP-UHFFFAOYSA-N,338.15,solvent,2341
XLYOFNOQVPJJNP-UHFFFAOYSA-N:2342,XLYOFNOQVPJJNP-UHFFFAOYSA-N,RYHBNJHYFVUHQT-UHFFFAOYSA-N,XLYOFNOQVPJJNP-UHFFFAOYSA-N,348.15,solvent,2342
XLYOFNOQVPJJNP-UHFFFAOYSA-N:2343,XLYOFNOQVPJJNP-UHFFFAOYSA-N,RYHBNJHYFVUHQT-UHFFFAOYSA-N,XLYOFNOQVPJJNP-UHFFFAOYSA-N,372.5,solvent,2343
XLYOFNOQVPJJNP-UHFFFAOYSA-N:2344,XLYOFNOQVPJJNP-UHFFFAOYSA-N,SECXISVLQFMRJM-UHFFFAOYSA-N,XLYOFNOQVPJJNP-UHFFFAOYSA-N,333.15,solvent,2344
XLYOFNOQVPJJNP-UHFFFAOYSA-N:2345,XLYOFNOQVPJJNP-UHFFFAOYSA-N,SECXISVLQFMRJM-UHFFFAOYSA-N,XLYOFNOQVPJJNP-UHFFFAOYSA-N,343.15,solvent,2345
XLYOFNOQVPJJNP-UHFFFAOYSA-N:2346,XLYOFNOQVPJJNP-UHFFFAOYSA-N,SECXISVLQFMRJM-UHFFFAOYSA-N,XLYOFNOQVPJJNP-UHFFFAOYSA-N,353.15,solvent,2346
XLYOFNOQVPJJNP-UHFFFAOYSA-N:2347,XLYOFNOQVPJJNP-UHFFFAOYSA-N,SECXISVLQFMRJM-UHFFFAOYSA-N,XLYOFNOQVPJJNP-UHFFFAOYSA-N,372.85,solvent,2347
XLYOFNOQVPJJNP-UHFFFAOYSA-N:2871,XLYOFNOQVPJJNP-UHFFFAOYSA-N,WEVYAHXRMPXWCK-UHFFFAOYSA-N,XLYOFNOQVPJJNP-UHFFFAOYSA-N,298.15,solvent,2871
XLYOFNOQVPJJNP-UHFFFAOYSA-N:2872,XLYOFNOQVPJJNP-UHFFFAOYSA-N,WEVYAHXRMPXWCK-UHFFFAOYSA-N,XLYOFNOQVPJJNP-UHFFFAOYSA-N,298.15,solvent,2872
XLYOFNOQVPJJNP-UHFFFAOYSA-N:2887,XLYOFNOQVPJJNP-UHFFFAOYSA-N,WNXJIVFYUVYPPR-UHFFFAOYSA-N,XLYOFNOQVPJJNP-UHFFFAOYSA-N,273.35,solvent,2887
XLYOFNOQVPJJNP-UHFFFAOYSA-N:2888,XLYOFNOQVPJJNP-UHFFFAOYSA-N,WNXJIVFYUVYPPR-UHFFFAOYSA-N,XLYOFNOQVPJJNP-UHFFFAOYSA-N,278.15,solvent,2888
XLYOFNOQVPJJNP-UHFFFAOYSA-N:2889,XLYOFNOQVPJJNP-UHFFFAOYSA-N,WNXJIVFYUVYPPR-UHFFFAOYSA-N,XLYOFNOQVPJJNP-UHFFFAOYSA-N,288.15,solvent,2889
XLYOFNOQVPJJNP-UHFFFAOYSA-N:2890,XLYOFNOQVPJJNP-UHFFFAOYSA-N,WNXJIVFYUVYPPR-UHFFFAOYSA-N,XLYOFNOQVPJJNP-UHFFFAOYSA-N,298.15,solvent,2890
XLYOFNOQVPJJNP-UHFFFAOYSA-N:2891,XLYOFNOQVPJJNP-UHFFFAOYSA-N,WNXJIVFYUVYPPR-UHFFFAOYSA-N,XLYOFNOQVPJJNP-UHFFFAOYSA-N,308.15,solvent,2891
XLYOFNOQVPJJNP-UHFFFAOYSA-N:2892,XLYOFNOQVPJJNP-UHFFFAOYSA-N,WNXJIVFYUVYPPR-UHFFFAOYSA-N,XLYOFNOQVPJJNP-UHFFFAOYSA-N,318.15,solvent,2892
XLYOFNOQVPJJNP-UHFFFAOYSA-N:2893,XLYOFNOQVPJJNP-UHFFFAOYSA-N,WNXJIVFYUVYPPR-UHFFFAOYSA-N,XLYOFNOQVPJJNP-UHFFFAOYSA-N,328.15,solvent,2893
XLYOFNOQVPJJNP-UHFFFAOYSA-N:2894,XLYOFNOQVPJJNP-UHFFFAOYSA-N,WNXJIVFYUVYPPR-UHFFFAOYSA-N,XLYOFNOQVPJJNP-UHFFFAOYSA-N,338.15,solvent,2894
XLYOFNOQVPJJNP-UHFFFAOYSA-N:2895,XLYOFNOQVPJJNP-UHFFFAOYSA-N,WNXJIVFYUVYPPR-UHFFFAOYSA-N,XLYOFNOQVPJJNP-UHFFFAOYSA-N,338.15,solvent,2895
XLYOFNOQVPJJNP-UHFFFAOYSA-N:2896,XLYOFNOQVPJJNP-UHFFFAOYSA-N,WNXJIVFYUVYPPR-UHFFFAOYSA-N,XLYOFNOQVPJJNP-UHFFFAOYSA-N,348.15,solvent,2896
XLYOFNOQVPJJNP-UHFFFAOYSA-N:2897,XLYOFNOQVPJJNP-UHFFFAOYSA-N,WNXJIVFYUVYPPR-UHFFFAOYSA-N,XLYOFNOQVPJJNP-UHFFFAOYSA-N,372.55,solvent,2897
XLYOFNOQVPJJNP-UHFFFAOYSA-N:2898,XLYOFNOQVPJJNP-UHFFFAOYSA-N,WRMNZCZEMHIOCP-UHFFFAOYSA-N,XLYOFNOQVPJJNP-UHFFFAOYSA-N,373.15,solvent,2898
XLYOFNOQVPJJNP-UHFFFAOYSA-N:2924,XLYOFNOQVPJJNP-UHFFFAOYSA-N,WYURNTSHIVDZCO-UHFFFAOYSA-N,XLYOFNOQVPJJNP-UHFFFAOYSA-N,273.35,solvent,2924
XLYOFNOQVPJJNP-UHFFFAOYSA-N:2925,XLYOFNOQVPJJNP-UHFFFAOYSA-N,WYURNTSHIVDZCO-UHFFFAOYSA-N,XLYOFNOQVPJJNP-UHFFFAOYSA-N,278.15,solvent,2925
XLYOFNOQVPJJNP-UHFFFAOYSA-N:2926,XLYOFNOQVPJJNP-UHFFFAOYSA-N,WYURNTSHIVDZCO-UHFFFAOYSA-N,XLYOFNOQVPJJNP-UHFFFAOYSA-N,288.15,solvent,2926
XLYOFNOQVPJJNP-UHFFFAOYSA-N:2927,XLYOFNOQVPJJNP-UHFFFAOYSA-N,WYURNTSHIVDZCO-UHFFFAOYSA-N,XLYOFNOQVPJJNP-UHFFFAOYSA-N,298.15,solvent,2927
XLYOFNOQVPJJNP-UHFFFAOYSA-N:2928,XLYOFNOQVPJJNP-UHFFFAOYSA-N,WYURNTSHIVDZCO-UHFFFAOYSA-N,XLYOFNOQVPJJNP-UHFFFAOYSA-N,308.15,solvent,2928
XLYOFNOQVPJJNP-UHFFFAOYSA-N:2929,XLYOFNOQVPJJNP-UHFFFAOYSA-N,WYURNTSHIVDZCO-UHFFFAOYSA-N,XLYOFNOQVPJJNP-UHFFFAOYSA-N,318.15,solvent,2929
XLYOFNOQVPJJNP-UHFFFAOYSA-N:2930,XLYOFNOQVPJJNP-UHFFFAOYSA-N,WYURNTSHIVDZCO-UHFFFAOYSA-N,XLYOFNOQVPJJNP-UHFFFAOYSA-N,328.15,solvent,2930
XLYOFNOQVPJJNP-UHFFFAOYSA-N:2931,XLYOFNOQVPJJNP-UHFFFAOYSA-N,WYURNTSHIVDZCO-UHFFFAOYSA-N,XLYOFNOQVPJJNP-UHFFFAOYSA-N,328.15,solvent,2931
XLYOFNOQVPJJNP-UHFFFAOYSA-N:3049,XLYOFNOQVPJJNP-UHFFFAOYSA-N,XEKOWRVHYACXOJ-UHFFFAOYSA-N,XLYOFNOQVPJJNP-UHFFFAOYSA-N,273.35,solvent,3049
XLYOFNOQVPJJNP-UHFFFAOYSA-N:3050,XLYOFNOQVPJJNP-UHFFFAOYSA-N,XEKOWRVHYACXOJ-UHFFFAOYSA-N,XLYOFNOQVPJJNP-UHFFFAOYSA-N,283.15,solvent,3050
XLYOFNOQVPJJNP-UHFFFAOYSA-N:3051,XLYOFNOQVPJJNP-UHFFFAOYSA-N,XEKOWRVHYACXOJ-UHFFFAOYSA-N,XLYOFNOQVPJJNP-UHFFFAOYSA-N,293.15,solvent,3051
XLYOFNOQVPJJNP-UHFFFAOYSA-N:3052,XLYOFNOQVPJJNP-UHFFFAOYSA-N,XEKOWRVHYACXOJ-UHFFFAOYSA-N,XLYOFNOQVPJJNP-UHFFFAOYSA-N,293.15,solvent,3052
XLYOFNOQVPJJNP-UHFFFAOYSA-N:3053,XLYOFNOQVPJJNP-UHFFFAOYSA-N,XEKOWRVHYACXOJ-UHFFFAOYSA-N,XLYOFNOQVPJJNP-UHFFFAOYSA-N,298.15,solvent,3053
XLYOFNOQVPJJNP-UHFFFAOYSA-N:3054,XLYOFNOQVPJJNP-UHFFFAOYSA-N,XEKOWRVHYACXOJ-UHFFFAOYSA-N,XLYOFNOQVPJJNP-UHFFFAOYSA-N,303.15,solvent,3054
XLYOFNOQVPJJNP-UHFFFAOYSA-N:3055,XLYOFNOQVPJJNP-UHFFFAOYSA-N,XEKOWRVHYACXOJ-UHFFFAOYSA-N,XLYOFNOQVPJJNP-UHFFFAOYSA-N,313.15,solvent,3055
XLYOFNOQVPJJNP-UHFFFAOYSA-N:3060,XLYOFNOQVPJJNP-UHFFFAOYSA-N,XLYOFNOQVPJJNP-UHFFFAOYSA-N,OUDFNZMQXZILJD-UHFFFAOYSA-N,360.38,solute,3060
XLYOFNOQVPJJNP-UHFFFAOYSA-N:3061,XLYOFNOQVPJJNP-UHFFFAOYSA-N,XLYOFNOQVPJJNP-UHFFFAOYSA-N,OUDFNZMQXZILJD-UHFFFAOYSA-N,365.99,solute,3061
XLYOFNOQVPJJNP-UHFFFAOYSA-N:3062,XLYOFNOQVPJJNP-UHFFFAOYSA-N,XLYOFNOQVPJJNP-UHFFFAOYSA-N,OUDFNZMQXZILJD-UHFFFAOYSA-N,370.64,solute,3062
XLYOFNOQVPJJNP-UHFFFAOYSA-N:3063,XLYOFNOQVPJJNP-UHFFFAOYSA-N,XLYOFNOQVPJJNP-UHFFFAOYSA-N,WEVYAHXRMPXWCK-UHFFFAOYSA-N,298.15,solute,3063
XLYOFNOQVPJJNP-UHFFFAOYSA-N:3064,XLYOFNOQVPJJNP-UHFFFAOYSA-N,XLYOFNOQVPJJNP-UHFFFAOYSA-N,XMGQYMWWDOXHJM-JTQLQIEISA-N,298.15,solute,3064
XLYOFNOQVPJJNP-UHFFFAOYSA-N:3067,XLYOFNOQVPJJNP-UHFFFAOYSA-N,XMGQYMWWDOXHJM-JTQLQIEISA-N,XLYOFNOQVPJJNP-UHFFFAOYSA-N,298.15,solvent,3067
XLYOFNOQVPJJNP-UHFFFAOYSA-N:3068,XLYOFNOQVPJJNP-UHFFFAOYSA-N,XNLICIUVMPYHGG-UHFFFAOYSA-N,XLYOFNOQVPJJNP-UHFFFAOYSA-N,298.15,solvent,3068
XLYOFNOQVPJJNP-UHFFFAOYSA-N:3069,XLYOFNOQVPJJNP-UHFFFAOYSA-N,XNLICIUVMPYHGG-UHFFFAOYSA-N,XLYOFNOQVPJJNP-UHFFFAOYSA-N,297.85,solvent,3069
XLYOFNOQVPJJNP-UHFFFAOYSA-N:3094,XLYOFNOQVPJJNP-UHFFFAOYSA-N,XTHFKEDIFFGKHM-UHFFFAOYSA-N,XLYOFNOQVPJJNP-UHFFFAOYSA-N,318.15,solvent,3094
XLYOFNOQVPJJNP-UHFFFAOYSA-N:3095,XLYOFNOQVPJJNP-UHFFFAOYSA-N,XTHFKEDIFFGKHM-UHFFFAOYSA-N,XLYOFNOQVPJJNP-UHFFFAOYSA-N,328.15,solvent,3095
XLYOFNOQVPJJNP-UHFFFAOYSA-N:3096,XLYOFNOQVPJJNP-UHFFFAOYSA-N,XTHFKEDIFFGKHM-UHFFFAOYSA-N,XLYOFNOQVPJJNP-UHFFFAOYSA-N,328.15,solvent,3096
XLYOFNOQVPJJNP-UHFFFAOYSA-N:3097,XLYOFNOQVPJJNP-UHFFFAOYSA-N,XTHFKEDIFFGKHM-UHFFFAOYSA-N,XLYOFNOQVPJJNP-UHFFFAOYSA-N,338.15,solvent,3097
XLYOFNOQVPJJNP-UHFFFAOYSA-N:3098,XLYOFNOQVPJJNP-UHFFFAOYSA-N,XTHFKEDIFFGKHM-UHFFFAOYSA-N,XLYOFNOQVPJJNP-UHFFFAOYSA-N,338.15,solvent,3098
XLYOFNOQVPJJNP-UHFFFAOYSA-N:3099,XLYOFNOQVPJJNP-UHFFFAOYSA-N,XTHFKEDIFFGKHM-UHFFFAOYSA-N,XLYOFNOQVPJJNP-UHFFFAOYSA-N,348.15,solvent,3099
XLYOFNOQVPJJNP-UHFFFAOYSA-N:3100,XLYOFNOQVPJJNP-UHFFFAOYSA-N,XTHFKEDIFFGKHM-UHFFFAOYSA-N,XLYOFNOQVPJJNP-UHFFFAOYSA-N,372.5,solvent,3100
XLYOFNOQVPJJNP-UHFFFAOYSA-N:3101,XLYOFNOQVPJJNP-UHFFFAOYSA-N,XTXRWKRVRITETP-UHFFFAOYSA-N,XLYOFNOQVPJJNP-UHFFFAOYSA-N,273.35,solvent,3101
XLYOFNOQVPJJNP-UHFFFAOYSA-N:3102,XLYOFNOQVPJJNP-UHFFFAOYSA-N,XTXRWKRVRITETP-UHFFFAOYSA-N,XLYOFNOQVPJJNP-UHFFFAOYSA-N,283.15,solvent,3102
XLYOFNOQVPJJNP-UHFFFAOYSA-N:3103,XLYOFNOQVPJJNP-UHFFFAOYSA-N,XTXRWKRVRITETP-UHFFFAOYSA-N,XLYOFNOQVPJJNP-UHFFFAOYSA-N,293.15,solvent,3103
XLYOFNOQVPJJNP-UHFFFAOYSA-N:3104,XLYOFNOQVPJJNP-UHFFFAOYSA-N,XTXRWKRVRITETP-UHFFFAOYSA-N,XLYOFNOQVPJJNP-UHFFFAOYSA-N,298.15,solvent,3104
XLYOFNOQVPJJNP-UHFFFAOYSA-N:3105,XLYOFNOQVPJJNP-UHFFFAOYSA-N,XTXRWKRVRITETP-UHFFFAOYSA-N,XLYOFNOQVPJJNP-UHFFFAOYSA-N,303.15,solvent,3105
XLYOFNOQVPJJNP-UHFFFAOYSA-N:3106,XLYOFNOQVPJJNP-UHFFFAOYSA-N,XTXRWKRVRITETP-UHFFFAOYSA-N,XLYOFNOQVPJJNP-UHFFFAOYSA-N,313.15,solvent,3106
XLYOFNOQVPJJNP-UHFFFAOYSA-N:3107,XLYOFNOQVPJJNP-UHFFFAOYSA-N,XTXRWKRVRITETP-UHFFFAOYSA-N,XLYOFNOQVPJJNP-UHFFFAOYSA-N,323.15,solvent,3107
XLYOFNOQVPJJNP-UHFFFAOYSA-N:3108,XLYOFNOQVPJJNP-UHFFFAOYSA-N,XTXRWKRVRITETP-UHFFFAOYSA-N,XLYOFNOQVPJJNP-UHFFFAOYSA-N,333.15,solvent,3108
XLYOFNOQVPJJNP-UHFFFAOYSA-N:3111,XLYOFNOQVPJJNP-UHFFFAOYSA-N,YKYONYBAUNKHLG-UHFFFAOYSA-N,XLYOFNOQVPJJNP-UHFFFAOYSA-N,273.35,solvent,3111
XLYOFNOQVPJJNP-UHFFFAOYSA-N:3112,XLYOFNOQVPJJNP-UHFFFAOYSA-N,YKYONYBAUNKHLG-UHFFFAOYSA-N,XLYOFNOQVPJJNP-UHFFFAOYSA-N,283.15,solvent,3112
XLYOFNOQVPJJNP-UHFFFAOYSA-N:3113,XLYOFNOQVPJJNP-UHFFFAOYSA-N,YKYONYBAUNKHLG-UHFFFAOYSA-N,XLYOFNOQVPJJNP-UHFFFAOYSA-N,293.15,solvent,3113
XLYOFNOQVPJJNP-UHFFFAOYSA-N:3114,XLYOFNOQVPJJNP-UHFFFAOYSA-N,YKYONYBAUNKHLG-UHFFFAOYSA-N,XLYOFNOQVPJJNP-UHFFFAOYSA-N,293.15,solvent,3114
XLYOFNOQVPJJNP-UHFFFAOYSA-N:3115,XLYOFNOQVPJJNP-UHFFFAOYSA-N,YKYONYBAUNKHLG-UHFFFAOYSA-N,XLYOFNOQVPJJNP-UHFFFAOYSA-N,298.15,solvent,3115
XLYOFNOQVPJJNP-UHFFFAOYSA-N:3116,XLYOFNOQVPJJNP-UHFFFAOYSA-N,YKYONYBAUNKHLG-UHFFFAOYSA-N,XLYOFNOQVPJJNP-UHFFFAOYSA-N,298.15,solvent,3116
XLYOFNOQVPJJNP-UHFFFAOYSA-N:3117,XLYOFNOQVPJJNP-UHFFFAOYSA-N,YKYONYBAUNKHLG-UHFFFAOYSA-N,XLYOFNOQVPJJNP-UHFFFAOYSA-N,303.15,solvent,3117
XLYOFNOQVPJJNP-UHFFFAOYSA-N:3118,XLYOFNOQVPJJNP-UHFFFAOYSA-N,YKYONYBAUNKHLG-UHFFFAOYSA-N,XLYOFNOQVPJJNP-UHFFFAOYSA-N,313.15,solvent,3118
XLYOFNOQVPJJNP-UHFFFAOYSA-N:3119,XLYOFNOQVPJJNP-UHFFFAOYSA-N,YKYONYBAUNKHLG-UHFFFAOYSA-N,XLYOFNOQVPJJNP-UHFFFAOYSA-N,323.15,solvent,3119
XLYOFNOQVPJJNP-UHFFFAOYSA-N:3120,XLYOFNOQVPJJNP-UHFFFAOYSA-N,YKYONYBAUNKHLG-UHFFFAOYSA-N,XLYOFNOQVPJJNP-UHFFFAOYSA-N,333.15,solvent,3120
XLYOFNOQVPJJNP-UHFFFAOYSA-N:3121,XLYOFNOQVPJJNP-UHFFFAOYSA-N,YLQBMQCUIZJEEH-UHFFFAOYSA-N,XLYOFNOQVPJJNP-UHFFFAOYSA-N,298.15,solvent,3121
XLYOFNOQVPJJNP-UHFFFAOYSA-N:3122,XLYOFNOQVPJJNP-UHFFFAOYSA-N,YLQBMQCUIZJEEH-UHFFFAOYSA-N,XLYOFNOQVPJJNP-UHFFFAOYSA-N,299.15,solvent,3122
XLYOFNOQVPJJNP-UHFFFAOYSA-N:3123,XLYOFNOQVPJJNP-UHFFFAOYSA-N,YLQBMQCUIZJEEH-UHFFFAOYSA-N,XLYOFNOQVPJJNP-UHFFFAOYSA-N,301.15,solvent,3123
XLYOFNOQVPJJNP-UHFFFAOYSA-N:3124,XLYOFNOQVPJJNP-UHFFFAOYSA-N,YLQBMQCUIZJEEH-UHFFFAOYSA-N,XLYOFNOQVPJJNP-UHFFFAOYSA-N,303.15,solvent,3124
XLYOFNOQVPJJNP-UHFFFAOYSA-N:3125,XLYOFNOQVPJJNP-UHFFFAOYSA-N,YLQBMQCUIZJEEH-UHFFFAOYSA-N,XLYOFNOQVPJJNP-UHFFFAOYSA-N,305.15,solvent,3125
XLYOFNOQVPJJNP-UHFFFAOYSA-N:3126,XLYOFNOQVPJJNP-UHFFFAOYSA-N,YLQBMQCUIZJEEH-UHFFFAOYSA-N,XLYOFNOQVPJJNP-UHFFFAOYSA-N,306.15,solvent,3126
XLYOFNOQVPJJNP-UHFFFAOYSA-N:3127,XLYOFNOQVPJJNP-UHFFFAOYSA-N,YLQBMQCUIZJEEH-UHFFFAOYSA-N,XLYOFNOQVPJJNP-UHFFFAOYSA-N,308.15,solvent,3127
XLYOFNOQVPJJNP-UHFFFAOYSA-N:3128,XLYOFNOQVPJJNP-UHFFFAOYSA-N,YLQBMQCUIZJEEH-UHFFFAOYSA-N,XLYOFNOQVPJJNP-UHFFFAOYSA-N,311.15,solvent,3128
XLYOFNOQVPJJNP-UHFFFAOYSA-N:3129,XLYOFNOQVPJJNP-UHFFFAOYSA-N,YLQBMQCUIZJEEH-UHFFFAOYSA-N,XLYOFNOQVPJJNP-UHFFFAOYSA-N,313.15,solvent,3129
XLYOFNOQVPJJNP-UHFFFAOYSA-N:3411,XLYOFNOQVPJJNP-UHFFFAOYSA-N,ZMXDDKWLCZADIW-UHFFFAOYSA-N,XLYOFNOQVPJJNP-UHFFFAOYSA-N,343.73,solvent,3411
XLYOFNOQVPJJNP-UHFFFAOYSA-N:3412,XLYOFNOQVPJJNP-UHFFFAOYSA-N,ZMXDDKWLCZADIW-UHFFFAOYSA-N,XLYOFNOQVPJJNP-UHFFFAOYSA-N,349.05,solvent,3412
XLYOFNOQVPJJNP-UHFFFAOYSA-N:3413,XLYOFNOQVPJJNP-UHFFFAOYSA-N,ZMXDDKWLCZADIW-UHFFFAOYSA-N,XLYOFNOQVPJJNP-UHFFFAOYSA-N,353.45,solvent,3413
XLYOFNOQVPJJNP-UHFFFAOYSA-N:3414,XLYOFNOQVPJJNP-UHFFFAOYSA-N,ZMXDDKWLCZADIW-UHFFFAOYSA-N,XLYOFNOQVPJJNP-UHFFFAOYSA-N,357.91,solvent,3414
XLYOFNOQVPJJNP-UHFFFAOYSA-N:3415,XLYOFNOQVPJJNP-UHFFFAOYSA-N,ZMXDDKWLCZADIW-UHFFFAOYSA-N,XLYOFNOQVPJJNP-UHFFFAOYSA-N,358.5,solvent,3415
XLYOFNOQVPJJNP-UHFFFAOYSA-N:3416,XLYOFNOQVPJJNP-UHFFFAOYSA-N,ZMXDDKWLCZADIW-UHFFFAOYSA-N,XLYOFNOQVPJJNP-UHFFFAOYSA-N,363.82,solvent,3416
XLYOFNOQVPJJNP-UHFFFAOYSA-N:3417,XLYOFNOQVPJJNP-UHFFFAOYSA-N,ZMXDDKWLCZADIW-UHFFFAOYSA-N,XLYOFNOQVPJJNP-UHFFFAOYSA-N,368.38,solvent,3417
XLYOFNOQVPJJNP-UHFFFAOYSA-N:3418,XLYOFNOQVPJJNP-UHFFFAOYSA-N,ZMXDDKWLCZADIW-UHFFFAOYSA-N,XLYOFNOQVPJJNP-UHFFFAOYSA-N,371.62,solvent,3418
XLYOFNOQVPJJNP-UHFFFAOYSA-N:3419,XLYOFNOQVPJJNP-UHFFFAOYSA-N,ZMXDDKWLCZADIW-UHFFFAOYSA-N,XLYOFNOQVPJJNP-UHFFFAOYSA-N,372.0,solvent,3419
XLYOFNOQVPJJNP-UHFFFAOYSA-N:3426,XLYOFNOQVPJJNP-UHFFFAOYSA-N,ZWEHNKRNPOVVGH-UHFFFAOYSA-N,XLYOFNOQVPJJNP-UHFFFAOYSA-N,297.85,solvent,3426
XLYOFNOQVPJJNP-UHFFFAOYSA-N:3427,XLYOFNOQVPJJNP-UHFFFAOYSA-N,ZWEHNKRNPOVVGH-UHFFFAOYSA-N,XLYOFNOQVPJJNP-UHFFFAOYSA-N,298.15,solvent,3427
XLYOFNOQVPJJNP-UHFFFAOYSA-N:3428,XLYOFNOQVPJJNP-UHFFFAOYSA-N,ZXEKIIBDNHEJCQ-UHFFFAOYSA-N,XLYOFNOQVPJJNP-UHFFFAOYSA-N,273.35,solvent,3428
XLYOFNOQVPJJNP-UHFFFAOYSA-N:3429,XLYOFNOQVPJJNP-UHFFFAOYSA-N,ZXEKIIBDNHEJCQ-UHFFFAOYSA-N,XLYOFNOQVPJJNP-UHFFFAOYSA-N,283.15,solvent,3429
XLYOFNOQVPJJNP-UHFFFAOYSA-N:3430,XLYOFNOQVPJJNP-UHFFFAOYSA-N,ZXEKIIBDNHEJCQ-UHFFFAOYSA-N,XLYOFNOQVPJJNP-UHFFFAOYSA-N,293.15,solvent,3430
XLYOFNOQVPJJNP-UHFFFAOYSA-N:3431,XLYOFNOQVPJJNP-UHFFFAOYSA-N,ZXEKIIBDNHEJCQ-UHFFFAOYSA-N,XLYOFNOQVPJJNP-UHFFFAOYSA-N,298.15,solvent,3431
XLYOFNOQVPJJNP-UHFFFAOYSA-N:3432,XLYOFNOQVPJJNP-UHFFFAOYSA-N,ZXEKIIBDNHEJCQ-UHFFFAOYSA-N,XLYOFNOQVPJJNP-UHFFFAOYSA-N,303.15,solvent,3432
XLYOFNOQVPJJNP-UHFFFAOYSA-N:3433,XLYOFNOQVPJJNP-UHFFFAOYSA-N,ZXEKIIBDNHEJCQ-UHFFFAOYSA-N,XLYOFNOQVPJJNP-UHFFFAOYSA-N,313.15,solvent,3433
XLYOFNOQVPJJNP-UHFFFAOYSA-N:3434,XLYOFNOQVPJJNP-UHFFFAOYSA-N,ZXEKIIBDNHEJCQ-UHFFFAOYSA-N,XLYOFNOQVPJJNP-UHFFFAOYSA-N,323.15,solvent,3434
XLYOFNOQVPJJNP-UHFFFAOYSA-N:3435,XLYOFNOQVPJJNP-UHFFFAOYSA-N,ZXEKIIBDNHEJCQ-UHFFFAOYSA-N,XLYOFNOQVPJJNP-UHFFFAOYSA-N,333.15,solvent,3435
XLYOFNOQVPJJNP-UHFFFAOYSA-N:3436,XLYOFNOQVPJJNP-UHFFFAOYSA-N,ZXEKIIBDNHEJCQ-UHFFFAOYSA-N,XLYOFNOQVPJJNP-UHFFFAOYSA-N,363.15,solvent,3436
XLYOFNOQVPJJNP-UHFFFAOYSA-N:3437,XLYOFNOQVPJJNP-UHFFFAOYSA-N,ZXEKIIBDNHEJCQ-UHFFFAOYSA-N,XLYOFNOQVPJJNP-UHFFFAOYSA-N,371.15,solvent,3437
OKKJLVBELUTLKV-UHFFFAOYSA-N:640,OKKJLVBELUTLKV-UHFFFAOYSA-N,HRYZWHHZPQKTII-UHFFFAOYSA-N,OKKJLVBELUTLKV-UHFFFAOYSA-N,250.06,solvent,640
OKKJLVBELUTLKV-UHFFFAOYSA-N:641,OKKJLVBELUTLKV-UHFFFAOYSA-N,HRYZWHHZPQKTII-UHFFFAOYSA-N,OKKJLVBELUTLKV-UHFFFAOYSA-N,269.96,solvent,641
OKKJLVBELUTLKV-UHFFFAOYSA-N:642,OKKJLVBELUTLKV-UHFFFAOYSA-N,HRYZWHHZPQKTII-UHFFFAOYSA-N,OKKJLVBELUTLKV-UHFFFAOYSA-N,289.99,solvent,642
OKKJLVBELUTLKV-UHFFFAOYSA-N:643,OKKJLVBELUTLKV-UHFFFAOYSA-N,HRYZWHHZPQKTII-UHFFFAOYSA-N,OKKJLVBELUTLKV-UHFFFAOYSA-N,309.99,solvent,643
OKKJLVBELUTLKV-UHFFFAOYSA-N:644,OKKJLVBELUTLKV-UHFFFAOYSA-N,HRYZWHHZPQKTII-UHFFFAOYSA-N,OKKJLVBELUTLKV-UHFFFAOYSA-N,330.0,solvent,644
OKKJLVBELUTLKV-UHFFFAOYSA-N:744,OKKJLVBELUTLKV-UHFFFAOYSA-N,IAQRGUVFOMOMEM-ARJAWSKDSA-N,OKKJLVBELUTLKV-UHFFFAOYSA-N,269.98,solvent,744
OKKJLVBELUTLKV-UHFFFAOYSA-N:745,OKKJLVBELUTLKV-UHFFFAOYSA-N,IAQRGUVFOMOMEM-ARJAWSKDSA-N,OKKJLVBELUTLKV-UHFFFAOYSA-N,289.99,solvent,745
OKKJLVBELUTLKV-UHFFFAOYSA-N:746,OKKJLVBELUTLKV-UHFFFAOYSA-N,IAQRGUVFOMOMEM-ARJAWSKDSA-N,OKKJLVBELUTLKV-UHFFFAOYSA-N,300.0,solvent,746
OKKJLVBELUTLKV-UHFFFAOYSA-N:747,OKKJLVBELUTLKV-UHFFFAOYSA-N,IAQRGUVFOMOMEM-ARJAWSKDSA-N,OKKJLVBELUTLKV-UHFFFAOYSA-N,310.0,solvent,747
OKKJLVBELUTLKV-UHFFFAOYSA-N:748,OKKJLVBELUTLKV-UHFFFAOYSA-N,IAQRGUVFOMOMEM-ARJAWSKDSA-N,OKKJLVBELUTLKV-UHFFFAOYSA-N,320.0,solvent,748
OKKJLVBELUTLKV-UHFFFAOYSA-N:749,OKKJLVBELUTLKV-UHFFFAOYSA-N,IAQRGUVFOMOMEM-ARJAWSKDSA-N,OKKJLVBELUTLKV-UHFFFAOYSA-N,330.0,solvent,749
OKKJLVBELUTLKV-UHFFFAOYSA-N:842,OKKJLVBELUTLKV-UHFFFAOYSA-N,IAQRGUVFOMOMEM-ONEGZZNKSA-N,OKKJLVBELUTLKV-UHFFFAOYSA-N,375.2,solvent,842
OKKJLVBELUTLKV-UHFFFAOYSA-N:843,OKKJLVBELUTLKV-UHFFFAOYSA-N,IAQRGUVFOMOMEM-ONEGZZNKSA-N,OKKJLVBELUTLKV-UHFFFAOYSA-N,394.8,solvent,843
OKKJLVBELUTLKV-UHFFFAOYSA-N:844,OKKJLVBELUTLKV-UHFFFAOYSA-N,IAQRGUVFOMOMEM-ONEGZZNKSA-N,OKKJLVBELUTLKV-UHFFFAOYSA-N,412.6,solvent,844
OKKJLVBELUTLKV-UHFFFAOYSA-N:1163,OKKJLVBELUTLKV-UHFFFAOYSA-N,KAKZBPTYRLMSJV-UHFFFAOYSA-N,OKKJLVBELUTLKV-UHFFFAOYSA-N,374.0,solvent,1163
OKKJLVBELUTLKV-UHFFFAOYSA-N:1164,OKKJLVBELUTLKV-UHFFFAOYSA-N,KAKZBPTYRLMSJV-UHFFFAOYSA-N,OKKJLVBELUTLKV-UHFFFAOYSA-N,393.3,solvent,1164
OKKJLVBELUTLKV-UHFFFAOYSA-N:1165,OKKJLVBELUTLKV-UHFFFAOYSA-N,KAKZBPTYRLMSJV-UHFFFAOYSA-N,OKKJLVBELUTLKV-UHFFFAOYSA-N,412.5,solvent,1165
OKKJLVBELUTLKV-UHFFFAOYSA-N:1340,OKKJLVBELUTLKV-UHFFFAOYSA-N,LCGLNKUTAGEVQW-UHFFFAOYSA-N,OKKJLVBELUTLKV-UHFFFAOYSA-N,269.97,solvent,1340
OKKJLVBELUTLKV-UHFFFAOYSA-N:1341,OKKJLVBELUTLKV-UHFFFAOYSA-N,LCGLNKUTAGEVQW-UHFFFAOYSA-N,OKKJLVBELUTLKV-UHFFFAOYSA-N,289.99,solvent,1341
OKKJLVBELUTLKV-UHFFFAOYSA-N:1342,OKKJLVBELUTLKV-UHFFFAOYSA-N,LCGLNKUTAGEVQW-UHFFFAOYSA-N,OKKJLVBELUTLKV-UHFFFAOYSA-N,309.99,solvent,1342
OKKJLVBELUTLKV-UHFFFAOYSA-N:1343,OKKJLVBELUTLKV-UHFFFAOYSA-N,LCGLNKUTAGEVQW-UHFFFAOYSA-N,OKKJLVBELUTLKV-UHFFFAOYSA-N,330.0,solvent,1343
OKKJLVBELUTLKV-UHFFFAOYSA-N:1868,OKKJLVBELUTLKV-UHFFFAOYSA-N,NPNPZTNLOVBDOC-UHFFFAOYSA-N,OKKJLVBELUTLKV-UHFFFAOYSA-N,269.97,solvent,1868
OKKJLVBELUTLKV-UHFFFAOYSA-N:1869,OKKJLVBELUTLKV-UHFFFAOYSA-N,NPNPZTNLOVBDOC-UHFFFAOYSA-N,OKKJLVBELUTLKV-UHFFFAOYSA-N,289.99,solvent,1869
OKKJLVBELUTLKV-UHFFFAOYSA-N:1870,OKKJLVBELUTLKV-UHFFFAOYSA-N,NPNPZTNLOVBDOC-UHFFFAOYSA-N,OKKJLVBELUTLKV-UHFFFAOYSA-N,300.0,solvent,1870
OKKJLVBELUTLKV-UHFFFAOYSA-N:1871,OKKJLVBELUTLKV-UHFFFAOYSA-N,NPNPZTNLOVBDOC-UHFFFAOYSA-N,OKKJLVBELUTLKV-UHFFFAOYSA-N,310.0,solvent,1871
OKKJLVBELUTLKV-UHFFFAOYSA-N:1872,OKKJLVBELUTLKV-UHFFFAOYSA-N,NPNPZTNLOVBDOC-UHFFFAOYSA-N,OKKJLVBELUTLKV-UHFFFAOYSA-N,320.0,solvent,1872
OKKJLVBELUTLKV-UHFFFAOYSA-N:1873,OKKJLVBELUTLKV-UHFFFAOYSA-N,NPNPZTNLOVBDOC-UHFFFAOYSA-N,OKKJLVBELUTLKV-UHFFFAOYSA-N,330.0,solvent,1873
OKKJLVBELUTLKV-UHFFFAOYSA-N:1975,OKKJLVBELUTLKV-UHFFFAOYSA-N,OKKJLVBELUTLKV-UHFFFAOYSA-N,BTFJIXJJCSYFAL-UHFFFAOYSA-N,338.15,solute,1975
OKKJLVBELUTLKV-UHFFFAOYSA-N:1976,OKKJLVBELUTLKV-UHFFFAOYSA-N,OKKJLVBELUTLKV-UHFFFAOYSA-N,BTFJIXJJCSYFAL-UHFFFAOYSA-N,343.15,solute,1976
OKKJLVBELUTLKV-UHFFFAOYSA-N:1977,OKKJLVBELUTLKV-UHFFFAOYSA-N,OKKJLVBELUTLKV-UHFFFAOYSA-N,BTFJIXJJCSYFAL-UHFFFAOYSA-N,348.15,solute,1977
OKKJLVBELUTLKV-UHFFFAOYSA-N:1978,OKKJLVBELUTLKV-UHFFFAOYSA-N,OKKJLVBELUTLKV-UHFFFAOYSA-N,BTFJIXJJCSYFAL-UHFFFAOYSA-N,353.15,solute,1978
OKKJLVBELUTLKV-UHFFFAOYSA-N:1979,OKKJLVBELUTLKV-UHFFFAOYSA-N,OKKJLVBELUTLKV-UHFFFAOYSA-N,DTOSIQBPPRVQHS-PDBXOOCHSA-N,303.13,solute,1979
OKKJLVBELUTLKV-UHFFFAOYSA-N:1980,OKKJLVBELUTLKV-UHFFFAOYSA-N,OKKJLVBELUTLKV-UHFFFAOYSA-N,DTOSIQBPPRVQHS-PDBXOOCHSA-N,313.24,solute,1980
OKKJLVBELUTLKV-UHFFFAOYSA-N:1981,OKKJLVBELUTLKV-UHFFFAOYSA-N,OKKJLVBELUTLKV-UHFFFAOYSA-N,DTOSIQBPPRVQHS-PDBXOOCHSA-N,323.26,solute,1981
OKKJLVBELUTLKV-UHFFFAOYSA-N:1982,OKKJLVBELUTLKV-UHFFFAOYSA-N,OKKJLVBELUTLKV-UHFFFAOYSA-N,GHVNFZFCNZKVNT-UHFFFAOYSA-N,314.24,solute,1982
OKKJLVBELUTLKV-UHFFFAOYSA-N:1983,OKKJLVBELUTLKV-UHFFFAOYSA-N,OKKJLVBELUTLKV-UHFFFAOYSA-N,GHVNFZFCNZKVNT-UHFFFAOYSA-N,333.38,solute,1983
OKKJLVBELUTLKV-UHFFFAOYSA-N:1984,OKKJLVBELUTLKV-UHFFFAOYSA-N,OKKJLVBELUTLKV-UHFFFAOYSA-N,GHVNFZFCNZKVNT-UHFFFAOYSA-N,353.08,solute,1984
OKKJLVBELUTLKV-UHFFFAOYSA-N:1985,OKKJLVBELUTLKV-UHFFFAOYSA-N,OKKJLVBELUTLKV-UHFFFAOYSA-N,GHVNFZFCNZKVNT-UHFFFAOYSA-N,353.3,solute,1985
OKKJLVBELUTLKV-UHFFFAOYSA-N:1986,OKKJLVBELUTLKV-UHFFFAOYSA-N,OKKJLVBELUTLKV-UHFFFAOYSA-N,GLDOVTGHNKAZLK-UHFFFAOYSA-N,333.15,solute,1986
OKKJLVBELUTLKV-UHFFFAOYSA-N:1987,OKKJLVBELUTLKV-UHFFFAOYSA-N,OKKJLVBELUTLKV-UHFFFAOYSA-N,GLDOVTGHNKAZLK-UHFFFAOYSA-N,338.15,solute,1987
OKKJLVBELUTLKV-UHFFFAOYSA-N:1988,OKKJLVBELUTLKV-UHFFFAOYSA-N,OKKJLVBELUTLKV-UHFFFAOYSA-N,GLDOVTGHNKAZLK-UHFFFAOYSA-N,343.15,solute,1988
OKKJLVBELUTLKV-UHFFFAOYSA-N:1989,OKKJLVBELUTLKV-UHFFFAOYSA-N,OKKJLVBELUTLKV-UHFFFAOYSA-N,GLDOVTGHNKAZLK-UHFFFAOYSA-N,348.15,solute,1989
OKKJLVBELUTLKV-UHFFFAOYSA-N:1990,OKKJLVBELUTLKV-UHFFFAOYSA-N,OKKJLVBELUTLKV-UHFFFAOYSA-N,GLDOVTGHNKAZLK-UHFFFAOYSA-N,353.15,solute,1990
OKKJLVBELUTLKV-UHFFFAOYSA-N:1991,OKKJLVBELUTLKV-UHFFFAOYSA-N,OKKJLVBELUTLKV-UHFFFAOYSA-N,IPCSVZSSVZVIGE-UHFFFAOYSA-N,340.17,solute,1991
OKKJLVBELUTLKV-UHFFFAOYSA-N:1992,OKKJLVBELUTLKV-UHFFFAOYSA-N,OKKJLVBELUTLKV-UHFFFAOYSA-N,IPCSVZSSVZVIGE-UHFFFAOYSA-N,347.93,solute,1992
OKKJLVBELUTLKV-UHFFFAOYSA-N:1993,OKKJLVBELUTLKV-UHFFFAOYSA-N,OKKJLVBELUTLKV-UHFFFAOYSA-N,IPCSVZSSVZVIGE-UHFFFAOYSA-N,358.23,solute,1993
OKKJLVBELUTLKV-UHFFFAOYSA-N:1994,OKKJLVBELUTLKV-UHFFFAOYSA-N,OKKJLVBELUTLKV-UHFFFAOYSA-N,MTHSVFCYNBDYFN-UHFFFAOYSA-N,333.2,solute,1994
OKKJLVBELUTLKV-UHFFFAOYSA-N:1995,OKKJLVBELUTLKV-UHFFFAOYSA-N,OKKJLVBELUTLKV-UHFFFAOYSA-N,MTHSVFCYNBDYFN-UHFFFAOYSA-N,348.2,solute,1995
OKKJLVBELUTLKV-UHFFFAOYSA-N:1996,OKKJLVBELUTLKV-UHFFFAOYSA-N,OKKJLVBELUTLKV-UHFFFAOYSA-N,MTHSVFCYNBDYFN-UHFFFAOYSA-N,363.2,solute,1996
OKKJLVBELUTLKV-UHFFFAOYSA-N:1997,OKKJLVBELUTLKV-UHFFFAOYSA-N,OKKJLVBELUTLKV-UHFFFAOYSA-N,OYHQOLUKZRVURQ-HZJYTTRNSA-N,338.28,solute,1997
OKKJLVBELUTLKV-UHFFFAOYSA-N:1998,OKKJLVBELUTLKV-UHFFFAOYSA-N,OKKJLVBELUTLKV-UHFFFAOYSA-N,OYHQOLUKZRVURQ-HZJYTTRNSA-N,348.31,solute,1998
OKKJLVBELUTLKV-UHFFFAOYSA-N:1999,OKKJLVBELUTLKV-UHFFFAOYSA-N,OKKJLVBELUTLKV-UHFFFAOYSA-N,POULHZVOKOAJMA-UHFFFAOYSA-N,314.1,solute,1999
OKKJLVBELUTLKV-UHFFFAOYSA-N:2000,OKKJLVBELUTLKV-UHFFFAOYSA-N,OKKJLVBELUTLKV-UHFFFAOYSA-N,POULHZVOKOAJMA-UHFFFAOYSA-N,328.82,solute,2000
OKKJLVBELUTLKV-UHFFFAOYSA-N:2001,OKKJLVBELUTLKV-UHFFFAOYSA-N,OKKJLVBELUTLKV-UHFFFAOYSA-N,POULHZVOKOAJMA-UHFFFAOYSA-N,333.26,solute,2001
OKKJLVBELUTLKV-UHFFFAOYSA-N:2002,OKKJLVBELUTLKV-UHFFFAOYSA-N,OKKJLVBELUTLKV-UHFFFAOYSA-N,POULHZVOKOAJMA-UHFFFAOYSA-N,343.65,solute,2002
OKKJLVBELUTLKV-UHFFFAOYSA-N:2003,OKKJLVBELUTLKV-UHFFFAOYSA-N,OKKJLVBELUTLKV-UHFFFAOYSA-N,POULHZVOKOAJMA-UHFFFAOYSA-N,353.3,solute,2003
OKKJLVBELUTLKV-UHFFFAOYSA-N:2004,OKKJLVBELUTLKV-UHFFFAOYSA-N,OKKJLVBELUTLKV-UHFFFAOYSA-N,PWGJDPKCLMLPJW-UHFFFAOYSA-N,328.15,solute,2004
OKKJLVBELUTLKV-UHFFFAOYSA-N:2005,OKKJLVBELUTLKV-UHFFFAOYSA-N,OKKJLVBELUTLKV-UHFFFAOYSA-N,PWGJDPKCLMLPJW-UHFFFAOYSA-N,338.15,solute,2005
OKKJLVBELUTLKV-UHFFFAOYSA-N:2006,OKKJLVBELUTLKV-UHFFFAOYSA-N,OKKJLVBELUTLKV-UHFFFAOYSA-N,PWGJDPKCLMLPJW-UHFFFAOYSA-N,343.15,solute,2006
OKKJLVBELUTLKV-UHFFFAOYSA-N:2007,OKKJLVBELUTLKV-UHFFFAOYSA-N,OKKJLVBELUTLKV-UHFFFAOYSA-N,PWGJDPKCLMLPJW-UHFFFAOYSA-N,348.15,solute,2007
OKKJLVBELUTLKV-UHFFFAOYSA-N:2012,OKKJLVBELUTLKV-UHFFFAOYSA-N,OKKJLVBELUTLKV-UHFFFAOYSA-N,QIQXTHQIDYTFRH-UHFFFAOYSA-N,349.48,solute,2012
OKKJLVBELUTLKV-UHFFFAOYSA-N:2013,OKKJLVBELUTLKV-UHFFFAOYSA-N,OKKJLVBELUTLKV-UHFFFAOYSA-N,QIQXTHQIDYTFRH-UHFFFAOYSA-N,358.39,solute,2013
OKKJLVBELUTLKV-UHFFFAOYSA-N:2014,OKKJLVBELUTLKV-UHFFFAOYSA-N,OKKJLVBELUTLKV-UHFFFAOYSA-N,QIQXTHQIDYTFRH-UHFFFAOYSA-N,368.13,solute,2014
OKKJLVBELUTLKV-UHFFFAOYSA-N:2015,OKKJLVBELUTLKV-UHFFFAOYSA-N,OKKJLVBELUTLKV-UHFFFAOYSA-N,SECXISVLQFMRJM-UHFFFAOYSA-N,333.2,solute,2015
OKKJLVBELUTLKV-UHFFFAOYSA-N:2016,OKKJLVBELUTLKV-UHFFFAOYSA-N,OKKJLVBELUTLKV-UHFFFAOYSA-N,SECXISVLQFMRJM-UHFFFAOYSA-N,348.2,solute,2016
OKKJLVBELUTLKV-UHFFFAOYSA-N:2017,OKKJLVBELUTLKV-UHFFFAOYSA-N,OKKJLVBELUTLKV-UHFFFAOYSA-N,SECXISVLQFMRJM-UHFFFAOYSA-N,363.2,solute,2017
OKKJLVBELUTLKV-UHFFFAOYSA-N:2018,OKKJLVBELUTLKV-UHFFFAOYSA-N,OKKJLVBELUTLKV-UHFFFAOYSA-N,TUNFSRHWOTWDNC-UHFFFAOYSA-N,314.24,solute,2018
OKKJLVBELUTLKV-UHFFFAOYSA-N:2019,OKKJLVBELUTLKV-UHFFFAOYSA-N,OKKJLVBELUTLKV-UHFFFAOYSA-N,TUNFSRHWOTWDNC-UHFFFAOYSA-N,333.26,solute,2019
OKKJLVBELUTLKV-UHFFFAOYSA-N:2020,OKKJLVBELUTLKV-UHFFFAOYSA-N,OKKJLVBELUTLKV-UHFFFAOYSA-N,TUNFSRHWOTWDNC-UHFFFAOYSA-N,333.38,solute,2020
OKKJLVBELUTLKV-UHFFFAOYSA-N:2021,OKKJLVBELUTLKV-UHFFFAOYSA-N,OKKJLVBELUTLKV-UHFFFAOYSA-N,TUNFSRHWOTWDNC-UHFFFAOYSA-N,338.29,solute,2021
OKKJLVBELUTLKV-UHFFFAOYSA-N:2022,OKKJLVBELUTLKV-UHFFFAOYSA-N,OKKJLVBELUTLKV-UHFFFAOYSA-N,TUNFSRHWOTWDNC-UHFFFAOYSA-N,353.3,solute,2022
OKKJLVBELUTLKV-UHFFFAOYSA-N:2023,OKKJLVBELUTLKV-UHFFFAOYSA-N,OKKJLVBELUTLKV-UHFFFAOYSA-N,TUNFSRHWOTWDNC-UHFFFAOYSA-N,358.31,solute,2023
OKKJLVBELUTLKV-UHFFFAOYSA-N:2024,OKKJLVBELUTLKV-UHFFFAOYSA-N,OKKJLVBELUTLKV-UHFFFAOYSA-N,XLYOFNOQVPJJNP-UHFFFAOYSA-N,273.35,solute,2024
OKKJLVBELUTLKV-UHFFFAOYSA-N:2025,OKKJLVBELUTLKV-UHFFFAOYSA-N,OKKJLVBELUTLKV-UHFFFAOYSA-N,XLYOFNOQVPJJNP-UHFFFAOYSA-N,283.15,solute,2025
OKKJLVBELUTLKV-UHFFFAOYSA-N:2026,OKKJLVBELUTLKV-UHFFFAOYSA-N,OKKJLVBELUTLKV-UHFFFAOYSA-N,XLYOFNOQVPJJNP-UHFFFAOYSA-N,293.15,solute,2026
OKKJLVBELUTLKV-UHFFFAOYSA-N:2027,OKKJLVBELUTLKV-UHFFFAOYSA-N,OKKJLVBELUTLKV-UHFFFAOYSA-N,XLYOFNOQVPJJNP-UHFFFAOYSA-N,303.15,solute,2027
OKKJLVBELUTLKV-UHFFFAOYSA-N:2028,OKKJLVBELUTLKV-UHFFFAOYSA-N,OKKJLVBELUTLKV-UHFFFAOYSA-N,XLYOFNOQVPJJNP-UHFFFAOYSA-N,308.15,solute,2028
OKKJLVBELUTLKV-UHFFFAOYSA-N:2029,OKKJLVBELUTLKV-UHFFFAOYSA-N,OKKJLVBELUTLKV-UHFFFAOYSA-N,XLYOFNOQVPJJNP-UHFFFAOYSA-N,313.15,solute,2029
OKKJLVBELUTLKV-UHFFFAOYSA-N:2030,OKKJLVBELUTLKV-UHFFFAOYSA-N,OKKJLVBELUTLKV-UHFFFAOYSA-N,XLYOFNOQVPJJNP-UHFFFAOYSA-N,318.15,solute,2030
OKKJLVBELUTLKV-UHFFFAOYSA-N:2031,OKKJLVBELUTLKV-UHFFFAOYSA-N,OKKJLVBELUTLKV-UHFFFAOYSA-N,XLYOFNOQVPJJNP-UHFFFAOYSA-N,323.15,solute,2031
OKKJLVBELUTLKV-UHFFFAOYSA-N:2032,OKKJLVBELUTLKV-UHFFFAOYSA-N,OKKJLVBELUTLKV-UHFFFAOYSA-N,XLYOFNOQVPJJNP-UHFFFAOYSA-N,328.15,solute,2032
OKKJLVBELUTLKV-UHFFFAOYSA-N:2033,OKKJLVBELUTLKV-UHFFFAOYSA-N,OKKJLVBELUTLKV-UHFFFAOYSA-N,XLYOFNOQVPJJNP-UHFFFAOYSA-N,333.15,solute,2033
OKKJLVBELUTLKV-UHFFFAOYSA-N:2034,OKKJLVBELUTLKV-UHFFFAOYSA-N,OKKJLVBELUTLKV-UHFFFAOYSA-N,XLYOFNOQVPJJNP-UHFFFAOYSA-N,358.15,solute,2034
OKKJLVBELUTLKV-UHFFFAOYSA-N:2035,OKKJLVBELUTLKV-UHFFFAOYSA-N,OKKJLVBELUTLKV-UHFFFAOYSA-N,XLYOFNOQVPJJNP-UHFFFAOYSA-N,363.15,solute,2035
OKKJLVBELUTLKV-UHFFFAOYSA-N:2036,OKKJLVBELUTLKV-UHFFFAOYSA-N,OKKJLVBELUTLKV-UHFFFAOYSA-N,XLYOFNOQVPJJNP-UHFFFAOYSA-N,368.15,solute,2036
OKKJLVBELUTLKV-UHFFFAOYSA-N:2037,OKKJLVBELUTLKV-UHFFFAOYSA-N,OKKJLVBELUTLKV-UHFFFAOYSA-N,XLYOFNOQVPJJNP-UHFFFAOYSA-N,372.15,solute,2037
OKKJLVBELUTLKV-UHFFFAOYSA-N:2038,OKKJLVBELUTLKV-UHFFFAOYSA-N,OKKJLVBELUTLKV-UHFFFAOYSA-N,YNQLUTRBYVCPMQ-UHFFFAOYSA-N,293.15,solute,2038
OKKJLVBELUTLKV-UHFFFAOYSA-N:2039,OKKJLVBELUTLKV-UHFFFAOYSA-N,OKKJLVBELUTLKV-UHFFFAOYSA-N,YNQLUTRBYVCPMQ-UHFFFAOYSA-N,303.15,solute,2039
OKKJLVBELUTLKV-UHFFFAOYSA-N:2040,OKKJLVBELUTLKV-UHFFFAOYSA-N,OKKJLVBELUTLKV-UHFFFAOYSA-N,YNQLUTRBYVCPMQ-UHFFFAOYSA-N,313.15,solute,2040
OKKJLVBELUTLKV-UHFFFAOYSA-N:2041,OKKJLVBELUTLKV-UHFFFAOYSA-N,OKKJLVBELUTLKV-UHFFFAOYSA-N,YNQLUTRBYVCPMQ-UHFFFAOYSA-N,323.15,solute,2041
OKKJLVBELUTLKV-UHFFFAOYSA-N:2045,OKKJLVBELUTLKV-UHFFFAOYSA-N,OKKJLVBELUTLKV-UHFFFAOYSA-N,ZIBGPFATKBEMQZ-UHFFFAOYSA-N,333.2,solute,2045
OKKJLVBELUTLKV-UHFFFAOYSA-N:2046,OKKJLVBELUTLKV-UHFFFAOYSA-N,OKKJLVBELUTLKV-UHFFFAOYSA-N,ZIBGPFATKBEMQZ-UHFFFAOYSA-N,348.2,solute,2046
OKKJLVBELUTLKV-UHFFFAOYSA-N:2734,OKKJLVBELUTLKV-UHFFFAOYSA-N,VQTUBCCKSQIDNK-UHFFFAOYSA-N,OKKJLVBELUTLKV-UHFFFAOYSA-N,374.0,solvent,2734
OKKJLVBELUTLKV-UHFFFAOYSA-N:2735,OKKJLVBELUTLKV-UHFFFAOYSA-N,VQTUBCCKSQIDNK-UHFFFAOYSA-N,OKKJLVBELUTLKV-UHFFFAOYSA-N,393.3,solvent,2735
OKKJLVBELUTLKV-UHFFFAOYSA-N:2736,OKKJLVBELUTLKV-UHFFFAOYSA-N,VQTUBCCKSQIDNK-UHFFFAOYSA-N,OKKJLVBELUTLKV-UHFFFAOYSA-N,412.5,solvent,2736
OKKJLVBELUTLKV-UHFFFAOYSA-N:2817,OKKJLVBELUTLKV-UHFFFAOYSA-N,VXNZUUAINFGPBY-UHFFFAOYSA-N,OKKJLVBELUTLKV-UHFFFAOYSA-N,374.0,solvent,2817
OKKJLVBELUTLKV-UHFFFAOYSA-N:2818,OKKJLVBELUTLKV-UHFFFAOYSA-N,VXNZUUAINFGPBY-UHFFFAOYSA-N,OKKJLVBELUTLKV-UHFFFAOYSA-N,394.8,solvent,2818
OKKJLVBELUTLKV-UHFFFAOYSA-N:2819,OKKJLVBELUTLKV-UHFFFAOYSA-N,VXNZUUAINFGPBY-UHFFFAOYSA-N,OKKJLVBELUTLKV-UHFFFAOYSA-N,412.5,solvent,2819
OKKJLVBELUTLKV-UHFFFAOYSA-N:3182,OKKJLVBELUTLKV-UHFFFAOYSA-N,YNQLUTRBYVCPMQ-UHFFFAOYSA-N,OKKJLVBELUTLKV-UHFFFAOYSA-N,308.15,solvent,3182
OKKJLVBELUTLKV-UHFFFAOYSA-N:3183,OKKJLVBELUTLKV-UHFFFAOYSA-N,YNQLUTRBYVCPMQ-UHFFFAOYSA-N,OKKJLVBELUTLKV-UHFFFAOYSA-N,318.15,solvent,3183
OKKJLVBELUTLKV-UHFFFAOYSA-N:3184,OKKJLVBELUTLKV-UHFFFAOYSA-N,YNQLUTRBYVCPMQ-UHFFFAOYSA-N,OKKJLVBELUTLKV-UHFFFAOYSA-N,328.15,solvent,3184
OKKJLVBELUTLKV-UHFFFAOYSA-N:3185,OKKJLVBELUTLKV-UHFFFAOYSA-N,YNQLUTRBYVCPMQ-UHFFFAOYSA-N,OKKJLVBELUTLKV-UHFFFAOYSA-N,337.15,solvent,3185
YXFVVABEGXRONW-UHFFFAOYSA-N:114,YXFVVABEGXRONW-UHFFFAOYSA-N,ATUOYWHBWRKTHZ-UHFFFAOYSA-N,YXFVVABEGXRONW-UHFFFAOYSA-N,270.0,solvent,114
YXFVVABEGXRONW-UHFFFAOYSA-N:115,YXFVVABEGXRONW-UHFFFAOYSA-N,ATUOYWHBWRKTHZ-UHFFFAOYSA-N,YXFVVABEGXRONW-UHFFFAOYSA-N,289.98,solvent,115
YXFVVABEGXRONW-UHFFFAOYSA-N:116,YXFVVABEGXRONW-UHFFFAOYSA-N,ATUOYWHBWRKTHZ-UHFFFAOYSA-N,YXFVVABEGXRONW-UHFFFAOYSA-N,309.94,solvent,116
YXFVVABEGXRONW-UHFFFAOYSA-N:117,YXFVVABEGXRONW-UHFFFAOYSA-N,ATUOYWHBWRKTHZ-UHFFFAOYSA-N,YXFVVABEGXRONW-UHFFFAOYSA-N,329.99,solvent,117
YXFVVABEGXRONW-UHFFFAOYSA-N:680,YXFVVABEGXRONW-UHFFFAOYSA-N,HRYZWHHZPQKTII-UHFFFAOYSA-N,YXFVVABEGXRONW-UHFFFAOYSA-N,250.04,solvent,680
YXFVVABEGXRONW-UHFFFAOYSA-N:681,YXFVVABEGXRONW-UHFFFAOYSA-N,HRYZWHHZPQKTII-UHFFFAOYSA-N,YXFVVABEGXRONW-UHFFFAOYSA-N,270.2,solvent,681
YXFVVABEGXRONW-UHFFFAOYSA-N:682,YXFVVABEGXRONW-UHFFFAOYSA-N,HRYZWHHZPQKTII-UHFFFAOYSA-N,YXFVVABEGXRONW-UHFFFAOYSA-N,289.98,solvent,682
YXFVVABEGXRONW-UHFFFAOYSA-N:683,YXFVVABEGXRONW-UHFFFAOYSA-N,HRYZWHHZPQKTII-UHFFFAOYSA-N,YXFVVABEGXRONW-UHFFFAOYSA-N,309.84,solvent,683
YXFVVABEGXRONW-UHFFFAOYSA-N:684,YXFVVABEGXRONW-UHFFFAOYSA-N,HRYZWHHZPQKTII-UHFFFAOYSA-N,YXFVVABEGXRONW-UHFFFAOYSA-N,329.99,solvent,684
YXFVVABEGXRONW-UHFFFAOYSA-N:779,YXFVVABEGXRONW-UHFFFAOYSA-N,IAQRGUVFOMOMEM-ARJAWSKDSA-N,YXFVVABEGXRONW-UHFFFAOYSA-N,270.0,solvent,779
YXFVVABEGXRONW-UHFFFAOYSA-N:780,YXFVVABEGXRONW-UHFFFAOYSA-N,IAQRGUVFOMOMEM-ARJAWSKDSA-N,YXFVVABEGXRONW-UHFFFAOYSA-N,289.98,solvent,780
YXFVVABEGXRONW-UHFFFAOYSA-N:781,YXFVVABEGXRONW-UHFFFAOYSA-N,IAQRGUVFOMOMEM-ARJAWSKDSA-N,YXFVVABEGXRONW-UHFFFAOYSA-N,309.94,solvent,781
YXFVVABEGXRONW-UHFFFAOYSA-N:782,YXFVVABEGXRONW-UHFFFAOYSA-N,IAQRGUVFOMOMEM-ARJAWSKDSA-N,YXFVVABEGXRONW-UHFFFAOYSA-N,329.99,solvent,782
YXFVVABEGXRONW-UHFFFAOYSA-N:870,YXFVVABEGXRONW-UHFFFAOYSA-N,IAQRGUVFOMOMEM-ONEGZZNKSA-N,YXFVVABEGXRONW-UHFFFAOYSA-N,270.0,solvent,870
YXFVVABEGXRONW-UHFFFAOYSA-N:871,YXFVVABEGXRONW-UHFFFAOYSA-N,IAQRGUVFOMOMEM-ONEGZZNKSA-N,YXFVVABEGXRONW-UHFFFAOYSA-N,289.98,solvent,871
YXFVVABEGXRONW-UHFFFAOYSA-N:872,YXFVVABEGXRONW-UHFFFAOYSA-N,IAQRGUVFOMOMEM-ONEGZZNKSA-N,YXFVVABEGXRONW-UHFFFAOYSA-N,309.94,solvent,872
YXFVVABEGXRONW-UHFFFAOYSA-N:873,YXFVVABEGXRONW-UHFFFAOYSA-N,IAQRGUVFOMOMEM-ONEGZZNKSA-N,YXFVVABEGXRONW-UHFFFAOYSA-N,329.99,solvent,873
YXFVVABEGXRONW-UHFFFAOYSA-N:970,YXFVVABEGXRONW-UHFFFAOYSA-N,IJDNQMDRQITEOD-UHFFFAOYSA-N,YXFVVABEGXRONW-UHFFFAOYSA-N,270.0,solvent,970
YXFVVABEGXRONW-UHFFFAOYSA-N:971,YXFVVABEGXRONW-UHFFFAOYSA-N,IJDNQMDRQITEOD-UHFFFAOYSA-N,YXFVVABEGXRONW-UHFFFAOYSA-N,289.98,solvent,971
YXFVVABEGXRONW-UHFFFAOYSA-N:972,YXFVVABEGXRONW-UHFFFAOYSA-N,IJDNQMDRQITEOD-UHFFFAOYSA-N,YXFVVABEGXRONW-UHFFFAOYSA-N,309.94,solvent,972
YXFVVABEGXRONW-UHFFFAOYSA-N:973,YXFVVABEGXRONW-UHFFFAOYSA-N,IJDNQMDRQITEOD-UHFFFAOYSA-N,YXFVVABEGXRONW-UHFFFAOYSA-N,329.99,solvent,973
YXFVVABEGXRONW-UHFFFAOYSA-N:1191,YXFVVABEGXRONW-UHFFFAOYSA-N,KAKZBPTYRLMSJV-UHFFFAOYSA-N,YXFVVABEGXRONW-UHFFFAOYSA-N,270.0,solvent,1191
YXFVVABEGXRONW-UHFFFAOYSA-N:1192,YXFVVABEGXRONW-UHFFFAOYSA-N,KAKZBPTYRLMSJV-UHFFFAOYSA-N,YXFVVABEGXRONW-UHFFFAOYSA-N,289.98,solvent,1192
YXFVVABEGXRONW-UHFFFAOYSA-N:1193,YXFVVABEGXRONW-UHFFFAOYSA-N,KAKZBPTYRLMSJV-UHFFFAOYSA-N,YXFVVABEGXRONW-UHFFFAOYSA-N,309.94,solvent,1193
YXFVVABEGXRONW-UHFFFAOYSA-N:1194,YXFVVABEGXRONW-UHFFFAOYSA-N,KAKZBPTYRLMSJV-UHFFFAOYSA-N,YXFVVABEGXRONW-UHFFFAOYSA-N,329.99,solvent,1194
YXFVVABEGXRONW-UHFFFAOYSA-N:1379,YXFVVABEGXRONW-UHFFFAOYSA-N,LCGLNKUTAGEVQW-UHFFFAOYSA-N,YXFVVABEGXRONW-UHFFFAOYSA-N,250.04,solvent,1379
YXFVVABEGXRONW-UHFFFAOYSA-N:1380,YXFVVABEGXRONW-UHFFFAOYSA-N,LCGLNKUTAGEVQW-UHFFFAOYSA-N,YXFVVABEGXRONW-UHFFFAOYSA-N,270.2,solvent,1380
YXFVVABEGXRONW-UHFFFAOYSA-N:1381,YXFVVABEGXRONW-UHFFFAOYSA-N,LCGLNKUTAGEVQW-UHFFFAOYSA-N,YXFVVABEGXRONW-UHFFFAOYSA-N,289.98,solvent,1381
YXFVVABEGXRONW-UHFFFAOYSA-N:1382,YXFVVABEGXRONW-UHFFFAOYSA-N,LCGLNKUTAGEVQW-UHFFFAOYSA-N,YXFVVABEGXRONW-UHFFFAOYSA-N,309.84,solvent,1382
YXFVVABEGXRONW-UHFFFAOYSA-N:1383,YXFVVABEGXRONW-UHFFFAOYSA-N,LCGLNKUTAGEVQW-UHFFFAOYSA-N,YXFVVABEGXRONW-UHFFFAOYSA-N,329.99,solvent,1383
YXFVVABEGXRONW-UHFFFAOYSA-N:1808,YXFVVABEGXRONW-UHFFFAOYSA-N,NNPPMTNAJDCUHE-UHFFFAOYSA-N,YXFVVABEGXRONW-UHFFFAOYSA-N,270.0,solvent,1808
YXFVVABEGXRONW-UHFFFAOYSA-N:1809,YXFVVABEGXRONW-UHFFFAOYSA-N,NNPPMTNAJDCUHE-UHFFFAOYSA-N,YXFVVABEGXRONW-UHFFFAOYSA-N,289.98,solvent,1809
YXFVVABEGXRONW-UHFFFAOYSA-N:1810,YXFVVABEGXRONW-UHFFFAOYSA-N,NNPPMTNAJDCUHE-UHFFFAOYSA-N,YXFVVABEGXRONW-UHFFFAOYSA-N,309.94,solvent,1810
YXFVVABEGXRONW-UHFFFAOYSA-N:1811,YXFVVABEGXRONW-UHFFFAOYSA-N,NNPPMTNAJDCUHE-UHFFFAOYSA-N,YXFVVABEGXRONW-UHFFFAOYSA-N,329.99,solvent,1811
YXFVVABEGXRONW-UHFFFAOYSA-N:1907,YXFVVABEGXRONW-UHFFFAOYSA-N,NPNPZTNLOVBDOC-UHFFFAOYSA-N,YXFVVABEGXRONW-UHFFFAOYSA-N,270.0,solvent,1907
YXFVVABEGXRONW-UHFFFAOYSA-N:1908,YXFVVABEGXRONW-UHFFFAOYSA-N,NPNPZTNLOVBDOC-UHFFFAOYSA-N,YXFVVABEGXRONW-UHFFFAOYSA-N,289.98,solvent,1908
YXFVVABEGXRONW-UHFFFAOYSA-N:1909,YXFVVABEGXRONW-UHFFFAOYSA-N,NPNPZTNLOVBDOC-UHFFFAOYSA-N,YXFVVABEGXRONW-UHFFFAOYSA-N,309.94,solvent,1909
YXFVVABEGXRONW-UHFFFAOYSA-N:1910,YXFVVABEGXRONW-UHFFFAOYSA-N,NPNPZTNLOVBDOC-UHFFFAOYSA-N,YXFVVABEGXRONW-UHFFFAOYSA-N,329.99,solvent,1910
YXFVVABEGXRONW-UHFFFAOYSA-N:2064,YXFVVABEGXRONW-UHFFFAOYSA-N,PAFZNILMFXTMIY-UHFFFAOYSA-N,YXFVVABEGXRONW-UHFFFAOYSA-N,353.15,solvent,2064
YXFVVABEGXRONW-UHFFFAOYSA-N:2065,YXFVVABEGXRONW-UHFFFAOYSA-N,PAFZNILMFXTMIY-UHFFFAOYSA-N,YXFVVABEGXRONW-UHFFFAOYSA-N,373.15,solvent,2065
YXFVVABEGXRONW-UHFFFAOYSA-N:2221,YXFVVABEGXRONW-UHFFFAOYSA-N,QQONPFPTGQHPMA-UHFFFAOYSA-N,YXFVVABEGXRONW-UHFFFAOYSA-N,270.0,solvent,2221
YXFVVABEGXRONW-UHFFFAOYSA-N:2222,YXFVVABEGXRONW-UHFFFAOYSA-N,QQONPFPTGQHPMA-UHFFFAOYSA-N,YXFVVABEGXRONW-UHFFFAOYSA-N,289.98,solvent,2222
YXFVVABEGXRONW-UHFFFAOYSA-N:2223,YXFVVABEGXRONW-UHFFFAOYSA-N,QQONPFPTGQHPMA-UHFFFAOYSA-N,YXFVVABEGXRONW-UHFFFAOYSA-N,309.94,solvent,2223
YXFVVABEGXRONW-UHFFFAOYSA-N:2224,YXFVVABEGXRONW-UHFFFAOYSA-N,QQONPFPTGQHPMA-UHFFFAOYSA-N,YXFVVABEGXRONW-UHFFFAOYSA-N,329.99,solvent,2224
YXFVVABEGXRONW-UHFFFAOYSA-N:2758,YXFVVABEGXRONW-UHFFFAOYSA-N,VQTUBCCKSQIDNK-UHFFFAOYSA-N,YXFVVABEGXRONW-UHFFFAOYSA-N,270.0,solvent,2758
YXFVVABEGXRONW-UHFFFAOYSA-N:2759,YXFVVABEGXRONW-UHFFFAOYSA-N,VQTUBCCKSQIDNK-UHFFFAOYSA-N,YXFVVABEGXRONW-UHFFFAOYSA-N,289.98,solvent,2759
YXFVVABEGXRONW-UHFFFAOYSA-N:2760,YXFVVABEGXRONW-UHFFFAOYSA-N,VQTUBCCKSQIDNK-UHFFFAOYSA-N,YXFVVABEGXRONW-UHFFFAOYSA-N,309.94,solvent,2760
YXFVVABEGXRONW-UHFFFAOYSA-N:2761,YXFVVABEGXRONW-UHFFFAOYSA-N,VQTUBCCKSQIDNK-UHFFFAOYSA-N,YXFVVABEGXRONW-UHFFFAOYSA-N,329.99,solvent,2761
YXFVVABEGXRONW-UHFFFAOYSA-N:2845,YXFVVABEGXRONW-UHFFFAOYSA-N,VXNZUUAINFGPBY-UHFFFAOYSA-N,YXFVVABEGXRONW-UHFFFAOYSA-N,270.0,solvent,2845
YXFVVABEGXRONW-UHFFFAOYSA-N:2846,YXFVVABEGXRONW-UHFFFAOYSA-N,VXNZUUAINFGPBY-UHFFFAOYSA-N,YXFVVABEGXRONW-UHFFFAOYSA-N,289.98,solvent,2846
YXFVVABEGXRONW-UHFFFAOYSA-N:2847,YXFVVABEGXRONW-UHFFFAOYSA-N,VXNZUUAINFGPBY-UHFFFAOYSA-N,YXFVVABEGXRONW-UHFFFAOYSA-N,309.94,solvent,2847
YXFVVABEGXRONW-UHFFFAOYSA-N:2848,YXFVVABEGXRONW-UHFFFAOYSA-N,VXNZUUAINFGPBY-UHFFFAOYSA-N,YXFVVABEGXRONW-UHFFFAOYSA-N,329.99,solvent,2848
YXFVVABEGXRONW-UHFFFAOYSA-N:3276,YXFVVABEGXRONW-UHFFFAOYSA-N,YXFVVABEGXRONW-UHFFFAOYSA-N,ATHHXGZTWNVVOU-UHFFFAOYSA-N,298.15,solute,3276
YXFVVABEGXRONW-UHFFFAOYSA-N:3277,YXFVVABEGXRONW-UHFFFAOYSA-N,YXFVVABEGXRONW-UHFFFAOYSA-N,BTFJIXJJCSYFAL-UHFFFAOYSA-N,338.15,solute,3277
YXFVVABEGXRONW-UHFFFAOYSA-N:3278,YXFVVABEGXRONW-UHFFFAOYSA-N,YXFVVABEGXRONW-UHFFFAOYSA-N,BTFJIXJJCSYFAL-UHFFFAOYSA-N,343.15,solute,3278
YXFVVABEGXRONW-UHFFFAOYSA-N:3279,YXFVVABEGXRONW-UHFFFAOYSA-N,YXFVVABEGXRONW-UHFFFAOYSA-N,BTFJIXJJCSYFAL-UHFFFAOYSA-N,348.15,solute,3279
YXFVVABEGXRONW-UHFFFAOYSA-N:3280,YXFVVABEGXRONW-UHFFFAOYSA-N,YXFVVABEGXRONW-UHFFFAOYSA-N,BTFJIXJJCSYFAL-UHFFFAOYSA-N,353.15,solute,3280
YXFVVABEGXRONW-UHFFFAOYSA-N:3281,YXFVVABEGXRONW-UHFFFAOYSA-N,YXFVVABEGXRONW-UHFFFAOYSA-N,CSCPPACGZOOCGX-UHFFFAOYSA-N,298.15,solute,3281
YXFVVABEGXRONW-UHFFFAOYSA-N:3282,YXFVVABEGXRONW-UHFFFAOYSA-N,YXFVVABEGXRONW-UHFFFAOYSA-N,DNIAPMSPPWPWGF-UHFFFAOYSA-N,298.0,solute,3282
YXFVVABEGXRONW-UHFFFAOYSA-N:3283,YXFVVABEGXRONW-UHFFFAOYSA-N,YXFVVABEGXRONW-UHFFFAOYSA-N,DTOSIQBPPRVQHS-PDBXOOCHSA-N,313.25,solute,3283
YXFVVABEGXRONW-UHFFFAOYSA-N:3284,YXFVVABEGXRONW-UHFFFAOYSA-N,YXFVVABEGXRONW-UHFFFAOYSA-N,DTOSIQBPPRVQHS-PDBXOOCHSA-N,323.26,solute,3284
YXFVVABEGXRONW-UHFFFAOYSA-N:3285,YXFVVABEGXRONW-UHFFFAOYSA-N,YXFVVABEGXRONW-UHFFFAOYSA-N,GHVNFZFCNZKVNT-UHFFFAOYSA-N,314.1,solute,3285
YXFVVABEGXRONW-UHFFFAOYSA-N:3286,YXFVVABEGXRONW-UHFFFAOYSA-N,YXFVVABEGXRONW-UHFFFAOYSA-N,GHVNFZFCNZKVNT-UHFFFAOYSA-N,314.24,solute,3286
YXFVVABEGXRONW-UHFFFAOYSA-N:3287,YXFVVABEGXRONW-UHFFFAOYSA-N,YXFVVABEGXRONW-UHFFFAOYSA-N,GHVNFZFCNZKVNT-UHFFFAOYSA-N,333.26,solute,3287
YXFVVABEGXRONW-UHFFFAOYSA-N:3288,YXFVVABEGXRONW-UHFFFAOYSA-N,YXFVVABEGXRONW-UHFFFAOYSA-N,GHVNFZFCNZKVNT-UHFFFAOYSA-N,333.38,solute,3288
YXFVVABEGXRONW-UHFFFAOYSA-N:3289,YXFVVABEGXRONW-UHFFFAOYSA-N,YXFVVABEGXRONW-UHFFFAOYSA-N,GHVNFZFCNZKVNT-UHFFFAOYSA-N,353.25,solute,3289
YXFVVABEGXRONW-UHFFFAOYSA-N:3290,YXFVVABEGXRONW-UHFFFAOYSA-N,YXFVVABEGXRONW-UHFFFAOYSA-N,GHVNFZFCNZKVNT-UHFFFAOYSA-N,353.3,solute,3290
YXFVVABEGXRONW-UHFFFAOYSA-N:3291,YXFVVABEGXRONW-UHFFFAOYSA-N,YXFVVABEGXRONW-UHFFFAOYSA-N,GLDOVTGHNKAZLK-UHFFFAOYSA-N,333.15,solute,3291
YXFVVABEGXRONW-UHFFFAOYSA-N:3292,YXFVVABEGXRONW-UHFFFAOYSA-N,YXFVVABEGXRONW-UHFFFAOYSA-N,GLDOVTGHNKAZLK-UHFFFAOYSA-N,338.15,solute,3292
YXFVVABEGXRONW-UHFFFAOYSA-N:3293,YXFVVABEGXRONW-UHFFFAOYSA-N,YXFVVABEGXRONW-UHFFFAOYSA-N,GLDOVTGHNKAZLK-UHFFFAOYSA-N,343.15,solute,3293
YXFVVABEGXRONW-UHFFFAOYSA-N:3294,YXFVVABEGXRONW-UHFFFAOYSA-N,YXFVVABEGXRONW-UHFFFAOYSA-N,GLDOVTGHNKAZLK-UHFFFAOYSA-N,348.15,solute,3294
YXFVVABEGXRONW-UHFFFAOYSA-N:3295,YXFVVABEGXRONW-UHFFFAOYSA-N,YXFVVABEGXRONW-UHFFFAOYSA-N,GLDOVTGHNKAZLK-UHFFFAOYSA-N,353.15,solute,3295
YXFVVABEGXRONW-UHFFFAOYSA-N:3296,YXFVVABEGXRONW-UHFFFAOYSA-N,YXFVVABEGXRONW-UHFFFAOYSA-N,HXJUTPCZVOIRIF-UHFFFAOYSA-N,333.15,solute,3296
YXFVVABEGXRONW-UHFFFAOYSA-N:3297,YXFVVABEGXRONW-UHFFFAOYSA-N,YXFVVABEGXRONW-UHFFFAOYSA-N,HXJUTPCZVOIRIF-UHFFFAOYSA-N,343.15,solute,3297
YXFVVABEGXRONW-UHFFFAOYSA-N:3298,YXFVVABEGXRONW-UHFFFAOYSA-N,YXFVVABEGXRONW-UHFFFAOYSA-N,HXJUTPCZVOIRIF-UHFFFAOYSA-N,353.15,solute,3298
YXFVVABEGXRONW-UHFFFAOYSA-N:3299,YXFVVABEGXRONW-UHFFFAOYSA-N,YXFVVABEGXRONW-UHFFFAOYSA-N,HXJUTPCZVOIRIF-UHFFFAOYSA-N,363.15,solute,3299
YXFVVABEGXRONW-UHFFFAOYSA-N:3300,YXFVVABEGXRONW-UHFFFAOYSA-N,YXFVVABEGXRONW-UHFFFAOYSA-N,HXJUTPCZVOIRIF-UHFFFAOYSA-N,373.15,solute,3300
YXFVVABEGXRONW-UHFFFAOYSA-N:3301,YXFVVABEGXRONW-UHFFFAOYSA-N,YXFVVABEGXRONW-UHFFFAOYSA-N,HYBBIBNJHNGZAN-UHFFFAOYSA-N,298.15,solute,3301
YXFVVABEGXRONW-UHFFFAOYSA-N:3302,YXFVVABEGXRONW-UHFFFAOYSA-N,YXFVVABEGXRONW-UHFFFAOYSA-N,HYBBIBNJHNGZAN-UHFFFAOYSA-N,298.15,solute,3302
YXFVVABEGXRONW-UHFFFAOYSA-N:3303,YXFVVABEGXRONW-UHFFFAOYSA-N,YXFVVABEGXRONW-UHFFFAOYSA-N,HYBBIBNJHNGZAN-UHFFFAOYSA-N,308.15,solute,3303
YXFVVABEGXRONW-UHFFFAOYSA-N:3304,YXFVVABEGXRONW-UHFFFAOYSA-N,YXFVVABEGXRONW-UHFFFAOYSA-N,HYBBIBNJHNGZAN-UHFFFAOYSA-N,308.15,solute,3304
YXFVVABEGXRONW-UHFFFAOYSA-N:3305,YXFVVABEGXRONW-UHFFFAOYSA-N,YXFVVABEGXRONW-UHFFFAOYSA-N,HYBBIBNJHNGZAN-UHFFFAOYSA-N,318.15,solute,3305
YXFVVABEGXRONW-UHFFFAOYSA-N:3306,YXFVVABEGXRONW-UHFFFAOYSA-N,YXFVVABEGXRONW-UHFFFAOYSA-N,HYBBIBNJHNGZAN-UHFFFAOYSA-N,318.15,solute,3306
YXFVVABEGXRONW-UHFFFAOYSA-N:3307,YXFVVABEGXRONW-UHFFFAOYSA-N,YXFVVABEGXRONW-UHFFFAOYSA-N,IPCSVZSSVZVIGE-UHFFFAOYSA-N,340.19,solute,3307
YXFVVABEGXRONW-UHFFFAOYSA-N:3308,YXFVVABEGXRONW-UHFFFAOYSA-N,YXFVVABEGXRONW-UHFFFAOYSA-N,IPCSVZSSVZVIGE-UHFFFAOYSA-N,348.01,solute,3308
YXFVVABEGXRONW-UHFFFAOYSA-N:3309,YXFVVABEGXRONW-UHFFFAOYSA-N,YXFVVABEGXRONW-UHFFFAOYSA-N,IPCSVZSSVZVIGE-UHFFFAOYSA-N,358.22,solute,3309
YXFVVABEGXRONW-UHFFFAOYSA-N:3310,YXFVVABEGXRONW-UHFFFAOYSA-N,YXFVVABEGXRONW-UHFFFAOYSA-N,LYCAIKOWRPUZTN-UHFFFAOYSA-N,298.0,solute,3310
YXFVVABEGXRONW-UHFFFAOYSA-N:3311,YXFVVABEGXRONW-UHFFFAOYSA-N,YXFVVABEGXRONW-UHFFFAOYSA-N,MTHSVFCYNBDYFN-UHFFFAOYSA-N,333.2,solute,3311
YXFVVABEGXRONW-UHFFFAOYSA-N:3312,YXFVVABEGXRONW-UHFFFAOYSA-N,YXFVVABEGXRONW-UHFFFAOYSA-N,MTHSVFCYNBDYFN-UHFFFAOYSA-N,348.2,solute,3312
YXFVVABEGXRONW-UHFFFAOYSA-N:3313,YXFVVABEGXRONW-UHFFFAOYSA-N,YXFVVABEGXRONW-UHFFFAOYSA-N,MTHSVFCYNBDYFN-UHFFFAOYSA-N,363.2,solute,3313
YXFVVABEGXRONW-UHFFFAOYSA-N:3314,YXFVVABEGXRONW-UHFFFAOYSA-N,YXFVVABEGXRONW-UHFFFAOYSA-N,OYHQOLUKZRVURQ-HZJYTTRNSA-N,338.28,solute,3314
YXFVVABEGXRONW-UHFFFAOYSA-N:3315,YXFVVABEGXRONW-UHFFFAOYSA-N,YXFVVABEGXRONW-UHFFFAOYSA-N,OYHQOLUKZRVURQ-HZJYTTRNSA-N,338.28,solute,3315
YXFVVABEGXRONW-UHFFFAOYSA-N:3316,YXFVVABEGXRONW-UHFFFAOYSA-N,YXFVVABEGXRONW-UHFFFAOYSA-N,OYHQOLUKZRVURQ-HZJYTTRNSA-N,348.31,solute,3316
YXFVVABEGXRONW-UHFFFAOYSA-N:3317,YXFVVABEGXRONW-UHFFFAOYSA-N,YXFVVABEGXRONW-UHFFFAOYSA-N,OYHQOLUKZRVURQ-HZJYTTRNSA-N,348.28,solute,3317
YXFVVABEGXRONW-UHFFFAOYSA-N:3318,YXFVVABEGXRONW-UHFFFAOYSA-N,YXFVVABEGXRONW-UHFFFAOYSA-N,OYHQOLUKZRVURQ-HZJYTTRNSA-N,358.3,solute,3318
YXFVVABEGXRONW-UHFFFAOYSA-N:3319,YXFVVABEGXRONW-UHFFFAOYSA-N,YXFVVABEGXRONW-UHFFFAOYSA-N,PAFZNILMFXTMIY-UHFFFAOYSA-N,353.15,solute,3319
YXFVVABEGXRONW-UHFFFAOYSA-N:3320,YXFVVABEGXRONW-UHFFFAOYSA-N,YXFVVABEGXRONW-UHFFFAOYSA-N,PAFZNILMFXTMIY-UHFFFAOYSA-N,373.15,solute,3320
YXFVVABEGXRONW-UHFFFAOYSA-N:3321,YXFVVABEGXRONW-UHFFFAOYSA-N,YXFVVABEGXRONW-UHFFFAOYSA-N,PAFZNILMFXTMIY-UHFFFAOYSA-N,393.15,solute,3321
YXFVVABEGXRONW-UHFFFAOYSA-N:3322,YXFVVABEGXRONW-UHFFFAOYSA-N,YXFVVABEGXRONW-UHFFFAOYSA-N,PEDCQBHIVMGVHV-UHFFFAOYSA-N,303.15,solute,3322
YXFVVABEGXRONW-UHFFFAOYSA-N:3323,YXFVVABEGXRONW-UHFFFAOYSA-N,YXFVVABEGXRONW-UHFFFAOYSA-N,PEDCQBHIVMGVHV-UHFFFAOYSA-N,313.15,solute,3323
YXFVVABEGXRONW-UHFFFAOYSA-N:3324,YXFVVABEGXRONW-UHFFFAOYSA-N,YXFVVABEGXRONW-UHFFFAOYSA-N,PEDCQBHIVMGVHV-UHFFFAOYSA-N,323.15,solute,3324
YXFVVABEGXRONW-UHFFFAOYSA-N:3325,YXFVVABEGXRONW-UHFFFAOYSA-N,YXFVVABEGXRONW-UHFFFAOYSA-N,PEDCQBHIVMGVHV-UHFFFAOYSA-N,333.15,solute,3325
YXFVVABEGXRONW-UHFFFAOYSA-N:3326,YXFVVABEGXRONW-UHFFFAOYSA-N,YXFVVABEGXRONW-UHFFFAOYSA-N,PEDCQBHIVMGVHV-UHFFFAOYSA-N,343.15,solute,3326
YXFVVABEGXRONW-UHFFFAOYSA-N:3327,YXFVVABEGXRONW-UHFFFAOYSA-N,YXFVVABEGXRONW-UHFFFAOYSA-N,POULHZVOKOAJMA-UHFFFAOYSA-N,314.1,solute,3327
YXFVVABEGXRONW-UHFFFAOYSA-N:3328,YXFVVABEGXRONW-UHFFFAOYSA-N,YXFVVABEGXRONW-UHFFFAOYSA-N,POULHZVOKOAJMA-UHFFFAOYSA-N,314.24,solute,3328
YXFVVABEGXRONW-UHFFFAOYSA-N:3329,YXFVVABEGXRONW-UHFFFAOYSA-N,YXFVVABEGXRONW-UHFFFAOYSA-N,POULHZVOKOAJMA-UHFFFAOYSA-N,333.26,solute,3329
YXFVVABEGXRONW-UHFFFAOYSA-N:3330,YXFVVABEGXRONW-UHFFFAOYSA-N,YXFVVABEGXRONW-UHFFFAOYSA-N,POULHZVOKOAJMA-UHFFFAOYSA-N,333.38,solute,3330
YXFVVABEGXRONW-UHFFFAOYSA-N:3331,YXFVVABEGXRONW-UHFFFAOYSA-N,YXFVVABEGXRONW-UHFFFAOYSA-N,POULHZVOKOAJMA-UHFFFAOYSA-N,353.3,solute,3331
YXFVVABEGXRONW-UHFFFAOYSA-N:3332,YXFVVABEGXRONW-UHFFFAOYSA-N,YXFVVABEGXRONW-UHFFFAOYSA-N,PWGJDPKCLMLPJW-UHFFFAOYSA-N,328.15,solute,3332
YXFVVABEGXRONW-UHFFFAOYSA-N:3333,YXFVVABEGXRONW-UHFFFAOYSA-N,YXFVVABEGXRONW-UHFFFAOYSA-N,PWGJDPKCLMLPJW-UHFFFAOYSA-N,338.15,solute,3333
YXFVVABEGXRONW-UHFFFAOYSA-N:3334,YXFVVABEGXRONW-UHFFFAOYSA-N,YXFVVABEGXRONW-UHFFFAOYSA-N,PWGJDPKCLMLPJW-UHFFFAOYSA-N,343.15,solute,3334
YXFVVABEGXRONW-UHFFFAOYSA-N:3335,YXFVVABEGXRONW-UHFFFAOYSA-N,YXFVVABEGXRONW-UHFFFAOYSA-N,PWGJDPKCLMLPJW-UHFFFAOYSA-N,348.15,solute,3335
YXFVVABEGXRONW-UHFFFAOYSA-N:3340,YXFVVABEGXRONW-UHFFFAOYSA-N,YXFVVABEGXRONW-UHFFFAOYSA-N,QIQXTHQIDYTFRH-UHFFFAOYSA-N,349.47,solute,3340
YXFVVABEGXRONW-UHFFFAOYSA-N:3341,YXFVVABEGXRONW-UHFFFAOYSA-N,YXFVVABEGXRONW-UHFFFAOYSA-N,QIQXTHQIDYTFRH-UHFFFAOYSA-N,349.48,solute,3341
YXFVVABEGXRONW-UHFFFAOYSA-N:3342,YXFVVABEGXRONW-UHFFFAOYSA-N,YXFVVABEGXRONW-UHFFFAOYSA-N,QIQXTHQIDYTFRH-UHFFFAOYSA-N,358.39,solute,3342
YXFVVABEGXRONW-UHFFFAOYSA-N:3343,YXFVVABEGXRONW-UHFFFAOYSA-N,YXFVVABEGXRONW-UHFFFAOYSA-N,QIQXTHQIDYTFRH-UHFFFAOYSA-N,368.13,solute,3343
YXFVVABEGXRONW-UHFFFAOYSA-N:3344,YXFVVABEGXRONW-UHFFFAOYSA-N,YXFVVABEGXRONW-UHFFFAOYSA-N,SECXISVLQFMRJM-UHFFFAOYSA-N,333.2,solute,3344
YXFVVABEGXRONW-UHFFFAOYSA-N:3345,YXFVVABEGXRONW-UHFFFAOYSA-N,YXFVVABEGXRONW-UHFFFAOYSA-N,SECXISVLQFMRJM-UHFFFAOYSA-N,348.2,solute,3345
YXFVVABEGXRONW-UHFFFAOYSA-N:3346,YXFVVABEGXRONW-UHFFFAOYSA-N,YXFVVABEGXRONW-UHFFFAOYSA-N,SECXISVLQFMRJM-UHFFFAOYSA-N,363.2,solute,3346
YXFVVABEGXRONW-UHFFFAOYSA-N:3347,YXFVVABEGXRONW-UHFFFAOYSA-N,YXFVVABEGXRONW-UHFFFAOYSA-N,TUNFSRHWOTWDNC-UHFFFAOYSA-N,338.27,solute,3347
YXFVVABEGXRONW-UHFFFAOYSA-N:3348,YXFVVABEGXRONW-UHFFFAOYSA-N,YXFVVABEGXRONW-UHFFFAOYSA-N,TUNFSRHWOTWDNC-UHFFFAOYSA-N,338.29,solute,3348
YXFVVABEGXRONW-UHFFFAOYSA-N:3349,YXFVVABEGXRONW-UHFFFAOYSA-N,YXFVVABEGXRONW-UHFFFAOYSA-N,TUNFSRHWOTWDNC-UHFFFAOYSA-N,348.2,solute,3349
YXFVVABEGXRONW-UHFFFAOYSA-N:3350,YXFVVABEGXRONW-UHFFFAOYSA-N,YXFVVABEGXRONW-UHFFFAOYSA-N,TUNFSRHWOTWDNC-UHFFFAOYSA-N,358.33,solute,3350
YXFVVABEGXRONW-UHFFFAOYSA-N:3351,YXFVVABEGXRONW-UHFFFAOYSA-N,YXFVVABEGXRONW-UHFFFAOYSA-N,UWHCKJMYHZGTIT-UHFFFAOYSA-N,333.15,solute,3351
YXFVVABEGXRONW-UHFFFAOYSA-N:3352,YXFVVABEGXRONW-UHFFFAOYSA-N,YXFVVABEGXRONW-UHFFFAOYSA-N,UWHCKJMYHZGTIT-UHFFFAOYSA-N,353.15,solute,3352
YXFVVABEGXRONW-UHFFFAOYSA-N:3353,YXFVVABEGXRONW-UHFFFAOYSA-N,YXFVVABEGXRONW-UHFFFAOYSA-N,UWHCKJMYHZGTIT-UHFFFAOYSA-N,363.15,solute,3353
YXFVVABEGXRONW-UHFFFAOYSA-N:3354,YXFVVABEGXRONW-UHFFFAOYSA-N,YXFVVABEGXRONW-UHFFFAOYSA-N,UWHCKJMYHZGTIT-UHFFFAOYSA-N,373.15,solute,3354
YXFVVABEGXRONW-UHFFFAOYSA-N:3355,YXFVVABEGXRONW-UHFFFAOYSA-N,YXFVVABEGXRONW-UHFFFAOYSA-N,UWHCKJMYHZGTIT-UHFFFAOYSA-N,383.15,solute,3355
YXFVVABEGXRONW-UHFFFAOYSA-N:3356,YXFVVABEGXRONW-UHFFFAOYSA-N,YXFVVABEGXRONW-UHFFFAOYSA-N,UWHCKJMYHZGTIT-UHFFFAOYSA-N,393.15,solute,3356
YXFVVABEGXRONW-UHFFFAOYSA-N:3357,YXFVVABEGXRONW-UHFFFAOYSA-N,YXFVVABEGXRONW-UHFFFAOYSA-N,UWHCKJMYHZGTIT-UHFFFAOYSA-N,403.15,solute,3357
YXFVVABEGXRONW-UHFFFAOYSA-N:3358,YXFVVABEGXRONW-UHFFFAOYSA-N,YXFVVABEGXRONW-UHFFFAOYSA-N,WEVYAHXRMPXWCK-UHFFFAOYSA-N,298.15,solute,3358
YXFVVABEGXRONW-UHFFFAOYSA-N:3359,YXFVVABEGXRONW-UHFFFAOYSA-N,YXFVVABEGXRONW-UHFFFAOYSA-N,XNWFRZJHXBZDAG-UHFFFAOYSA-N,298.0,solute,3359
YXFVVABEGXRONW-UHFFFAOYSA-N:3363,YXFVVABEGXRONW-UHFFFAOYSA-N,YXFVVABEGXRONW-UHFFFAOYSA-N,ZHNUHDYFZUAESO-UHFFFAOYSA-N,298.0,solute,3363
YXFVVABEGXRONW-UHFFFAOYSA-N:3364,YXFVVABEGXRONW-UHFFFAOYSA-N,YXFVVABEGXRONW-UHFFFAOYSA-N,ZIBGPFATKBEMQZ-UHFFFAOYSA-N,323.15,solute,3364
YXFVVABEGXRONW-UHFFFAOYSA-N:3365,YXFVVABEGXRONW-UHFFFAOYSA-N,YXFVVABEGXRONW-UHFFFAOYSA-N,ZIBGPFATKBEMQZ-UHFFFAOYSA-N,333.2,solute,3365
YXFVVABEGXRONW-UHFFFAOYSA-N:3366,YXFVVABEGXRONW-UHFFFAOYSA-N,YXFVVABEGXRONW-UHFFFAOYSA-N,ZIBGPFATKBEMQZ-UHFFFAOYSA-N,333.15,solute,3366
YXFVVABEGXRONW-UHFFFAOYSA-N:3367,YXFVVABEGXRONW-UHFFFAOYSA-N,YXFVVABEGXRONW-UHFFFAOYSA-N,ZIBGPFATKBEMQZ-UHFFFAOYSA-N,343.15,solute,3367
YXFVVABEGXRONW-UHFFFAOYSA-N:3368,YXFVVABEGXRONW-UHFFFAOYSA-N,YXFVVABEGXRONW-UHFFFAOYSA-N,ZIBGPFATKBEMQZ-UHFFFAOYSA-N,348.2,solute,3368
YXFVVABEGXRONW-UHFFFAOYSA-N:3369,YXFVVABEGXRONW-UHFFFAOYSA-N,YXFVVABEGXRONW-UHFFFAOYSA-N,ZIBGPFATKBEMQZ-UHFFFAOYSA-N,353.15,solute,3369
YXFVVABEGXRONW-UHFFFAOYSA-N:3370,YXFVVABEGXRONW-UHFFFAOYSA-N,YXFVVABEGXRONW-UHFFFAOYSA-N,ZIBGPFATKBEMQZ-UHFFFAOYSA-N,363.2,solute,3370
YXFVVABEGXRONW-UHFFFAOYSA-N:3371,YXFVVABEGXRONW-UHFFFAOYSA-N,YXFVVABEGXRONW-UHFFFAOYSA-N,ZIBGPFATKBEMQZ-UHFFFAOYSA-N,363.15,solute,3371
YXFVVABEGXRONW-UHFFFAOYSA-N:3372,YXFVVABEGXRONW-UHFFFAOYSA-N,YXFVVABEGXRONW-UHFFFAOYSA-N,ZIBGPFATKBEMQZ-UHFFFAOYSA-N,373.15,solute,3372
YXFVVABEGXRONW-UHFFFAOYSA-N:3373,YXFVVABEGXRONW-UHFFFAOYSA-N,YXFVVABEGXRONW-UHFFFAOYSA-N,ZIBGPFATKBEMQZ-UHFFFAOYSA-N,383.15,solute,3373
YXFVVABEGXRONW-UHFFFAOYSA-N:3374,YXFVVABEGXRONW-UHFFFAOYSA-N,YXFVVABEGXRONW-UHFFFAOYSA-N,ZIBGPFATKBEMQZ-UHFFFAOYSA-N,393.15,solute,3374
IMNFDUFMRHMDMM-UHFFFAOYSA-N:138,IMNFDUFMRHMDMM-UHFFFAOYSA-N,BDERNNFJNOPAEC-UHFFFAOYSA-N,IMNFDUFMRHMDMM-UHFFFAOYSA-N,303.15,solvent,138
IMNFDUFMRHMDMM-UHFFFAOYSA-N:139,IMNFDUFMRHMDMM-UHFFFAOYSA-N,BDERNNFJNOPAEC-UHFFFAOYSA-N,IMNFDUFMRHMDMM-UHFFFAOYSA-N,313.15,solvent,139
IMNFDUFMRHMDMM-UHFFFAOYSA-N:140,IMNFDUFMRHMDMM-UHFFFAOYSA-N,BDERNNFJNOPAEC-UHFFFAOYSA-N,IMNFDUFMRHMDMM-UHFFFAOYSA-N,323.15,solvent,140
IMNFDUFMRHMDMM-UHFFFAOYSA-N:141,IMNFDUFMRHMDMM-UHFFFAOYSA-N,BDERNNFJNOPAEC-UHFFFAOYSA-N,IMNFDUFMRHMDMM-UHFFFAOYSA-N,333.15,solvent,141
IMNFDUFMRHMDMM-UHFFFAOYSA-N:142,IMNFDUFMRHMDMM-UHFFFAOYSA-N,BDERNNFJNOPAEC-UHFFFAOYSA-N,IMNFDUFMRHMDMM-UHFFFAOYSA-N,343.15,solvent,142
IMNFDUFMRHMDMM-UHFFFAOYSA-N:979,IMNFDUFMRHMDMM-UHFFFAOYSA-N,IMNFDUFMRHMDMM-UHFFFAOYSA-N,ATHHXGZTWNVVOU-UHFFFAOYSA-N,298.15,solute,979
IMNFDUFMRHMDMM-UHFFFAOYSA-N:980,IMNFDUFMRHMDMM-UHFFFAOYSA-N,IMNFDUFMRHMDMM-UHFFFAOYSA-N,DNIAPMSPPWPWGF-UHFFFAOYSA-N,298.0,solute,980
IMNFDUFMRHMDMM-UHFFFAOYSA-N:981,IMNFDUFMRHMDMM-UHFFFAOYSA-N,IMNFDUFMRHMDMM-UHFFFAOYSA-N,DTOSIQBPPRVQHS-PDBXOOCHSA-N,303.13,solute,981
IMNFDUFMRHMDMM-UHFFFAOYSA-N:982,IMNFDUFMRHMDMM-UHFFFAOYSA-N,IMNFDUFMRHMDMM-UHFFFAOYSA-N,DTOSIQBPPRVQHS-PDBXOOCHSA-N,313.25,solute,982
IMNFDUFMRHMDMM-UHFFFAOYSA-N:983,IMNFDUFMRHMDMM-UHFFFAOYSA-N,IMNFDUFMRHMDMM-UHFFFAOYSA-N,DTOSIQBPPRVQHS-PDBXOOCHSA-N,323.26,solute,983
IMNFDUFMRHMDMM-UHFFFAOYSA-N:984,IMNFDUFMRHMDMM-UHFFFAOYSA-N,IMNFDUFMRHMDMM-UHFFFAOYSA-N,GHVNFZFCNZKVNT-UHFFFAOYSA-N,314.1,solute,984
IMNFDUFMRHMDMM-UHFFFAOYSA-N:985,IMNFDUFMRHMDMM-UHFFFAOYSA-N,IMNFDUFMRHMDMM-UHFFFAOYSA-N,GHVNFZFCNZKVNT-UHFFFAOYSA-N,314.24,solute,985
IMNFDUFMRHMDMM-UHFFFAOYSA-N:986,IMNFDUFMRHMDMM-UHFFFAOYSA-N,IMNFDUFMRHMDMM-UHFFFAOYSA-N,GHVNFZFCNZKVNT-UHFFFAOYSA-N,333.26,solute,986
IMNFDUFMRHMDMM-UHFFFAOYSA-N:987,IMNFDUFMRHMDMM-UHFFFAOYSA-N,IMNFDUFMRHMDMM-UHFFFAOYSA-N,GHVNFZFCNZKVNT-UHFFFAOYSA-N,333.38,solute,987
IMNFDUFMRHMDMM-UHFFFAOYSA-N:988,IMNFDUFMRHMDMM-UHFFFAOYSA-N,IMNFDUFMRHMDMM-UHFFFAOYSA-N,GHVNFZFCNZKVNT-UHFFFAOYSA-N,353.3,solute,988
IMNFDUFMRHMDMM-UHFFFAOYSA-N:989,IMNFDUFMRHMDMM-UHFFFAOYSA-N,IMNFDUFMRHMDMM-UHFFFAOYSA-N,HXJUTPCZVOIRIF-UHFFFAOYSA-N,333.15,solute,989
IMNFDUFMRHMDMM-UHFFFAOYSA-N:990,IMNFDUFMRHMDMM-UHFFFAOYSA-N,IMNFDUFMRHMDMM-UHFFFAOYSA-N,HXJUTPCZVOIRIF-UHFFFAOYSA-N,343.15,solute,990
IMNFDUFMRHMDMM-UHFFFAOYSA-N:991,IMNFDUFMRHMDMM-UHFFFAOYSA-N,IMNFDUFMRHMDMM-UHFFFAOYSA-N,HXJUTPCZVOIRIF-UHFFFAOYSA-N,353.15,solute,991
IMNFDUFMRHMDMM-UHFFFAOYSA-N:992,IMNFDUFMRHMDMM-UHFFFAOYSA-N,IMNFDUFMRHMDMM-UHFFFAOYSA-N,HXJUTPCZVOIRIF-UHFFFAOYSA-N,363.15,solute,992
IMNFDUFMRHMDMM-UHFFFAOYSA-N:993,IMNFDUFMRHMDMM-UHFFFAOYSA-N,IMNFDUFMRHMDMM-UHFFFAOYSA-N,HXJUTPCZVOIRIF-UHFFFAOYSA-N,373.15,solute,993
IMNFDUFMRHMDMM-UHFFFAOYSA-N:994,IMNFDUFMRHMDMM-UHFFFAOYSA-N,IMNFDUFMRHMDMM-UHFFFAOYSA-N,HYBBIBNJHNGZAN-UHFFFAOYSA-N,298.15,solute,994
IMNFDUFMRHMDMM-UHFFFAOYSA-N:995,IMNFDUFMRHMDMM-UHFFFAOYSA-N,IMNFDUFMRHMDMM-UHFFFAOYSA-N,HYBBIBNJHNGZAN-UHFFFAOYSA-N,298.15,solute,995
IMNFDUFMRHMDMM-UHFFFAOYSA-N:996,IMNFDUFMRHMDMM-UHFFFAOYSA-N,IMNFDUFMRHMDMM-UHFFFAOYSA-N,HYBBIBNJHNGZAN-UHFFFAOYSA-N,308.15,solute,996
IMNFDUFMRHMDMM-UHFFFAOYSA-N:997,IMNFDUFMRHMDMM-UHFFFAOYSA-N,IMNFDUFMRHMDMM-UHFFFAOYSA-N,HYBBIBNJHNGZAN-UHFFFAOYSA-N,308.15,solute,997
IMNFDUFMRHMDMM-UHFFFAOYSA-N:998,IMNFDUFMRHMDMM-UHFFFAOYSA-N,IMNFDUFMRHMDMM-UHFFFAOYSA-N,HYBBIBNJHNGZAN-UHFFFAOYSA-N,318.15,solute,998
IMNFDUFMRHMDMM-UHFFFAOYSA-N:999,IMNFDUFMRHMDMM-UHFFFAOYSA-N,IMNFDUFMRHMDMM-UHFFFAOYSA-N,HYBBIBNJHNGZAN-UHFFFAOYSA-N,318.15,solute,999
IMNFDUFMRHMDMM-UHFFFAOYSA-N:1000,IMNFDUFMRHMDMM-UHFFFAOYSA-N,IMNFDUFMRHMDMM-UHFFFAOYSA-N,IAZDPXIOMUYVGZ-UHFFFAOYSA-N,298.15,solute,1000
IMNFDUFMRHMDMM-UHFFFAOYSA-N:1001,IMNFDUFMRHMDMM-UHFFFAOYSA-N,IMNFDUFMRHMDMM-UHFFFAOYSA-N,IPCSVZSSVZVIGE-UHFFFAOYSA-N,340.19,solute,1001
IMNFDUFMRHMDMM-UHFFFAOYSA-N:1002,IMNFDUFMRHMDMM-UHFFFAOYSA-N,IMNFDUFMRHMDMM-UHFFFAOYSA-N,IPCSVZSSVZVIGE-UHFFFAOYSA-N,348.01,solute,1002
IMNFDUFMRHMDMM-UHFFFAOYSA-N:1003,IMNFDUFMRHMDMM-UHFFFAOYSA-N,IMNFDUFMRHMDMM-UHFFFAOYSA-N,IPCSVZSSVZVIGE-UHFFFAOYSA-N,358.22,solute,1003
IMNFDUFMRHMDMM-UHFFFAOYSA-N:1004,IMNFDUFMRHMDMM-UHFFFAOYSA-N,IMNFDUFMRHMDMM-UHFFFAOYSA-N,JUJWROOIHBZHMG-UHFFFAOYSA-N,298.15,solute,1004
IMNFDUFMRHMDMM-UHFFFAOYSA-N:1005,IMNFDUFMRHMDMM-UHFFFAOYSA-N,IMNFDUFMRHMDMM-UHFFFAOYSA-N,LYCAIKOWRPUZTN-UHFFFAOYSA-N,303.15,solute,1005
IMNFDUFMRHMDMM-UHFFFAOYSA-N:1006,IMNFDUFMRHMDMM-UHFFFAOYSA-N,IMNFDUFMRHMDMM-UHFFFAOYSA-N,LYCAIKOWRPUZTN-UHFFFAOYSA-N,313.15,solute,1006
IMNFDUFMRHMDMM-UHFFFAOYSA-N:1007,IMNFDUFMRHMDMM-UHFFFAOYSA-N,IMNFDUFMRHMDMM-UHFFFAOYSA-N,LYCAIKOWRPUZTN-UHFFFAOYSA-N,323.15,solute,1007
IMNFDUFMRHMDMM-UHFFFAOYSA-N:1008,IMNFDUFMRHMDMM-UHFFFAOYSA-N,IMNFDUFMRHMDMM-UHFFFAOYSA-N,MTHSVFCYNBDYFN-UHFFFAOYSA-N,304.15,solute,1008
IMNFDUFMRHMDMM-UHFFFAOYSA-N:1009,IMNFDUFMRHMDMM-UHFFFAOYSA-N,IMNFDUFMRHMDMM-UHFFFAOYSA-N,MTHSVFCYNBDYFN-UHFFFAOYSA-N,313.15,solute,1009
IMNFDUFMRHMDMM-UHFFFAOYSA-N:1010,IMNFDUFMRHMDMM-UHFFFAOYSA-N,IMNFDUFMRHMDMM-UHFFFAOYSA-N,MTHSVFCYNBDYFN-UHFFFAOYSA-N,323.15,solute,1010
IMNFDUFMRHMDMM-UHFFFAOYSA-N:1011,IMNFDUFMRHMDMM-UHFFFAOYSA-N,IMNFDUFMRHMDMM-UHFFFAOYSA-N,MTHSVFCYNBDYFN-UHFFFAOYSA-N,333.2,solute,1011
IMNFDUFMRHMDMM-UHFFFAOYSA-N:1012,IMNFDUFMRHMDMM-UHFFFAOYSA-N,IMNFDUFMRHMDMM-UHFFFAOYSA-N,MTHSVFCYNBDYFN-UHFFFAOYSA-N,348.2,solute,1012
IMNFDUFMRHMDMM-UHFFFAOYSA-N:1013,IMNFDUFMRHMDMM-UHFFFAOYSA-N,IMNFDUFMRHMDMM-UHFFFAOYSA-N,MTHSVFCYNBDYFN-UHFFFAOYSA-N,363.2,solute,1013
IMNFDUFMRHMDMM-UHFFFAOYSA-N:1014,IMNFDUFMRHMDMM-UHFFFAOYSA-N,IMNFDUFMRHMDMM-UHFFFAOYSA-N,OYHQOLUKZRVURQ-HZJYTTRNSA-N,338.28,solute,1014
IMNFDUFMRHMDMM-UHFFFAOYSA-N:1015,IMNFDUFMRHMDMM-UHFFFAOYSA-N,IMNFDUFMRHMDMM-UHFFFAOYSA-N,OYHQOLUKZRVURQ-HZJYTTRNSA-N,348.31,solute,1015
IMNFDUFMRHMDMM-UHFFFAOYSA-N:1016,IMNFDUFMRHMDMM-UHFFFAOYSA-N,IMNFDUFMRHMDMM-UHFFFAOYSA-N,OYHQOLUKZRVURQ-HZJYTTRNSA-N,348.28,solute,1016
IMNFDUFMRHMDMM-UHFFFAOYSA-N:1017,IMNFDUFMRHMDMM-UHFFFAOYSA-N,IMNFDUFMRHMDMM-UHFFFAOYSA-N,OYHQOLUKZRVURQ-HZJYTTRNSA-N,358.3,solute,1017
IMNFDUFMRHMDMM-UHFFFAOYSA-N:1018,IMNFDUFMRHMDMM-UHFFFAOYSA-N,IMNFDUFMRHMDMM-UHFFFAOYSA-N,PEDCQBHIVMGVHV-UHFFFAOYSA-N,303.15,solute,1018
IMNFDUFMRHMDMM-UHFFFAOYSA-N:1019,IMNFDUFMRHMDMM-UHFFFAOYSA-N,IMNFDUFMRHMDMM-UHFFFAOYSA-N,PEDCQBHIVMGVHV-UHFFFAOYSA-N,313.15,solute,1019
IMNFDUFMRHMDMM-UHFFFAOYSA-N:1020,IMNFDUFMRHMDMM-UHFFFAOYSA-N,IMNFDUFMRHMDMM-UHFFFAOYSA-N,PEDCQBHIVMGVHV-UHFFFAOYSA-N,323.15,solute,1020
IMNFDUFMRHMDMM-UHFFFAOYSA-N:1021,IMNFDUFMRHMDMM-UHFFFAOYSA-N,IMNFDUFMRHMDMM-UHFFFAOYSA-N,PEDCQBHIVMGVHV-UHFFFAOYSA-N,333.15,solute,1021
IMNFDUFMRHMDMM-UHFFFAOYSA-N:1022,IMNFDUFMRHMDMM-UHFFFAOYSA-N,IMNFDUFMRHMDMM-UHFFFAOYSA-N,PEDCQBHIVMGVHV-UHFFFAOYSA-N,343.15,solute,1022
IMNFDUFMRHMDMM-UHFFFAOYSA-N:1023,IMNFDUFMRHMDMM-UHFFFAOYSA-N,IMNFDUFMRHMDMM-UHFFFAOYSA-N,POULHZVOKOAJMA-UHFFFAOYSA-N,314.1,solute,1023
IMNFDUFMRHMDMM-UHFFFAOYSA-N:1024,IMNFDUFMRHMDMM-UHFFFAOYSA-N,IMNFDUFMRHMDMM-UHFFFAOYSA-N,POULHZVOKOAJMA-UHFFFAOYSA-N,314.24,solute,1024
IMNFDUFMRHMDMM-UHFFFAOYSA-N:1025,IMNFDUFMRHMDMM-UHFFFAOYSA-N,IMNFDUFMRHMDMM-UHFFFAOYSA-N,POULHZVOKOAJMA-UHFFFAOYSA-N,333.26,solute,1025
IMNFDUFMRHMDMM-UHFFFAOYSA-N:1026,IMNFDUFMRHMDMM-UHFFFAOYSA-N,IMNFDUFMRHMDMM-UHFFFAOYSA-N,POULHZVOKOAJMA-UHFFFAOYSA-N,333.38,solute,1026
IMNFDUFMRHMDMM-UHFFFAOYSA-N:1027,IMNFDUFMRHMDMM-UHFFFAOYSA-N,IMNFDUFMRHMDMM-UHFFFAOYSA-N,POULHZVOKOAJMA-UHFFFAOYSA-N,353.25,solute,1027
IMNFDUFMRHMDMM-UHFFFAOYSA-N:1028,IMNFDUFMRHMDMM-UHFFFAOYSA-N,IMNFDUFMRHMDMM-UHFFFAOYSA-N,POULHZVOKOAJMA-UHFFFAOYSA-N,353.3,solute,1028
IMNFDUFMRHMDMM-UHFFFAOYSA-N:1029,IMNFDUFMRHMDMM-UHFFFAOYSA-N,IMNFDUFMRHMDMM-UHFFFAOYSA-N,PWGJDPKCLMLPJW-UHFFFAOYSA-N,328.15,solute,1029
IMNFDUFMRHMDMM-UHFFFAOYSA-N:1030,IMNFDUFMRHMDMM-UHFFFAOYSA-N,IMNFDUFMRHMDMM-UHFFFAOYSA-N,PWGJDPKCLMLPJW-UHFFFAOYSA-N,338.15,solute,1030
IMNFDUFMRHMDMM-UHFFFAOYSA-N:1031,IMNFDUFMRHMDMM-UHFFFAOYSA-N,IMNFDUFMRHMDMM-UHFFFAOYSA-N,PWGJDPKCLMLPJW-UHFFFAOYSA-N,343.15,solute,1031
IMNFDUFMRHMDMM-UHFFFAOYSA-N:1032,IMNFDUFMRHMDMM-UHFFFAOYSA-N,IMNFDUFMRHMDMM-UHFFFAOYSA-N,PWGJDPKCLMLPJW-UHFFFAOYSA-N,348.15,solute,1032
IMNFDUFMRHMDMM-UHFFFAOYSA-N:1037,IMNFDUFMRHMDMM-UHFFFAOYSA-N,IMNFDUFMRHMDMM-UHFFFAOYSA-N,QIQXTHQIDYTFRH-UHFFFAOYSA-N,349.47,solute,1037
IMNFDUFMRHMDMM-UHFFFAOYSA-N:1038,IMNFDUFMRHMDMM-UHFFFAOYSA-N,IMNFDUFMRHMDMM-UHFFFAOYSA-N,QIQXTHQIDYTFRH-UHFFFAOYSA-N,358.4,solute,1038
IMNFDUFMRHMDMM-UHFFFAOYSA-N:1039,IMNFDUFMRHMDMM-UHFFFAOYSA-N,IMNFDUFMRHMDMM-UHFFFAOYSA-N,QIQXTHQIDYTFRH-UHFFFAOYSA-N,368.13,solute,1039
IMNFDUFMRHMDMM-UHFFFAOYSA-N:1040,IMNFDUFMRHMDMM-UHFFFAOYSA-N,IMNFDUFMRHMDMM-UHFFFAOYSA-N,SECXISVLQFMRJM-UHFFFAOYSA-N,333.2,solute,1040
IMNFDUFMRHMDMM-UHFFFAOYSA-N:1041,IMNFDUFMRHMDMM-UHFFFAOYSA-N,IMNFDUFMRHMDMM-UHFFFAOYSA-N,SECXISVLQFMRJM-UHFFFAOYSA-N,348.2,solute,1041
IMNFDUFMRHMDMM-UHFFFAOYSA-N:1042,IMNFDUFMRHMDMM-UHFFFAOYSA-N,IMNFDUFMRHMDMM-UHFFFAOYSA-N,SECXISVLQFMRJM-UHFFFAOYSA-N,363.2,solute,1042
IMNFDUFMRHMDMM-UHFFFAOYSA-N:1043,IMNFDUFMRHMDMM-UHFFFAOYSA-N,IMNFDUFMRHMDMM-UHFFFAOYSA-N,TUNFSRHWOTWDNC-UHFFFAOYSA-N,314.1,solute,1043
IMNFDUFMRHMDMM-UHFFFAOYSA-N:1044,IMNFDUFMRHMDMM-UHFFFAOYSA-N,IMNFDUFMRHMDMM-UHFFFAOYSA-N,TUNFSRHWOTWDNC-UHFFFAOYSA-N,314.24,solute,1044
IMNFDUFMRHMDMM-UHFFFAOYSA-N:1045,IMNFDUFMRHMDMM-UHFFFAOYSA-N,IMNFDUFMRHMDMM-UHFFFAOYSA-N,TUNFSRHWOTWDNC-UHFFFAOYSA-N,333.38,solute,1045
IMNFDUFMRHMDMM-UHFFFAOYSA-N:1046,IMNFDUFMRHMDMM-UHFFFAOYSA-N,IMNFDUFMRHMDMM-UHFFFAOYSA-N,TUNFSRHWOTWDNC-UHFFFAOYSA-N,353.25,solute,1046
IMNFDUFMRHMDMM-UHFFFAOYSA-N:1047,IMNFDUFMRHMDMM-UHFFFAOYSA-N,IMNFDUFMRHMDMM-UHFFFAOYSA-N,TUNFSRHWOTWDNC-UHFFFAOYSA-N,353.3,solute,1047
IMNFDUFMRHMDMM-UHFFFAOYSA-N:1048,IMNFDUFMRHMDMM-UHFFFAOYSA-N,IMNFDUFMRHMDMM-UHFFFAOYSA-N,UWHCKJMYHZGTIT-UHFFFAOYSA-N,333.15,solute,1048
IMNFDUFMRHMDMM-UHFFFAOYSA-N:1049,IMNFDUFMRHMDMM-UHFFFAOYSA-N,IMNFDUFMRHMDMM-UHFFFAOYSA-N,UWHCKJMYHZGTIT-UHFFFAOYSA-N,353.15,solute,1049
IMNFDUFMRHMDMM-UHFFFAOYSA-N:1050,IMNFDUFMRHMDMM-UHFFFAOYSA-N,IMNFDUFMRHMDMM-UHFFFAOYSA-N,UWHCKJMYHZGTIT-UHFFFAOYSA-N,363.15,solute,1050
IMNFDUFMRHMDMM-UHFFFAOYSA-N:1051,IMNFDUFMRHMDMM-UHFFFAOYSA-N,IMNFDUFMRHMDMM-UHFFFAOYSA-N,UWHCKJMYHZGTIT-UHFFFAOYSA-N,373.15,solute,1051
IMNFDUFMRHMDMM-UHFFFAOYSA-N:1052,IMNFDUFMRHMDMM-UHFFFAOYSA-N,IMNFDUFMRHMDMM-UHFFFAOYSA-N,UWHCKJMYHZGTIT-UHFFFAOYSA-N,383.15,solute,1052
IMNFDUFMRHMDMM-UHFFFAOYSA-N:1053,IMNFDUFMRHMDMM-UHFFFAOYSA-N,IMNFDUFMRHMDMM-UHFFFAOYSA-N,UWHCKJMYHZGTIT-UHFFFAOYSA-N,393.15,solute,1053
IMNFDUFMRHMDMM-UHFFFAOYSA-N:1054,IMNFDUFMRHMDMM-UHFFFAOYSA-N,IMNFDUFMRHMDMM-UHFFFAOYSA-N,UWHCKJMYHZGTIT-UHFFFAOYSA-N,403.15,solute,1054
IMNFDUFMRHMDMM-UHFFFAOYSA-N:1055,IMNFDUFMRHMDMM-UHFFFAOYSA-N,IMNFDUFMRHMDMM-UHFFFAOYSA-N,XNWFRZJHXBZDAG-UHFFFAOYSA-N,298.0,solute,1055
IMNFDUFMRHMDMM-UHFFFAOYSA-N:1059,IMNFDUFMRHMDMM-UHFFFAOYSA-N,IMNFDUFMRHMDMM-UHFFFAOYSA-N,ZIBGPFATKBEMQZ-UHFFFAOYSA-N,323.15,solute,1059
IMNFDUFMRHMDMM-UHFFFAOYSA-N:1060,IMNFDUFMRHMDMM-UHFFFAOYSA-N,IMNFDUFMRHMDMM-UHFFFAOYSA-N,ZIBGPFATKBEMQZ-UHFFFAOYSA-N,333.2,solute,1060
IMNFDUFMRHMDMM-UHFFFAOYSA-N:1061,IMNFDUFMRHMDMM-UHFFFAOYSA-N,IMNFDUFMRHMDMM-UHFFFAOYSA-N,ZIBGPFATKBEMQZ-UHFFFAOYSA-N,333.15,solute,1061
IMNFDUFMRHMDMM-UHFFFAOYSA-N:1062,IMNFDUFMRHMDMM-UHFFFAOYSA-N,IMNFDUFMRHMDMM-UHFFFAOYSA-N,ZIBGPFATKBEMQZ-UHFFFAOYSA-N,343.15,solute,1062
IMNFDUFMRHMDMM-UHFFFAOYSA-N:1063,IMNFDUFMRHMDMM-UHFFFAOYSA-N,IMNFDUFMRHMDMM-UHFFFAOYSA-N,ZIBGPFATKBEMQZ-UHFFFAOYSA-N,348.2,solute,1063
IMNFDUFMRHMDMM-UHFFFAOYSA-N:1064,IMNFDUFMRHMDMM-UHFFFAOYSA-N,IMNFDUFMRHMDMM-UHFFFAOYSA-N,ZIBGPFATKBEMQZ-UHFFFAOYSA-N,353.15,solute,1064
IMNFDUFMRHMDMM-UHFFFAOYSA-N:1065,IMNFDUFMRHMDMM-UHFFFAOYSA-N,IMNFDUFMRHMDMM-UHFFFAOYSA-N,ZIBGPFATKBEMQZ-UHFFFAOYSA-N,363.2,solute,1065
IMNFDUFMRHMDMM-UHFFFAOYSA-N:1066,IMNFDUFMRHMDMM-UHFFFAOYSA-N,IMNFDUFMRHMDMM-UHFFFAOYSA-N,ZIBGPFATKBEMQZ-UHFFFAOYSA-N,363.15,solute,1066
IMNFDUFMRHMDMM-UHFFFAOYSA-N:1067,IMNFDUFMRHMDMM-UHFFFAOYSA-N,IMNFDUFMRHMDMM-UHFFFAOYSA-N,ZIBGPFATKBEMQZ-UHFFFAOYSA-N,373.15,solute,1067
IMNFDUFMRHMDMM-UHFFFAOYSA-N:1068,IMNFDUFMRHMDMM-UHFFFAOYSA-N,IMNFDUFMRHMDMM-UHFFFAOYSA-N,ZIBGPFATKBEMQZ-UHFFFAOYSA-N,383.15,solute,1068
IMNFDUFMRHMDMM-UHFFFAOYSA-N:1069,IMNFDUFMRHMDMM-UHFFFAOYSA-N,IMNFDUFMRHMDMM-UHFFFAOYSA-N,ZIBGPFATKBEMQZ-UHFFFAOYSA-N,393.15,solute,1069
IMNFDUFMRHMDMM-UHFFFAOYSA-N:1070,IMNFDUFMRHMDMM-UHFFFAOYSA-N,IMNFDUFMRHMDMM-UHFFFAOYSA-N,ZQPPMHVWECSIRJ-KTKRTIGZSA-N,338.36,solute,1070
IMNFDUFMRHMDMM-UHFFFAOYSA-N:1071,IMNFDUFMRHMDMM-UHFFFAOYSA-N,IMNFDUFMRHMDMM-UHFFFAOYSA-N,ZQPPMHVWECSIRJ-KTKRTIGZSA-N,348.29,solute,1071
IMNFDUFMRHMDMM-UHFFFAOYSA-N:1072,IMNFDUFMRHMDMM-UHFFFAOYSA-N,IMNFDUFMRHMDMM-UHFFFAOYSA-N,ZQPPMHVWECSIRJ-KTKRTIGZSA-N,348.36,solute,1072
IMNFDUFMRHMDMM-UHFFFAOYSA-N:1073,IMNFDUFMRHMDMM-UHFFFAOYSA-N,IMNFDUFMRHMDMM-UHFFFAOYSA-N,ZQPPMHVWECSIRJ-KTKRTIGZSA-N,358.28,solute,1073
IMNFDUFMRHMDMM-UHFFFAOYSA-N:1536,IMNFDUFMRHMDMM-UHFFFAOYSA-N,LRHPLDYGYMQRHN-UHFFFAOYSA-N,IMNFDUFMRHMDMM-UHFFFAOYSA-N,303.15,solvent,1536
IMNFDUFMRHMDMM-UHFFFAOYSA-N:1537,IMNFDUFMRHMDMM-UHFFFAOYSA-N,LRHPLDYGYMQRHN-UHFFFAOYSA-N,IMNFDUFMRHMDMM-UHFFFAOYSA-N,313.15,solvent,1537
IMNFDUFMRHMDMM-UHFFFAOYSA-N:1538,IMNFDUFMRHMDMM-UHFFFAOYSA-N,LRHPLDYGYMQRHN-UHFFFAOYSA-N,IMNFDUFMRHMDMM-UHFFFAOYSA-N,323.15,solvent,1538
IMNFDUFMRHMDMM-UHFFFAOYSA-N:1539,IMNFDUFMRHMDMM-UHFFFAOYSA-N,LRHPLDYGYMQRHN-UHFFFAOYSA-N,IMNFDUFMRHMDMM-UHFFFAOYSA-N,333.15,solvent,1539
IMNFDUFMRHMDMM-UHFFFAOYSA-N:1540,IMNFDUFMRHMDMM-UHFFFAOYSA-N,LRHPLDYGYMQRHN-UHFFFAOYSA-N,IMNFDUFMRHMDMM-UHFFFAOYSA-N,343.15,solvent,1540
UHOVQNZJYSORNB-UHFFFAOYSA-N:105,UHOVQNZJYSORNB-UHFFFAOYSA-N,ATUOYWHBWRKTHZ-UHFFFAOYSA-N,UHOVQNZJYSORNB-UHFFFAOYSA-N,279.99,solvent,105
UHOVQNZJYSORNB-UHFFFAOYSA-N:106,UHOVQNZJYSORNB-UHFFFAOYSA-N,ATUOYWHBWRKTHZ-UHFFFAOYSA-N,UHOVQNZJYSORNB-UHFFFAOYSA-N,289.99,solvent,106
UHOVQNZJYSORNB-UHFFFAOYSA-N:107,UHOVQNZJYSORNB-UHFFFAOYSA-N,ATUOYWHBWRKTHZ-UHFFFAOYSA-N,UHOVQNZJYSORNB-UHFFFAOYSA-N,309.99,solvent,107
UHOVQNZJYSORNB-UHFFFAOYSA-N:108,UHOVQNZJYSORNB-UHFFFAOYSA-N,ATUOYWHBWRKTHZ-UHFFFAOYSA-N,UHOVQNZJYSORNB-UHFFFAOYSA-N,329.99,solvent,108
UHOVQNZJYSORNB-UHFFFAOYSA-N:667,UHOVQNZJYSORNB-UHFFFAOYSA-N,HRYZWHHZPQKTII-UHFFFAOYSA-N,UHOVQNZJYSORNB-UHFFFAOYSA-N,279.95,solvent,667
UHOVQNZJYSORNB-UHFFFAOYSA-N:668,UHOVQNZJYSORNB-UHFFFAOYSA-N,HRYZWHHZPQKTII-UHFFFAOYSA-N,UHOVQNZJYSORNB-UHFFFAOYSA-N,289.97,solvent,668
UHOVQNZJYSORNB-UHFFFAOYSA-N:669,UHOVQNZJYSORNB-UHFFFAOYSA-N,HRYZWHHZPQKTII-UHFFFAOYSA-N,UHOVQNZJYSORNB-UHFFFAOYSA-N,309.98,solvent,669
UHOVQNZJYSORNB-UHFFFAOYSA-N:670,UHOVQNZJYSORNB-UHFFFAOYSA-N,HRYZWHHZPQKTII-UHFFFAOYSA-N,UHOVQNZJYSORNB-UHFFFAOYSA-N,329.99,solvent,670
UHOVQNZJYSORNB-UHFFFAOYSA-N:766,UHOVQNZJYSORNB-UHFFFAOYSA-N,IAQRGUVFOMOMEM-ARJAWSKDSA-N,UHOVQNZJYSORNB-UHFFFAOYSA-N,279.99,solvent,766
UHOVQNZJYSORNB-UHFFFAOYSA-N:767,UHOVQNZJYSORNB-UHFFFAOYSA-N,IAQRGUVFOMOMEM-ARJAWSKDSA-N,UHOVQNZJYSORNB-UHFFFAOYSA-N,289.99,solvent,767
UHOVQNZJYSORNB-UHFFFAOYSA-N:768,UHOVQNZJYSORNB-UHFFFAOYSA-N,IAQRGUVFOMOMEM-ARJAWSKDSA-N,UHOVQNZJYSORNB-UHFFFAOYSA-N,309.99,solvent,768
UHOVQNZJYSORNB-UHFFFAOYSA-N:769,UHOVQNZJYSORNB-UHFFFAOYSA-N,IAQRGUVFOMOMEM-ARJAWSKDSA-N,UHOVQNZJYSORNB-UHFFFAOYSA-N,329.99,solvent,769
UHOVQNZJYSORNB-UHFFFAOYSA-N:857,UHOVQNZJYSORNB-UHFFFAOYSA-N,IAQRGUVFOMOMEM-ONEGZZNKSA-N,UHOVQNZJYSORNB-UHFFFAOYSA-N,279.99,solvent,857
UHOVQNZJYSORNB-UHFFFAOYSA-N:858,UHOVQNZJYSORNB-UHFFFAOYSA-N,IAQRGUVFOMOMEM-ONEGZZNKSA-N,UHOVQNZJYSORNB-UHFFFAOYSA-N,289.99,solvent,858
UHOVQNZJYSORNB-UHFFFAOYSA-N:859,UHOVQNZJYSORNB-UHFFFAOYSA-N,IAQRGUVFOMOMEM-ONEGZZNKSA-N,UHOVQNZJYSORNB-UHFFFAOYSA-N,309.99,solvent,859
UHOVQNZJYSORNB-UHFFFAOYSA-N:860,UHOVQNZJYSORNB-UHFFFAOYSA-N,IAQRGUVFOMOMEM-ONEGZZNKSA-N,UHOVQNZJYSORNB-UHFFFAOYSA-N,329.99,solvent,860
UHOVQNZJYSORNB-UHFFFAOYSA-N:957,UHOVQNZJYSORNB-UHFFFAOYSA-N,IJDNQMDRQITEOD-UHFFFAOYSA-N,UHOVQNZJYSORNB-UHFFFAOYSA-N,279.99,solvent,957
UHOVQNZJYSORNB-UHFFFAOYSA-N:958,UHOVQNZJYSORNB-UHFFFAOYSA-N,IJDNQMDRQITEOD-UHFFFAOYSA-N,UHOVQNZJYSORNB-UHFFFAOYSA-N,289.99,solvent,958
UHOVQNZJYSORNB-UHFFFAOYSA-N:959,UHOVQNZJYSORNB-UHFFFAOYSA-N,IJDNQMDRQITEOD-UHFFFAOYSA-N,UHOVQNZJYSORNB-UHFFFAOYSA-N,309.99,solvent,959
UHOVQNZJYSORNB-UHFFFAOYSA-N:960,UHOVQNZJYSORNB-UHFFFAOYSA-N,IJDNQMDRQITEOD-UHFFFAOYSA-N,UHOVQNZJYSORNB-UHFFFAOYSA-N,329.99,solvent,960
UHOVQNZJYSORNB-UHFFFAOYSA-N:1178,UHOVQNZJYSORNB-UHFFFAOYSA-N,KAKZBPTYRLMSJV-UHFFFAOYSA-N,UHOVQNZJYSORNB-UHFFFAOYSA-N,279.99,solvent,1178
UHOVQNZJYSORNB-UHFFFAOYSA-N:1179,UHOVQNZJYSORNB-UHFFFAOYSA-N,KAKZBPTYRLMSJV-UHFFFAOYSA-N,UHOVQNZJYSORNB-UHFFFAOYSA-N,289.99,solvent,1179
UHOVQNZJYSORNB-UHFFFAOYSA-N:1180,UHOVQNZJYSORNB-UHFFFAOYSA-N,KAKZBPTYRLMSJV-UHFFFAOYSA-N,UHOVQNZJYSORNB-UHFFFAOYSA-N,309.99,solvent,1180
UHOVQNZJYSORNB-UHFFFAOYSA-N:1181,UHOVQNZJYSORNB-UHFFFAOYSA-N,KAKZBPTYRLMSJV-UHFFFAOYSA-N,UHOVQNZJYSORNB-UHFFFAOYSA-N,329.99,solvent,1181
UHOVQNZJYSORNB-UHFFFAOYSA-N:1366,UHOVQNZJYSORNB-UHFFFAOYSA-N,LCGLNKUTAGEVQW-UHFFFAOYSA-N,UHOVQNZJYSORNB-UHFFFAOYSA-N,279.95,solvent,1366
UHOVQNZJYSORNB-UHFFFAOYSA-N:1367,UHOVQNZJYSORNB-UHFFFAOYSA-N,LCGLNKUTAGEVQW-UHFFFAOYSA-N,UHOVQNZJYSORNB-UHFFFAOYSA-N,289.97,solvent,1367
UHOVQNZJYSORNB-UHFFFAOYSA-N:1368,UHOVQNZJYSORNB-UHFFFAOYSA-N,LCGLNKUTAGEVQW-UHFFFAOYSA-N,UHOVQNZJYSORNB-UHFFFAOYSA-N,309.98,solvent,1368
UHOVQNZJYSORNB-UHFFFAOYSA-N:1369,UHOVQNZJYSORNB-UHFFFAOYSA-N,LCGLNKUTAGEVQW-UHFFFAOYSA-N,UHOVQNZJYSORNB-UHFFFAOYSA-N,329.99,solvent,1369
UHOVQNZJYSORNB-UHFFFAOYSA-N:1795,UHOVQNZJYSORNB-UHFFFAOYSA-N,NNPPMTNAJDCUHE-UHFFFAOYSA-N,UHOVQNZJYSORNB-UHFFFAOYSA-N,279.99,solvent,1795
UHOVQNZJYSORNB-UHFFFAOYSA-N:1796,UHOVQNZJYSORNB-UHFFFAOYSA-N,NNPPMTNAJDCUHE-UHFFFAOYSA-N,UHOVQNZJYSORNB-UHFFFAOYSA-N,289.99,solvent,1796
UHOVQNZJYSORNB-UHFFFAOYSA-N:1797,UHOVQNZJYSORNB-UHFFFAOYSA-N,NNPPMTNAJDCUHE-UHFFFAOYSA-N,UHOVQNZJYSORNB-UHFFFAOYSA-N,309.99,solvent,1797
UHOVQNZJYSORNB-UHFFFAOYSA-N:1798,UHOVQNZJYSORNB-UHFFFAOYSA-N,NNPPMTNAJDCUHE-UHFFFAOYSA-N,UHOVQNZJYSORNB-UHFFFAOYSA-N,329.99,solvent,1798
UHOVQNZJYSORNB-UHFFFAOYSA-N:1894,UHOVQNZJYSORNB-UHFFFAOYSA-N,NPNPZTNLOVBDOC-UHFFFAOYSA-N,UHOVQNZJYSORNB-UHFFFAOYSA-N,279.99,solvent,1894
UHOVQNZJYSORNB-UHFFFAOYSA-N:1895,UHOVQNZJYSORNB-UHFFFAOYSA-N,NPNPZTNLOVBDOC-UHFFFAOYSA-N,UHOVQNZJYSORNB-UHFFFAOYSA-N,289.99,solvent,1895
UHOVQNZJYSORNB-UHFFFAOYSA-N:1896,UHOVQNZJYSORNB-UHFFFAOYSA-N,NPNPZTNLOVBDOC-UHFFFAOYSA-N,UHOVQNZJYSORNB-UHFFFAOYSA-N,309.99,solvent,1896
UHOVQNZJYSORNB-UHFFFAOYSA-N:1897,UHOVQNZJYSORNB-UHFFFAOYSA-N,NPNPZTNLOVBDOC-UHFFFAOYSA-N,UHOVQNZJYSORNB-UHFFFAOYSA-N,329.99,solvent,1897
UHOVQNZJYSORNB-UHFFFAOYSA-N:2212,UHOVQNZJYSORNB-UHFFFAOYSA-N,QQONPFPTGQHPMA-UHFFFAOYSA-N,UHOVQNZJYSORNB-UHFFFAOYSA-N,279.99,solvent,2212
UHOVQNZJYSORNB-UHFFFAOYSA-N:2213,UHOVQNZJYSORNB-UHFFFAOYSA-N,QQONPFPTGQHPMA-UHFFFAOYSA-N,UHOVQNZJYSORNB-UHFFFAOYSA-N,289.99,solvent,2213
UHOVQNZJYSORNB-UHFFFAOYSA-N:2214,UHOVQNZJYSORNB-UHFFFAOYSA-N,QQONPFPTGQHPMA-UHFFFAOYSA-N,UHOVQNZJYSORNB-UHFFFAOYSA-N,309.99,solvent,2214
UHOVQNZJYSORNB-UHFFFAOYSA-N:2215,UHOVQNZJYSORNB-UHFFFAOYSA-N,QQONPFPTGQHPMA-UHFFFAOYSA-N,UHOVQNZJYSORNB-UHFFFAOYSA-N,329.99,solvent,2215
UHOVQNZJYSORNB-UHFFFAOYSA-N:2478,UHOVQNZJYSORNB-UHFFFAOYSA-N,UHOVQNZJYSORNB-UHFFFAOYSA-N,ATHHXGZTWNVVOU-UHFFFAOYSA-N,298.15,solute,2478
UHOVQNZJYSORNB-UHFFFAOYSA-N:2479,UHOVQNZJYSORNB-UHFFFAOYSA-N,UHOVQNZJYSORNB-UHFFFAOYSA-N,DHKHKXVYLBGOIT-UHFFFAOYSA-N,293.21,solute,2479
UHOVQNZJYSORNB-UHFFFAOYSA-N:2480,UHOVQNZJYSORNB-UHFFFAOYSA-N,UHOVQNZJYSORNB-UHFFFAOYSA-N,DHKHKXVYLBGOIT-UHFFFAOYSA-N,303.16,solute,2480
UHOVQNZJYSORNB-UHFFFAOYSA-N:2481,UHOVQNZJYSORNB-UHFFFAOYSA-N,UHOVQNZJYSORNB-UHFFFAOYSA-N,DHKHKXVYLBGOIT-UHFFFAOYSA-N,313.11,solute,2481
UHOVQNZJYSORNB-UHFFFAOYSA-N:2482,UHOVQNZJYSORNB-UHFFFAOYSA-N,UHOVQNZJYSORNB-UHFFFAOYSA-N,DHKHKXVYLBGOIT-UHFFFAOYSA-N,323.13,solute,2482
UHOVQNZJYSORNB-UHFFFAOYSA-N:2483,UHOVQNZJYSORNB-UHFFFAOYSA-N,UHOVQNZJYSORNB-UHFFFAOYSA-N,DNIAPMSPPWPWGF-UHFFFAOYSA-N,298.0,solute,2483
UHOVQNZJYSORNB-UHFFFAOYSA-N:2484,UHOVQNZJYSORNB-UHFFFAOYSA-N,UHOVQNZJYSORNB-UHFFFAOYSA-N,HXJUTPCZVOIRIF-UHFFFAOYSA-N,333.15,solute,2484
UHOVQNZJYSORNB-UHFFFAOYSA-N:2485,UHOVQNZJYSORNB-UHFFFAOYSA-N,UHOVQNZJYSORNB-UHFFFAOYSA-N,HXJUTPCZVOIRIF-UHFFFAOYSA-N,343.15,solute,2485
UHOVQNZJYSORNB-UHFFFAOYSA-N:2486,UHOVQNZJYSORNB-UHFFFAOYSA-N,UHOVQNZJYSORNB-UHFFFAOYSA-N,HXJUTPCZVOIRIF-UHFFFAOYSA-N,353.15,solute,2486
UHOVQNZJYSORNB-UHFFFAOYSA-N:2487,UHOVQNZJYSORNB-UHFFFAOYSA-N,UHOVQNZJYSORNB-UHFFFAOYSA-N,HXJUTPCZVOIRIF-UHFFFAOYSA-N,363.15,solute,2487
UHOVQNZJYSORNB-UHFFFAOYSA-N:2488,UHOVQNZJYSORNB-UHFFFAOYSA-N,UHOVQNZJYSORNB-UHFFFAOYSA-N,HXJUTPCZVOIRIF-UHFFFAOYSA-N,373.15,solute,2488
UHOVQNZJYSORNB-UHFFFAOYSA-N:2489,UHOVQNZJYSORNB-UHFFFAOYSA-N,UHOVQNZJYSORNB-UHFFFAOYSA-N,HYBBIBNJHNGZAN-UHFFFAOYSA-N,298.15,solute,2489
UHOVQNZJYSORNB-UHFFFAOYSA-N:2490,UHOVQNZJYSORNB-UHFFFAOYSA-N,UHOVQNZJYSORNB-UHFFFAOYSA-N,HYBBIBNJHNGZAN-UHFFFAOYSA-N,298.15,solute,2490
UHOVQNZJYSORNB-UHFFFAOYSA-N:2491,UHOVQNZJYSORNB-UHFFFAOYSA-N,UHOVQNZJYSORNB-UHFFFAOYSA-N,HYBBIBNJHNGZAN-UHFFFAOYSA-N,308.15,solute,2491
UHOVQNZJYSORNB-UHFFFAOYSA-N:2492,UHOVQNZJYSORNB-UHFFFAOYSA-N,UHOVQNZJYSORNB-UHFFFAOYSA-N,HYBBIBNJHNGZAN-UHFFFAOYSA-N,308.15,solute,2492
UHOVQNZJYSORNB-UHFFFAOYSA-N:2493,UHOVQNZJYSORNB-UHFFFAOYSA-N,UHOVQNZJYSORNB-UHFFFAOYSA-N,HYBBIBNJHNGZAN-UHFFFAOYSA-N,318.15,solute,2493
UHOVQNZJYSORNB-UHFFFAOYSA-N:2494,UHOVQNZJYSORNB-UHFFFAOYSA-N,UHOVQNZJYSORNB-UHFFFAOYSA-N,HYBBIBNJHNGZAN-UHFFFAOYSA-N,318.15,solute,2494
UHOVQNZJYSORNB-UHFFFAOYSA-N:2495,UHOVQNZJYSORNB-UHFFFAOYSA-N,UHOVQNZJYSORNB-UHFFFAOYSA-N,IAZDPXIOMUYVGZ-UHFFFAOYSA-N,298.15,solute,2495
UHOVQNZJYSORNB-UHFFFAOYSA-N:2496,UHOVQNZJYSORNB-UHFFFAOYSA-N,UHOVQNZJYSORNB-UHFFFAOYSA-N,LYCAIKOWRPUZTN-UHFFFAOYSA-N,298.0,solute,2496
UHOVQNZJYSORNB-UHFFFAOYSA-N:2497,UHOVQNZJYSORNB-UHFFFAOYSA-N,UHOVQNZJYSORNB-UHFFFAOYSA-N,MTHSVFCYNBDYFN-UHFFFAOYSA-N,333.2,solute,2497
UHOVQNZJYSORNB-UHFFFAOYSA-N:2498,UHOVQNZJYSORNB-UHFFFAOYSA-N,UHOVQNZJYSORNB-UHFFFAOYSA-N,MTHSVFCYNBDYFN-UHFFFAOYSA-N,348.2,solute,2498
UHOVQNZJYSORNB-UHFFFAOYSA-N:2499,UHOVQNZJYSORNB-UHFFFAOYSA-N,UHOVQNZJYSORNB-UHFFFAOYSA-N,MTHSVFCYNBDYFN-UHFFFAOYSA-N,363.2,solute,2499
UHOVQNZJYSORNB-UHFFFAOYSA-N:2500,UHOVQNZJYSORNB-UHFFFAOYSA-N,UHOVQNZJYSORNB-UHFFFAOYSA-N,PEDCQBHIVMGVHV-UHFFFAOYSA-N,303.15,solute,2500
UHOVQNZJYSORNB-UHFFFAOYSA-N:2501,UHOVQNZJYSORNB-UHFFFAOYSA-N,UHOVQNZJYSORNB-UHFFFAOYSA-N,PEDCQBHIVMGVHV-UHFFFAOYSA-N,313.15,solute,2501
UHOVQNZJYSORNB-UHFFFAOYSA-N:2502,UHOVQNZJYSORNB-UHFFFAOYSA-N,UHOVQNZJYSORNB-UHFFFAOYSA-N,PEDCQBHIVMGVHV-UHFFFAOYSA-N,323.15,solute,2502
UHOVQNZJYSORNB-UHFFFAOYSA-N:2503,UHOVQNZJYSORNB-UHFFFAOYSA-N,UHOVQNZJYSORNB-UHFFFAOYSA-N,PEDCQBHIVMGVHV-UHFFFAOYSA-N,333.15,solute,2503
UHOVQNZJYSORNB-UHFFFAOYSA-N:2504,UHOVQNZJYSORNB-UHFFFAOYSA-N,UHOVQNZJYSORNB-UHFFFAOYSA-N,PEDCQBHIVMGVHV-UHFFFAOYSA-N,343.15,solute,2504
UHOVQNZJYSORNB-UHFFFAOYSA-N:2505,UHOVQNZJYSORNB-UHFFFAOYSA-N,UHOVQNZJYSORNB-UHFFFAOYSA-N,PWGJDPKCLMLPJW-UHFFFAOYSA-N,328.15,solute,2505
UHOVQNZJYSORNB-UHFFFAOYSA-N:2506,UHOVQNZJYSORNB-UHFFFAOYSA-N,UHOVQNZJYSORNB-UHFFFAOYSA-N,PWGJDPKCLMLPJW-UHFFFAOYSA-N,338.15,solute,2506
UHOVQNZJYSORNB-UHFFFAOYSA-N:2507,UHOVQNZJYSORNB-UHFFFAOYSA-N,UHOVQNZJYSORNB-UHFFFAOYSA-N,PWGJDPKCLMLPJW-UHFFFAOYSA-N,343.15,solute,2507
UHOVQNZJYSORNB-UHFFFAOYSA-N:2508,UHOVQNZJYSORNB-UHFFFAOYSA-N,UHOVQNZJYSORNB-UHFFFAOYSA-N,PWGJDPKCLMLPJW-UHFFFAOYSA-N,348.15,solute,2508
UHOVQNZJYSORNB-UHFFFAOYSA-N:2513,UHOVQNZJYSORNB-UHFFFAOYSA-N,UHOVQNZJYSORNB-UHFFFAOYSA-N,SECXISVLQFMRJM-UHFFFAOYSA-N,333.2,solute,2513
UHOVQNZJYSORNB-UHFFFAOYSA-N:2514,UHOVQNZJYSORNB-UHFFFAOYSA-N,UHOVQNZJYSORNB-UHFFFAOYSA-N,SECXISVLQFMRJM-UHFFFAOYSA-N,348.2,solute,2514
UHOVQNZJYSORNB-UHFFFAOYSA-N:2515,UHOVQNZJYSORNB-UHFFFAOYSA-N,UHOVQNZJYSORNB-UHFFFAOYSA-N,SECXISVLQFMRJM-UHFFFAOYSA-N,363.2,solute,2515
UHOVQNZJYSORNB-UHFFFAOYSA-N:2516,UHOVQNZJYSORNB-UHFFFAOYSA-N,UHOVQNZJYSORNB-UHFFFAOYSA-N,UWHCKJMYHZGTIT-UHFFFAOYSA-N,333.15,solute,2516
UHOVQNZJYSORNB-UHFFFAOYSA-N:2517,UHOVQNZJYSORNB-UHFFFAOYSA-N,UHOVQNZJYSORNB-UHFFFAOYSA-N,UWHCKJMYHZGTIT-UHFFFAOYSA-N,353.15,solute,2517
UHOVQNZJYSORNB-UHFFFAOYSA-N:2518,UHOVQNZJYSORNB-UHFFFAOYSA-N,UHOVQNZJYSORNB-UHFFFAOYSA-N,UWHCKJMYHZGTIT-UHFFFAOYSA-N,363.15,solute,2518
UHOVQNZJYSORNB-UHFFFAOYSA-N:2519,UHOVQNZJYSORNB-UHFFFAOYSA-N,UHOVQNZJYSORNB-UHFFFAOYSA-N,UWHCKJMYHZGTIT-UHFFFAOYSA-N,373.15,solute,2519
UHOVQNZJYSORNB-UHFFFAOYSA-N:2520,UHOVQNZJYSORNB-UHFFFAOYSA-N,UHOVQNZJYSORNB-UHFFFAOYSA-N,UWHCKJMYHZGTIT-UHFFFAOYSA-N,383.15,solute,2520
UHOVQNZJYSORNB-UHFFFAOYSA-N:2521,UHOVQNZJYSORNB-UHFFFAOYSA-N,UHOVQNZJYSORNB-UHFFFAOYSA-N,UWHCKJMYHZGTIT-UHFFFAOYSA-N,393.15,solute,2521
UHOVQNZJYSORNB-UHFFFAOYSA-N:2522,UHOVQNZJYSORNB-UHFFFAOYSA-N,UHOVQNZJYSORNB-UHFFFAOYSA-N,UWHCKJMYHZGTIT-UHFFFAOYSA-N,403.15,solute,2522
UHOVQNZJYSORNB-UHFFFAOYSA-N:2523,UHOVQNZJYSORNB-UHFFFAOYSA-N,UHOVQNZJYSORNB-UHFFFAOYSA-N,XNWFRZJHXBZDAG-UHFFFAOYSA-N,298.0,solute,2523
UHOVQNZJYSORNB-UHFFFAOYSA-N:2527,UHOVQNZJYSORNB-UHFFFAOYSA-N,UHOVQNZJYSORNB-UHFFFAOYSA-N,ZHNUHDYFZUAESO-UHFFFAOYSA-N,298.0,solute,2527
UHOVQNZJYSORNB-UHFFFAOYSA-N:2528,UHOVQNZJYSORNB-UHFFFAOYSA-N,UHOVQNZJYSORNB-UHFFFAOYSA-N,ZIBGPFATKBEMQZ-UHFFFAOYSA-N,323.15,solute,2528
UHOVQNZJYSORNB-UHFFFAOYSA-N:2529,UHOVQNZJYSORNB-UHFFFAOYSA-N,UHOVQNZJYSORNB-UHFFFAOYSA-N,ZIBGPFATKBEMQZ-UHFFFAOYSA-N,333.2,solute,2529
UHOVQNZJYSORNB-UHFFFAOYSA-N:2530,UHOVQNZJYSORNB-UHFFFAOYSA-N,UHOVQNZJYSORNB-UHFFFAOYSA-N,ZIBGPFATKBEMQZ-UHFFFAOYSA-N,333.15,solute,2530
UHOVQNZJYSORNB-UHFFFAOYSA-N:2531,UHOVQNZJYSORNB-UHFFFAOYSA-N,UHOVQNZJYSORNB-UHFFFAOYSA-N,ZIBGPFATKBEMQZ-UHFFFAOYSA-N,343.15,solute,2531
UHOVQNZJYSORNB-UHFFFAOYSA-N:2532,UHOVQNZJYSORNB-UHFFFAOYSA-N,UHOVQNZJYSORNB-UHFFFAOYSA-N,ZIBGPFATKBEMQZ-UHFFFAOYSA-N,348.2,solute,2532
UHOVQNZJYSORNB-UHFFFAOYSA-N:2533,UHOVQNZJYSORNB-UHFFFAOYSA-N,UHOVQNZJYSORNB-UHFFFAOYSA-N,ZIBGPFATKBEMQZ-UHFFFAOYSA-N,353.15,solute,2533
UHOVQNZJYSORNB-UHFFFAOYSA-N:2534,UHOVQNZJYSORNB-UHFFFAOYSA-N,UHOVQNZJYSORNB-UHFFFAOYSA-N,ZIBGPFATKBEMQZ-UHFFFAOYSA-N,363.2,solute,2534
UHOVQNZJYSORNB-UHFFFAOYSA-N:2535,UHOVQNZJYSORNB-UHFFFAOYSA-N,UHOVQNZJYSORNB-UHFFFAOYSA-N,ZIBGPFATKBEMQZ-UHFFFAOYSA-N,363.15,solute,2535
UHOVQNZJYSORNB-UHFFFAOYSA-N:2536,UHOVQNZJYSORNB-UHFFFAOYSA-N,UHOVQNZJYSORNB-UHFFFAOYSA-N,ZIBGPFATKBEMQZ-UHFFFAOYSA-N,373.15,solute,2536
UHOVQNZJYSORNB-UHFFFAOYSA-N:2537,UHOVQNZJYSORNB-UHFFFAOYSA-N,UHOVQNZJYSORNB-UHFFFAOYSA-N,ZIBGPFATKBEMQZ-UHFFFAOYSA-N,383.15,solute,2537
UHOVQNZJYSORNB-UHFFFAOYSA-N:2538,UHOVQNZJYSORNB-UHFFFAOYSA-N,UHOVQNZJYSORNB-UHFFFAOYSA-N,ZIBGPFATKBEMQZ-UHFFFAOYSA-N,393.15,solute,2538
UHOVQNZJYSORNB-UHFFFAOYSA-N:2749,UHOVQNZJYSORNB-UHFFFAOYSA-N,VQTUBCCKSQIDNK-UHFFFAOYSA-N,UHOVQNZJYSORNB-UHFFFAOYSA-N,279.99,solvent,2749
UHOVQNZJYSORNB-UHFFFAOYSA-N:2750,UHOVQNZJYSORNB-UHFFFAOYSA-N,VQTUBCCKSQIDNK-UHFFFAOYSA-N,UHOVQNZJYSORNB-UHFFFAOYSA-N,289.99,solvent,2750
UHOVQNZJYSORNB-UHFFFAOYSA-N:2751,UHOVQNZJYSORNB-UHFFFAOYSA-N,VQTUBCCKSQIDNK-UHFFFAOYSA-N,UHOVQNZJYSORNB-UHFFFAOYSA-N,309.99,solvent,2751
UHOVQNZJYSORNB-UHFFFAOYSA-N:2752,UHOVQNZJYSORNB-UHFFFAOYSA-N,VQTUBCCKSQIDNK-UHFFFAOYSA-N,UHOVQNZJYSORNB-UHFFFAOYSA-N,329.99,solvent,2752
UHOVQNZJYSORNB-UHFFFAOYSA-N:2832,UHOVQNZJYSORNB-UHFFFAOYSA-N,VXNZUUAINFGPBY-UHFFFAOYSA-N,UHOVQNZJYSORNB-UHFFFAOYSA-N,279.99,solvent,2832
UHOVQNZJYSORNB-UHFFFAOYSA-N:2833,UHOVQNZJYSORNB-UHFFFAOYSA-N,VXNZUUAINFGPBY-UHFFFAOYSA-N,UHOVQNZJYSORNB-UHFFFAOYSA-N,289.99,solvent,2833
UHOVQNZJYSORNB-UHFFFAOYSA-N:2834,UHOVQNZJYSORNB-UHFFFAOYSA-N,VXNZUUAINFGPBY-UHFFFAOYSA-N,UHOVQNZJYSORNB-UHFFFAOYSA-N,309.99,solvent,2834
UHOVQNZJYSORNB-UHFFFAOYSA-N:2835,UHOVQNZJYSORNB-UHFFFAOYSA-N,VXNZUUAINFGPBY-UHFFFAOYSA-N,UHOVQNZJYSORNB-UHFFFAOYSA-N,329.99,solvent,2835
LRHPLDYGYMQRHN-UHFFFAOYSA-N:88,LRHPLDYGYMQRHN-UHFFFAOYSA-N,ATUOYWHBWRKTHZ-UHFFFAOYSA-N,LRHPLDYGYMQRHN-UHFFFAOYSA-N,250.01,solvent,88
LRHPLDYGYMQRHN-UHFFFAOYSA-N:89,LRHPLDYGYMQRHN-UHFFFAOYSA-N,ATUOYWHBWRKTHZ-UHFFFAOYSA-N,LRHPLDYGYMQRHN-UHFFFAOYSA-N,270.0,solvent,89
LRHPLDYGYMQRHN-UHFFFAOYSA-N:90,LRHPLDYGYMQRHN-UHFFFAOYSA-N,ATUOYWHBWRKTHZ-UHFFFAOYSA-N,LRHPLDYGYMQRHN-UHFFFAOYSA-N,290.01,solvent,90
LRHPLDYGYMQRHN-UHFFFAOYSA-N:91,LRHPLDYGYMQRHN-UHFFFAOYSA-N,ATUOYWHBWRKTHZ-UHFFFAOYSA-N,LRHPLDYGYMQRHN-UHFFFAOYSA-N,310.0,solvent,91
LRHPLDYGYMQRHN-UHFFFAOYSA-N:92,LRHPLDYGYMQRHN-UHFFFAOYSA-N,ATUOYWHBWRKTHZ-UHFFFAOYSA-N,LRHPLDYGYMQRHN-UHFFFAOYSA-N,330.0,solvent,92
LRHPLDYGYMQRHN-UHFFFAOYSA-N:636,LRHPLDYGYMQRHN-UHFFFAOYSA-N,HRYZWHHZPQKTII-UHFFFAOYSA-N,LRHPLDYGYMQRHN-UHFFFAOYSA-N,270.01,solvent,636
LRHPLDYGYMQRHN-UHFFFAOYSA-N:637,LRHPLDYGYMQRHN-UHFFFAOYSA-N,HRYZWHHZPQKTII-UHFFFAOYSA-N,LRHPLDYGYMQRHN-UHFFFAOYSA-N,289.99,solvent,637
LRHPLDYGYMQRHN-UHFFFAOYSA-N:638,LRHPLDYGYMQRHN-UHFFFAOYSA-N,HRYZWHHZPQKTII-UHFFFAOYSA-N,LRHPLDYGYMQRHN-UHFFFAOYSA-N,309.99,solvent,638
LRHPLDYGYMQRHN-UHFFFAOYSA-N:639,LRHPLDYGYMQRHN-UHFFFAOYSA-N,HRYZWHHZPQKTII-UHFFFAOYSA-N,LRHPLDYGYMQRHN-UHFFFAOYSA-N,329.93,solvent,639
LRHPLDYGYMQRHN-UHFFFAOYSA-N:740,LRHPLDYGYMQRHN-UHFFFAOYSA-N,IAQRGUVFOMOMEM-ARJAWSKDSA-N,LRHPLDYGYMQRHN-UHFFFAOYSA-N,270.01,solvent,740
LRHPLDYGYMQRHN-UHFFFAOYSA-N:741,LRHPLDYGYMQRHN-UHFFFAOYSA-N,IAQRGUVFOMOMEM-ARJAWSKDSA-N,LRHPLDYGYMQRHN-UHFFFAOYSA-N,289.99,solvent,741
LRHPLDYGYMQRHN-UHFFFAOYSA-N:742,LRHPLDYGYMQRHN-UHFFFAOYSA-N,IAQRGUVFOMOMEM-ARJAWSKDSA-N,LRHPLDYGYMQRHN-UHFFFAOYSA-N,309.99,solvent,742
LRHPLDYGYMQRHN-UHFFFAOYSA-N:743,LRHPLDYGYMQRHN-UHFFFAOYSA-N,IAQRGUVFOMOMEM-ARJAWSKDSA-N,LRHPLDYGYMQRHN-UHFFFAOYSA-N,329.93,solvent,743
LRHPLDYGYMQRHN-UHFFFAOYSA-N:837,LRHPLDYGYMQRHN-UHFFFAOYSA-N,IAQRGUVFOMOMEM-ONEGZZNKSA-N,LRHPLDYGYMQRHN-UHFFFAOYSA-N,250.01,solvent,837
LRHPLDYGYMQRHN-UHFFFAOYSA-N:838,LRHPLDYGYMQRHN-UHFFFAOYSA-N,IAQRGUVFOMOMEM-ONEGZZNKSA-N,LRHPLDYGYMQRHN-UHFFFAOYSA-N,270.0,solvent,838
LRHPLDYGYMQRHN-UHFFFAOYSA-N:839,LRHPLDYGYMQRHN-UHFFFAOYSA-N,IAQRGUVFOMOMEM-ONEGZZNKSA-N,LRHPLDYGYMQRHN-UHFFFAOYSA-N,290.01,solvent,839
LRHPLDYGYMQRHN-UHFFFAOYSA-N:840,LRHPLDYGYMQRHN-UHFFFAOYSA-N,IAQRGUVFOMOMEM-ONEGZZNKSA-N,LRHPLDYGYMQRHN-UHFFFAOYSA-N,310.0,solvent,840
LRHPLDYGYMQRHN-UHFFFAOYSA-N:841,LRHPLDYGYMQRHN-UHFFFAOYSA-N,IAQRGUVFOMOMEM-ONEGZZNKSA-N,LRHPLDYGYMQRHN-UHFFFAOYSA-N,330.0,solvent,841
LRHPLDYGYMQRHN-UHFFFAOYSA-N:940,LRHPLDYGYMQRHN-UHFFFAOYSA-N,IJDNQMDRQITEOD-UHFFFAOYSA-N,LRHPLDYGYMQRHN-UHFFFAOYSA-N,250.01,solvent,940
LRHPLDYGYMQRHN-UHFFFAOYSA-N:941,LRHPLDYGYMQRHN-UHFFFAOYSA-N,IJDNQMDRQITEOD-UHFFFAOYSA-N,LRHPLDYGYMQRHN-UHFFFAOYSA-N,270.04,solvent,941
LRHPLDYGYMQRHN-UHFFFAOYSA-N:942,LRHPLDYGYMQRHN-UHFFFAOYSA-N,IJDNQMDRQITEOD-UHFFFAOYSA-N,LRHPLDYGYMQRHN-UHFFFAOYSA-N,290.01,solvent,942
LRHPLDYGYMQRHN-UHFFFAOYSA-N:943,LRHPLDYGYMQRHN-UHFFFAOYSA-N,IJDNQMDRQITEOD-UHFFFAOYSA-N,LRHPLDYGYMQRHN-UHFFFAOYSA-N,310.01,solvent,943
LRHPLDYGYMQRHN-UHFFFAOYSA-N:944,LRHPLDYGYMQRHN-UHFFFAOYSA-N,IJDNQMDRQITEOD-UHFFFAOYSA-N,LRHPLDYGYMQRHN-UHFFFAOYSA-N,330.0,solvent,944
LRHPLDYGYMQRHN-UHFFFAOYSA-N:1158,LRHPLDYGYMQRHN-UHFFFAOYSA-N,KAKZBPTYRLMSJV-UHFFFAOYSA-N,LRHPLDYGYMQRHN-UHFFFAOYSA-N,250.01,solvent,1158
LRHPLDYGYMQRHN-UHFFFAOYSA-N:1159,LRHPLDYGYMQRHN-UHFFFAOYSA-N,KAKZBPTYRLMSJV-UHFFFAOYSA-N,LRHPLDYGYMQRHN-UHFFFAOYSA-N,270.04,solvent,1159
LRHPLDYGYMQRHN-UHFFFAOYSA-N:1160,LRHPLDYGYMQRHN-UHFFFAOYSA-N,KAKZBPTYRLMSJV-UHFFFAOYSA-N,LRHPLDYGYMQRHN-UHFFFAOYSA-N,290.01,solvent,1160
LRHPLDYGYMQRHN-UHFFFAOYSA-N:1161,LRHPLDYGYMQRHN-UHFFFAOYSA-N,KAKZBPTYRLMSJV-UHFFFAOYSA-N,LRHPLDYGYMQRHN-UHFFFAOYSA-N,310.01,solvent,1161
LRHPLDYGYMQRHN-UHFFFAOYSA-N:1162,LRHPLDYGYMQRHN-UHFFFAOYSA-N,KAKZBPTYRLMSJV-UHFFFAOYSA-N,LRHPLDYGYMQRHN-UHFFFAOYSA-N,330.0,solvent,1162
LRHPLDYGYMQRHN-UHFFFAOYSA-N:1336,LRHPLDYGYMQRHN-UHFFFAOYSA-N,LCGLNKUTAGEVQW-UHFFFAOYSA-N,LRHPLDYGYMQRHN-UHFFFAOYSA-N,269.94,solvent,1336
LRHPLDYGYMQRHN-UHFFFAOYSA-N:1337,LRHPLDYGYMQRHN-UHFFFAOYSA-N,LCGLNKUTAGEVQW-UHFFFAOYSA-N,LRHPLDYGYMQRHN-UHFFFAOYSA-N,289.99,solvent,1337
LRHPLDYGYMQRHN-UHFFFAOYSA-N:1338,LRHPLDYGYMQRHN-UHFFFAOYSA-N,LCGLNKUTAGEVQW-UHFFFAOYSA-N,LRHPLDYGYMQRHN-UHFFFAOYSA-N,309.99,solvent,1338
LRHPLDYGYMQRHN-UHFFFAOYSA-N:1339,LRHPLDYGYMQRHN-UHFFFAOYSA-N,LCGLNKUTAGEVQW-UHFFFAOYSA-N,LRHPLDYGYMQRHN-UHFFFAOYSA-N,330.01,solvent,1339
LRHPLDYGYMQRHN-UHFFFAOYSA-N:1523,LRHPLDYGYMQRHN-UHFFFAOYSA-N,LRHPLDYGYMQRHN-UHFFFAOYSA-N,BTFJIXJJCSYFAL-UHFFFAOYSA-N,338.15,solute,1523
LRHPLDYGYMQRHN-UHFFFAOYSA-N:1524,LRHPLDYGYMQRHN-UHFFFAOYSA-N,LRHPLDYGYMQRHN-UHFFFAOYSA-N,BTFJIXJJCSYFAL-UHFFFAOYSA-N,343.15,solute,1524
LRHPLDYGYMQRHN-UHFFFAOYSA-N:1525,LRHPLDYGYMQRHN-UHFFFAOYSA-N,LRHPLDYGYMQRHN-UHFFFAOYSA-N,BTFJIXJJCSYFAL-UHFFFAOYSA-N,348.15,solute,1525
LRHPLDYGYMQRHN-UHFFFAOYSA-N:1526,LRHPLDYGYMQRHN-UHFFFAOYSA-N,LRHPLDYGYMQRHN-UHFFFAOYSA-N,BTFJIXJJCSYFAL-UHFFFAOYSA-N,353.15,solute,1526
LRHPLDYGYMQRHN-UHFFFAOYSA-N:1527,LRHPLDYGYMQRHN-UHFFFAOYSA-N,LRHPLDYGYMQRHN-UHFFFAOYSA-N,GHVNFZFCNZKVNT-UHFFFAOYSA-N,333.26,solute,1527
LRHPLDYGYMQRHN-UHFFFAOYSA-N:1528,LRHPLDYGYMQRHN-UHFFFAOYSA-N,LRHPLDYGYMQRHN-UHFFFAOYSA-N,GHVNFZFCNZKVNT-UHFFFAOYSA-N,333.35,solute,1528
LRHPLDYGYMQRHN-UHFFFAOYSA-N:1529,LRHPLDYGYMQRHN-UHFFFAOYSA-N,LRHPLDYGYMQRHN-UHFFFAOYSA-N,GHVNFZFCNZKVNT-UHFFFAOYSA-N,353.25,solute,1529
LRHPLDYGYMQRHN-UHFFFAOYSA-N:1530,LRHPLDYGYMQRHN-UHFFFAOYSA-N,LRHPLDYGYMQRHN-UHFFFAOYSA-N,GHVNFZFCNZKVNT-UHFFFAOYSA-N,353.3,solute,1530
LRHPLDYGYMQRHN-UHFFFAOYSA-N:1531,LRHPLDYGYMQRHN-UHFFFAOYSA-N,LRHPLDYGYMQRHN-UHFFFAOYSA-N,GLDOVTGHNKAZLK-UHFFFAOYSA-N,333.15,solute,1531
LRHPLDYGYMQRHN-UHFFFAOYSA-N:1532,LRHPLDYGYMQRHN-UHFFFAOYSA-N,LRHPLDYGYMQRHN-UHFFFAOYSA-N,GLDOVTGHNKAZLK-UHFFFAOYSA-N,338.15,solute,1532
LRHPLDYGYMQRHN-UHFFFAOYSA-N:1533,LRHPLDYGYMQRHN-UHFFFAOYSA-N,LRHPLDYGYMQRHN-UHFFFAOYSA-N,GLDOVTGHNKAZLK-UHFFFAOYSA-N,343.15,solute,1533
LRHPLDYGYMQRHN-UHFFFAOYSA-N:1534,LRHPLDYGYMQRHN-UHFFFAOYSA-N,LRHPLDYGYMQRHN-UHFFFAOYSA-N,GLDOVTGHNKAZLK-UHFFFAOYSA-N,348.15,solute,1534
LRHPLDYGYMQRHN-UHFFFAOYSA-N:1535,LRHPLDYGYMQRHN-UHFFFAOYSA-N,LRHPLDYGYMQRHN-UHFFFAOYSA-N,GLDOVTGHNKAZLK-UHFFFAOYSA-N,353.15,solute,1535
LRHPLDYGYMQRHN-UHFFFAOYSA-N:1536,LRHPLDYGYMQRHN-UHFFFAOYSA-N,LRHPLDYGYMQRHN-UHFFFAOYSA-N,IMNFDUFMRHMDMM-UHFFFAOYSA-N,303.15,solute,1536
LRHPLDYGYMQRHN-UHFFFAOYSA-N:1537,LRHPLDYGYMQRHN-UHFFFAOYSA-N,LRHPLDYGYMQRHN-UHFFFAOYSA-N,IMNFDUFMRHMDMM-UHFFFAOYSA-N,313.15,solute,1537
LRHPLDYGYMQRHN-UHFFFAOYSA-N:1538,LRHPLDYGYMQRHN-UHFFFAOYSA-N,LRHPLDYGYMQRHN-UHFFFAOYSA-N,IMNFDUFMRHMDMM-UHFFFAOYSA-N,323.15,solute,1538
LRHPLDYGYMQRHN-UHFFFAOYSA-N:1539,LRHPLDYGYMQRHN-UHFFFAOYSA-N,LRHPLDYGYMQRHN-UHFFFAOYSA-N,IMNFDUFMRHMDMM-UHFFFAOYSA-N,333.15,solute,1539
LRHPLDYGYMQRHN-UHFFFAOYSA-N:1540,LRHPLDYGYMQRHN-UHFFFAOYSA-N,LRHPLDYGYMQRHN-UHFFFAOYSA-N,IMNFDUFMRHMDMM-UHFFFAOYSA-N,343.15,solute,1540
LRHPLDYGYMQRHN-UHFFFAOYSA-N:1541,LRHPLDYGYMQRHN-UHFFFAOYSA-N,LRHPLDYGYMQRHN-UHFFFAOYSA-N,IPCSVZSSVZVIGE-UHFFFAOYSA-N,340.19,solute,1541
LRHPLDYGYMQRHN-UHFFFAOYSA-N:1542,LRHPLDYGYMQRHN-UHFFFAOYSA-N,LRHPLDYGYMQRHN-UHFFFAOYSA-N,IPCSVZSSVZVIGE-UHFFFAOYSA-N,348.01,solute,1542
LRHPLDYGYMQRHN-UHFFFAOYSA-N:1543,LRHPLDYGYMQRHN-UHFFFAOYSA-N,LRHPLDYGYMQRHN-UHFFFAOYSA-N,IPCSVZSSVZVIGE-UHFFFAOYSA-N,358.32,solute,1543
LRHPLDYGYMQRHN-UHFFFAOYSA-N:1544,LRHPLDYGYMQRHN-UHFFFAOYSA-N,LRHPLDYGYMQRHN-UHFFFAOYSA-N,OYHQOLUKZRVURQ-HZJYTTRNSA-N,338.28,solute,1544
LRHPLDYGYMQRHN-UHFFFAOYSA-N:1545,LRHPLDYGYMQRHN-UHFFFAOYSA-N,LRHPLDYGYMQRHN-UHFFFAOYSA-N,OYHQOLUKZRVURQ-HZJYTTRNSA-N,348.28,solute,1545
LRHPLDYGYMQRHN-UHFFFAOYSA-N:1546,LRHPLDYGYMQRHN-UHFFFAOYSA-N,LRHPLDYGYMQRHN-UHFFFAOYSA-N,POULHZVOKOAJMA-UHFFFAOYSA-N,314.24,solute,1546
LRHPLDYGYMQRHN-UHFFFAOYSA-N:1547,LRHPLDYGYMQRHN-UHFFFAOYSA-N,LRHPLDYGYMQRHN-UHFFFAOYSA-N,POULHZVOKOAJMA-UHFFFAOYSA-N,333.26,solute,1547
LRHPLDYGYMQRHN-UHFFFAOYSA-N:1548,LRHPLDYGYMQRHN-UHFFFAOYSA-N,LRHPLDYGYMQRHN-UHFFFAOYSA-N,POULHZVOKOAJMA-UHFFFAOYSA-N,333.38,solute,1548
LRHPLDYGYMQRHN-UHFFFAOYSA-N:1549,LRHPLDYGYMQRHN-UHFFFAOYSA-N,LRHPLDYGYMQRHN-UHFFFAOYSA-N,POULHZVOKOAJMA-UHFFFAOYSA-N,353.25,solute,1549
LRHPLDYGYMQRHN-UHFFFAOYSA-N:1550,LRHPLDYGYMQRHN-UHFFFAOYSA-N,LRHPLDYGYMQRHN-UHFFFAOYSA-N,POULHZVOKOAJMA-UHFFFAOYSA-N,353.3,solute,1550
LRHPLDYGYMQRHN-UHFFFAOYSA-N:1551,LRHPLDYGYMQRHN-UHFFFAOYSA-N,LRHPLDYGYMQRHN-UHFFFAOYSA-N,PWGJDPKCLMLPJW-UHFFFAOYSA-N,328.15,solute,1551
LRHPLDYGYMQRHN-UHFFFAOYSA-N:1552,LRHPLDYGYMQRHN-UHFFFAOYSA-N,LRHPLDYGYMQRHN-UHFFFAOYSA-N,PWGJDPKCLMLPJW-UHFFFAOYSA-N,338.15,solute,1552
LRHPLDYGYMQRHN-UHFFFAOYSA-N:1553,LRHPLDYGYMQRHN-UHFFFAOYSA-N,LRHPLDYGYMQRHN-UHFFFAOYSA-N,PWGJDPKCLMLPJW-UHFFFAOYSA-N,343.15,solute,1553
LRHPLDYGYMQRHN-UHFFFAOYSA-N:1554,LRHPLDYGYMQRHN-UHFFFAOYSA-N,LRHPLDYGYMQRHN-UHFFFAOYSA-N,PWGJDPKCLMLPJW-UHFFFAOYSA-N,348.15,solute,1554
LRHPLDYGYMQRHN-UHFFFAOYSA-N:1559,LRHPLDYGYMQRHN-UHFFFAOYSA-N,LRHPLDYGYMQRHN-UHFFFAOYSA-N,QIQXTHQIDYTFRH-UHFFFAOYSA-N,349.38,solute,1559
LRHPLDYGYMQRHN-UHFFFAOYSA-N:1560,LRHPLDYGYMQRHN-UHFFFAOYSA-N,LRHPLDYGYMQRHN-UHFFFAOYSA-N,QIQXTHQIDYTFRH-UHFFFAOYSA-N,349.48,solute,1560
LRHPLDYGYMQRHN-UHFFFAOYSA-N:1561,LRHPLDYGYMQRHN-UHFFFAOYSA-N,LRHPLDYGYMQRHN-UHFFFAOYSA-N,QIQXTHQIDYTFRH-UHFFFAOYSA-N,358.46,solute,1561
LRHPLDYGYMQRHN-UHFFFAOYSA-N:1562,LRHPLDYGYMQRHN-UHFFFAOYSA-N,LRHPLDYGYMQRHN-UHFFFAOYSA-N,QIQXTHQIDYTFRH-UHFFFAOYSA-N,367.93,solute,1562
LRHPLDYGYMQRHN-UHFFFAOYSA-N:1563,LRHPLDYGYMQRHN-UHFFFAOYSA-N,LRHPLDYGYMQRHN-UHFFFAOYSA-N,QIQXTHQIDYTFRH-UHFFFAOYSA-N,368.13,solute,1563
LRHPLDYGYMQRHN-UHFFFAOYSA-N:1564,LRHPLDYGYMQRHN-UHFFFAOYSA-N,LRHPLDYGYMQRHN-UHFFFAOYSA-N,TUNFSRHWOTWDNC-UHFFFAOYSA-N,314.1,solute,1564
LRHPLDYGYMQRHN-UHFFFAOYSA-N:1565,LRHPLDYGYMQRHN-UHFFFAOYSA-N,LRHPLDYGYMQRHN-UHFFFAOYSA-N,TUNFSRHWOTWDNC-UHFFFAOYSA-N,314.24,solute,1565
LRHPLDYGYMQRHN-UHFFFAOYSA-N:1566,LRHPLDYGYMQRHN-UHFFFAOYSA-N,LRHPLDYGYMQRHN-UHFFFAOYSA-N,TUNFSRHWOTWDNC-UHFFFAOYSA-N,333.26,solute,1566
LRHPLDYGYMQRHN-UHFFFAOYSA-N:1567,LRHPLDYGYMQRHN-UHFFFAOYSA-N,LRHPLDYGYMQRHN-UHFFFAOYSA-N,TUNFSRHWOTWDNC-UHFFFAOYSA-N,333.38,solute,1567
LRHPLDYGYMQRHN-UHFFFAOYSA-N:1568,LRHPLDYGYMQRHN-UHFFFAOYSA-N,LRHPLDYGYMQRHN-UHFFFAOYSA-N,TUNFSRHWOTWDNC-UHFFFAOYSA-N,353.25,solute,1568
LRHPLDYGYMQRHN-UHFFFAOYSA-N:1569,LRHPLDYGYMQRHN-UHFFFAOYSA-N,LRHPLDYGYMQRHN-UHFFFAOYSA-N,TUNFSRHWOTWDNC-UHFFFAOYSA-N,353.3,solute,1569
LRHPLDYGYMQRHN-UHFFFAOYSA-N:1570,LRHPLDYGYMQRHN-UHFFFAOYSA-N,LRHPLDYGYMQRHN-UHFFFAOYSA-N,TVMXDCGIABBOFY-UHFFFAOYSA-N,303.15,solute,1570
LRHPLDYGYMQRHN-UHFFFAOYSA-N:1571,LRHPLDYGYMQRHN-UHFFFAOYSA-N,LRHPLDYGYMQRHN-UHFFFAOYSA-N,TVMXDCGIABBOFY-UHFFFAOYSA-N,313.15,solute,1571
LRHPLDYGYMQRHN-UHFFFAOYSA-N:1572,LRHPLDYGYMQRHN-UHFFFAOYSA-N,LRHPLDYGYMQRHN-UHFFFAOYSA-N,TVMXDCGIABBOFY-UHFFFAOYSA-N,323.15,solute,1572
LRHPLDYGYMQRHN-UHFFFAOYSA-N:1573,LRHPLDYGYMQRHN-UHFFFAOYSA-N,LRHPLDYGYMQRHN-UHFFFAOYSA-N,TVMXDCGIABBOFY-UHFFFAOYSA-N,333.15,solute,1573
LRHPLDYGYMQRHN-UHFFFAOYSA-N:1574,LRHPLDYGYMQRHN-UHFFFAOYSA-N,LRHPLDYGYMQRHN-UHFFFAOYSA-N,TVMXDCGIABBOFY-UHFFFAOYSA-N,343.15,solute,1574
LRHPLDYGYMQRHN-UHFFFAOYSA-N:1575,LRHPLDYGYMQRHN-UHFFFAOYSA-N,LRHPLDYGYMQRHN-UHFFFAOYSA-N,XLYOFNOQVPJJNP-UHFFFAOYSA-N,273.35,solute,1575
LRHPLDYGYMQRHN-UHFFFAOYSA-N:1576,LRHPLDYGYMQRHN-UHFFFAOYSA-N,LRHPLDYGYMQRHN-UHFFFAOYSA-N,XLYOFNOQVPJJNP-UHFFFAOYSA-N,283.15,solute,1576
LRHPLDYGYMQRHN-UHFFFAOYSA-N:1577,LRHPLDYGYMQRHN-UHFFFAOYSA-N,LRHPLDYGYMQRHN-UHFFFAOYSA-N,XLYOFNOQVPJJNP-UHFFFAOYSA-N,293.15,solute,1577
LRHPLDYGYMQRHN-UHFFFAOYSA-N:1578,LRHPLDYGYMQRHN-UHFFFAOYSA-N,LRHPLDYGYMQRHN-UHFFFAOYSA-N,XLYOFNOQVPJJNP-UHFFFAOYSA-N,303.15,solute,1578
LRHPLDYGYMQRHN-UHFFFAOYSA-N:1579,LRHPLDYGYMQRHN-UHFFFAOYSA-N,LRHPLDYGYMQRHN-UHFFFAOYSA-N,XLYOFNOQVPJJNP-UHFFFAOYSA-N,303.15,solute,1579
LRHPLDYGYMQRHN-UHFFFAOYSA-N:1580,LRHPLDYGYMQRHN-UHFFFAOYSA-N,LRHPLDYGYMQRHN-UHFFFAOYSA-N,XLYOFNOQVPJJNP-UHFFFAOYSA-N,308.15,solute,1580
LRHPLDYGYMQRHN-UHFFFAOYSA-N:1581,LRHPLDYGYMQRHN-UHFFFAOYSA-N,LRHPLDYGYMQRHN-UHFFFAOYSA-N,XLYOFNOQVPJJNP-UHFFFAOYSA-N,308.15,solute,1581
LRHPLDYGYMQRHN-UHFFFAOYSA-N:1582,LRHPLDYGYMQRHN-UHFFFAOYSA-N,LRHPLDYGYMQRHN-UHFFFAOYSA-N,XLYOFNOQVPJJNP-UHFFFAOYSA-N,313.15,solute,1582
LRHPLDYGYMQRHN-UHFFFAOYSA-N:1583,LRHPLDYGYMQRHN-UHFFFAOYSA-N,LRHPLDYGYMQRHN-UHFFFAOYSA-N,XLYOFNOQVPJJNP-UHFFFAOYSA-N,313.15,solute,1583
LRHPLDYGYMQRHN-UHFFFAOYSA-N:1584,LRHPLDYGYMQRHN-UHFFFAOYSA-N,LRHPLDYGYMQRHN-UHFFFAOYSA-N,XLYOFNOQVPJJNP-UHFFFAOYSA-N,318.15,solute,1584
LRHPLDYGYMQRHN-UHFFFAOYSA-N:1585,LRHPLDYGYMQRHN-UHFFFAOYSA-N,LRHPLDYGYMQRHN-UHFFFAOYSA-N,XLYOFNOQVPJJNP-UHFFFAOYSA-N,318.15,solute,1585
LRHPLDYGYMQRHN-UHFFFAOYSA-N:1586,LRHPLDYGYMQRHN-UHFFFAOYSA-N,LRHPLDYGYMQRHN-UHFFFAOYSA-N,XLYOFNOQVPJJNP-UHFFFAOYSA-N,323.15,solute,1586
LRHPLDYGYMQRHN-UHFFFAOYSA-N:1587,LRHPLDYGYMQRHN-UHFFFAOYSA-N,LRHPLDYGYMQRHN-UHFFFAOYSA-N,XLYOFNOQVPJJNP-UHFFFAOYSA-N,323.15,solute,1587
LRHPLDYGYMQRHN-UHFFFAOYSA-N:1588,LRHPLDYGYMQRHN-UHFFFAOYSA-N,LRHPLDYGYMQRHN-UHFFFAOYSA-N,XLYOFNOQVPJJNP-UHFFFAOYSA-N,323.15,solute,1588
LRHPLDYGYMQRHN-UHFFFAOYSA-N:1589,LRHPLDYGYMQRHN-UHFFFAOYSA-N,LRHPLDYGYMQRHN-UHFFFAOYSA-N,XLYOFNOQVPJJNP-UHFFFAOYSA-N,323.15,solute,1589
LRHPLDYGYMQRHN-UHFFFAOYSA-N:1590,LRHPLDYGYMQRHN-UHFFFAOYSA-N,LRHPLDYGYMQRHN-UHFFFAOYSA-N,XLYOFNOQVPJJNP-UHFFFAOYSA-N,328.15,solute,1590
LRHPLDYGYMQRHN-UHFFFAOYSA-N:1591,LRHPLDYGYMQRHN-UHFFFAOYSA-N,LRHPLDYGYMQRHN-UHFFFAOYSA-N,XLYOFNOQVPJJNP-UHFFFAOYSA-N,328.15,solute,1591
LRHPLDYGYMQRHN-UHFFFAOYSA-N:1592,LRHPLDYGYMQRHN-UHFFFAOYSA-N,LRHPLDYGYMQRHN-UHFFFAOYSA-N,XLYOFNOQVPJJNP-UHFFFAOYSA-N,333.15,solute,1592
LRHPLDYGYMQRHN-UHFFFAOYSA-N:1593,LRHPLDYGYMQRHN-UHFFFAOYSA-N,LRHPLDYGYMQRHN-UHFFFAOYSA-N,XLYOFNOQVPJJNP-UHFFFAOYSA-N,333.15,solute,1593
LRHPLDYGYMQRHN-UHFFFAOYSA-N:1594,LRHPLDYGYMQRHN-UHFFFAOYSA-N,LRHPLDYGYMQRHN-UHFFFAOYSA-N,XLYOFNOQVPJJNP-UHFFFAOYSA-N,338.15,solute,1594
LRHPLDYGYMQRHN-UHFFFAOYSA-N:1595,LRHPLDYGYMQRHN-UHFFFAOYSA-N,LRHPLDYGYMQRHN-UHFFFAOYSA-N,XLYOFNOQVPJJNP-UHFFFAOYSA-N,372.15,solute,1595
LRHPLDYGYMQRHN-UHFFFAOYSA-N:1596,LRHPLDYGYMQRHN-UHFFFAOYSA-N,LRHPLDYGYMQRHN-UHFFFAOYSA-N,YNQLUTRBYVCPMQ-UHFFFAOYSA-N,303.15,solute,1596
LRHPLDYGYMQRHN-UHFFFAOYSA-N:1597,LRHPLDYGYMQRHN-UHFFFAOYSA-N,LRHPLDYGYMQRHN-UHFFFAOYSA-N,YNQLUTRBYVCPMQ-UHFFFAOYSA-N,313.15,solute,1597
LRHPLDYGYMQRHN-UHFFFAOYSA-N:1598,LRHPLDYGYMQRHN-UHFFFAOYSA-N,LRHPLDYGYMQRHN-UHFFFAOYSA-N,YNQLUTRBYVCPMQ-UHFFFAOYSA-N,323.15,solute,1598
LRHPLDYGYMQRHN-UHFFFAOYSA-N:1599,LRHPLDYGYMQRHN-UHFFFAOYSA-N,LRHPLDYGYMQRHN-UHFFFAOYSA-N,YNQLUTRBYVCPMQ-UHFFFAOYSA-N,398.15,solute,1599
LRHPLDYGYMQRHN-UHFFFAOYSA-N:1600,LRHPLDYGYMQRHN-UHFFFAOYSA-N,LRHPLDYGYMQRHN-UHFFFAOYSA-N,YNQLUTRBYVCPMQ-UHFFFAOYSA-N,409.15,solute,1600
LRHPLDYGYMQRHN-UHFFFAOYSA-N:1604,LRHPLDYGYMQRHN-UHFFFAOYSA-N,LRHPLDYGYMQRHN-UHFFFAOYSA-N,ZQPPMHVWECSIRJ-KTKRTIGZSA-N,338.36,solute,1604
LRHPLDYGYMQRHN-UHFFFAOYSA-N:1605,LRHPLDYGYMQRHN-UHFFFAOYSA-N,LRHPLDYGYMQRHN-UHFFFAOYSA-N,ZQPPMHVWECSIRJ-KTKRTIGZSA-N,348.36,solute,1605
LRHPLDYGYMQRHN-UHFFFAOYSA-N:1606,LRHPLDYGYMQRHN-UHFFFAOYSA-N,LRHPLDYGYMQRHN-UHFFFAOYSA-N,ZQPPMHVWECSIRJ-KTKRTIGZSA-N,358.28,solute,1606
LRHPLDYGYMQRHN-UHFFFAOYSA-N:1778,LRHPLDYGYMQRHN-UHFFFAOYSA-N,NNPPMTNAJDCUHE-UHFFFAOYSA-N,LRHPLDYGYMQRHN-UHFFFAOYSA-N,250.01,solvent,1778
LRHPLDYGYMQRHN-UHFFFAOYSA-N:1779,LRHPLDYGYMQRHN-UHFFFAOYSA-N,NNPPMTNAJDCUHE-UHFFFAOYSA-N,LRHPLDYGYMQRHN-UHFFFAOYSA-N,270.04,solvent,1779
LRHPLDYGYMQRHN-UHFFFAOYSA-N:1780,LRHPLDYGYMQRHN-UHFFFAOYSA-N,NNPPMTNAJDCUHE-UHFFFAOYSA-N,LRHPLDYGYMQRHN-UHFFFAOYSA-N,290.01,solvent,1780
LRHPLDYGYMQRHN-UHFFFAOYSA-N:1781,LRHPLDYGYMQRHN-UHFFFAOYSA-N,NNPPMTNAJDCUHE-UHFFFAOYSA-N,LRHPLDYGYMQRHN-UHFFFAOYSA-N,310.01,solvent,1781
LRHPLDYGYMQRHN-UHFFFAOYSA-N:1782,LRHPLDYGYMQRHN-UHFFFAOYSA-N,NNPPMTNAJDCUHE-UHFFFAOYSA-N,LRHPLDYGYMQRHN-UHFFFAOYSA-N,330.0,solvent,1782
LRHPLDYGYMQRHN-UHFFFAOYSA-N:1864,LRHPLDYGYMQRHN-UHFFFAOYSA-N,NPNPZTNLOVBDOC-UHFFFAOYSA-N,LRHPLDYGYMQRHN-UHFFFAOYSA-N,269.94,solvent,1864
LRHPLDYGYMQRHN-UHFFFAOYSA-N:1865,LRHPLDYGYMQRHN-UHFFFAOYSA-N,NPNPZTNLOVBDOC-UHFFFAOYSA-N,LRHPLDYGYMQRHN-UHFFFAOYSA-N,289.99,solvent,1865
LRHPLDYGYMQRHN-UHFFFAOYSA-N:1866,LRHPLDYGYMQRHN-UHFFFAOYSA-N,NPNPZTNLOVBDOC-UHFFFAOYSA-N,LRHPLDYGYMQRHN-UHFFFAOYSA-N,309.99,solvent,1866
LRHPLDYGYMQRHN-UHFFFAOYSA-N:1867,LRHPLDYGYMQRHN-UHFFFAOYSA-N,NPNPZTNLOVBDOC-UHFFFAOYSA-N,LRHPLDYGYMQRHN-UHFFFAOYSA-N,330.01,solvent,1867
LRHPLDYGYMQRHN-UHFFFAOYSA-N:2196,LRHPLDYGYMQRHN-UHFFFAOYSA-N,QQONPFPTGQHPMA-UHFFFAOYSA-N,LRHPLDYGYMQRHN-UHFFFAOYSA-N,270.0,solvent,2196
LRHPLDYGYMQRHN-UHFFFAOYSA-N:2197,LRHPLDYGYMQRHN-UHFFFAOYSA-N,QQONPFPTGQHPMA-UHFFFAOYSA-N,LRHPLDYGYMQRHN-UHFFFAOYSA-N,290.01,solvent,2197
LRHPLDYGYMQRHN-UHFFFAOYSA-N:2198,LRHPLDYGYMQRHN-UHFFFAOYSA-N,QQONPFPTGQHPMA-UHFFFAOYSA-N,LRHPLDYGYMQRHN-UHFFFAOYSA-N,310.0,solvent,2198
LRHPLDYGYMQRHN-UHFFFAOYSA-N:2199,LRHPLDYGYMQRHN-UHFFFAOYSA-N,QQONPFPTGQHPMA-UHFFFAOYSA-N,LRHPLDYGYMQRHN-UHFFFAOYSA-N,330.0,solvent,2199
LRHPLDYGYMQRHN-UHFFFAOYSA-N:2729,LRHPLDYGYMQRHN-UHFFFAOYSA-N,VQTUBCCKSQIDNK-UHFFFAOYSA-N,LRHPLDYGYMQRHN-UHFFFAOYSA-N,250.01,solvent,2729
LRHPLDYGYMQRHN-UHFFFAOYSA-N:2730,LRHPLDYGYMQRHN-UHFFFAOYSA-N,VQTUBCCKSQIDNK-UHFFFAOYSA-N,LRHPLDYGYMQRHN-UHFFFAOYSA-N,270.04,solvent,2730
LRHPLDYGYMQRHN-UHFFFAOYSA-N:2731,LRHPLDYGYMQRHN-UHFFFAOYSA-N,VQTUBCCKSQIDNK-UHFFFAOYSA-N,LRHPLDYGYMQRHN-UHFFFAOYSA-N,290.01,solvent,2731
LRHPLDYGYMQRHN-UHFFFAOYSA-N:2732,LRHPLDYGYMQRHN-UHFFFAOYSA-N,VQTUBCCKSQIDNK-UHFFFAOYSA-N,LRHPLDYGYMQRHN-UHFFFAOYSA-N,310.01,solvent,2732
LRHPLDYGYMQRHN-UHFFFAOYSA-N:2733,LRHPLDYGYMQRHN-UHFFFAOYSA-N,VQTUBCCKSQIDNK-UHFFFAOYSA-N,LRHPLDYGYMQRHN-UHFFFAOYSA-N,330.0,solvent,2733
LRHPLDYGYMQRHN-UHFFFAOYSA-N:2812,LRHPLDYGYMQRHN-UHFFFAOYSA-N,VXNZUUAINFGPBY-UHFFFAOYSA-N,LRHPLDYGYMQRHN-UHFFFAOYSA-N,250.01,solvent,2812
LRHPLDYGYMQRHN-UHFFFAOYSA-N:2813,LRHPLDYGYMQRHN-UHFFFAOYSA-N,VXNZUUAINFGPBY-UHFFFAOYSA-N,LRHPLDYGYMQRHN-UHFFFAOYSA-N,270.0,solvent,2813
LRHPLDYGYMQRHN-UHFFFAOYSA-N:2814,LRHPLDYGYMQRHN-UHFFFAOYSA-N,VXNZUUAINFGPBY-UHFFFAOYSA-N,LRHPLDYGYMQRHN-UHFFFAOYSA-N,290.01,solvent,2814
LRHPLDYGYMQRHN-UHFFFAOYSA-N:2815,LRHPLDYGYMQRHN-UHFFFAOYSA-N,VXNZUUAINFGPBY-UHFFFAOYSA-N,LRHPLDYGYMQRHN-UHFFFAOYSA-N,310.0,solvent,2815
LRHPLDYGYMQRHN-UHFFFAOYSA-N:2816,LRHPLDYGYMQRHN-UHFFFAOYSA-N,VXNZUUAINFGPBY-UHFFFAOYSA-N,LRHPLDYGYMQRHN-UHFFFAOYSA-N,330.0,solvent,2816
LRHPLDYGYMQRHN-UHFFFAOYSA-N:3178,LRHPLDYGYMQRHN-UHFFFAOYSA-N,YNQLUTRBYVCPMQ-UHFFFAOYSA-N,LRHPLDYGYMQRHN-UHFFFAOYSA-N,323.15,solvent,3178
KFZMGEQAYNKOFK-UHFFFAOYSA-N:84,KFZMGEQAYNKOFK-UHFFFAOYSA-N,ATUOYWHBWRKTHZ-UHFFFAOYSA-N,KFZMGEQAYNKOFK-UHFFFAOYSA-N,270.04,solvent,84
KFZMGEQAYNKOFK-UHFFFAOYSA-N:85,KFZMGEQAYNKOFK-UHFFFAOYSA-N,ATUOYWHBWRKTHZ-UHFFFAOYSA-N,KFZMGEQAYNKOFK-UHFFFAOYSA-N,290.0,solvent,85
KFZMGEQAYNKOFK-UHFFFAOYSA-N:86,KFZMGEQAYNKOFK-UHFFFAOYSA-N,ATUOYWHBWRKTHZ-UHFFFAOYSA-N,KFZMGEQAYNKOFK-UHFFFAOYSA-N,310.0,solvent,86
KFZMGEQAYNKOFK-UHFFFAOYSA-N:87,KFZMGEQAYNKOFK-UHFFFAOYSA-N,ATUOYWHBWRKTHZ-UHFFFAOYSA-N,KFZMGEQAYNKOFK-UHFFFAOYSA-N,330.0,solvent,87
KFZMGEQAYNKOFK-UHFFFAOYSA-N:632,KFZMGEQAYNKOFK-UHFFFAOYSA-N,HRYZWHHZPQKTII-UHFFFAOYSA-N,KFZMGEQAYNKOFK-UHFFFAOYSA-N,269.94,solvent,632
KFZMGEQAYNKOFK-UHFFFAOYSA-N:633,KFZMGEQAYNKOFK-UHFFFAOYSA-N,HRYZWHHZPQKTII-UHFFFAOYSA-N,KFZMGEQAYNKOFK-UHFFFAOYSA-N,289.99,solvent,633
KFZMGEQAYNKOFK-UHFFFAOYSA-N:634,KFZMGEQAYNKOFK-UHFFFAOYSA-N,HRYZWHHZPQKTII-UHFFFAOYSA-N,KFZMGEQAYNKOFK-UHFFFAOYSA-N,309.99,solvent,634
KFZMGEQAYNKOFK-UHFFFAOYSA-N:635,KFZMGEQAYNKOFK-UHFFFAOYSA-N,HRYZWHHZPQKTII-UHFFFAOYSA-N,KFZMGEQAYNKOFK-UHFFFAOYSA-N,330.01,solvent,635
KFZMGEQAYNKOFK-UHFFFAOYSA-N:736,KFZMGEQAYNKOFK-UHFFFAOYSA-N,IAQRGUVFOMOMEM-ARJAWSKDSA-N,KFZMGEQAYNKOFK-UHFFFAOYSA-N,269.94,solvent,736
KFZMGEQAYNKOFK-UHFFFAOYSA-N:737,KFZMGEQAYNKOFK-UHFFFAOYSA-N,IAQRGUVFOMOMEM-ARJAWSKDSA-N,KFZMGEQAYNKOFK-UHFFFAOYSA-N,289.99,solvent,737
KFZMGEQAYNKOFK-UHFFFAOYSA-N:738,KFZMGEQAYNKOFK-UHFFFAOYSA-N,IAQRGUVFOMOMEM-ARJAWSKDSA-N,KFZMGEQAYNKOFK-UHFFFAOYSA-N,309.99,solvent,738
KFZMGEQAYNKOFK-UHFFFAOYSA-N:739,KFZMGEQAYNKOFK-UHFFFAOYSA-N,IAQRGUVFOMOMEM-ARJAWSKDSA-N,KFZMGEQAYNKOFK-UHFFFAOYSA-N,330.01,solvent,739
KFZMGEQAYNKOFK-UHFFFAOYSA-N:833,KFZMGEQAYNKOFK-UHFFFAOYSA-N,IAQRGUVFOMOMEM-ONEGZZNKSA-N,KFZMGEQAYNKOFK-UHFFFAOYSA-N,270.04,solvent,833
KFZMGEQAYNKOFK-UHFFFAOYSA-N:834,KFZMGEQAYNKOFK-UHFFFAOYSA-N,IAQRGUVFOMOMEM-ONEGZZNKSA-N,KFZMGEQAYNKOFK-UHFFFAOYSA-N,290.0,solvent,834
KFZMGEQAYNKOFK-UHFFFAOYSA-N:835,KFZMGEQAYNKOFK-UHFFFAOYSA-N,IAQRGUVFOMOMEM-ONEGZZNKSA-N,KFZMGEQAYNKOFK-UHFFFAOYSA-N,310.0,solvent,835
KFZMGEQAYNKOFK-UHFFFAOYSA-N:836,KFZMGEQAYNKOFK-UHFFFAOYSA-N,IAQRGUVFOMOMEM-ONEGZZNKSA-N,KFZMGEQAYNKOFK-UHFFFAOYSA-N,330.0,solvent,836
KFZMGEQAYNKOFK-UHFFFAOYSA-N:936,KFZMGEQAYNKOFK-UHFFFAOYSA-N,IJDNQMDRQITEOD-UHFFFAOYSA-N,KFZMGEQAYNKOFK-UHFFFAOYSA-N,270.03,solvent,936
KFZMGEQAYNKOFK-UHFFFAOYSA-N:937,KFZMGEQAYNKOFK-UHFFFAOYSA-N,IJDNQMDRQITEOD-UHFFFAOYSA-N,KFZMGEQAYNKOFK-UHFFFAOYSA-N,290.0,solvent,937
KFZMGEQAYNKOFK-UHFFFAOYSA-N:938,KFZMGEQAYNKOFK-UHFFFAOYSA-N,IJDNQMDRQITEOD-UHFFFAOYSA-N,KFZMGEQAYNKOFK-UHFFFAOYSA-N,310.0,solvent,938
KFZMGEQAYNKOFK-UHFFFAOYSA-N:939,KFZMGEQAYNKOFK-UHFFFAOYSA-N,IJDNQMDRQITEOD-UHFFFAOYSA-N,KFZMGEQAYNKOFK-UHFFFAOYSA-N,330.0,solvent,939
KFZMGEQAYNKOFK-UHFFFAOYSA-N:1154,KFZMGEQAYNKOFK-UHFFFAOYSA-N,KAKZBPTYRLMSJV-UHFFFAOYSA-N,KFZMGEQAYNKOFK-UHFFFAOYSA-N,270.03,solvent,1154
KFZMGEQAYNKOFK-UHFFFAOYSA-N:1155,KFZMGEQAYNKOFK-UHFFFAOYSA-N,KAKZBPTYRLMSJV-UHFFFAOYSA-N,KFZMGEQAYNKOFK-UHFFFAOYSA-N,290.0,solvent,1155
KFZMGEQAYNKOFK-UHFFFAOYSA-N:1156,KFZMGEQAYNKOFK-UHFFFAOYSA-N,KAKZBPTYRLMSJV-UHFFFAOYSA-N,KFZMGEQAYNKOFK-UHFFFAOYSA-N,310.0,solvent,1156
KFZMGEQAYNKOFK-UHFFFAOYSA-N:1157,KFZMGEQAYNKOFK-UHFFFAOYSA-N,KAKZBPTYRLMSJV-UHFFFAOYSA-N,KFZMGEQAYNKOFK-UHFFFAOYSA-N,330.0,solvent,1157
KFZMGEQAYNKOFK-UHFFFAOYSA-N:1210,KFZMGEQAYNKOFK-UHFFFAOYSA-N,KFZMGEQAYNKOFK-UHFFFAOYSA-N,DTOSIQBPPRVQHS-PDBXOOCHSA-N,313.25,solute,1210
KFZMGEQAYNKOFK-UHFFFAOYSA-N:1211,KFZMGEQAYNKOFK-UHFFFAOYSA-N,KFZMGEQAYNKOFK-UHFFFAOYSA-N,DTOSIQBPPRVQHS-PDBXOOCHSA-N,323.26,solute,1211
KFZMGEQAYNKOFK-UHFFFAOYSA-N:1212,KFZMGEQAYNKOFK-UHFFFAOYSA-N,KFZMGEQAYNKOFK-UHFFFAOYSA-N,GHVNFZFCNZKVNT-UHFFFAOYSA-N,314.1,solute,1212
KFZMGEQAYNKOFK-UHFFFAOYSA-N:1213,KFZMGEQAYNKOFK-UHFFFAOYSA-N,KFZMGEQAYNKOFK-UHFFFAOYSA-N,GHVNFZFCNZKVNT-UHFFFAOYSA-N,314.24,solute,1213
KFZMGEQAYNKOFK-UHFFFAOYSA-N:1214,KFZMGEQAYNKOFK-UHFFFAOYSA-N,KFZMGEQAYNKOFK-UHFFFAOYSA-N,GHVNFZFCNZKVNT-UHFFFAOYSA-N,333.26,solute,1214
KFZMGEQAYNKOFK-UHFFFAOYSA-N:1215,KFZMGEQAYNKOFK-UHFFFAOYSA-N,KFZMGEQAYNKOFK-UHFFFAOYSA-N,GHVNFZFCNZKVNT-UHFFFAOYSA-N,333.38,solute,1215
KFZMGEQAYNKOFK-UHFFFAOYSA-N:1216,KFZMGEQAYNKOFK-UHFFFAOYSA-N,KFZMGEQAYNKOFK-UHFFFAOYSA-N,GHVNFZFCNZKVNT-UHFFFAOYSA-N,353.25,solute,1216
KFZMGEQAYNKOFK-UHFFFAOYSA-N:1217,KFZMGEQAYNKOFK-UHFFFAOYSA-N,KFZMGEQAYNKOFK-UHFFFAOYSA-N,GHVNFZFCNZKVNT-UHFFFAOYSA-N,353.3,solute,1217
KFZMGEQAYNKOFK-UHFFFAOYSA-N:1218,KFZMGEQAYNKOFK-UHFFFAOYSA-N,KFZMGEQAYNKOFK-UHFFFAOYSA-N,IPCSVZSSVZVIGE-UHFFFAOYSA-N,340.19,solute,1218
KFZMGEQAYNKOFK-UHFFFAOYSA-N:1219,KFZMGEQAYNKOFK-UHFFFAOYSA-N,KFZMGEQAYNKOFK-UHFFFAOYSA-N,IPCSVZSSVZVIGE-UHFFFAOYSA-N,348.01,solute,1219
KFZMGEQAYNKOFK-UHFFFAOYSA-N:1220,KFZMGEQAYNKOFK-UHFFFAOYSA-N,KFZMGEQAYNKOFK-UHFFFAOYSA-N,IPCSVZSSVZVIGE-UHFFFAOYSA-N,358.32,solute,1220
KFZMGEQAYNKOFK-UHFFFAOYSA-N:1221,KFZMGEQAYNKOFK-UHFFFAOYSA-N,KFZMGEQAYNKOFK-UHFFFAOYSA-N,MTHSVFCYNBDYFN-UHFFFAOYSA-N,333.2,solute,1221
KFZMGEQAYNKOFK-UHFFFAOYSA-N:1222,KFZMGEQAYNKOFK-UHFFFAOYSA-N,KFZMGEQAYNKOFK-UHFFFAOYSA-N,MTHSVFCYNBDYFN-UHFFFAOYSA-N,348.2,solute,1222
KFZMGEQAYNKOFK-UHFFFAOYSA-N:1223,KFZMGEQAYNKOFK-UHFFFAOYSA-N,KFZMGEQAYNKOFK-UHFFFAOYSA-N,MTHSVFCYNBDYFN-UHFFFAOYSA-N,363.2,solute,1223
KFZMGEQAYNKOFK-UHFFFAOYSA-N:1224,KFZMGEQAYNKOFK-UHFFFAOYSA-N,KFZMGEQAYNKOFK-UHFFFAOYSA-N,OYHQOLUKZRVURQ-HZJYTTRNSA-N,338.28,solute,1224
KFZMGEQAYNKOFK-UHFFFAOYSA-N:1225,KFZMGEQAYNKOFK-UHFFFAOYSA-N,KFZMGEQAYNKOFK-UHFFFAOYSA-N,OYHQOLUKZRVURQ-HZJYTTRNSA-N,348.28,solute,1225
KFZMGEQAYNKOFK-UHFFFAOYSA-N:1226,KFZMGEQAYNKOFK-UHFFFAOYSA-N,KFZMGEQAYNKOFK-UHFFFAOYSA-N,OYHQOLUKZRVURQ-HZJYTTRNSA-N,358.33,solute,1226
KFZMGEQAYNKOFK-UHFFFAOYSA-N:1227,KFZMGEQAYNKOFK-UHFFFAOYSA-N,KFZMGEQAYNKOFK-UHFFFAOYSA-N,POULHZVOKOAJMA-UHFFFAOYSA-N,314.1,solute,1227
KFZMGEQAYNKOFK-UHFFFAOYSA-N:1228,KFZMGEQAYNKOFK-UHFFFAOYSA-N,KFZMGEQAYNKOFK-UHFFFAOYSA-N,POULHZVOKOAJMA-UHFFFAOYSA-N,314.24,solute,1228
KFZMGEQAYNKOFK-UHFFFAOYSA-N:1229,KFZMGEQAYNKOFK-UHFFFAOYSA-N,KFZMGEQAYNKOFK-UHFFFAOYSA-N,POULHZVOKOAJMA-UHFFFAOYSA-N,333.26,solute,1229
KFZMGEQAYNKOFK-UHFFFAOYSA-N:1230,KFZMGEQAYNKOFK-UHFFFAOYSA-N,KFZMGEQAYNKOFK-UHFFFAOYSA-N,POULHZVOKOAJMA-UHFFFAOYSA-N,333.38,solute,1230
KFZMGEQAYNKOFK-UHFFFAOYSA-N:1231,KFZMGEQAYNKOFK-UHFFFAOYSA-N,KFZMGEQAYNKOFK-UHFFFAOYSA-N,POULHZVOKOAJMA-UHFFFAOYSA-N,353.25,solute,1231
KFZMGEQAYNKOFK-UHFFFAOYSA-N:1232,KFZMGEQAYNKOFK-UHFFFAOYSA-N,KFZMGEQAYNKOFK-UHFFFAOYSA-N,POULHZVOKOAJMA-UHFFFAOYSA-N,353.3,solute,1232
KFZMGEQAYNKOFK-UHFFFAOYSA-N:1233,KFZMGEQAYNKOFK-UHFFFAOYSA-N,KFZMGEQAYNKOFK-UHFFFAOYSA-N,QIQXTHQIDYTFRH-UHFFFAOYSA-N,349.38,solute,1233
KFZMGEQAYNKOFK-UHFFFAOYSA-N:1234,KFZMGEQAYNKOFK-UHFFFAOYSA-N,KFZMGEQAYNKOFK-UHFFFAOYSA-N,QIQXTHQIDYTFRH-UHFFFAOYSA-N,358.46,solute,1234
KFZMGEQAYNKOFK-UHFFFAOYSA-N:1235,KFZMGEQAYNKOFK-UHFFFAOYSA-N,KFZMGEQAYNKOFK-UHFFFAOYSA-N,QIQXTHQIDYTFRH-UHFFFAOYSA-N,367.93,solute,1235
KFZMGEQAYNKOFK-UHFFFAOYSA-N:1236,KFZMGEQAYNKOFK-UHFFFAOYSA-N,KFZMGEQAYNKOFK-UHFFFAOYSA-N,QIQXTHQIDYTFRH-UHFFFAOYSA-N,368.19,solute,1236
KFZMGEQAYNKOFK-UHFFFAOYSA-N:1237,KFZMGEQAYNKOFK-UHFFFAOYSA-N,KFZMGEQAYNKOFK-UHFFFAOYSA-N,SECXISVLQFMRJM-UHFFFAOYSA-N,333.2,solute,1237
KFZMGEQAYNKOFK-UHFFFAOYSA-N:1238,KFZMGEQAYNKOFK-UHFFFAOYSA-N,KFZMGEQAYNKOFK-UHFFFAOYSA-N,SECXISVLQFMRJM-UHFFFAOYSA-N,348.2,solute,1238
KFZMGEQAYNKOFK-UHFFFAOYSA-N:1239,KFZMGEQAYNKOFK-UHFFFAOYSA-N,KFZMGEQAYNKOFK-UHFFFAOYSA-N,SECXISVLQFMRJM-UHFFFAOYSA-N,363.2,solute,1239
KFZMGEQAYNKOFK-UHFFFAOYSA-N:1240,KFZMGEQAYNKOFK-UHFFFAOYSA-N,KFZMGEQAYNKOFK-UHFFFAOYSA-N,TUNFSRHWOTWDNC-UHFFFAOYSA-N,314.1,solute,1240
KFZMGEQAYNKOFK-UHFFFAOYSA-N:1241,KFZMGEQAYNKOFK-UHFFFAOYSA-N,KFZMGEQAYNKOFK-UHFFFAOYSA-N,TUNFSRHWOTWDNC-UHFFFAOYSA-N,314.24,solute,1241
KFZMGEQAYNKOFK-UHFFFAOYSA-N:1242,KFZMGEQAYNKOFK-UHFFFAOYSA-N,KFZMGEQAYNKOFK-UHFFFAOYSA-N,TUNFSRHWOTWDNC-UHFFFAOYSA-N,333.26,solute,1242
KFZMGEQAYNKOFK-UHFFFAOYSA-N:1243,KFZMGEQAYNKOFK-UHFFFAOYSA-N,KFZMGEQAYNKOFK-UHFFFAOYSA-N,TUNFSRHWOTWDNC-UHFFFAOYSA-N,333.38,solute,1243
KFZMGEQAYNKOFK-UHFFFAOYSA-N:1244,KFZMGEQAYNKOFK-UHFFFAOYSA-N,KFZMGEQAYNKOFK-UHFFFAOYSA-N,TUNFSRHWOTWDNC-UHFFFAOYSA-N,353.25,solute,1244
KFZMGEQAYNKOFK-UHFFFAOYSA-N:1245,KFZMGEQAYNKOFK-UHFFFAOYSA-N,KFZMGEQAYNKOFK-UHFFFAOYSA-N,TUNFSRHWOTWDNC-UHFFFAOYSA-N,353.3,solute,1245
KFZMGEQAYNKOFK-UHFFFAOYSA-N:1246,KFZMGEQAYNKOFK-UHFFFAOYSA-N,KFZMGEQAYNKOFK-UHFFFAOYSA-N,XLYOFNOQVPJJNP-UHFFFAOYSA-N,283.15,solute,1246
KFZMGEQAYNKOFK-UHFFFAOYSA-N:1247,KFZMGEQAYNKOFK-UHFFFAOYSA-N,KFZMGEQAYNKOFK-UHFFFAOYSA-N,XLYOFNOQVPJJNP-UHFFFAOYSA-N,293.15,solute,1247
KFZMGEQAYNKOFK-UHFFFAOYSA-N:1248,KFZMGEQAYNKOFK-UHFFFAOYSA-N,KFZMGEQAYNKOFK-UHFFFAOYSA-N,XLYOFNOQVPJJNP-UHFFFAOYSA-N,308.15,solute,1248
KFZMGEQAYNKOFK-UHFFFAOYSA-N:1249,KFZMGEQAYNKOFK-UHFFFAOYSA-N,KFZMGEQAYNKOFK-UHFFFAOYSA-N,XLYOFNOQVPJJNP-UHFFFAOYSA-N,333.15,solute,1249
KFZMGEQAYNKOFK-UHFFFAOYSA-N:1250,KFZMGEQAYNKOFK-UHFFFAOYSA-N,KFZMGEQAYNKOFK-UHFFFAOYSA-N,XLYOFNOQVPJJNP-UHFFFAOYSA-N,353.15,solute,1250
KFZMGEQAYNKOFK-UHFFFAOYSA-N:1251,KFZMGEQAYNKOFK-UHFFFAOYSA-N,KFZMGEQAYNKOFK-UHFFFAOYSA-N,XLYOFNOQVPJJNP-UHFFFAOYSA-N,363.15,solute,1251
KFZMGEQAYNKOFK-UHFFFAOYSA-N:1252,KFZMGEQAYNKOFK-UHFFFAOYSA-N,KFZMGEQAYNKOFK-UHFFFAOYSA-N,XLYOFNOQVPJJNP-UHFFFAOYSA-N,371.15,solute,1252
KFZMGEQAYNKOFK-UHFFFAOYSA-N:1253,KFZMGEQAYNKOFK-UHFFFAOYSA-N,KFZMGEQAYNKOFK-UHFFFAOYSA-N,ZIBGPFATKBEMQZ-UHFFFAOYSA-N,333.2,solute,1253
KFZMGEQAYNKOFK-UHFFFAOYSA-N:1254,KFZMGEQAYNKOFK-UHFFFAOYSA-N,KFZMGEQAYNKOFK-UHFFFAOYSA-N,ZIBGPFATKBEMQZ-UHFFFAOYSA-N,348.2,solute,1254
KFZMGEQAYNKOFK-UHFFFAOYSA-N:1255,KFZMGEQAYNKOFK-UHFFFAOYSA-N,KFZMGEQAYNKOFK-UHFFFAOYSA-N,ZIBGPFATKBEMQZ-UHFFFAOYSA-N,363.2,solute,1255
KFZMGEQAYNKOFK-UHFFFAOYSA-N:1332,KFZMGEQAYNKOFK-UHFFFAOYSA-N,LCGLNKUTAGEVQW-UHFFFAOYSA-N,KFZMGEQAYNKOFK-UHFFFAOYSA-N,269.99,solvent,1332
KFZMGEQAYNKOFK-UHFFFAOYSA-N:1333,KFZMGEQAYNKOFK-UHFFFAOYSA-N,LCGLNKUTAGEVQW-UHFFFAOYSA-N,KFZMGEQAYNKOFK-UHFFFAOYSA-N,289.99,solvent,1333
KFZMGEQAYNKOFK-UHFFFAOYSA-N:1334,KFZMGEQAYNKOFK-UHFFFAOYSA-N,LCGLNKUTAGEVQW-UHFFFAOYSA-N,KFZMGEQAYNKOFK-UHFFFAOYSA-N,309.99,solvent,1334
KFZMGEQAYNKOFK-UHFFFAOYSA-N:1335,KFZMGEQAYNKOFK-UHFFFAOYSA-N,LCGLNKUTAGEVQW-UHFFFAOYSA-N,KFZMGEQAYNKOFK-UHFFFAOYSA-N,330.0,solvent,1335
KFZMGEQAYNKOFK-UHFFFAOYSA-N:1774,KFZMGEQAYNKOFK-UHFFFAOYSA-N,NNPPMTNAJDCUHE-UHFFFAOYSA-N,KFZMGEQAYNKOFK-UHFFFAOYSA-N,270.04,solvent,1774
KFZMGEQAYNKOFK-UHFFFAOYSA-N:1775,KFZMGEQAYNKOFK-UHFFFAOYSA-N,NNPPMTNAJDCUHE-UHFFFAOYSA-N,KFZMGEQAYNKOFK-UHFFFAOYSA-N,290.0,solvent,1775
KFZMGEQAYNKOFK-UHFFFAOYSA-N:1776,KFZMGEQAYNKOFK-UHFFFAOYSA-N,NNPPMTNAJDCUHE-UHFFFAOYSA-N,KFZMGEQAYNKOFK-UHFFFAOYSA-N,310.0,solvent,1776
KFZMGEQAYNKOFK-UHFFFAOYSA-N:1777,KFZMGEQAYNKOFK-UHFFFAOYSA-N,NNPPMTNAJDCUHE-UHFFFAOYSA-N,KFZMGEQAYNKOFK-UHFFFAOYSA-N,330.0,solvent,1777
KFZMGEQAYNKOFK-UHFFFAOYSA-N:1860,KFZMGEQAYNKOFK-UHFFFAOYSA-N,NPNPZTNLOVBDOC-UHFFFAOYSA-N,KFZMGEQAYNKOFK-UHFFFAOYSA-N,269.99,solvent,1860
KFZMGEQAYNKOFK-UHFFFAOYSA-N:1861,KFZMGEQAYNKOFK-UHFFFAOYSA-N,NPNPZTNLOVBDOC-UHFFFAOYSA-N,KFZMGEQAYNKOFK-UHFFFAOYSA-N,289.99,solvent,1861
KFZMGEQAYNKOFK-UHFFFAOYSA-N:1862,KFZMGEQAYNKOFK-UHFFFAOYSA-N,NPNPZTNLOVBDOC-UHFFFAOYSA-N,KFZMGEQAYNKOFK-UHFFFAOYSA-N,309.99,solvent,1862
KFZMGEQAYNKOFK-UHFFFAOYSA-N:1863,KFZMGEQAYNKOFK-UHFFFAOYSA-N,NPNPZTNLOVBDOC-UHFFFAOYSA-N,KFZMGEQAYNKOFK-UHFFFAOYSA-N,330.0,solvent,1863
KFZMGEQAYNKOFK-UHFFFAOYSA-N:2192,KFZMGEQAYNKOFK-UHFFFAOYSA-N,QQONPFPTGQHPMA-UHFFFAOYSA-N,KFZMGEQAYNKOFK-UHFFFAOYSA-N,270.04,solvent,2192
KFZMGEQAYNKOFK-UHFFFAOYSA-N:2193,KFZMGEQAYNKOFK-UHFFFAOYSA-N,QQONPFPTGQHPMA-UHFFFAOYSA-N,KFZMGEQAYNKOFK-UHFFFAOYSA-N,290.0,solvent,2193
KFZMGEQAYNKOFK-UHFFFAOYSA-N:2194,KFZMGEQAYNKOFK-UHFFFAOYSA-N,QQONPFPTGQHPMA-UHFFFAOYSA-N,KFZMGEQAYNKOFK-UHFFFAOYSA-N,310.0,solvent,2194
KFZMGEQAYNKOFK-UHFFFAOYSA-N:2195,KFZMGEQAYNKOFK-UHFFFAOYSA-N,QQONPFPTGQHPMA-UHFFFAOYSA-N,KFZMGEQAYNKOFK-UHFFFAOYSA-N,330.0,solvent,2195
KFZMGEQAYNKOFK-UHFFFAOYSA-N:2725,KFZMGEQAYNKOFK-UHFFFAOYSA-N,VQTUBCCKSQIDNK-UHFFFAOYSA-N,KFZMGEQAYNKOFK-UHFFFAOYSA-N,270.03,solvent,2725
KFZMGEQAYNKOFK-UHFFFAOYSA-N:2726,KFZMGEQAYNKOFK-UHFFFAOYSA-N,VQTUBCCKSQIDNK-UHFFFAOYSA-N,KFZMGEQAYNKOFK-UHFFFAOYSA-N,290.0,solvent,2726
KFZMGEQAYNKOFK-UHFFFAOYSA-N:2727,KFZMGEQAYNKOFK-UHFFFAOYSA-N,VQTUBCCKSQIDNK-UHFFFAOYSA-N,KFZMGEQAYNKOFK-UHFFFAOYSA-N,310.0,solvent,2727
KFZMGEQAYNKOFK-UHFFFAOYSA-N:2728,KFZMGEQAYNKOFK-UHFFFAOYSA-N,VQTUBCCKSQIDNK-UHFFFAOYSA-N,KFZMGEQAYNKOFK-UHFFFAOYSA-N,330.0,solvent,2728
KFZMGEQAYNKOFK-UHFFFAOYSA-N:2808,KFZMGEQAYNKOFK-UHFFFAOYSA-N,VXNZUUAINFGPBY-UHFFFAOYSA-N,KFZMGEQAYNKOFK-UHFFFAOYSA-N,270.03,solvent,2808
KFZMGEQAYNKOFK-UHFFFAOYSA-N:2809,KFZMGEQAYNKOFK-UHFFFAOYSA-N,VXNZUUAINFGPBY-UHFFFAOYSA-N,KFZMGEQAYNKOFK-UHFFFAOYSA-N,290.0,solvent,2809
KFZMGEQAYNKOFK-UHFFFAOYSA-N:2810,KFZMGEQAYNKOFK-UHFFFAOYSA-N,VXNZUUAINFGPBY-UHFFFAOYSA-N,KFZMGEQAYNKOFK-UHFFFAOYSA-N,310.0,solvent,2810
KFZMGEQAYNKOFK-UHFFFAOYSA-N:2811,KFZMGEQAYNKOFK-UHFFFAOYSA-N,VXNZUUAINFGPBY-UHFFFAOYSA-N,KFZMGEQAYNKOFK-UHFFFAOYSA-N,330.0,solvent,2811
VLKZOEOYAKHREP-UHFFFAOYSA-N:2119,VLKZOEOYAKHREP-UHFFFAOYSA-N,QMMFVYPAHWMCMS-UHFFFAOYSA-N,VLKZOEOYAKHREP-UHFFFAOYSA-N,288.15,solvent,2119
VLKZOEOYAKHREP-UHFFFAOYSA-N:2120,VLKZOEOYAKHREP-UHFFFAOYSA-N,QMMFVYPAHWMCMS-UHFFFAOYSA-N,VLKZOEOYAKHREP-UHFFFAOYSA-N,293.15,solvent,2120
VLKZOEOYAKHREP-UHFFFAOYSA-N:2121,VLKZOEOYAKHREP-UHFFFAOYSA-N,QMMFVYPAHWMCMS-UHFFFAOYSA-N,VLKZOEOYAKHREP-UHFFFAOYSA-N,298.15,solvent,2121
VLKZOEOYAKHREP-UHFFFAOYSA-N:2122,VLKZOEOYAKHREP-UHFFFAOYSA-N,QMMFVYPAHWMCMS-UHFFFAOYSA-N,VLKZOEOYAKHREP-UHFFFAOYSA-N,303.15,solvent,2122
VLKZOEOYAKHREP-UHFFFAOYSA-N:2584,VLKZOEOYAKHREP-UHFFFAOYSA-N,VLKZOEOYAKHREP-UHFFFAOYSA-N,ATHHXGZTWNVVOU-UHFFFAOYSA-N,298.15,solute,2584
VLKZOEOYAKHREP-UHFFFAOYSA-N:2585,VLKZOEOYAKHREP-UHFFFAOYSA-N,VLKZOEOYAKHREP-UHFFFAOYSA-N,BTFJIXJJCSYFAL-UHFFFAOYSA-N,338.15,solute,2585
VLKZOEOYAKHREP-UHFFFAOYSA-N:2586,VLKZOEOYAKHREP-UHFFFAOYSA-N,VLKZOEOYAKHREP-UHFFFAOYSA-N,BTFJIXJJCSYFAL-UHFFFAOYSA-N,343.15,solute,2586
VLKZOEOYAKHREP-UHFFFAOYSA-N:2587,VLKZOEOYAKHREP-UHFFFAOYSA-N,VLKZOEOYAKHREP-UHFFFAOYSA-N,BTFJIXJJCSYFAL-UHFFFAOYSA-N,348.15,solute,2587
VLKZOEOYAKHREP-UHFFFAOYSA-N:2588,VLKZOEOYAKHREP-UHFFFAOYSA-N,VLKZOEOYAKHREP-UHFFFAOYSA-N,BTFJIXJJCSYFAL-UHFFFAOYSA-N,353.15,solute,2588
VLKZOEOYAKHREP-UHFFFAOYSA-N:2589,VLKZOEOYAKHREP-UHFFFAOYSA-N,VLKZOEOYAKHREP-UHFFFAOYSA-N,DHXVGJBLRPWPCS-UHFFFAOYSA-N,290.0,solute,2589
VLKZOEOYAKHREP-UHFFFAOYSA-N:2590,VLKZOEOYAKHREP-UHFFFAOYSA-N,VLKZOEOYAKHREP-UHFFFAOYSA-N,DHXVGJBLRPWPCS-UHFFFAOYSA-N,299.89,solute,2590
VLKZOEOYAKHREP-UHFFFAOYSA-N:2591,VLKZOEOYAKHREP-UHFFFAOYSA-N,VLKZOEOYAKHREP-UHFFFAOYSA-N,DHXVGJBLRPWPCS-UHFFFAOYSA-N,309.98,solute,2591
VLKZOEOYAKHREP-UHFFFAOYSA-N:2592,VLKZOEOYAKHREP-UHFFFAOYSA-N,VLKZOEOYAKHREP-UHFFFAOYSA-N,DHXVGJBLRPWPCS-UHFFFAOYSA-N,319.99,solute,2592
VLKZOEOYAKHREP-UHFFFAOYSA-N:2593,VLKZOEOYAKHREP-UHFFFAOYSA-N,VLKZOEOYAKHREP-UHFFFAOYSA-N,DHXVGJBLRPWPCS-UHFFFAOYSA-N,330.02,solute,2593
VLKZOEOYAKHREP-UHFFFAOYSA-N:2594,VLKZOEOYAKHREP-UHFFFAOYSA-N,VLKZOEOYAKHREP-UHFFFAOYSA-N,DNIAPMSPPWPWGF-UHFFFAOYSA-N,298.0,solute,2594
VLKZOEOYAKHREP-UHFFFAOYSA-N:2595,VLKZOEOYAKHREP-UHFFFAOYSA-N,VLKZOEOYAKHREP-UHFFFAOYSA-N,DTOSIQBPPRVQHS-PDBXOOCHSA-N,303.13,solute,2595
VLKZOEOYAKHREP-UHFFFAOYSA-N:2596,VLKZOEOYAKHREP-UHFFFAOYSA-N,VLKZOEOYAKHREP-UHFFFAOYSA-N,DTOSIQBPPRVQHS-PDBXOOCHSA-N,313.25,solute,2596
VLKZOEOYAKHREP-UHFFFAOYSA-N:2597,VLKZOEOYAKHREP-UHFFFAOYSA-N,VLKZOEOYAKHREP-UHFFFAOYSA-N,DTOSIQBPPRVQHS-PDBXOOCHSA-N,323.26,solute,2597
VLKZOEOYAKHREP-UHFFFAOYSA-N:2598,VLKZOEOYAKHREP-UHFFFAOYSA-N,VLKZOEOYAKHREP-UHFFFAOYSA-N,GHVNFZFCNZKVNT-UHFFFAOYSA-N,314.1,solute,2598
VLKZOEOYAKHREP-UHFFFAOYSA-N:2599,VLKZOEOYAKHREP-UHFFFAOYSA-N,VLKZOEOYAKHREP-UHFFFAOYSA-N,GHVNFZFCNZKVNT-UHFFFAOYSA-N,314.24,solute,2599
VLKZOEOYAKHREP-UHFFFAOYSA-N:2600,VLKZOEOYAKHREP-UHFFFAOYSA-N,VLKZOEOYAKHREP-UHFFFAOYSA-N,GHVNFZFCNZKVNT-UHFFFAOYSA-N,333.26,solute,2600
VLKZOEOYAKHREP-UHFFFAOYSA-N:2601,VLKZOEOYAKHREP-UHFFFAOYSA-N,VLKZOEOYAKHREP-UHFFFAOYSA-N,GHVNFZFCNZKVNT-UHFFFAOYSA-N,333.38,solute,2601
VLKZOEOYAKHREP-UHFFFAOYSA-N:2602,VLKZOEOYAKHREP-UHFFFAOYSA-N,VLKZOEOYAKHREP-UHFFFAOYSA-N,GHVNFZFCNZKVNT-UHFFFAOYSA-N,353.3,solute,2602
VLKZOEOYAKHREP-UHFFFAOYSA-N:2603,VLKZOEOYAKHREP-UHFFFAOYSA-N,VLKZOEOYAKHREP-UHFFFAOYSA-N,GLDOVTGHNKAZLK-UHFFFAOYSA-N,333.15,solute,2603
VLKZOEOYAKHREP-UHFFFAOYSA-N:2604,VLKZOEOYAKHREP-UHFFFAOYSA-N,VLKZOEOYAKHREP-UHFFFAOYSA-N,GLDOVTGHNKAZLK-UHFFFAOYSA-N,338.15,solute,2604
VLKZOEOYAKHREP-UHFFFAOYSA-N:2605,VLKZOEOYAKHREP-UHFFFAOYSA-N,VLKZOEOYAKHREP-UHFFFAOYSA-N,GLDOVTGHNKAZLK-UHFFFAOYSA-N,343.15,solute,2605
VLKZOEOYAKHREP-UHFFFAOYSA-N:2606,VLKZOEOYAKHREP-UHFFFAOYSA-N,VLKZOEOYAKHREP-UHFFFAOYSA-N,GLDOVTGHNKAZLK-UHFFFAOYSA-N,348.15,solute,2606
VLKZOEOYAKHREP-UHFFFAOYSA-N:2607,VLKZOEOYAKHREP-UHFFFAOYSA-N,VLKZOEOYAKHREP-UHFFFAOYSA-N,GLDOVTGHNKAZLK-UHFFFAOYSA-N,353.15,solute,2607
VLKZOEOYAKHREP-UHFFFAOYSA-N:2608,VLKZOEOYAKHREP-UHFFFAOYSA-N,VLKZOEOYAKHREP-UHFFFAOYSA-N,HLZKNKRTKFSKGZ-UHFFFAOYSA-N,331.8,solute,2608
VLKZOEOYAKHREP-UHFFFAOYSA-N:2609,VLKZOEOYAKHREP-UHFFFAOYSA-N,VLKZOEOYAKHREP-UHFFFAOYSA-N,HLZKNKRTKFSKGZ-UHFFFAOYSA-N,353.0,solute,2609
VLKZOEOYAKHREP-UHFFFAOYSA-N:2610,VLKZOEOYAKHREP-UHFFFAOYSA-N,VLKZOEOYAKHREP-UHFFFAOYSA-N,HYBBIBNJHNGZAN-UHFFFAOYSA-N,298.15,solute,2610
VLKZOEOYAKHREP-UHFFFAOYSA-N:2611,VLKZOEOYAKHREP-UHFFFAOYSA-N,VLKZOEOYAKHREP-UHFFFAOYSA-N,HYBBIBNJHNGZAN-UHFFFAOYSA-N,298.15,solute,2611
VLKZOEOYAKHREP-UHFFFAOYSA-N:2612,VLKZOEOYAKHREP-UHFFFAOYSA-N,VLKZOEOYAKHREP-UHFFFAOYSA-N,HYBBIBNJHNGZAN-UHFFFAOYSA-N,308.15,solute,2612
VLKZOEOYAKHREP-UHFFFAOYSA-N:2613,VLKZOEOYAKHREP-UHFFFAOYSA-N,VLKZOEOYAKHREP-UHFFFAOYSA-N,HYBBIBNJHNGZAN-UHFFFAOYSA-N,308.15,solute,2613
VLKZOEOYAKHREP-UHFFFAOYSA-N:2614,VLKZOEOYAKHREP-UHFFFAOYSA-N,VLKZOEOYAKHREP-UHFFFAOYSA-N,HYBBIBNJHNGZAN-UHFFFAOYSA-N,318.15,solute,2614
VLKZOEOYAKHREP-UHFFFAOYSA-N:2615,VLKZOEOYAKHREP-UHFFFAOYSA-N,VLKZOEOYAKHREP-UHFFFAOYSA-N,HYBBIBNJHNGZAN-UHFFFAOYSA-N,318.15,solute,2615
VLKZOEOYAKHREP-UHFFFAOYSA-N:2616,VLKZOEOYAKHREP-UHFFFAOYSA-N,VLKZOEOYAKHREP-UHFFFAOYSA-N,IPCSVZSSVZVIGE-UHFFFAOYSA-N,340.19,solute,2616
VLKZOEOYAKHREP-UHFFFAOYSA-N:2617,VLKZOEOYAKHREP-UHFFFAOYSA-N,VLKZOEOYAKHREP-UHFFFAOYSA-N,IPCSVZSSVZVIGE-UHFFFAOYSA-N,348.01,solute,2617
VLKZOEOYAKHREP-UHFFFAOYSA-N:2618,VLKZOEOYAKHREP-UHFFFAOYSA-N,VLKZOEOYAKHREP-UHFFFAOYSA-N,IPCSVZSSVZVIGE-UHFFFAOYSA-N,358.22,solute,2618
VLKZOEOYAKHREP-UHFFFAOYSA-N:2619,VLKZOEOYAKHREP-UHFFFAOYSA-N,VLKZOEOYAKHREP-UHFFFAOYSA-N,LQZZUXJYWNFBMV-UHFFFAOYSA-N,312.7,solute,2619
VLKZOEOYAKHREP-UHFFFAOYSA-N:2620,VLKZOEOYAKHREP-UHFFFAOYSA-N,VLKZOEOYAKHREP-UHFFFAOYSA-N,LQZZUXJYWNFBMV-UHFFFAOYSA-N,332.1,solute,2620
VLKZOEOYAKHREP-UHFFFAOYSA-N:2621,VLKZOEOYAKHREP-UHFFFAOYSA-N,VLKZOEOYAKHREP-UHFFFAOYSA-N,LQZZUXJYWNFBMV-UHFFFAOYSA-N,353.2,solute,2621
VLKZOEOYAKHREP-UHFFFAOYSA-N:2622,VLKZOEOYAKHREP-UHFFFAOYSA-N,VLKZOEOYAKHREP-UHFFFAOYSA-N,LYCAIKOWRPUZTN-UHFFFAOYSA-N,303.15,solute,2622
VLKZOEOYAKHREP-UHFFFAOYSA-N:2623,VLKZOEOYAKHREP-UHFFFAOYSA-N,VLKZOEOYAKHREP-UHFFFAOYSA-N,LYCAIKOWRPUZTN-UHFFFAOYSA-N,323.15,solute,2623
VLKZOEOYAKHREP-UHFFFAOYSA-N:2624,VLKZOEOYAKHREP-UHFFFAOYSA-N,VLKZOEOYAKHREP-UHFFFAOYSA-N,LYCAIKOWRPUZTN-UHFFFAOYSA-N,332.1,solute,2624
VLKZOEOYAKHREP-UHFFFAOYSA-N:2625,VLKZOEOYAKHREP-UHFFFAOYSA-N,VLKZOEOYAKHREP-UHFFFAOYSA-N,LYCAIKOWRPUZTN-UHFFFAOYSA-N,353.5,solute,2625
VLKZOEOYAKHREP-UHFFFAOYSA-N:2626,VLKZOEOYAKHREP-UHFFFAOYSA-N,VLKZOEOYAKHREP-UHFFFAOYSA-N,MTHSVFCYNBDYFN-UHFFFAOYSA-N,304.15,solute,2626
VLKZOEOYAKHREP-UHFFFAOYSA-N:2627,VLKZOEOYAKHREP-UHFFFAOYSA-N,VLKZOEOYAKHREP-UHFFFAOYSA-N,MTHSVFCYNBDYFN-UHFFFAOYSA-N,313.15,solute,2627
VLKZOEOYAKHREP-UHFFFAOYSA-N:2628,VLKZOEOYAKHREP-UHFFFAOYSA-N,VLKZOEOYAKHREP-UHFFFAOYSA-N,MTHSVFCYNBDYFN-UHFFFAOYSA-N,323.15,solute,2628
VLKZOEOYAKHREP-UHFFFAOYSA-N:2629,VLKZOEOYAKHREP-UHFFFAOYSA-N,VLKZOEOYAKHREP-UHFFFAOYSA-N,MTHSVFCYNBDYFN-UHFFFAOYSA-N,333.2,solute,2629
VLKZOEOYAKHREP-UHFFFAOYSA-N:2630,VLKZOEOYAKHREP-UHFFFAOYSA-N,VLKZOEOYAKHREP-UHFFFAOYSA-N,MTHSVFCYNBDYFN-UHFFFAOYSA-N,348.2,solute,2630
VLKZOEOYAKHREP-UHFFFAOYSA-N:2631,VLKZOEOYAKHREP-UHFFFAOYSA-N,VLKZOEOYAKHREP-UHFFFAOYSA-N,MTHSVFCYNBDYFN-UHFFFAOYSA-N,363.2,solute,2631
VLKZOEOYAKHREP-UHFFFAOYSA-N:2632,VLKZOEOYAKHREP-UHFFFAOYSA-N,VLKZOEOYAKHREP-UHFFFAOYSA-N,MWKFXSUHUHTGQN-UHFFFAOYSA-N,312.6,solute,2632
VLKZOEOYAKHREP-UHFFFAOYSA-N:2633,VLKZOEOYAKHREP-UHFFFAOYSA-N,VLKZOEOYAKHREP-UHFFFAOYSA-N,MWKFXSUHUHTGQN-UHFFFAOYSA-N,331.7,solute,2633
VLKZOEOYAKHREP-UHFFFAOYSA-N:2634,VLKZOEOYAKHREP-UHFFFAOYSA-N,VLKZOEOYAKHREP-UHFFFAOYSA-N,MWKFXSUHUHTGQN-UHFFFAOYSA-N,352.9,solute,2634
VLKZOEOYAKHREP-UHFFFAOYSA-N:2635,VLKZOEOYAKHREP-UHFFFAOYSA-N,VLKZOEOYAKHREP-UHFFFAOYSA-N,OYHQOLUKZRVURQ-HZJYTTRNSA-N,338.28,solute,2635
VLKZOEOYAKHREP-UHFFFAOYSA-N:2636,VLKZOEOYAKHREP-UHFFFAOYSA-N,VLKZOEOYAKHREP-UHFFFAOYSA-N,OYHQOLUKZRVURQ-HZJYTTRNSA-N,348.31,solute,2636
VLKZOEOYAKHREP-UHFFFAOYSA-N:2637,VLKZOEOYAKHREP-UHFFFAOYSA-N,VLKZOEOYAKHREP-UHFFFAOYSA-N,OYHQOLUKZRVURQ-HZJYTTRNSA-N,348.28,solute,2637
VLKZOEOYAKHREP-UHFFFAOYSA-N:2638,VLKZOEOYAKHREP-UHFFFAOYSA-N,VLKZOEOYAKHREP-UHFFFAOYSA-N,OYHQOLUKZRVURQ-HZJYTTRNSA-N,358.3,solute,2638
VLKZOEOYAKHREP-UHFFFAOYSA-N:2639,VLKZOEOYAKHREP-UHFFFAOYSA-N,VLKZOEOYAKHREP-UHFFFAOYSA-N,PEDCQBHIVMGVHV-UHFFFAOYSA-N,303.15,solute,2639
VLKZOEOYAKHREP-UHFFFAOYSA-N:2640,VLKZOEOYAKHREP-UHFFFAOYSA-N,VLKZOEOYAKHREP-UHFFFAOYSA-N,PEDCQBHIVMGVHV-UHFFFAOYSA-N,313.15,solute,2640
VLKZOEOYAKHREP-UHFFFAOYSA-N:2641,VLKZOEOYAKHREP-UHFFFAOYSA-N,VLKZOEOYAKHREP-UHFFFAOYSA-N,PEDCQBHIVMGVHV-UHFFFAOYSA-N,323.15,solute,2641
VLKZOEOYAKHREP-UHFFFAOYSA-N:2642,VLKZOEOYAKHREP-UHFFFAOYSA-N,VLKZOEOYAKHREP-UHFFFAOYSA-N,PEDCQBHIVMGVHV-UHFFFAOYSA-N,333.15,solute,2642
VLKZOEOYAKHREP-UHFFFAOYSA-N:2643,VLKZOEOYAKHREP-UHFFFAOYSA-N,VLKZOEOYAKHREP-UHFFFAOYSA-N,PEDCQBHIVMGVHV-UHFFFAOYSA-N,343.15,solute,2643
VLKZOEOYAKHREP-UHFFFAOYSA-N:2644,VLKZOEOYAKHREP-UHFFFAOYSA-N,VLKZOEOYAKHREP-UHFFFAOYSA-N,POULHZVOKOAJMA-UHFFFAOYSA-N,314.24,solute,2644
VLKZOEOYAKHREP-UHFFFAOYSA-N:2645,VLKZOEOYAKHREP-UHFFFAOYSA-N,VLKZOEOYAKHREP-UHFFFAOYSA-N,POULHZVOKOAJMA-UHFFFAOYSA-N,333.26,solute,2645
VLKZOEOYAKHREP-UHFFFAOYSA-N:2646,VLKZOEOYAKHREP-UHFFFAOYSA-N,VLKZOEOYAKHREP-UHFFFAOYSA-N,POULHZVOKOAJMA-UHFFFAOYSA-N,333.38,solute,2646
VLKZOEOYAKHREP-UHFFFAOYSA-N:2647,VLKZOEOYAKHREP-UHFFFAOYSA-N,VLKZOEOYAKHREP-UHFFFAOYSA-N,POULHZVOKOAJMA-UHFFFAOYSA-N,353.25,solute,2647
VLKZOEOYAKHREP-UHFFFAOYSA-N:2648,VLKZOEOYAKHREP-UHFFFAOYSA-N,VLKZOEOYAKHREP-UHFFFAOYSA-N,PWGJDPKCLMLPJW-UHFFFAOYSA-N,328.15,solute,2648
VLKZOEOYAKHREP-UHFFFAOYSA-N:2649,VLKZOEOYAKHREP-UHFFFAOYSA-N,VLKZOEOYAKHREP-UHFFFAOYSA-N,PWGJDPKCLMLPJW-UHFFFAOYSA-N,338.15,solute,2649
VLKZOEOYAKHREP-UHFFFAOYSA-N:2650,VLKZOEOYAKHREP-UHFFFAOYSA-N,VLKZOEOYAKHREP-UHFFFAOYSA-N,PWGJDPKCLMLPJW-UHFFFAOYSA-N,343.15,solute,2650
VLKZOEOYAKHREP-UHFFFAOYSA-N:2651,VLKZOEOYAKHREP-UHFFFAOYSA-N,VLKZOEOYAKHREP-UHFFFAOYSA-N,PWGJDPKCLMLPJW-UHFFFAOYSA-N,348.15,solute,2651
VLKZOEOYAKHREP-UHFFFAOYSA-N:2656,VLKZOEOYAKHREP-UHFFFAOYSA-N,VLKZOEOYAKHREP-UHFFFAOYSA-N,QIQXTHQIDYTFRH-UHFFFAOYSA-N,349.47,solute,2656
VLKZOEOYAKHREP-UHFFFAOYSA-N:2657,VLKZOEOYAKHREP-UHFFFAOYSA-N,VLKZOEOYAKHREP-UHFFFAOYSA-N,QIQXTHQIDYTFRH-UHFFFAOYSA-N,358.4,solute,2657
VLKZOEOYAKHREP-UHFFFAOYSA-N:2658,VLKZOEOYAKHREP-UHFFFAOYSA-N,VLKZOEOYAKHREP-UHFFFAOYSA-N,QIQXTHQIDYTFRH-UHFFFAOYSA-N,368.13,solute,2658
VLKZOEOYAKHREP-UHFFFAOYSA-N:2659,VLKZOEOYAKHREP-UHFFFAOYSA-N,VLKZOEOYAKHREP-UHFFFAOYSA-N,SECXISVLQFMRJM-UHFFFAOYSA-N,333.2,solute,2659
VLKZOEOYAKHREP-UHFFFAOYSA-N:2660,VLKZOEOYAKHREP-UHFFFAOYSA-N,VLKZOEOYAKHREP-UHFFFAOYSA-N,SECXISVLQFMRJM-UHFFFAOYSA-N,348.2,solute,2660
VLKZOEOYAKHREP-UHFFFAOYSA-N:2661,VLKZOEOYAKHREP-UHFFFAOYSA-N,VLKZOEOYAKHREP-UHFFFAOYSA-N,SECXISVLQFMRJM-UHFFFAOYSA-N,363.2,solute,2661
VLKZOEOYAKHREP-UHFFFAOYSA-N:2662,VLKZOEOYAKHREP-UHFFFAOYSA-N,VLKZOEOYAKHREP-UHFFFAOYSA-N,TUNFSRHWOTWDNC-UHFFFAOYSA-N,338.27,solute,2662
VLKZOEOYAKHREP-UHFFFAOYSA-N:2663,VLKZOEOYAKHREP-UHFFFAOYSA-N,VLKZOEOYAKHREP-UHFFFAOYSA-N,TUNFSRHWOTWDNC-UHFFFAOYSA-N,348.3,solute,2663
VLKZOEOYAKHREP-UHFFFAOYSA-N:2664,VLKZOEOYAKHREP-UHFFFAOYSA-N,VLKZOEOYAKHREP-UHFFFAOYSA-N,TUNFSRHWOTWDNC-UHFFFAOYSA-N,358.33,solute,2664
VLKZOEOYAKHREP-UHFFFAOYSA-N:2665,VLKZOEOYAKHREP-UHFFFAOYSA-N,VLKZOEOYAKHREP-UHFFFAOYSA-N,XNWFRZJHXBZDAG-UHFFFAOYSA-N,298.0,solute,2665
VLKZOEOYAKHREP-UHFFFAOYSA-N:2666,VLKZOEOYAKHREP-UHFFFAOYSA-N,VLKZOEOYAKHREP-UHFFFAOYSA-N,YPFDHNVEDLHUCE-UHFFFAOYSA-N,312.1,solute,2666
VLKZOEOYAKHREP-UHFFFAOYSA-N:2667,VLKZOEOYAKHREP-UHFFFAOYSA-N,VLKZOEOYAKHREP-UHFFFAOYSA-N,YPFDHNVEDLHUCE-UHFFFAOYSA-N,333.1,solute,2667
VLKZOEOYAKHREP-UHFFFAOYSA-N:2668,VLKZOEOYAKHREP-UHFFFAOYSA-N,VLKZOEOYAKHREP-UHFFFAOYSA-N,YPFDHNVEDLHUCE-UHFFFAOYSA-N,352.1,solute,2668
VLKZOEOYAKHREP-UHFFFAOYSA-N:2672,VLKZOEOYAKHREP-UHFFFAOYSA-N,VLKZOEOYAKHREP-UHFFFAOYSA-N,ZIBGPFATKBEMQZ-UHFFFAOYSA-N,333.2,solute,2672
VLKZOEOYAKHREP-UHFFFAOYSA-N:2673,VLKZOEOYAKHREP-UHFFFAOYSA-N,VLKZOEOYAKHREP-UHFFFAOYSA-N,ZIBGPFATKBEMQZ-UHFFFAOYSA-N,348.2,solute,2673
VLKZOEOYAKHREP-UHFFFAOYSA-N:2674,VLKZOEOYAKHREP-UHFFFAOYSA-N,VLKZOEOYAKHREP-UHFFFAOYSA-N,ZIBGPFATKBEMQZ-UHFFFAOYSA-N,363.2,solute,2674
VLKZOEOYAKHREP-UHFFFAOYSA-N:2675,VLKZOEOYAKHREP-UHFFFAOYSA-N,VLKZOEOYAKHREP-UHFFFAOYSA-N,ZQPPMHVWECSIRJ-KTKRTIGZSA-N,338.36,solute,2675
VLKZOEOYAKHREP-UHFFFAOYSA-N:2676,VLKZOEOYAKHREP-UHFFFAOYSA-N,VLKZOEOYAKHREP-UHFFFAOYSA-N,ZQPPMHVWECSIRJ-KTKRTIGZSA-N,348.29,solute,2676
VLKZOEOYAKHREP-UHFFFAOYSA-N:2677,VLKZOEOYAKHREP-UHFFFAOYSA-N,VLKZOEOYAKHREP-UHFFFAOYSA-N,ZQPPMHVWECSIRJ-KTKRTIGZSA-N,348.36,solute,2677
VLKZOEOYAKHREP-UHFFFAOYSA-N:2678,VLKZOEOYAKHREP-UHFFFAOYSA-N,VLKZOEOYAKHREP-UHFFFAOYSA-N,ZQPPMHVWECSIRJ-KTKRTIGZSA-N,358.28,solute,2678
BDERNNFJNOPAEC-UHFFFAOYSA-N:54,BDERNNFJNOPAEC-UHFFFAOYSA-N,ATUOYWHBWRKTHZ-UHFFFAOYSA-N,BDERNNFJNOPAEC-UHFFFAOYSA-N,259.98,solvent,54
BDERNNFJNOPAEC-UHFFFAOYSA-N:55,BDERNNFJNOPAEC-UHFFFAOYSA-N,ATUOYWHBWRKTHZ-UHFFFAOYSA-N,BDERNNFJNOPAEC-UHFFFAOYSA-N,279.96,solvent,55
BDERNNFJNOPAEC-UHFFFAOYSA-N:56,BDERNNFJNOPAEC-UHFFFAOYSA-N,ATUOYWHBWRKTHZ-UHFFFAOYSA-N,BDERNNFJNOPAEC-UHFFFAOYSA-N,299.96,solvent,56
BDERNNFJNOPAEC-UHFFFAOYSA-N:57,BDERNNFJNOPAEC-UHFFFAOYSA-N,ATUOYWHBWRKTHZ-UHFFFAOYSA-N,BDERNNFJNOPAEC-UHFFFAOYSA-N,320.03,solvent,57
BDERNNFJNOPAEC-UHFFFAOYSA-N:58,BDERNNFJNOPAEC-UHFFFAOYSA-N,ATUOYWHBWRKTHZ-UHFFFAOYSA-N,BDERNNFJNOPAEC-UHFFFAOYSA-N,339.95,solvent,58
BDERNNFJNOPAEC-UHFFFAOYSA-N:122,BDERNNFJNOPAEC-UHFFFAOYSA-N,BDERNNFJNOPAEC-UHFFFAOYSA-N,BTFJIXJJCSYFAL-UHFFFAOYSA-N,338.15,solute,122
BDERNNFJNOPAEC-UHFFFAOYSA-N:123,BDERNNFJNOPAEC-UHFFFAOYSA-N,BDERNNFJNOPAEC-UHFFFAOYSA-N,BTFJIXJJCSYFAL-UHFFFAOYSA-N,343.15,solute,123
BDERNNFJNOPAEC-UHFFFAOYSA-N:124,BDERNNFJNOPAEC-UHFFFAOYSA-N,BDERNNFJNOPAEC-UHFFFAOYSA-N,BTFJIXJJCSYFAL-UHFFFAOYSA-N,348.15,solute,124
BDERNNFJNOPAEC-UHFFFAOYSA-N:125,BDERNNFJNOPAEC-UHFFFAOYSA-N,BDERNNFJNOPAEC-UHFFFAOYSA-N,BTFJIXJJCSYFAL-UHFFFAOYSA-N,353.15,solute,125
BDERNNFJNOPAEC-UHFFFAOYSA-N:126,BDERNNFJNOPAEC-UHFFFAOYSA-N,BDERNNFJNOPAEC-UHFFFAOYSA-N,DTOSIQBPPRVQHS-PDBXOOCHSA-N,323.26,solute,126
BDERNNFJNOPAEC-UHFFFAOYSA-N:127,BDERNNFJNOPAEC-UHFFFAOYSA-N,BDERNNFJNOPAEC-UHFFFAOYSA-N,GHVNFZFCNZKVNT-UHFFFAOYSA-N,314.1,solute,127
BDERNNFJNOPAEC-UHFFFAOYSA-N:128,BDERNNFJNOPAEC-UHFFFAOYSA-N,BDERNNFJNOPAEC-UHFFFAOYSA-N,GHVNFZFCNZKVNT-UHFFFAOYSA-N,314.24,solute,128
BDERNNFJNOPAEC-UHFFFAOYSA-N:129,BDERNNFJNOPAEC-UHFFFAOYSA-N,BDERNNFJNOPAEC-UHFFFAOYSA-N,GHVNFZFCNZKVNT-UHFFFAOYSA-N,333.26,solute,129
BDERNNFJNOPAEC-UHFFFAOYSA-N:130,BDERNNFJNOPAEC-UHFFFAOYSA-N,BDERNNFJNOPAEC-UHFFFAOYSA-N,GHVNFZFCNZKVNT-UHFFFAOYSA-N,333.38,solute,130
BDERNNFJNOPAEC-UHFFFAOYSA-N:131,BDERNNFJNOPAEC-UHFFFAOYSA-N,BDERNNFJNOPAEC-UHFFFAOYSA-N,GHVNFZFCNZKVNT-UHFFFAOYSA-N,353.25,solute,131
BDERNNFJNOPAEC-UHFFFAOYSA-N:132,BDERNNFJNOPAEC-UHFFFAOYSA-N,BDERNNFJNOPAEC-UHFFFAOYSA-N,GHVNFZFCNZKVNT-UHFFFAOYSA-N,353.3,solute,132
BDERNNFJNOPAEC-UHFFFAOYSA-N:133,BDERNNFJNOPAEC-UHFFFAOYSA-N,BDERNNFJNOPAEC-UHFFFAOYSA-N,GLDOVTGHNKAZLK-UHFFFAOYSA-N,333.15,solute,133
BDERNNFJNOPAEC-UHFFFAOYSA-N:134,BDERNNFJNOPAEC-UHFFFAOYSA-N,BDERNNFJNOPAEC-UHFFFAOYSA-N,GLDOVTGHNKAZLK-UHFFFAOYSA-N,338.15,solute,134
BDERNNFJNOPAEC-UHFFFAOYSA-N:135,BDERNNFJNOPAEC-UHFFFAOYSA-N,BDERNNFJNOPAEC-UHFFFAOYSA-N,GLDOVTGHNKAZLK-UHFFFAOYSA-N,343.15,solute,135
BDERNNFJNOPAEC-UHFFFAOYSA-N:136,BDERNNFJNOPAEC-UHFFFAOYSA-N,BDERNNFJNOPAEC-UHFFFAOYSA-N,GLDOVTGHNKAZLK-UHFFFAOYSA-N,348.15,solute,136
BDERNNFJNOPAEC-UHFFFAOYSA-N:137,BDERNNFJNOPAEC-UHFFFAOYSA-N,BDERNNFJNOPAEC-UHFFFAOYSA-N,GLDOVTGHNKAZLK-UHFFFAOYSA-N,353.15,solute,137
BDERNNFJNOPAEC-UHFFFAOYSA-N:138,BDERNNFJNOPAEC-UHFFFAOYSA-N,BDERNNFJNOPAEC-UHFFFAOYSA-N,IMNFDUFMRHMDMM-UHFFFAOYSA-N,303.15,solute,138
BDERNNFJNOPAEC-UHFFFAOYSA-N:139,BDERNNFJNOPAEC-UHFFFAOYSA-N,BDERNNFJNOPAEC-UHFFFAOYSA-N,IMNFDUFMRHMDMM-UHFFFAOYSA-N,313.15,solute,139
BDERNNFJNOPAEC-UHFFFAOYSA-N:140,BDERNNFJNOPAEC-UHFFFAOYSA-N,BDERNNFJNOPAEC-UHFFFAOYSA-N,IMNFDUFMRHMDMM-UHFFFAOYSA-N,323.15,solute,140
BDERNNFJNOPAEC-UHFFFAOYSA-N:141,BDERNNFJNOPAEC-UHFFFAOYSA-N,BDERNNFJNOPAEC-UHFFFAOYSA-N,IMNFDUFMRHMDMM-UHFFFAOYSA-N,333.15,solute,141
BDERNNFJNOPAEC-UHFFFAOYSA-N:142,BDERNNFJNOPAEC-UHFFFAOYSA-N,BDERNNFJNOPAEC-UHFFFAOYSA-N,IMNFDUFMRHMDMM-UHFFFAOYSA-N,343.15,solute,142
BDERNNFJNOPAEC-UHFFFAOYSA-N:143,BDERNNFJNOPAEC-UHFFFAOYSA-N,BDERNNFJNOPAEC-UHFFFAOYSA-N,IPCSVZSSVZVIGE-UHFFFAOYSA-N,340.19,solute,143
BDERNNFJNOPAEC-UHFFFAOYSA-N:144,BDERNNFJNOPAEC-UHFFFAOYSA-N,BDERNNFJNOPAEC-UHFFFAOYSA-N,IPCSVZSSVZVIGE-UHFFFAOYSA-N,348.01,solute,144
BDERNNFJNOPAEC-UHFFFAOYSA-N:145,BDERNNFJNOPAEC-UHFFFAOYSA-N,BDERNNFJNOPAEC-UHFFFAOYSA-N,IPCSVZSSVZVIGE-UHFFFAOYSA-N,358.32,solute,145
BDERNNFJNOPAEC-UHFFFAOYSA-N:146,BDERNNFJNOPAEC-UHFFFAOYSA-N,BDERNNFJNOPAEC-UHFFFAOYSA-N,MTHSVFCYNBDYFN-UHFFFAOYSA-N,333.2,solute,146
BDERNNFJNOPAEC-UHFFFAOYSA-N:147,BDERNNFJNOPAEC-UHFFFAOYSA-N,BDERNNFJNOPAEC-UHFFFAOYSA-N,MTHSVFCYNBDYFN-UHFFFAOYSA-N,348.2,solute,147
BDERNNFJNOPAEC-UHFFFAOYSA-N:148,BDERNNFJNOPAEC-UHFFFAOYSA-N,BDERNNFJNOPAEC-UHFFFAOYSA-N,MTHSVFCYNBDYFN-UHFFFAOYSA-N,363.2,solute,148
BDERNNFJNOPAEC-UHFFFAOYSA-N:149,BDERNNFJNOPAEC-UHFFFAOYSA-N,BDERNNFJNOPAEC-UHFFFAOYSA-N,OYHQOLUKZRVURQ-HZJYTTRNSA-N,338.28,solute,149
BDERNNFJNOPAEC-UHFFFAOYSA-N:150,BDERNNFJNOPAEC-UHFFFAOYSA-N,BDERNNFJNOPAEC-UHFFFAOYSA-N,OYHQOLUKZRVURQ-HZJYTTRNSA-N,348.31,solute,150
BDERNNFJNOPAEC-UHFFFAOYSA-N:151,BDERNNFJNOPAEC-UHFFFAOYSA-N,BDERNNFJNOPAEC-UHFFFAOYSA-N,OYHQOLUKZRVURQ-HZJYTTRNSA-N,358.33,solute,151
BDERNNFJNOPAEC-UHFFFAOYSA-N:152,BDERNNFJNOPAEC-UHFFFAOYSA-N,BDERNNFJNOPAEC-UHFFFAOYSA-N,POULHZVOKOAJMA-UHFFFAOYSA-N,314.1,solute,152
BDERNNFJNOPAEC-UHFFFAOYSA-N:153,BDERNNFJNOPAEC-UHFFFAOYSA-N,BDERNNFJNOPAEC-UHFFFAOYSA-N,POULHZVOKOAJMA-UHFFFAOYSA-N,314.24,solute,153
BDERNNFJNOPAEC-UHFFFAOYSA-N:154,BDERNNFJNOPAEC-UHFFFAOYSA-N,BDERNNFJNOPAEC-UHFFFAOYSA-N,POULHZVOKOAJMA-UHFFFAOYSA-N,333.26,solute,154
BDERNNFJNOPAEC-UHFFFAOYSA-N:155,BDERNNFJNOPAEC-UHFFFAOYSA-N,BDERNNFJNOPAEC-UHFFFAOYSA-N,POULHZVOKOAJMA-UHFFFAOYSA-N,333.38,solute,155
BDERNNFJNOPAEC-UHFFFAOYSA-N:156,BDERNNFJNOPAEC-UHFFFAOYSA-N,BDERNNFJNOPAEC-UHFFFAOYSA-N,POULHZVOKOAJMA-UHFFFAOYSA-N,353.25,solute,156
BDERNNFJNOPAEC-UHFFFAOYSA-N:157,BDERNNFJNOPAEC-UHFFFAOYSA-N,BDERNNFJNOPAEC-UHFFFAOYSA-N,POULHZVOKOAJMA-UHFFFAOYSA-N,353.3,solute,157
BDERNNFJNOPAEC-UHFFFAOYSA-N:158,BDERNNFJNOPAEC-UHFFFAOYSA-N,BDERNNFJNOPAEC-UHFFFAOYSA-N,PWGJDPKCLMLPJW-UHFFFAOYSA-N,328.15,solute,158
BDERNNFJNOPAEC-UHFFFAOYSA-N:159,BDERNNFJNOPAEC-UHFFFAOYSA-N,BDERNNFJNOPAEC-UHFFFAOYSA-N,PWGJDPKCLMLPJW-UHFFFAOYSA-N,338.15,solute,159
BDERNNFJNOPAEC-UHFFFAOYSA-N:160,BDERNNFJNOPAEC-UHFFFAOYSA-N,BDERNNFJNOPAEC-UHFFFAOYSA-N,PWGJDPKCLMLPJW-UHFFFAOYSA-N,343.15,solute,160
BDERNNFJNOPAEC-UHFFFAOYSA-N:161,BDERNNFJNOPAEC-UHFFFAOYSA-N,BDERNNFJNOPAEC-UHFFFAOYSA-N,PWGJDPKCLMLPJW-UHFFFAOYSA-N,348.15,solute,161
BDERNNFJNOPAEC-UHFFFAOYSA-N:166,BDERNNFJNOPAEC-UHFFFAOYSA-N,BDERNNFJNOPAEC-UHFFFAOYSA-N,QIQXTHQIDYTFRH-UHFFFAOYSA-N,349.38,solute,166
BDERNNFJNOPAEC-UHFFFAOYSA-N:167,BDERNNFJNOPAEC-UHFFFAOYSA-N,BDERNNFJNOPAEC-UHFFFAOYSA-N,QIQXTHQIDYTFRH-UHFFFAOYSA-N,349.48,solute,167
BDERNNFJNOPAEC-UHFFFAOYSA-N:168,BDERNNFJNOPAEC-UHFFFAOYSA-N,BDERNNFJNOPAEC-UHFFFAOYSA-N,QIQXTHQIDYTFRH-UHFFFAOYSA-N,358.46,solute,168
BDERNNFJNOPAEC-UHFFFAOYSA-N:169,BDERNNFJNOPAEC-UHFFFAOYSA-N,BDERNNFJNOPAEC-UHFFFAOYSA-N,QIQXTHQIDYTFRH-UHFFFAOYSA-N,367.93,solute,169
BDERNNFJNOPAEC-UHFFFAOYSA-N:170,BDERNNFJNOPAEC-UHFFFAOYSA-N,BDERNNFJNOPAEC-UHFFFAOYSA-N,QIQXTHQIDYTFRH-UHFFFAOYSA-N,368.13,solute,170
BDERNNFJNOPAEC-UHFFFAOYSA-N:171,BDERNNFJNOPAEC-UHFFFAOYSA-N,BDERNNFJNOPAEC-UHFFFAOYSA-N,SECXISVLQFMRJM-UHFFFAOYSA-N,333.2,solute,171
BDERNNFJNOPAEC-UHFFFAOYSA-N:172,BDERNNFJNOPAEC-UHFFFAOYSA-N,BDERNNFJNOPAEC-UHFFFAOYSA-N,SECXISVLQFMRJM-UHFFFAOYSA-N,348.2,solute,172
BDERNNFJNOPAEC-UHFFFAOYSA-N:173,BDERNNFJNOPAEC-UHFFFAOYSA-N,BDERNNFJNOPAEC-UHFFFAOYSA-N,SECXISVLQFMRJM-UHFFFAOYSA-N,363.2,solute,173
BDERNNFJNOPAEC-UHFFFAOYSA-N:174,BDERNNFJNOPAEC-UHFFFAOYSA-N,BDERNNFJNOPAEC-UHFFFAOYSA-N,TUNFSRHWOTWDNC-UHFFFAOYSA-N,314.1,solute,174
BDERNNFJNOPAEC-UHFFFAOYSA-N:175,BDERNNFJNOPAEC-UHFFFAOYSA-N,BDERNNFJNOPAEC-UHFFFAOYSA-N,TUNFSRHWOTWDNC-UHFFFAOYSA-N,314.24,solute,175
BDERNNFJNOPAEC-UHFFFAOYSA-N:176,BDERNNFJNOPAEC-UHFFFAOYSA-N,BDERNNFJNOPAEC-UHFFFAOYSA-N,TUNFSRHWOTWDNC-UHFFFAOYSA-N,333.26,solute,176
BDERNNFJNOPAEC-UHFFFAOYSA-N:177,BDERNNFJNOPAEC-UHFFFAOYSA-N,BDERNNFJNOPAEC-UHFFFAOYSA-N,TUNFSRHWOTWDNC-UHFFFAOYSA-N,333.38,solute,177
BDERNNFJNOPAEC-UHFFFAOYSA-N:178,BDERNNFJNOPAEC-UHFFFAOYSA-N,BDERNNFJNOPAEC-UHFFFAOYSA-N,TUNFSRHWOTWDNC-UHFFFAOYSA-N,353.25,solute,178
BDERNNFJNOPAEC-UHFFFAOYSA-N:179,BDERNNFJNOPAEC-UHFFFAOYSA-N,BDERNNFJNOPAEC-UHFFFAOYSA-N,TUNFSRHWOTWDNC-UHFFFAOYSA-N,353.3,solute,179
BDERNNFJNOPAEC-UHFFFAOYSA-N:180,BDERNNFJNOPAEC-UHFFFAOYSA-N,BDERNNFJNOPAEC-UHFFFAOYSA-N,TVMXDCGIABBOFY-UHFFFAOYSA-N,303.15,solute,180
BDERNNFJNOPAEC-UHFFFAOYSA-N:181,BDERNNFJNOPAEC-UHFFFAOYSA-N,BDERNNFJNOPAEC-UHFFFAOYSA-N,TVMXDCGIABBOFY-UHFFFAOYSA-N,313.15,solute,181
BDERNNFJNOPAEC-UHFFFAOYSA-N:182,BDERNNFJNOPAEC-UHFFFAOYSA-N,BDERNNFJNOPAEC-UHFFFAOYSA-N,TVMXDCGIABBOFY-UHFFFAOYSA-N,323.15,solute,182
BDERNNFJNOPAEC-UHFFFAOYSA-N:183,BDERNNFJNOPAEC-UHFFFAOYSA-N,BDERNNFJNOPAEC-UHFFFAOYSA-N,TVMXDCGIABBOFY-UHFFFAOYSA-N,333.15,solute,183
BDERNNFJNOPAEC-UHFFFAOYSA-N:184,BDERNNFJNOPAEC-UHFFFAOYSA-N,BDERNNFJNOPAEC-UHFFFAOYSA-N,TVMXDCGIABBOFY-UHFFFAOYSA-N,343.15,solute,184
BDERNNFJNOPAEC-UHFFFAOYSA-N:185,BDERNNFJNOPAEC-UHFFFAOYSA-N,BDERNNFJNOPAEC-UHFFFAOYSA-N,XLYOFNOQVPJJNP-UHFFFAOYSA-N,273.35,solute,185
BDERNNFJNOPAEC-UHFFFAOYSA-N:186,BDERNNFJNOPAEC-UHFFFAOYSA-N,BDERNNFJNOPAEC-UHFFFAOYSA-N,XLYOFNOQVPJJNP-UHFFFAOYSA-N,283.15,solute,186
BDERNNFJNOPAEC-UHFFFAOYSA-N:187,BDERNNFJNOPAEC-UHFFFAOYSA-N,BDERNNFJNOPAEC-UHFFFAOYSA-N,XLYOFNOQVPJJNP-UHFFFAOYSA-N,293.15,solute,187
BDERNNFJNOPAEC-UHFFFAOYSA-N:188,BDERNNFJNOPAEC-UHFFFAOYSA-N,BDERNNFJNOPAEC-UHFFFAOYSA-N,XLYOFNOQVPJJNP-UHFFFAOYSA-N,298.01,solute,188
BDERNNFJNOPAEC-UHFFFAOYSA-N:189,BDERNNFJNOPAEC-UHFFFAOYSA-N,BDERNNFJNOPAEC-UHFFFAOYSA-N,XLYOFNOQVPJJNP-UHFFFAOYSA-N,298.03,solute,189
BDERNNFJNOPAEC-UHFFFAOYSA-N:190,BDERNNFJNOPAEC-UHFFFAOYSA-N,BDERNNFJNOPAEC-UHFFFAOYSA-N,XLYOFNOQVPJJNP-UHFFFAOYSA-N,298.1,solute,190
BDERNNFJNOPAEC-UHFFFAOYSA-N:191,BDERNNFJNOPAEC-UHFFFAOYSA-N,BDERNNFJNOPAEC-UHFFFAOYSA-N,XLYOFNOQVPJJNP-UHFFFAOYSA-N,298.04,solute,191
BDERNNFJNOPAEC-UHFFFAOYSA-N:192,BDERNNFJNOPAEC-UHFFFAOYSA-N,BDERNNFJNOPAEC-UHFFFAOYSA-N,XLYOFNOQVPJJNP-UHFFFAOYSA-N,298.1,solute,192
BDERNNFJNOPAEC-UHFFFAOYSA-N:193,BDERNNFJNOPAEC-UHFFFAOYSA-N,BDERNNFJNOPAEC-UHFFFAOYSA-N,XLYOFNOQVPJJNP-UHFFFAOYSA-N,303.15,solute,193
BDERNNFJNOPAEC-UHFFFAOYSA-N:194,BDERNNFJNOPAEC-UHFFFAOYSA-N,BDERNNFJNOPAEC-UHFFFAOYSA-N,XLYOFNOQVPJJNP-UHFFFAOYSA-N,308.15,solute,194
BDERNNFJNOPAEC-UHFFFAOYSA-N:195,BDERNNFJNOPAEC-UHFFFAOYSA-N,BDERNNFJNOPAEC-UHFFFAOYSA-N,XLYOFNOQVPJJNP-UHFFFAOYSA-N,313.15,solute,195
BDERNNFJNOPAEC-UHFFFAOYSA-N:196,BDERNNFJNOPAEC-UHFFFAOYSA-N,BDERNNFJNOPAEC-UHFFFAOYSA-N,XLYOFNOQVPJJNP-UHFFFAOYSA-N,318.15,solute,196
BDERNNFJNOPAEC-UHFFFAOYSA-N:197,BDERNNFJNOPAEC-UHFFFAOYSA-N,BDERNNFJNOPAEC-UHFFFAOYSA-N,XLYOFNOQVPJJNP-UHFFFAOYSA-N,323.15,solute,197
BDERNNFJNOPAEC-UHFFFAOYSA-N:198,BDERNNFJNOPAEC-UHFFFAOYSA-N,BDERNNFJNOPAEC-UHFFFAOYSA-N,XLYOFNOQVPJJNP-UHFFFAOYSA-N,328.15,solute,198
BDERNNFJNOPAEC-UHFFFAOYSA-N:199,BDERNNFJNOPAEC-UHFFFAOYSA-N,BDERNNFJNOPAEC-UHFFFAOYSA-N,XLYOFNOQVPJJNP-UHFFFAOYSA-N,333.15,solute,199
BDERNNFJNOPAEC-UHFFFAOYSA-N:200,BDERNNFJNOPAEC-UHFFFAOYSA-N,BDERNNFJNOPAEC-UHFFFAOYSA-N,XLYOFNOQVPJJNP-UHFFFAOYSA-N,358.15,solute,200
BDERNNFJNOPAEC-UHFFFAOYSA-N:201,BDERNNFJNOPAEC-UHFFFAOYSA-N,BDERNNFJNOPAEC-UHFFFAOYSA-N,XLYOFNOQVPJJNP-UHFFFAOYSA-N,363.15,solute,201
BDERNNFJNOPAEC-UHFFFAOYSA-N:202,BDERNNFJNOPAEC-UHFFFAOYSA-N,BDERNNFJNOPAEC-UHFFFAOYSA-N,XLYOFNOQVPJJNP-UHFFFAOYSA-N,368.15,solute,202
BDERNNFJNOPAEC-UHFFFAOYSA-N:203,BDERNNFJNOPAEC-UHFFFAOYSA-N,BDERNNFJNOPAEC-UHFFFAOYSA-N,XLYOFNOQVPJJNP-UHFFFAOYSA-N,372.15,solute,203
BDERNNFJNOPAEC-UHFFFAOYSA-N:204,BDERNNFJNOPAEC-UHFFFAOYSA-N,BDERNNFJNOPAEC-UHFFFAOYSA-N,YNQLUTRBYVCPMQ-UHFFFAOYSA-N,293.15,solute,204
BDERNNFJNOPAEC-UHFFFAOYSA-N:205,BDERNNFJNOPAEC-UHFFFAOYSA-N,BDERNNFJNOPAEC-UHFFFAOYSA-N,YNQLUTRBYVCPMQ-UHFFFAOYSA-N,303.15,solute,205
BDERNNFJNOPAEC-UHFFFAOYSA-N:206,BDERNNFJNOPAEC-UHFFFAOYSA-N,BDERNNFJNOPAEC-UHFFFAOYSA-N,YNQLUTRBYVCPMQ-UHFFFAOYSA-N,313.15,solute,206
BDERNNFJNOPAEC-UHFFFAOYSA-N:207,BDERNNFJNOPAEC-UHFFFAOYSA-N,BDERNNFJNOPAEC-UHFFFAOYSA-N,YNQLUTRBYVCPMQ-UHFFFAOYSA-N,323.15,solute,207
BDERNNFJNOPAEC-UHFFFAOYSA-N:211,BDERNNFJNOPAEC-UHFFFAOYSA-N,BDERNNFJNOPAEC-UHFFFAOYSA-N,ZIBGPFATKBEMQZ-UHFFFAOYSA-N,333.2,solute,211
BDERNNFJNOPAEC-UHFFFAOYSA-N:212,BDERNNFJNOPAEC-UHFFFAOYSA-N,BDERNNFJNOPAEC-UHFFFAOYSA-N,ZIBGPFATKBEMQZ-UHFFFAOYSA-N,348.2,solute,212
BDERNNFJNOPAEC-UHFFFAOYSA-N:213,BDERNNFJNOPAEC-UHFFFAOYSA-N,BDERNNFJNOPAEC-UHFFFAOYSA-N,ZIBGPFATKBEMQZ-UHFFFAOYSA-N,363.2,solute,213
BDERNNFJNOPAEC-UHFFFAOYSA-N:593,BDERNNFJNOPAEC-UHFFFAOYSA-N,HRYZWHHZPQKTII-UHFFFAOYSA-N,BDERNNFJNOPAEC-UHFFFAOYSA-N,270.0,solvent,593
BDERNNFJNOPAEC-UHFFFAOYSA-N:594,BDERNNFJNOPAEC-UHFFFAOYSA-N,HRYZWHHZPQKTII-UHFFFAOYSA-N,BDERNNFJNOPAEC-UHFFFAOYSA-N,289.99,solvent,594
BDERNNFJNOPAEC-UHFFFAOYSA-N:595,BDERNNFJNOPAEC-UHFFFAOYSA-N,HRYZWHHZPQKTII-UHFFFAOYSA-N,BDERNNFJNOPAEC-UHFFFAOYSA-N,309.99,solvent,595
BDERNNFJNOPAEC-UHFFFAOYSA-N:596,BDERNNFJNOPAEC-UHFFFAOYSA-N,HRYZWHHZPQKTII-UHFFFAOYSA-N,BDERNNFJNOPAEC-UHFFFAOYSA-N,330.0,solvent,596
BDERNNFJNOPAEC-UHFFFAOYSA-N:698,BDERNNFJNOPAEC-UHFFFAOYSA-N,IAQRGUVFOMOMEM-ARJAWSKDSA-N,BDERNNFJNOPAEC-UHFFFAOYSA-N,270.0,solvent,698
BDERNNFJNOPAEC-UHFFFAOYSA-N:699,BDERNNFJNOPAEC-UHFFFAOYSA-N,IAQRGUVFOMOMEM-ARJAWSKDSA-N,BDERNNFJNOPAEC-UHFFFAOYSA-N,289.99,solvent,699
BDERNNFJNOPAEC-UHFFFAOYSA-N:700,BDERNNFJNOPAEC-UHFFFAOYSA-N,IAQRGUVFOMOMEM-ARJAWSKDSA-N,BDERNNFJNOPAEC-UHFFFAOYSA-N,309.99,solvent,700
BDERNNFJNOPAEC-UHFFFAOYSA-N:701,BDERNNFJNOPAEC-UHFFFAOYSA-N,IAQRGUVFOMOMEM-ARJAWSKDSA-N,BDERNNFJNOPAEC-UHFFFAOYSA-N,330.0,solvent,701
BDERNNFJNOPAEC-UHFFFAOYSA-N:799,BDERNNFJNOPAEC-UHFFFAOYSA-N,IAQRGUVFOMOMEM-ONEGZZNKSA-N,BDERNNFJNOPAEC-UHFFFAOYSA-N,260.02,solvent,799
BDERNNFJNOPAEC-UHFFFAOYSA-N:800,BDERNNFJNOPAEC-UHFFFAOYSA-N,IAQRGUVFOMOMEM-ONEGZZNKSA-N,BDERNNFJNOPAEC-UHFFFAOYSA-N,280.03,solvent,800
BDERNNFJNOPAEC-UHFFFAOYSA-N:801,BDERNNFJNOPAEC-UHFFFAOYSA-N,IAQRGUVFOMOMEM-ONEGZZNKSA-N,BDERNNFJNOPAEC-UHFFFAOYSA-N,299.99,solvent,801
BDERNNFJNOPAEC-UHFFFAOYSA-N:802,BDERNNFJNOPAEC-UHFFFAOYSA-N,IAQRGUVFOMOMEM-ONEGZZNKSA-N,BDERNNFJNOPAEC-UHFFFAOYSA-N,320.09,solvent,802
BDERNNFJNOPAEC-UHFFFAOYSA-N:803,BDERNNFJNOPAEC-UHFFFAOYSA-N,IAQRGUVFOMOMEM-ONEGZZNKSA-N,BDERNNFJNOPAEC-UHFFFAOYSA-N,340.06,solvent,803
BDERNNFJNOPAEC-UHFFFAOYSA-N:903,BDERNNFJNOPAEC-UHFFFAOYSA-N,IJDNQMDRQITEOD-UHFFFAOYSA-N,BDERNNFJNOPAEC-UHFFFAOYSA-N,260.05,solvent,903
BDERNNFJNOPAEC-UHFFFAOYSA-N:904,BDERNNFJNOPAEC-UHFFFAOYSA-N,IJDNQMDRQITEOD-UHFFFAOYSA-N,BDERNNFJNOPAEC-UHFFFAOYSA-N,280.05,solvent,904
BDERNNFJNOPAEC-UHFFFAOYSA-N:905,BDERNNFJNOPAEC-UHFFFAOYSA-N,IJDNQMDRQITEOD-UHFFFAOYSA-N,BDERNNFJNOPAEC-UHFFFAOYSA-N,299.99,solvent,905
BDERNNFJNOPAEC-UHFFFAOYSA-N:906,BDERNNFJNOPAEC-UHFFFAOYSA-N,IJDNQMDRQITEOD-UHFFFAOYSA-N,BDERNNFJNOPAEC-UHFFFAOYSA-N,320.05,solvent,906
BDERNNFJNOPAEC-UHFFFAOYSA-N:1120,BDERNNFJNOPAEC-UHFFFAOYSA-N,KAKZBPTYRLMSJV-UHFFFAOYSA-N,BDERNNFJNOPAEC-UHFFFAOYSA-N,260.02,solvent,1120
BDERNNFJNOPAEC-UHFFFAOYSA-N:1121,BDERNNFJNOPAEC-UHFFFAOYSA-N,KAKZBPTYRLMSJV-UHFFFAOYSA-N,BDERNNFJNOPAEC-UHFFFAOYSA-N,280.03,solvent,1121
BDERNNFJNOPAEC-UHFFFAOYSA-N:1122,BDERNNFJNOPAEC-UHFFFAOYSA-N,KAKZBPTYRLMSJV-UHFFFAOYSA-N,BDERNNFJNOPAEC-UHFFFAOYSA-N,299.99,solvent,1122
BDERNNFJNOPAEC-UHFFFAOYSA-N:1123,BDERNNFJNOPAEC-UHFFFAOYSA-N,KAKZBPTYRLMSJV-UHFFFAOYSA-N,BDERNNFJNOPAEC-UHFFFAOYSA-N,320.09,solvent,1123
BDERNNFJNOPAEC-UHFFFAOYSA-N:1124,BDERNNFJNOPAEC-UHFFFAOYSA-N,KAKZBPTYRLMSJV-UHFFFAOYSA-N,BDERNNFJNOPAEC-UHFFFAOYSA-N,340.06,solvent,1124
BDERNNFJNOPAEC-UHFFFAOYSA-N:1292,BDERNNFJNOPAEC-UHFFFAOYSA-N,LCGLNKUTAGEVQW-UHFFFAOYSA-N,BDERNNFJNOPAEC-UHFFFAOYSA-N,259.93,solvent,1292
BDERNNFJNOPAEC-UHFFFAOYSA-N:1293,BDERNNFJNOPAEC-UHFFFAOYSA-N,LCGLNKUTAGEVQW-UHFFFAOYSA-N,BDERNNFJNOPAEC-UHFFFAOYSA-N,269.98,solvent,1293
BDERNNFJNOPAEC-UHFFFAOYSA-N:1294,BDERNNFJNOPAEC-UHFFFAOYSA-N,LCGLNKUTAGEVQW-UHFFFAOYSA-N,BDERNNFJNOPAEC-UHFFFAOYSA-N,290.0,solvent,1294
BDERNNFJNOPAEC-UHFFFAOYSA-N:1295,BDERNNFJNOPAEC-UHFFFAOYSA-N,LCGLNKUTAGEVQW-UHFFFAOYSA-N,BDERNNFJNOPAEC-UHFFFAOYSA-N,309.99,solvent,1295
BDERNNFJNOPAEC-UHFFFAOYSA-N:1296,BDERNNFJNOPAEC-UHFFFAOYSA-N,LCGLNKUTAGEVQW-UHFFFAOYSA-N,BDERNNFJNOPAEC-UHFFFAOYSA-N,330.0,solvent,1296
BDERNNFJNOPAEC-UHFFFAOYSA-N:1739,BDERNNFJNOPAEC-UHFFFAOYSA-N,NNPPMTNAJDCUHE-UHFFFAOYSA-N,BDERNNFJNOPAEC-UHFFFAOYSA-N,259.98,solvent,1739
BDERNNFJNOPAEC-UHFFFAOYSA-N:1740,BDERNNFJNOPAEC-UHFFFAOYSA-N,NNPPMTNAJDCUHE-UHFFFAOYSA-N,BDERNNFJNOPAEC-UHFFFAOYSA-N,279.94,solvent,1740
BDERNNFJNOPAEC-UHFFFAOYSA-N:1741,BDERNNFJNOPAEC-UHFFFAOYSA-N,NNPPMTNAJDCUHE-UHFFFAOYSA-N,BDERNNFJNOPAEC-UHFFFAOYSA-N,300.16,solvent,1741
BDERNNFJNOPAEC-UHFFFAOYSA-N:1742,BDERNNFJNOPAEC-UHFFFAOYSA-N,NNPPMTNAJDCUHE-UHFFFAOYSA-N,BDERNNFJNOPAEC-UHFFFAOYSA-N,320.0,solvent,1742
BDERNNFJNOPAEC-UHFFFAOYSA-N:1743,BDERNNFJNOPAEC-UHFFFAOYSA-N,NNPPMTNAJDCUHE-UHFFFAOYSA-N,BDERNNFJNOPAEC-UHFFFAOYSA-N,339.92,solvent,1743
BDERNNFJNOPAEC-UHFFFAOYSA-N:1821,BDERNNFJNOPAEC-UHFFFAOYSA-N,NPNPZTNLOVBDOC-UHFFFAOYSA-N,BDERNNFJNOPAEC-UHFFFAOYSA-N,259.93,solvent,1821
BDERNNFJNOPAEC-UHFFFAOYSA-N:1822,BDERNNFJNOPAEC-UHFFFAOYSA-N,NPNPZTNLOVBDOC-UHFFFAOYSA-N,BDERNNFJNOPAEC-UHFFFAOYSA-N,269.98,solvent,1822
BDERNNFJNOPAEC-UHFFFAOYSA-N:1823,BDERNNFJNOPAEC-UHFFFAOYSA-N,NPNPZTNLOVBDOC-UHFFFAOYSA-N,BDERNNFJNOPAEC-UHFFFAOYSA-N,290.0,solvent,1823
BDERNNFJNOPAEC-UHFFFAOYSA-N:1824,BDERNNFJNOPAEC-UHFFFAOYSA-N,NPNPZTNLOVBDOC-UHFFFAOYSA-N,BDERNNFJNOPAEC-UHFFFAOYSA-N,309.99,solvent,1824
BDERNNFJNOPAEC-UHFFFAOYSA-N:1825,BDERNNFJNOPAEC-UHFFFAOYSA-N,NPNPZTNLOVBDOC-UHFFFAOYSA-N,BDERNNFJNOPAEC-UHFFFAOYSA-N,330.0,solvent,1825
BDERNNFJNOPAEC-UHFFFAOYSA-N:2158,BDERNNFJNOPAEC-UHFFFAOYSA-N,QQONPFPTGQHPMA-UHFFFAOYSA-N,BDERNNFJNOPAEC-UHFFFAOYSA-N,259.92,solvent,2158
BDERNNFJNOPAEC-UHFFFAOYSA-N:2159,BDERNNFJNOPAEC-UHFFFAOYSA-N,QQONPFPTGQHPMA-UHFFFAOYSA-N,BDERNNFJNOPAEC-UHFFFAOYSA-N,279.94,solvent,2159
BDERNNFJNOPAEC-UHFFFAOYSA-N:2160,BDERNNFJNOPAEC-UHFFFAOYSA-N,QQONPFPTGQHPMA-UHFFFAOYSA-N,BDERNNFJNOPAEC-UHFFFAOYSA-N,300.03,solvent,2160
BDERNNFJNOPAEC-UHFFFAOYSA-N:2161,BDERNNFJNOPAEC-UHFFFAOYSA-N,QQONPFPTGQHPMA-UHFFFAOYSA-N,BDERNNFJNOPAEC-UHFFFAOYSA-N,320.02,solvent,2161
BDERNNFJNOPAEC-UHFFFAOYSA-N:2162,BDERNNFJNOPAEC-UHFFFAOYSA-N,QQONPFPTGQHPMA-UHFFFAOYSA-N,BDERNNFJNOPAEC-UHFFFAOYSA-N,340.1,solvent,2162
BDERNNFJNOPAEC-UHFFFAOYSA-N:2691,BDERNNFJNOPAEC-UHFFFAOYSA-N,VQTUBCCKSQIDNK-UHFFFAOYSA-N,BDERNNFJNOPAEC-UHFFFAOYSA-N,259.91,solvent,2691
BDERNNFJNOPAEC-UHFFFAOYSA-N:2692,BDERNNFJNOPAEC-UHFFFAOYSA-N,VQTUBCCKSQIDNK-UHFFFAOYSA-N,BDERNNFJNOPAEC-UHFFFAOYSA-N,279.95,solvent,2692
BDERNNFJNOPAEC-UHFFFAOYSA-N:2693,BDERNNFJNOPAEC-UHFFFAOYSA-N,VQTUBCCKSQIDNK-UHFFFAOYSA-N,BDERNNFJNOPAEC-UHFFFAOYSA-N,299.94,solvent,2693
BDERNNFJNOPAEC-UHFFFAOYSA-N:2694,BDERNNFJNOPAEC-UHFFFAOYSA-N,VQTUBCCKSQIDNK-UHFFFAOYSA-N,BDERNNFJNOPAEC-UHFFFAOYSA-N,320.06,solvent,2694
BDERNNFJNOPAEC-UHFFFAOYSA-N:2695,BDERNNFJNOPAEC-UHFFFAOYSA-N,VQTUBCCKSQIDNK-UHFFFAOYSA-N,BDERNNFJNOPAEC-UHFFFAOYSA-N,340.16,solvent,2695
BDERNNFJNOPAEC-UHFFFAOYSA-N:2774,BDERNNFJNOPAEC-UHFFFAOYSA-N,VXNZUUAINFGPBY-UHFFFAOYSA-N,BDERNNFJNOPAEC-UHFFFAOYSA-N,260.03,solvent,2774
BDERNNFJNOPAEC-UHFFFAOYSA-N:2775,BDERNNFJNOPAEC-UHFFFAOYSA-N,VXNZUUAINFGPBY-UHFFFAOYSA-N,BDERNNFJNOPAEC-UHFFFAOYSA-N,280.04,solvent,2775
BDERNNFJNOPAEC-UHFFFAOYSA-N:2776,BDERNNFJNOPAEC-UHFFFAOYSA-N,VXNZUUAINFGPBY-UHFFFAOYSA-N,BDERNNFJNOPAEC-UHFFFAOYSA-N,299.98,solvent,2776
BDERNNFJNOPAEC-UHFFFAOYSA-N:2777,BDERNNFJNOPAEC-UHFFFAOYSA-N,VXNZUUAINFGPBY-UHFFFAOYSA-N,BDERNNFJNOPAEC-UHFFFAOYSA-N,320.03,solvent,2777
BDERNNFJNOPAEC-UHFFFAOYSA-N:2778,BDERNNFJNOPAEC-UHFFFAOYSA-N,VXNZUUAINFGPBY-UHFFFAOYSA-N,BDERNNFJNOPAEC-UHFFFAOYSA-N,340.0,solvent,2778
BDERNNFJNOPAEC-UHFFFAOYSA-N:3151,BDERNNFJNOPAEC-UHFFFAOYSA-N,YNQLUTRBYVCPMQ-UHFFFAOYSA-N,BDERNNFJNOPAEC-UHFFFAOYSA-N,343.15,solvent,3151
BDERNNFJNOPAEC-UHFFFAOYSA-N:3152,BDERNNFJNOPAEC-UHFFFAOYSA-N,YNQLUTRBYVCPMQ-UHFFFAOYSA-N,BDERNNFJNOPAEC-UHFFFAOYSA-N,353.15,solvent,3152
BDERNNFJNOPAEC-UHFFFAOYSA-N:3153,BDERNNFJNOPAEC-UHFFFAOYSA-N,YNQLUTRBYVCPMQ-UHFFFAOYSA-N,BDERNNFJNOPAEC-UHFFFAOYSA-N,363.15,solvent,3153
BDERNNFJNOPAEC-UHFFFAOYSA-N:3154,BDERNNFJNOPAEC-UHFFFAOYSA-N,YNQLUTRBYVCPMQ-UHFFFAOYSA-N,BDERNNFJNOPAEC-UHFFFAOYSA-N,370.15,solvent,3154
GHVNFZFCNZKVNT-UHFFFAOYSA-N:127,GHVNFZFCNZKVNT-UHFFFAOYSA-N,BDERNNFJNOPAEC-UHFFFAOYSA-N,GHVNFZFCNZKVNT-UHFFFAOYSA-N,314.1,solvent,127
GHVNFZFCNZKVNT-UHFFFAOYSA-N:128,GHVNFZFCNZKVNT-UHFFFAOYSA-N,BDERNNFJNOPAEC-UHFFFAOYSA-N,GHVNFZFCNZKVNT-UHFFFAOYSA-N,314.24,solvent,128
GHVNFZFCNZKVNT-UHFFFAOYSA-N:129,GHVNFZFCNZKVNT-UHFFFAOYSA-N,BDERNNFJNOPAEC-UHFFFAOYSA-N,GHVNFZFCNZKVNT-UHFFFAOYSA-N,333.26,solvent,129
GHVNFZFCNZKVNT-UHFFFAOYSA-N:130,GHVNFZFCNZKVNT-UHFFFAOYSA-N,BDERNNFJNOPAEC-UHFFFAOYSA-N,GHVNFZFCNZKVNT-UHFFFAOYSA-N,333.38,solvent,130
GHVNFZFCNZKVNT-UHFFFAOYSA-N:131,GHVNFZFCNZKVNT-UHFFFAOYSA-N,BDERNNFJNOPAEC-UHFFFAOYSA-N,GHVNFZFCNZKVNT-UHFFFAOYSA-N,353.25,solvent,131
GHVNFZFCNZKVNT-UHFFFAOYSA-N:132,GHVNFZFCNZKVNT-UHFFFAOYSA-N,BDERNNFJNOPAEC-UHFFFAOYSA-N,GHVNFZFCNZKVNT-UHFFFAOYSA-N,353.3,solvent,132
GHVNFZFCNZKVNT-UHFFFAOYSA-N:257,GHVNFZFCNZKVNT-UHFFFAOYSA-N,BTANRVKWQNVYAZ-UHFFFAOYSA-N,GHVNFZFCNZKVNT-UHFFFAOYSA-N,314.1,solvent,257
GHVNFZFCNZKVNT-UHFFFAOYSA-N:258,GHVNFZFCNZKVNT-UHFFFAOYSA-N,BTANRVKWQNVYAZ-UHFFFAOYSA-N,GHVNFZFCNZKVNT-UHFFFAOYSA-N,314.24,solvent,258
GHVNFZFCNZKVNT-UHFFFAOYSA-N:259,GHVNFZFCNZKVNT-UHFFFAOYSA-N,BTANRVKWQNVYAZ-UHFFFAOYSA-N,GHVNFZFCNZKVNT-UHFFFAOYSA-N,333.26,solvent,259
GHVNFZFCNZKVNT-UHFFFAOYSA-N:260,GHVNFZFCNZKVNT-UHFFFAOYSA-N,BTANRVKWQNVYAZ-UHFFFAOYSA-N,GHVNFZFCNZKVNT-UHFFFAOYSA-N,333.38,solvent,260
GHVNFZFCNZKVNT-UHFFFAOYSA-N:261,GHVNFZFCNZKVNT-UHFFFAOYSA-N,BTANRVKWQNVYAZ-UHFFFAOYSA-N,GHVNFZFCNZKVNT-UHFFFAOYSA-N,353.25,solvent,261
GHVNFZFCNZKVNT-UHFFFAOYSA-N:262,GHVNFZFCNZKVNT-UHFFFAOYSA-N,BTANRVKWQNVYAZ-UHFFFAOYSA-N,GHVNFZFCNZKVNT-UHFFFAOYSA-N,353.3,solvent,262
GHVNFZFCNZKVNT-UHFFFAOYSA-N:298,GHVNFZFCNZKVNT-UHFFFAOYSA-N,CSCPPACGZOOCGX-UHFFFAOYSA-N,GHVNFZFCNZKVNT-UHFFFAOYSA-N,314.1,solvent,298
GHVNFZFCNZKVNT-UHFFFAOYSA-N:299,GHVNFZFCNZKVNT-UHFFFAOYSA-N,CSCPPACGZOOCGX-UHFFFAOYSA-N,GHVNFZFCNZKVNT-UHFFFAOYSA-N,333.26,solvent,299
GHVNFZFCNZKVNT-UHFFFAOYSA-N:300,GHVNFZFCNZKVNT-UHFFFAOYSA-N,CSCPPACGZOOCGX-UHFFFAOYSA-N,GHVNFZFCNZKVNT-UHFFFAOYSA-N,333.38,solvent,300
GHVNFZFCNZKVNT-UHFFFAOYSA-N:301,GHVNFZFCNZKVNT-UHFFFAOYSA-N,CSCPPACGZOOCGX-UHFFFAOYSA-N,GHVNFZFCNZKVNT-UHFFFAOYSA-N,353.25,solvent,301
GHVNFZFCNZKVNT-UHFFFAOYSA-N:519,GHVNFZFCNZKVNT-UHFFFAOYSA-N,HEDRZPFGACZZDS-UHFFFAOYSA-N,GHVNFZFCNZKVNT-UHFFFAOYSA-N,314.1,solvent,519
GHVNFZFCNZKVNT-UHFFFAOYSA-N:520,GHVNFZFCNZKVNT-UHFFFAOYSA-N,HEDRZPFGACZZDS-UHFFFAOYSA-N,GHVNFZFCNZKVNT-UHFFFAOYSA-N,314.24,solvent,520
GHVNFZFCNZKVNT-UHFFFAOYSA-N:521,GHVNFZFCNZKVNT-UHFFFAOYSA-N,HEDRZPFGACZZDS-UHFFFAOYSA-N,GHVNFZFCNZKVNT-UHFFFAOYSA-N,333.26,solvent,521
GHVNFZFCNZKVNT-UHFFFAOYSA-N:522,GHVNFZFCNZKVNT-UHFFFAOYSA-N,HEDRZPFGACZZDS-UHFFFAOYSA-N,GHVNFZFCNZKVNT-UHFFFAOYSA-N,333.38,solvent,522
GHVNFZFCNZKVNT-UHFFFAOYSA-N:523,GHVNFZFCNZKVNT-UHFFFAOYSA-N,HEDRZPFGACZZDS-UHFFFAOYSA-N,GHVNFZFCNZKVNT-UHFFFAOYSA-N,353.3,solvent,523
GHVNFZFCNZKVNT-UHFFFAOYSA-N:984,GHVNFZFCNZKVNT-UHFFFAOYSA-N,IMNFDUFMRHMDMM-UHFFFAOYSA-N,GHVNFZFCNZKVNT-UHFFFAOYSA-N,314.1,solvent,984
GHVNFZFCNZKVNT-UHFFFAOYSA-N:985,GHVNFZFCNZKVNT-UHFFFAOYSA-N,IMNFDUFMRHMDMM-UHFFFAOYSA-N,GHVNFZFCNZKVNT-UHFFFAOYSA-N,314.24,solvent,985
GHVNFZFCNZKVNT-UHFFFAOYSA-N:986,GHVNFZFCNZKVNT-UHFFFAOYSA-N,IMNFDUFMRHMDMM-UHFFFAOYSA-N,GHVNFZFCNZKVNT-UHFFFAOYSA-N,333.26,solvent,986
GHVNFZFCNZKVNT-UHFFFAOYSA-N:987,GHVNFZFCNZKVNT-UHFFFAOYSA-N,IMNFDUFMRHMDMM-UHFFFAOYSA-N,GHVNFZFCNZKVNT-UHFFFAOYSA-N,333.38,solvent,987
GHVNFZFCNZKVNT-UHFFFAOYSA-N:988,GHVNFZFCNZKVNT-UHFFFAOYSA-N,IMNFDUFMRHMDMM-UHFFFAOYSA-N,GHVNFZFCNZKVNT-UHFFFAOYSA-N,353.3,solvent,988
GHVNFZFCNZKVNT-UHFFFAOYSA-N:1212,GHVNFZFCNZKVNT-UHFFFAOYSA-N,KFZMGEQAYNKOFK-UHFFFAOYSA-N,GHVNFZFCNZKVNT-UHFFFAOYSA-N,314.1,solvent,1212
GHVNFZFCNZKVNT-UHFFFAOYSA-N:1213,GHVNFZFCNZKVNT-UHFFFAOYSA-N,KFZMGEQAYNKOFK-UHFFFAOYSA-N,GHVNFZFCNZKVNT-UHFFFAOYSA-N,314.24,solvent,1213
GHVNFZFCNZKVNT-UHFFFAOYSA-N:1214,GHVNFZFCNZKVNT-UHFFFAOYSA-N,KFZMGEQAYNKOFK-UHFFFAOYSA-N,GHVNFZFCNZKVNT-UHFFFAOYSA-N,333.26,solvent,1214
GHVNFZFCNZKVNT-UHFFFAOYSA-N:1215,GHVNFZFCNZKVNT-UHFFFAOYSA-N,KFZMGEQAYNKOFK-UHFFFAOYSA-N,GHVNFZFCNZKVNT-UHFFFAOYSA-N,333.38,solvent,1215
GHVNFZFCNZKVNT-UHFFFAOYSA-N:1216,GHVNFZFCNZKVNT-UHFFFAOYSA-N,KFZMGEQAYNKOFK-UHFFFAOYSA-N,GHVNFZFCNZKVNT-UHFFFAOYSA-N,353.25,solvent,1216
GHVNFZFCNZKVNT-UHFFFAOYSA-N:1217,GHVNFZFCNZKVNT-UHFFFAOYSA-N,KFZMGEQAYNKOFK-UHFFFAOYSA-N,GHVNFZFCNZKVNT-UHFFFAOYSA-N,353.3,solvent,1217
GHVNFZFCNZKVNT-UHFFFAOYSA-N:1395,GHVNFZFCNZKVNT-UHFFFAOYSA-N,LFQSCWFLJHTTHZ-UHFFFAOYSA-N,GHVNFZFCNZKVNT-UHFFFAOYSA-N,314.1,solvent,1395
GHVNFZFCNZKVNT-UHFFFAOYSA-N:1396,GHVNFZFCNZKVNT-UHFFFAOYSA-N,LFQSCWFLJHTTHZ-UHFFFAOYSA-N,GHVNFZFCNZKVNT-UHFFFAOYSA-N,314.24,solvent,1396
GHVNFZFCNZKVNT-UHFFFAOYSA-N:1397,GHVNFZFCNZKVNT-UHFFFAOYSA-N,LFQSCWFLJHTTHZ-UHFFFAOYSA-N,GHVNFZFCNZKVNT-UHFFFAOYSA-N,333.26,solvent,1397
GHVNFZFCNZKVNT-UHFFFAOYSA-N:1398,GHVNFZFCNZKVNT-UHFFFAOYSA-N,LFQSCWFLJHTTHZ-UHFFFAOYSA-N,GHVNFZFCNZKVNT-UHFFFAOYSA-N,333.38,solvent,1398
GHVNFZFCNZKVNT-UHFFFAOYSA-N:1399,GHVNFZFCNZKVNT-UHFFFAOYSA-N,LFQSCWFLJHTTHZ-UHFFFAOYSA-N,GHVNFZFCNZKVNT-UHFFFAOYSA-N,353.3,solvent,1399
GHVNFZFCNZKVNT-UHFFFAOYSA-N:1471,GHVNFZFCNZKVNT-UHFFFAOYSA-N,LIKMAJRDDDTEIG-UHFFFAOYSA-N,GHVNFZFCNZKVNT-UHFFFAOYSA-N,314.24,solvent,1471
GHVNFZFCNZKVNT-UHFFFAOYSA-N:1472,GHVNFZFCNZKVNT-UHFFFAOYSA-N,LIKMAJRDDDTEIG-UHFFFAOYSA-N,GHVNFZFCNZKVNT-UHFFFAOYSA-N,333.26,solvent,1472
GHVNFZFCNZKVNT-UHFFFAOYSA-N:1473,GHVNFZFCNZKVNT-UHFFFAOYSA-N,LIKMAJRDDDTEIG-UHFFFAOYSA-N,GHVNFZFCNZKVNT-UHFFFAOYSA-N,333.38,solvent,1473
GHVNFZFCNZKVNT-UHFFFAOYSA-N:1474,GHVNFZFCNZKVNT-UHFFFAOYSA-N,LIKMAJRDDDTEIG-UHFFFAOYSA-N,GHVNFZFCNZKVNT-UHFFFAOYSA-N,353.3,solvent,1474
GHVNFZFCNZKVNT-UHFFFAOYSA-N:1527,GHVNFZFCNZKVNT-UHFFFAOYSA-N,LRHPLDYGYMQRHN-UHFFFAOYSA-N,GHVNFZFCNZKVNT-UHFFFAOYSA-N,333.26,solvent,1527
GHVNFZFCNZKVNT-UHFFFAOYSA-N:1528,GHVNFZFCNZKVNT-UHFFFAOYSA-N,LRHPLDYGYMQRHN-UHFFFAOYSA-N,GHVNFZFCNZKVNT-UHFFFAOYSA-N,333.35,solvent,1528
GHVNFZFCNZKVNT-UHFFFAOYSA-N:1529,GHVNFZFCNZKVNT-UHFFFAOYSA-N,LRHPLDYGYMQRHN-UHFFFAOYSA-N,GHVNFZFCNZKVNT-UHFFFAOYSA-N,353.25,solvent,1529
GHVNFZFCNZKVNT-UHFFFAOYSA-N:1530,GHVNFZFCNZKVNT-UHFFFAOYSA-N,LRHPLDYGYMQRHN-UHFFFAOYSA-N,GHVNFZFCNZKVNT-UHFFFAOYSA-N,353.3,solvent,1530
GHVNFZFCNZKVNT-UHFFFAOYSA-N:1643,GHVNFZFCNZKVNT-UHFFFAOYSA-N,MVPPADPHJFYWMZ-UHFFFAOYSA-N,GHVNFZFCNZKVNT-UHFFFAOYSA-N,333.26,solvent,1643
GHVNFZFCNZKVNT-UHFFFAOYSA-N:1644,GHVNFZFCNZKVNT-UHFFFAOYSA-N,MVPPADPHJFYWMZ-UHFFFAOYSA-N,GHVNFZFCNZKVNT-UHFFFAOYSA-N,333.38,solvent,1644
GHVNFZFCNZKVNT-UHFFFAOYSA-N:1645,GHVNFZFCNZKVNT-UHFFFAOYSA-N,MVPPADPHJFYWMZ-UHFFFAOYSA-N,GHVNFZFCNZKVNT-UHFFFAOYSA-N,353.25,solvent,1645
GHVNFZFCNZKVNT-UHFFFAOYSA-N:1646,GHVNFZFCNZKVNT-UHFFFAOYSA-N,MVPPADPHJFYWMZ-UHFFFAOYSA-N,GHVNFZFCNZKVNT-UHFFFAOYSA-N,353.3,solvent,1646
GHVNFZFCNZKVNT-UHFFFAOYSA-N:1686,GHVNFZFCNZKVNT-UHFFFAOYSA-N,NHTMVDHEPJAVLT-UHFFFAOYSA-N,GHVNFZFCNZKVNT-UHFFFAOYSA-N,314.1,solvent,1686
GHVNFZFCNZKVNT-UHFFFAOYSA-N:1687,GHVNFZFCNZKVNT-UHFFFAOYSA-N,NHTMVDHEPJAVLT-UHFFFAOYSA-N,GHVNFZFCNZKVNT-UHFFFAOYSA-N,314.24,solvent,1687
GHVNFZFCNZKVNT-UHFFFAOYSA-N:1688,GHVNFZFCNZKVNT-UHFFFAOYSA-N,NHTMVDHEPJAVLT-UHFFFAOYSA-N,GHVNFZFCNZKVNT-UHFFFAOYSA-N,333.26,solvent,1688
GHVNFZFCNZKVNT-UHFFFAOYSA-N:1689,GHVNFZFCNZKVNT-UHFFFAOYSA-N,NHTMVDHEPJAVLT-UHFFFAOYSA-N,GHVNFZFCNZKVNT-UHFFFAOYSA-N,353.25,solvent,1689
GHVNFZFCNZKVNT-UHFFFAOYSA-N:1982,GHVNFZFCNZKVNT-UHFFFAOYSA-N,OKKJLVBELUTLKV-UHFFFAOYSA-N,GHVNFZFCNZKVNT-UHFFFAOYSA-N,314.24,solvent,1982
GHVNFZFCNZKVNT-UHFFFAOYSA-N:1983,GHVNFZFCNZKVNT-UHFFFAOYSA-N,OKKJLVBELUTLKV-UHFFFAOYSA-N,GHVNFZFCNZKVNT-UHFFFAOYSA-N,333.38,solvent,1983
GHVNFZFCNZKVNT-UHFFFAOYSA-N:1984,GHVNFZFCNZKVNT-UHFFFAOYSA-N,OKKJLVBELUTLKV-UHFFFAOYSA-N,GHVNFZFCNZKVNT-UHFFFAOYSA-N,353.08,solvent,1984
GHVNFZFCNZKVNT-UHFFFAOYSA-N:1985,GHVNFZFCNZKVNT-UHFFFAOYSA-N,OKKJLVBELUTLKV-UHFFFAOYSA-N,GHVNFZFCNZKVNT-UHFFFAOYSA-N,353.3,solvent,1985
GHVNFZFCNZKVNT-UHFFFAOYSA-N:2242,GHVNFZFCNZKVNT-UHFFFAOYSA-N,RDOXTESZEPMUJZ-UHFFFAOYSA-N,GHVNFZFCNZKVNT-UHFFFAOYSA-N,353.25,solvent,2242
GHVNFZFCNZKVNT-UHFFFAOYSA-N:2243,GHVNFZFCNZKVNT-UHFFFAOYSA-N,RDOXTESZEPMUJZ-UHFFFAOYSA-N,GHVNFZFCNZKVNT-UHFFFAOYSA-N,353.3,solvent,2243
GHVNFZFCNZKVNT-UHFFFAOYSA-N:2598,GHVNFZFCNZKVNT-UHFFFAOYSA-N,VLKZOEOYAKHREP-UHFFFAOYSA-N,GHVNFZFCNZKVNT-UHFFFAOYSA-N,314.1,solvent,2598
GHVNFZFCNZKVNT-UHFFFAOYSA-N:2599,GHVNFZFCNZKVNT-UHFFFAOYSA-N,VLKZOEOYAKHREP-UHFFFAOYSA-N,GHVNFZFCNZKVNT-UHFFFAOYSA-N,314.24,solvent,2599
GHVNFZFCNZKVNT-UHFFFAOYSA-N:2600,GHVNFZFCNZKVNT-UHFFFAOYSA-N,VLKZOEOYAKHREP-UHFFFAOYSA-N,GHVNFZFCNZKVNT-UHFFFAOYSA-N,333.26,solvent,2600
GHVNFZFCNZKVNT-UHFFFAOYSA-N:2601,GHVNFZFCNZKVNT-UHFFFAOYSA-N,VLKZOEOYAKHREP-UHFFFAOYSA-N,GHVNFZFCNZKVNT-UHFFFAOYSA-N,333.38,solvent,2601
GHVNFZFCNZKVNT-UHFFFAOYSA-N:2602,GHVNFZFCNZKVNT-UHFFFAOYSA-N,VLKZOEOYAKHREP-UHFFFAOYSA-N,GHVNFZFCNZKVNT-UHFFFAOYSA-N,353.3,solvent,2602
GHVNFZFCNZKVNT-UHFFFAOYSA-N:2944,GHVNFZFCNZKVNT-UHFFFAOYSA-N,XDTMQSROBMDMFD-UHFFFAOYSA-N,GHVNFZFCNZKVNT-UHFFFAOYSA-N,314.1,solvent,2944
GHVNFZFCNZKVNT-UHFFFAOYSA-N:2945,GHVNFZFCNZKVNT-UHFFFAOYSA-N,XDTMQSROBMDMFD-UHFFFAOYSA-N,GHVNFZFCNZKVNT-UHFFFAOYSA-N,314.24,solvent,2945
GHVNFZFCNZKVNT-UHFFFAOYSA-N:2946,GHVNFZFCNZKVNT-UHFFFAOYSA-N,XDTMQSROBMDMFD-UHFFFAOYSA-N,GHVNFZFCNZKVNT-UHFFFAOYSA-N,333.26,solvent,2946
GHVNFZFCNZKVNT-UHFFFAOYSA-N:2947,GHVNFZFCNZKVNT-UHFFFAOYSA-N,XDTMQSROBMDMFD-UHFFFAOYSA-N,GHVNFZFCNZKVNT-UHFFFAOYSA-N,333.38,solvent,2947
GHVNFZFCNZKVNT-UHFFFAOYSA-N:2948,GHVNFZFCNZKVNT-UHFFFAOYSA-N,XDTMQSROBMDMFD-UHFFFAOYSA-N,GHVNFZFCNZKVNT-UHFFFAOYSA-N,353.25,solvent,2948
GHVNFZFCNZKVNT-UHFFFAOYSA-N:2949,GHVNFZFCNZKVNT-UHFFFAOYSA-N,XDTMQSROBMDMFD-UHFFFAOYSA-N,GHVNFZFCNZKVNT-UHFFFAOYSA-N,353.3,solvent,2949
GHVNFZFCNZKVNT-UHFFFAOYSA-N:3011,GHVNFZFCNZKVNT-UHFFFAOYSA-N,XEKOWRVHYACXOJ-UHFFFAOYSA-N,GHVNFZFCNZKVNT-UHFFFAOYSA-N,314.1,solvent,3011
GHVNFZFCNZKVNT-UHFFFAOYSA-N:3012,GHVNFZFCNZKVNT-UHFFFAOYSA-N,XEKOWRVHYACXOJ-UHFFFAOYSA-N,GHVNFZFCNZKVNT-UHFFFAOYSA-N,333.26,solvent,3012
GHVNFZFCNZKVNT-UHFFFAOYSA-N:3013,GHVNFZFCNZKVNT-UHFFFAOYSA-N,XEKOWRVHYACXOJ-UHFFFAOYSA-N,GHVNFZFCNZKVNT-UHFFFAOYSA-N,333.38,solvent,3013
GHVNFZFCNZKVNT-UHFFFAOYSA-N:3014,GHVNFZFCNZKVNT-UHFFFAOYSA-N,XEKOWRVHYACXOJ-UHFFFAOYSA-N,GHVNFZFCNZKVNT-UHFFFAOYSA-N,353.25,solvent,3014
GHVNFZFCNZKVNT-UHFFFAOYSA-N:3071,GHVNFZFCNZKVNT-UHFFFAOYSA-N,XSTXAVWGXDQKEL-UHFFFAOYSA-N,GHVNFZFCNZKVNT-UHFFFAOYSA-N,314.1,solvent,3071
GHVNFZFCNZKVNT-UHFFFAOYSA-N:3072,GHVNFZFCNZKVNT-UHFFFAOYSA-N,XSTXAVWGXDQKEL-UHFFFAOYSA-N,GHVNFZFCNZKVNT-UHFFFAOYSA-N,314.24,solvent,3072
GHVNFZFCNZKVNT-UHFFFAOYSA-N:3073,GHVNFZFCNZKVNT-UHFFFAOYSA-N,XSTXAVWGXDQKEL-UHFFFAOYSA-N,GHVNFZFCNZKVNT-UHFFFAOYSA-N,333.26,solvent,3073
GHVNFZFCNZKVNT-UHFFFAOYSA-N:3074,GHVNFZFCNZKVNT-UHFFFAOYSA-N,XSTXAVWGXDQKEL-UHFFFAOYSA-N,GHVNFZFCNZKVNT-UHFFFAOYSA-N,333.38,solvent,3074
GHVNFZFCNZKVNT-UHFFFAOYSA-N:3075,GHVNFZFCNZKVNT-UHFFFAOYSA-N,XSTXAVWGXDQKEL-UHFFFAOYSA-N,GHVNFZFCNZKVNT-UHFFFAOYSA-N,353.08,solvent,3075
GHVNFZFCNZKVNT-UHFFFAOYSA-N:3076,GHVNFZFCNZKVNT-UHFFFAOYSA-N,XSTXAVWGXDQKEL-UHFFFAOYSA-N,GHVNFZFCNZKVNT-UHFFFAOYSA-N,353.3,solvent,3076
GHVNFZFCNZKVNT-UHFFFAOYSA-N:3156,GHVNFZFCNZKVNT-UHFFFAOYSA-N,YNQLUTRBYVCPMQ-UHFFFAOYSA-N,GHVNFZFCNZKVNT-UHFFFAOYSA-N,333.26,solvent,3156
GHVNFZFCNZKVNT-UHFFFAOYSA-N:3157,GHVNFZFCNZKVNT-UHFFFAOYSA-N,YNQLUTRBYVCPMQ-UHFFFAOYSA-N,GHVNFZFCNZKVNT-UHFFFAOYSA-N,333.35,solvent,3157
GHVNFZFCNZKVNT-UHFFFAOYSA-N:3158,GHVNFZFCNZKVNT-UHFFFAOYSA-N,YNQLUTRBYVCPMQ-UHFFFAOYSA-N,GHVNFZFCNZKVNT-UHFFFAOYSA-N,353.3,solvent,3158
GHVNFZFCNZKVNT-UHFFFAOYSA-N:3285,GHVNFZFCNZKVNT-UHFFFAOYSA-N,YXFVVABEGXRONW-UHFFFAOYSA-N,GHVNFZFCNZKVNT-UHFFFAOYSA-N,314.1,solvent,3285
GHVNFZFCNZKVNT-UHFFFAOYSA-N:3286,GHVNFZFCNZKVNT-UHFFFAOYSA-N,YXFVVABEGXRONW-UHFFFAOYSA-N,GHVNFZFCNZKVNT-UHFFFAOYSA-N,314.24,solvent,3286
GHVNFZFCNZKVNT-UHFFFAOYSA-N:3287,GHVNFZFCNZKVNT-UHFFFAOYSA-N,YXFVVABEGXRONW-UHFFFAOYSA-N,GHVNFZFCNZKVNT-UHFFFAOYSA-N,333.26,solvent,3287
GHVNFZFCNZKVNT-UHFFFAOYSA-N:3288,GHVNFZFCNZKVNT-UHFFFAOYSA-N,YXFVVABEGXRONW-UHFFFAOYSA-N,GHVNFZFCNZKVNT-UHFFFAOYSA-N,333.38,solvent,3288
GHVNFZFCNZKVNT-UHFFFAOYSA-N:3289,GHVNFZFCNZKVNT-UHFFFAOYSA-N,YXFVVABEGXRONW-UHFFFAOYSA-N,GHVNFZFCNZKVNT-UHFFFAOYSA-N,353.25,solvent,3289
GHVNFZFCNZKVNT-UHFFFAOYSA-N:3290,GHVNFZFCNZKVNT-UHFFFAOYSA-N,YXFVVABEGXRONW-UHFFFAOYSA-N,GHVNFZFCNZKVNT-UHFFFAOYSA-N,353.3,solvent,3290
ZIBGPFATKBEMQZ-UHFFFAOYSA-N:211,ZIBGPFATKBEMQZ-UHFFFAOYSA-N,BDERNNFJNOPAEC-UHFFFAOYSA-N,ZIBGPFATKBEMQZ-UHFFFAOYSA-N,333.2,solvent,211
ZIBGPFATKBEMQZ-UHFFFAOYSA-N:212,ZIBGPFATKBEMQZ-UHFFFAOYSA-N,BDERNNFJNOPAEC-UHFFFAOYSA-N,ZIBGPFATKBEMQZ-UHFFFAOYSA-N,348.2,solvent,212
ZIBGPFATKBEMQZ-UHFFFAOYSA-N:213,ZIBGPFATKBEMQZ-UHFFFAOYSA-N,BDERNNFJNOPAEC-UHFFFAOYSA-N,ZIBGPFATKBEMQZ-UHFFFAOYSA-N,363.2,solvent,213
ZIBGPFATKBEMQZ-UHFFFAOYSA-N:246,ZIBGPFATKBEMQZ-UHFFFAOYSA-N,BKIMMITUMNQMOS-UHFFFAOYSA-N,ZIBGPFATKBEMQZ-UHFFFAOYSA-N,323.15,solvent,246
ZIBGPFATKBEMQZ-UHFFFAOYSA-N:247,ZIBGPFATKBEMQZ-UHFFFAOYSA-N,BKIMMITUMNQMOS-UHFFFAOYSA-N,ZIBGPFATKBEMQZ-UHFFFAOYSA-N,333.2,solvent,247
ZIBGPFATKBEMQZ-UHFFFAOYSA-N:248,ZIBGPFATKBEMQZ-UHFFFAOYSA-N,BKIMMITUMNQMOS-UHFFFAOYSA-N,ZIBGPFATKBEMQZ-UHFFFAOYSA-N,333.15,solvent,248
ZIBGPFATKBEMQZ-UHFFFAOYSA-N:249,ZIBGPFATKBEMQZ-UHFFFAOYSA-N,BKIMMITUMNQMOS-UHFFFAOYSA-N,ZIBGPFATKBEMQZ-UHFFFAOYSA-N,343.15,solvent,249
ZIBGPFATKBEMQZ-UHFFFAOYSA-N:250,ZIBGPFATKBEMQZ-UHFFFAOYSA-N,BKIMMITUMNQMOS-UHFFFAOYSA-N,ZIBGPFATKBEMQZ-UHFFFAOYSA-N,348.2,solvent,250
ZIBGPFATKBEMQZ-UHFFFAOYSA-N:251,ZIBGPFATKBEMQZ-UHFFFAOYSA-N,BKIMMITUMNQMOS-UHFFFAOYSA-N,ZIBGPFATKBEMQZ-UHFFFAOYSA-N,353.15,solvent,251
ZIBGPFATKBEMQZ-UHFFFAOYSA-N:252,ZIBGPFATKBEMQZ-UHFFFAOYSA-N,BKIMMITUMNQMOS-UHFFFAOYSA-N,ZIBGPFATKBEMQZ-UHFFFAOYSA-N,363.2,solvent,252
ZIBGPFATKBEMQZ-UHFFFAOYSA-N:253,ZIBGPFATKBEMQZ-UHFFFAOYSA-N,BKIMMITUMNQMOS-UHFFFAOYSA-N,ZIBGPFATKBEMQZ-UHFFFAOYSA-N,363.15,solvent,253
ZIBGPFATKBEMQZ-UHFFFAOYSA-N:254,ZIBGPFATKBEMQZ-UHFFFAOYSA-N,BKIMMITUMNQMOS-UHFFFAOYSA-N,ZIBGPFATKBEMQZ-UHFFFAOYSA-N,373.15,solvent,254
ZIBGPFATKBEMQZ-UHFFFAOYSA-N:255,ZIBGPFATKBEMQZ-UHFFFAOYSA-N,BKIMMITUMNQMOS-UHFFFAOYSA-N,ZIBGPFATKBEMQZ-UHFFFAOYSA-N,383.15,solvent,255
ZIBGPFATKBEMQZ-UHFFFAOYSA-N:256,ZIBGPFATKBEMQZ-UHFFFAOYSA-N,BKIMMITUMNQMOS-UHFFFAOYSA-N,ZIBGPFATKBEMQZ-UHFFFAOYSA-N,393.15,solvent,256
ZIBGPFATKBEMQZ-UHFFFAOYSA-N:287,ZIBGPFATKBEMQZ-UHFFFAOYSA-N,CGHIBGNXEGJPQZ-UHFFFAOYSA-N,ZIBGPFATKBEMQZ-UHFFFAOYSA-N,333.2,solvent,287
ZIBGPFATKBEMQZ-UHFFFAOYSA-N:288,ZIBGPFATKBEMQZ-UHFFFAOYSA-N,CGHIBGNXEGJPQZ-UHFFFAOYSA-N,ZIBGPFATKBEMQZ-UHFFFAOYSA-N,348.2,solvent,288
ZIBGPFATKBEMQZ-UHFFFAOYSA-N:289,ZIBGPFATKBEMQZ-UHFFFAOYSA-N,CGHIBGNXEGJPQZ-UHFFFAOYSA-N,ZIBGPFATKBEMQZ-UHFFFAOYSA-N,363.2,solvent,289
ZIBGPFATKBEMQZ-UHFFFAOYSA-N:423,ZIBGPFATKBEMQZ-UHFFFAOYSA-N,DIOQZVSQGTUSAI-UHFFFAOYSA-N,ZIBGPFATKBEMQZ-UHFFFAOYSA-N,323.15,solvent,423
ZIBGPFATKBEMQZ-UHFFFAOYSA-N:424,ZIBGPFATKBEMQZ-UHFFFAOYSA-N,DIOQZVSQGTUSAI-UHFFFAOYSA-N,ZIBGPFATKBEMQZ-UHFFFAOYSA-N,333.15,solvent,424
ZIBGPFATKBEMQZ-UHFFFAOYSA-N:425,ZIBGPFATKBEMQZ-UHFFFAOYSA-N,DIOQZVSQGTUSAI-UHFFFAOYSA-N,ZIBGPFATKBEMQZ-UHFFFAOYSA-N,343.15,solvent,425
ZIBGPFATKBEMQZ-UHFFFAOYSA-N:426,ZIBGPFATKBEMQZ-UHFFFAOYSA-N,DIOQZVSQGTUSAI-UHFFFAOYSA-N,ZIBGPFATKBEMQZ-UHFFFAOYSA-N,353.15,solvent,426
ZIBGPFATKBEMQZ-UHFFFAOYSA-N:427,ZIBGPFATKBEMQZ-UHFFFAOYSA-N,DIOQZVSQGTUSAI-UHFFFAOYSA-N,ZIBGPFATKBEMQZ-UHFFFAOYSA-N,363.15,solvent,427
ZIBGPFATKBEMQZ-UHFFFAOYSA-N:428,ZIBGPFATKBEMQZ-UHFFFAOYSA-N,DIOQZVSQGTUSAI-UHFFFAOYSA-N,ZIBGPFATKBEMQZ-UHFFFAOYSA-N,373.15,solvent,428
ZIBGPFATKBEMQZ-UHFFFAOYSA-N:429,ZIBGPFATKBEMQZ-UHFFFAOYSA-N,DIOQZVSQGTUSAI-UHFFFAOYSA-N,ZIBGPFATKBEMQZ-UHFFFAOYSA-N,383.15,solvent,429
ZIBGPFATKBEMQZ-UHFFFAOYSA-N:430,ZIBGPFATKBEMQZ-UHFFFAOYSA-N,DIOQZVSQGTUSAI-UHFFFAOYSA-N,ZIBGPFATKBEMQZ-UHFFFAOYSA-N,393.15,solvent,430
ZIBGPFATKBEMQZ-UHFFFAOYSA-N:475,ZIBGPFATKBEMQZ-UHFFFAOYSA-N,DMEGYFMYUHOHGS-UHFFFAOYSA-N,ZIBGPFATKBEMQZ-UHFFFAOYSA-N,333.2,solvent,475
ZIBGPFATKBEMQZ-UHFFFAOYSA-N:476,ZIBGPFATKBEMQZ-UHFFFAOYSA-N,DMEGYFMYUHOHGS-UHFFFAOYSA-N,ZIBGPFATKBEMQZ-UHFFFAOYSA-N,348.2,solvent,476
ZIBGPFATKBEMQZ-UHFFFAOYSA-N:477,ZIBGPFATKBEMQZ-UHFFFAOYSA-N,DMEGYFMYUHOHGS-UHFFFAOYSA-N,ZIBGPFATKBEMQZ-UHFFFAOYSA-N,363.2,solvent,477
ZIBGPFATKBEMQZ-UHFFFAOYSA-N:880,ZIBGPFATKBEMQZ-UHFFFAOYSA-N,IBXNCJKFFQIKKY-UHFFFAOYSA-N,ZIBGPFATKBEMQZ-UHFFFAOYSA-N,333.2,solvent,880
ZIBGPFATKBEMQZ-UHFFFAOYSA-N:881,ZIBGPFATKBEMQZ-UHFFFAOYSA-N,IBXNCJKFFQIKKY-UHFFFAOYSA-N,ZIBGPFATKBEMQZ-UHFFFAOYSA-N,348.2,solvent,881
ZIBGPFATKBEMQZ-UHFFFAOYSA-N:882,ZIBGPFATKBEMQZ-UHFFFAOYSA-N,IBXNCJKFFQIKKY-UHFFFAOYSA-N,ZIBGPFATKBEMQZ-UHFFFAOYSA-N,363.2,solvent,882
ZIBGPFATKBEMQZ-UHFFFAOYSA-N:1059,ZIBGPFATKBEMQZ-UHFFFAOYSA-N,IMNFDUFMRHMDMM-UHFFFAOYSA-N,ZIBGPFATKBEMQZ-UHFFFAOYSA-N,323.15,solvent,1059
ZIBGPFATKBEMQZ-UHFFFAOYSA-N:1060,ZIBGPFATKBEMQZ-UHFFFAOYSA-N,IMNFDUFMRHMDMM-UHFFFAOYSA-N,ZIBGPFATKBEMQZ-UHFFFAOYSA-N,333.2,solvent,1060
ZIBGPFATKBEMQZ-UHFFFAOYSA-N:1061,ZIBGPFATKBEMQZ-UHFFFAOYSA-N,IMNFDUFMRHMDMM-UHFFFAOYSA-N,ZIBGPFATKBEMQZ-UHFFFAOYSA-N,333.15,solvent,1061
ZIBGPFATKBEMQZ-UHFFFAOYSA-N:1062,ZIBGPFATKBEMQZ-UHFFFAOYSA-N,IMNFDUFMRHMDMM-UHFFFAOYSA-N,ZIBGPFATKBEMQZ-UHFFFAOYSA-N,343.15,solvent,1062
ZIBGPFATKBEMQZ-UHFFFAOYSA-N:1063,ZIBGPFATKBEMQZ-UHFFFAOYSA-N,IMNFDUFMRHMDMM-UHFFFAOYSA-N,ZIBGPFATKBEMQZ-UHFFFAOYSA-N,348.2,solvent,1063
ZIBGPFATKBEMQZ-UHFFFAOYSA-N:1064,ZIBGPFATKBEMQZ-UHFFFAOYSA-N,IMNFDUFMRHMDMM-UHFFFAOYSA-N,ZIBGPFATKBEMQZ-UHFFFAOYSA-N,353.15,solvent,1064
ZIBGPFATKBEMQZ-UHFFFAOYSA-N:1065,ZIBGPFATKBEMQZ-UHFFFAOYSA-N,IMNFDUFMRHMDMM-UHFFFAOYSA-N,ZIBGPFATKBEMQZ-UHFFFAOYSA-N,363.2,solvent,1065
ZIBGPFATKBEMQZ-UHFFFAOYSA-N:1066,ZIBGPFATKBEMQZ-UHFFFAOYSA-N,IMNFDUFMRHMDMM-UHFFFAOYSA-N,ZIBGPFATKBEMQZ-UHFFFAOYSA-N,363.15,solvent,1066
ZIBGPFATKBEMQZ-UHFFFAOYSA-N:1067,ZIBGPFATKBEMQZ-UHFFFAOYSA-N,IMNFDUFMRHMDMM-UHFFFAOYSA-N,ZIBGPFATKBEMQZ-UHFFFAOYSA-N,373.15,solvent,1067
ZIBGPFATKBEMQZ-UHFFFAOYSA-N:1068,ZIBGPFATKBEMQZ-UHFFFAOYSA-N,IMNFDUFMRHMDMM-UHFFFAOYSA-N,ZIBGPFATKBEMQZ-UHFFFAOYSA-N,383.15,solvent,1068
ZIBGPFATKBEMQZ-UHFFFAOYSA-N:1069,ZIBGPFATKBEMQZ-UHFFFAOYSA-N,IMNFDUFMRHMDMM-UHFFFAOYSA-N,ZIBGPFATKBEMQZ-UHFFFAOYSA-N,393.15,solvent,1069
ZIBGPFATKBEMQZ-UHFFFAOYSA-N:1253,ZIBGPFATKBEMQZ-UHFFFAOYSA-N,KFZMGEQAYNKOFK-UHFFFAOYSA-N,ZIBGPFATKBEMQZ-UHFFFAOYSA-N,333.2,solvent,1253
ZIBGPFATKBEMQZ-UHFFFAOYSA-N:1254,ZIBGPFATKBEMQZ-UHFFFAOYSA-N,KFZMGEQAYNKOFK-UHFFFAOYSA-N,ZIBGPFATKBEMQZ-UHFFFAOYSA-N,348.2,solvent,1254
ZIBGPFATKBEMQZ-UHFFFAOYSA-N:1255,ZIBGPFATKBEMQZ-UHFFFAOYSA-N,KFZMGEQAYNKOFK-UHFFFAOYSA-N,ZIBGPFATKBEMQZ-UHFFFAOYSA-N,363.2,solvent,1255
ZIBGPFATKBEMQZ-UHFFFAOYSA-N:1280,ZIBGPFATKBEMQZ-UHFFFAOYSA-N,KWKAKUADMBZCLK-UHFFFAOYSA-N,ZIBGPFATKBEMQZ-UHFFFAOYSA-N,333.2,solvent,1280
ZIBGPFATKBEMQZ-UHFFFAOYSA-N:1281,ZIBGPFATKBEMQZ-UHFFFAOYSA-N,KWKAKUADMBZCLK-UHFFFAOYSA-N,ZIBGPFATKBEMQZ-UHFFFAOYSA-N,348.2,solvent,1281
ZIBGPFATKBEMQZ-UHFFFAOYSA-N:1282,ZIBGPFATKBEMQZ-UHFFFAOYSA-N,KWKAKUADMBZCLK-UHFFFAOYSA-N,ZIBGPFATKBEMQZ-UHFFFAOYSA-N,363.2,solvent,1282
ZIBGPFATKBEMQZ-UHFFFAOYSA-N:1464,ZIBGPFATKBEMQZ-UHFFFAOYSA-N,LFQSCWFLJHTTHZ-UHFFFAOYSA-N,ZIBGPFATKBEMQZ-UHFFFAOYSA-N,333.2,solvent,1464
ZIBGPFATKBEMQZ-UHFFFAOYSA-N:1465,ZIBGPFATKBEMQZ-UHFFFAOYSA-N,LFQSCWFLJHTTHZ-UHFFFAOYSA-N,ZIBGPFATKBEMQZ-UHFFFAOYSA-N,348.2,solvent,1465
ZIBGPFATKBEMQZ-UHFFFAOYSA-N:1466,ZIBGPFATKBEMQZ-UHFFFAOYSA-N,LFQSCWFLJHTTHZ-UHFFFAOYSA-N,ZIBGPFATKBEMQZ-UHFFFAOYSA-N,363.2,solvent,1466
ZIBGPFATKBEMQZ-UHFFFAOYSA-N:1515,ZIBGPFATKBEMQZ-UHFFFAOYSA-N,LIKMAJRDDDTEIG-UHFFFAOYSA-N,ZIBGPFATKBEMQZ-UHFFFAOYSA-N,333.2,solvent,1515
ZIBGPFATKBEMQZ-UHFFFAOYSA-N:1516,ZIBGPFATKBEMQZ-UHFFFAOYSA-N,LIKMAJRDDDTEIG-UHFFFAOYSA-N,ZIBGPFATKBEMQZ-UHFFFAOYSA-N,348.2,solvent,1516
ZIBGPFATKBEMQZ-UHFFFAOYSA-N:1517,ZIBGPFATKBEMQZ-UHFFFAOYSA-N,LIKMAJRDDDTEIG-UHFFFAOYSA-N,ZIBGPFATKBEMQZ-UHFFFAOYSA-N,363.2,solvent,1517
ZIBGPFATKBEMQZ-UHFFFAOYSA-N:1961,ZIBGPFATKBEMQZ-UHFFFAOYSA-N,OFBQJSOFQDEBGM-UHFFFAOYSA-N,ZIBGPFATKBEMQZ-UHFFFAOYSA-N,333.2,solvent,1961
ZIBGPFATKBEMQZ-UHFFFAOYSA-N:1962,ZIBGPFATKBEMQZ-UHFFFAOYSA-N,OFBQJSOFQDEBGM-UHFFFAOYSA-N,ZIBGPFATKBEMQZ-UHFFFAOYSA-N,348.2,solvent,1962
ZIBGPFATKBEMQZ-UHFFFAOYSA-N:1963,ZIBGPFATKBEMQZ-UHFFFAOYSA-N,OFBQJSOFQDEBGM-UHFFFAOYSA-N,ZIBGPFATKBEMQZ-UHFFFAOYSA-N,363.2,solvent,1963
ZIBGPFATKBEMQZ-UHFFFAOYSA-N:2045,ZIBGPFATKBEMQZ-UHFFFAOYSA-N,OKKJLVBELUTLKV-UHFFFAOYSA-N,ZIBGPFATKBEMQZ-UHFFFAOYSA-N,333.2,solvent,2045
ZIBGPFATKBEMQZ-UHFFFAOYSA-N:2046,ZIBGPFATKBEMQZ-UHFFFAOYSA-N,OKKJLVBELUTLKV-UHFFFAOYSA-N,ZIBGPFATKBEMQZ-UHFFFAOYSA-N,348.2,solvent,2046
ZIBGPFATKBEMQZ-UHFFFAOYSA-N:2286,ZIBGPFATKBEMQZ-UHFFFAOYSA-N,RGSFGYAAUTVSQA-UHFFFAOYSA-N,ZIBGPFATKBEMQZ-UHFFFAOYSA-N,333.2,solvent,2286
ZIBGPFATKBEMQZ-UHFFFAOYSA-N:2287,ZIBGPFATKBEMQZ-UHFFFAOYSA-N,RGSFGYAAUTVSQA-UHFFFAOYSA-N,ZIBGPFATKBEMQZ-UHFFFAOYSA-N,348.2,solvent,2287
ZIBGPFATKBEMQZ-UHFFFAOYSA-N:2288,ZIBGPFATKBEMQZ-UHFFFAOYSA-N,RGSFGYAAUTVSQA-UHFFFAOYSA-N,ZIBGPFATKBEMQZ-UHFFFAOYSA-N,363.2,solvent,2288
ZIBGPFATKBEMQZ-UHFFFAOYSA-N:2449,ZIBGPFATKBEMQZ-UHFFFAOYSA-N,TVMXDCGIABBOFY-UHFFFAOYSA-N,ZIBGPFATKBEMQZ-UHFFFAOYSA-N,323.15,solvent,2449
ZIBGPFATKBEMQZ-UHFFFAOYSA-N:2450,ZIBGPFATKBEMQZ-UHFFFAOYSA-N,TVMXDCGIABBOFY-UHFFFAOYSA-N,ZIBGPFATKBEMQZ-UHFFFAOYSA-N,333.2,solvent,2450
ZIBGPFATKBEMQZ-UHFFFAOYSA-N:2451,ZIBGPFATKBEMQZ-UHFFFAOYSA-N,TVMXDCGIABBOFY-UHFFFAOYSA-N,ZIBGPFATKBEMQZ-UHFFFAOYSA-N,333.15,solvent,2451
ZIBGPFATKBEMQZ-UHFFFAOYSA-N:2452,ZIBGPFATKBEMQZ-UHFFFAOYSA-N,TVMXDCGIABBOFY-UHFFFAOYSA-N,ZIBGPFATKBEMQZ-UHFFFAOYSA-N,343.15,solvent,2452
ZIBGPFATKBEMQZ-UHFFFAOYSA-N:2453,ZIBGPFATKBEMQZ-UHFFFAOYSA-N,TVMXDCGIABBOFY-UHFFFAOYSA-N,ZIBGPFATKBEMQZ-UHFFFAOYSA-N,348.2,solvent,2453
ZIBGPFATKBEMQZ-UHFFFAOYSA-N:2454,ZIBGPFATKBEMQZ-UHFFFAOYSA-N,TVMXDCGIABBOFY-UHFFFAOYSA-N,ZIBGPFATKBEMQZ-UHFFFAOYSA-N,353.15,solvent,2454
ZIBGPFATKBEMQZ-UHFFFAOYSA-N:2455,ZIBGPFATKBEMQZ-UHFFFAOYSA-N,TVMXDCGIABBOFY-UHFFFAOYSA-N,ZIBGPFATKBEMQZ-UHFFFAOYSA-N,363.2,solvent,2455
ZIBGPFATKBEMQZ-UHFFFAOYSA-N:2456,ZIBGPFATKBEMQZ-UHFFFAOYSA-N,TVMXDCGIABBOFY-UHFFFAOYSA-N,ZIBGPFATKBEMQZ-UHFFFAOYSA-N,363.15,solvent,2456
ZIBGPFATKBEMQZ-UHFFFAOYSA-N:2457,ZIBGPFATKBEMQZ-UHFFFAOYSA-N,TVMXDCGIABBOFY-UHFFFAOYSA-N,ZIBGPFATKBEMQZ-UHFFFAOYSA-N,373.15,solvent,2457
ZIBGPFATKBEMQZ-UHFFFAOYSA-N:2458,ZIBGPFATKBEMQZ-UHFFFAOYSA-N,TVMXDCGIABBOFY-UHFFFAOYSA-N,ZIBGPFATKBEMQZ-UHFFFAOYSA-N,383.15,solvent,2458
ZIBGPFATKBEMQZ-UHFFFAOYSA-N:2459,ZIBGPFATKBEMQZ-UHFFFAOYSA-N,TVMXDCGIABBOFY-UHFFFAOYSA-N,ZIBGPFATKBEMQZ-UHFFFAOYSA-N,393.15,solvent,2459
ZIBGPFATKBEMQZ-UHFFFAOYSA-N:2528,ZIBGPFATKBEMQZ-UHFFFAOYSA-N,UHOVQNZJYSORNB-UHFFFAOYSA-N,ZIBGPFATKBEMQZ-UHFFFAOYSA-N,323.15,solvent,2528
ZIBGPFATKBEMQZ-UHFFFAOYSA-N:2529,ZIBGPFATKBEMQZ-UHFFFAOYSA-N,UHOVQNZJYSORNB-UHFFFAOYSA-N,ZIBGPFATKBEMQZ-UHFFFAOYSA-N,333.2,solvent,2529
ZIBGPFATKBEMQZ-UHFFFAOYSA-N:2530,ZIBGPFATKBEMQZ-UHFFFAOYSA-N,UHOVQNZJYSORNB-UHFFFAOYSA-N,ZIBGPFATKBEMQZ-UHFFFAOYSA-N,333.15,solvent,2530
ZIBGPFATKBEMQZ-UHFFFAOYSA-N:2531,ZIBGPFATKBEMQZ-UHFFFAOYSA-N,UHOVQNZJYSORNB-UHFFFAOYSA-N,ZIBGPFATKBEMQZ-UHFFFAOYSA-N,343.15,solvent,2531
ZIBGPFATKBEMQZ-UHFFFAOYSA-N:2532,ZIBGPFATKBEMQZ-UHFFFAOYSA-N,UHOVQNZJYSORNB-UHFFFAOYSA-N,ZIBGPFATKBEMQZ-UHFFFAOYSA-N,348.2,solvent,2532
ZIBGPFATKBEMQZ-UHFFFAOYSA-N:2533,ZIBGPFATKBEMQZ-UHFFFAOYSA-N,UHOVQNZJYSORNB-UHFFFAOYSA-N,ZIBGPFATKBEMQZ-UHFFFAOYSA-N,353.15,solvent,2533
ZIBGPFATKBEMQZ-UHFFFAOYSA-N:2534,ZIBGPFATKBEMQZ-UHFFFAOYSA-N,UHOVQNZJYSORNB-UHFFFAOYSA-N,ZIBGPFATKBEMQZ-UHFFFAOYSA-N,363.2,solvent,2534
ZIBGPFATKBEMQZ-UHFFFAOYSA-N:2535,ZIBGPFATKBEMQZ-UHFFFAOYSA-N,UHOVQNZJYSORNB-UHFFFAOYSA-N,ZIBGPFATKBEMQZ-UHFFFAOYSA-N,363.15,solvent,2535
ZIBGPFATKBEMQZ-UHFFFAOYSA-N:2536,ZIBGPFATKBEMQZ-UHFFFAOYSA-N,UHOVQNZJYSORNB-UHFFFAOYSA-N,ZIBGPFATKBEMQZ-UHFFFAOYSA-N,373.15,solvent,2536
ZIBGPFATKBEMQZ-UHFFFAOYSA-N:2537,ZIBGPFATKBEMQZ-UHFFFAOYSA-N,UHOVQNZJYSORNB-UHFFFAOYSA-N,ZIBGPFATKBEMQZ-UHFFFAOYSA-N,383.15,solvent,2537
ZIBGPFATKBEMQZ-UHFFFAOYSA-N:2538,ZIBGPFATKBEMQZ-UHFFFAOYSA-N,UHOVQNZJYSORNB-UHFFFAOYSA-N,ZIBGPFATKBEMQZ-UHFFFAOYSA-N,393.15,solvent,2538
ZIBGPFATKBEMQZ-UHFFFAOYSA-N:2546,ZIBGPFATKBEMQZ-UHFFFAOYSA-N,UMIPWJGWASORKV-UHFFFAOYSA-N,ZIBGPFATKBEMQZ-UHFFFAOYSA-N,333.2,solvent,2546
ZIBGPFATKBEMQZ-UHFFFAOYSA-N:2547,ZIBGPFATKBEMQZ-UHFFFAOYSA-N,UMIPWJGWASORKV-UHFFFAOYSA-N,ZIBGPFATKBEMQZ-UHFFFAOYSA-N,348.2,solvent,2547
ZIBGPFATKBEMQZ-UHFFFAOYSA-N:2548,ZIBGPFATKBEMQZ-UHFFFAOYSA-N,UMIPWJGWASORKV-UHFFFAOYSA-N,ZIBGPFATKBEMQZ-UHFFFAOYSA-N,363.2,solvent,2548
ZIBGPFATKBEMQZ-UHFFFAOYSA-N:2672,ZIBGPFATKBEMQZ-UHFFFAOYSA-N,VLKZOEOYAKHREP-UHFFFAOYSA-N,ZIBGPFATKBEMQZ-UHFFFAOYSA-N,333.2,solvent,2672
ZIBGPFATKBEMQZ-UHFFFAOYSA-N:2673,ZIBGPFATKBEMQZ-UHFFFAOYSA-N,VLKZOEOYAKHREP-UHFFFAOYSA-N,ZIBGPFATKBEMQZ-UHFFFAOYSA-N,348.2,solvent,2673
ZIBGPFATKBEMQZ-UHFFFAOYSA-N:2674,ZIBGPFATKBEMQZ-UHFFFAOYSA-N,VLKZOEOYAKHREP-UHFFFAOYSA-N,ZIBGPFATKBEMQZ-UHFFFAOYSA-N,363.2,solvent,2674
ZIBGPFATKBEMQZ-UHFFFAOYSA-N:2884,ZIBGPFATKBEMQZ-UHFFFAOYSA-N,WJTCGQSWYFHTAC-UHFFFAOYSA-N,ZIBGPFATKBEMQZ-UHFFFAOYSA-N,333.2,solvent,2884
ZIBGPFATKBEMQZ-UHFFFAOYSA-N:2885,ZIBGPFATKBEMQZ-UHFFFAOYSA-N,WJTCGQSWYFHTAC-UHFFFAOYSA-N,ZIBGPFATKBEMQZ-UHFFFAOYSA-N,348.2,solvent,2885
ZIBGPFATKBEMQZ-UHFFFAOYSA-N:2886,ZIBGPFATKBEMQZ-UHFFFAOYSA-N,WJTCGQSWYFHTAC-UHFFFAOYSA-N,ZIBGPFATKBEMQZ-UHFFFAOYSA-N,363.2,solvent,2886
ZIBGPFATKBEMQZ-UHFFFAOYSA-N:3001,ZIBGPFATKBEMQZ-UHFFFAOYSA-N,XDTMQSROBMDMFD-UHFFFAOYSA-N,ZIBGPFATKBEMQZ-UHFFFAOYSA-N,333.2,solvent,3001
ZIBGPFATKBEMQZ-UHFFFAOYSA-N:3002,ZIBGPFATKBEMQZ-UHFFFAOYSA-N,XDTMQSROBMDMFD-UHFFFAOYSA-N,ZIBGPFATKBEMQZ-UHFFFAOYSA-N,348.2,solvent,3002
ZIBGPFATKBEMQZ-UHFFFAOYSA-N:3003,ZIBGPFATKBEMQZ-UHFFFAOYSA-N,XDTMQSROBMDMFD-UHFFFAOYSA-N,ZIBGPFATKBEMQZ-UHFFFAOYSA-N,363.2,solvent,3003
ZIBGPFATKBEMQZ-UHFFFAOYSA-N:3224,ZIBGPFATKBEMQZ-UHFFFAOYSA-N,YNQLUTRBYVCPMQ-UHFFFAOYSA-N,ZIBGPFATKBEMQZ-UHFFFAOYSA-N,323.15,solvent,3224
ZIBGPFATKBEMQZ-UHFFFAOYSA-N:3225,ZIBGPFATKBEMQZ-UHFFFAOYSA-N,YNQLUTRBYVCPMQ-UHFFFAOYSA-N,ZIBGPFATKBEMQZ-UHFFFAOYSA-N,333.2,solvent,3225
ZIBGPFATKBEMQZ-UHFFFAOYSA-N:3226,ZIBGPFATKBEMQZ-UHFFFAOYSA-N,YNQLUTRBYVCPMQ-UHFFFAOYSA-N,ZIBGPFATKBEMQZ-UHFFFAOYSA-N,333.15,solvent,3226
ZIBGPFATKBEMQZ-UHFFFAOYSA-N:3227,ZIBGPFATKBEMQZ-UHFFFAOYSA-N,YNQLUTRBYVCPMQ-UHFFFAOYSA-N,ZIBGPFATKBEMQZ-UHFFFAOYSA-N,343.15,solvent,3227
ZIBGPFATKBEMQZ-UHFFFAOYSA-N:3228,ZIBGPFATKBEMQZ-UHFFFAOYSA-N,YNQLUTRBYVCPMQ-UHFFFAOYSA-N,ZIBGPFATKBEMQZ-UHFFFAOYSA-N,348.2,solvent,3228
ZIBGPFATKBEMQZ-UHFFFAOYSA-N:3229,ZIBGPFATKBEMQZ-UHFFFAOYSA-N,YNQLUTRBYVCPMQ-UHFFFAOYSA-N,ZIBGPFATKBEMQZ-UHFFFAOYSA-N,353.15,solvent,3229
ZIBGPFATKBEMQZ-UHFFFAOYSA-N:3230,ZIBGPFATKBEMQZ-UHFFFAOYSA-N,YNQLUTRBYVCPMQ-UHFFFAOYSA-N,ZIBGPFATKBEMQZ-UHFFFAOYSA-N,363.2,solvent,3230
ZIBGPFATKBEMQZ-UHFFFAOYSA-N:3231,ZIBGPFATKBEMQZ-UHFFFAOYSA-N,YNQLUTRBYVCPMQ-UHFFFAOYSA-N,ZIBGPFATKBEMQZ-UHFFFAOYSA-N,363.15,solvent,3231
ZIBGPFATKBEMQZ-UHFFFAOYSA-N:3232,ZIBGPFATKBEMQZ-UHFFFAOYSA-N,YNQLUTRBYVCPMQ-UHFFFAOYSA-N,ZIBGPFATKBEMQZ-UHFFFAOYSA-N,373.15,solvent,3232
ZIBGPFATKBEMQZ-UHFFFAOYSA-N:3233,ZIBGPFATKBEMQZ-UHFFFAOYSA-N,YNQLUTRBYVCPMQ-UHFFFAOYSA-N,ZIBGPFATKBEMQZ-UHFFFAOYSA-N,383.15,solvent,3233
ZIBGPFATKBEMQZ-UHFFFAOYSA-N:3234,ZIBGPFATKBEMQZ-UHFFFAOYSA-N,YNQLUTRBYVCPMQ-UHFFFAOYSA-N,ZIBGPFATKBEMQZ-UHFFFAOYSA-N,393.15,solvent,3234
ZIBGPFATKBEMQZ-UHFFFAOYSA-N:3244,ZIBGPFATKBEMQZ-UHFFFAOYSA-N,YVXHZKKCZYLQOP-UHFFFAOYSA-N,ZIBGPFATKBEMQZ-UHFFFAOYSA-N,333.2,solvent,3244
ZIBGPFATKBEMQZ-UHFFFAOYSA-N:3245,ZIBGPFATKBEMQZ-UHFFFAOYSA-N,YVXHZKKCZYLQOP-UHFFFAOYSA-N,ZIBGPFATKBEMQZ-UHFFFAOYSA-N,348.2,solvent,3245
ZIBGPFATKBEMQZ-UHFFFAOYSA-N:3246,ZIBGPFATKBEMQZ-UHFFFAOYSA-N,YVXHZKKCZYLQOP-UHFFFAOYSA-N,ZIBGPFATKBEMQZ-UHFFFAOYSA-N,363.2,solvent,3246
ZIBGPFATKBEMQZ-UHFFFAOYSA-N:3273,ZIBGPFATKBEMQZ-UHFFFAOYSA-N,YWAKXRMUMFPDSH-UHFFFAOYSA-N,ZIBGPFATKBEMQZ-UHFFFAOYSA-N,333.2,solvent,3273
ZIBGPFATKBEMQZ-UHFFFAOYSA-N:3274,ZIBGPFATKBEMQZ-UHFFFAOYSA-N,YWAKXRMUMFPDSH-UHFFFAOYSA-N,ZIBGPFATKBEMQZ-UHFFFAOYSA-N,348.2,solvent,3274
ZIBGPFATKBEMQZ-UHFFFAOYSA-N:3275,ZIBGPFATKBEMQZ-UHFFFAOYSA-N,YWAKXRMUMFPDSH-UHFFFAOYSA-N,ZIBGPFATKBEMQZ-UHFFFAOYSA-N,363.2,solvent,3275
ZIBGPFATKBEMQZ-UHFFFAOYSA-N:3364,ZIBGPFATKBEMQZ-UHFFFAOYSA-N,YXFVVABEGXRONW-UHFFFAOYSA-N,ZIBGPFATKBEMQZ-UHFFFAOYSA-N,323.15,solvent,3364
ZIBGPFATKBEMQZ-UHFFFAOYSA-N:3365,ZIBGPFATKBEMQZ-UHFFFAOYSA-N,YXFVVABEGXRONW-UHFFFAOYSA-N,ZIBGPFATKBEMQZ-UHFFFAOYSA-N,333.2,solvent,3365
ZIBGPFATKBEMQZ-UHFFFAOYSA-N:3366,ZIBGPFATKBEMQZ-UHFFFAOYSA-N,YXFVVABEGXRONW-UHFFFAOYSA-N,ZIBGPFATKBEMQZ-UHFFFAOYSA-N,333.15,solvent,3366
ZIBGPFATKBEMQZ-UHFFFAOYSA-N:3367,ZIBGPFATKBEMQZ-UHFFFAOYSA-N,YXFVVABEGXRONW-UHFFFAOYSA-N,ZIBGPFATKBEMQZ-UHFFFAOYSA-N,343.15,solvent,3367
ZIBGPFATKBEMQZ-UHFFFAOYSA-N:3368,ZIBGPFATKBEMQZ-UHFFFAOYSA-N,YXFVVABEGXRONW-UHFFFAOYSA-N,ZIBGPFATKBEMQZ-UHFFFAOYSA-N,348.2,solvent,3368
ZIBGPFATKBEMQZ-UHFFFAOYSA-N:3369,ZIBGPFATKBEMQZ-UHFFFAOYSA-N,YXFVVABEGXRONW-UHFFFAOYSA-N,ZIBGPFATKBEMQZ-UHFFFAOYSA-N,353.15,solvent,3369
ZIBGPFATKBEMQZ-UHFFFAOYSA-N:3370,ZIBGPFATKBEMQZ-UHFFFAOYSA-N,YXFVVABEGXRONW-UHFFFAOYSA-N,ZIBGPFATKBEMQZ-UHFFFAOYSA-N,363.2,solvent,3370
ZIBGPFATKBEMQZ-UHFFFAOYSA-N:3371,ZIBGPFATKBEMQZ-UHFFFAOYSA-N,YXFVVABEGXRONW-UHFFFAOYSA-N,ZIBGPFATKBEMQZ-UHFFFAOYSA-N,363.15,solvent,3371
ZIBGPFATKBEMQZ-UHFFFAOYSA-N:3372,ZIBGPFATKBEMQZ-UHFFFAOYSA-N,YXFVVABEGXRONW-UHFFFAOYSA-N,ZIBGPFATKBEMQZ-UHFFFAOYSA-N,373.15,solvent,3372
ZIBGPFATKBEMQZ-UHFFFAOYSA-N:3373,ZIBGPFATKBEMQZ-UHFFFAOYSA-N,YXFVVABEGXRONW-UHFFFAOYSA-N,ZIBGPFATKBEMQZ-UHFFFAOYSA-N,383.15,solvent,3373
ZIBGPFATKBEMQZ-UHFFFAOYSA-N:3374,ZIBGPFATKBEMQZ-UHFFFAOYSA-N,YXFVVABEGXRONW-UHFFFAOYSA-N,ZIBGPFATKBEMQZ-UHFFFAOYSA-N,393.15,solvent,3374
ZIBGPFATKBEMQZ-UHFFFAOYSA-N:3408,ZIBGPFATKBEMQZ-UHFFFAOYSA-N,ZGEGCLOFRBLKSE-UHFFFAOYSA-N,ZIBGPFATKBEMQZ-UHFFFAOYSA-N,333.2,solvent,3408
ZIBGPFATKBEMQZ-UHFFFAOYSA-N:3409,ZIBGPFATKBEMQZ-UHFFFAOYSA-N,ZGEGCLOFRBLKSE-UHFFFAOYSA-N,ZIBGPFATKBEMQZ-UHFFFAOYSA-N,348.2,solvent,3409
ZIBGPFATKBEMQZ-UHFFFAOYSA-N:3410,ZIBGPFATKBEMQZ-UHFFFAOYSA-N,ZGEGCLOFRBLKSE-UHFFFAOYSA-N,ZIBGPFATKBEMQZ-UHFFFAOYSA-N,363.2,solvent,3410
NPNPZTNLOVBDOC-UHFFFAOYSA-N:1812,NPNPZTNLOVBDOC-UHFFFAOYSA-N,NPNPZTNLOVBDOC-UHFFFAOYSA-N,AMQJEAYHLZJPGS-UHFFFAOYSA-N,270.06,solute,1812
NPNPZTNLOVBDOC-UHFFFAOYSA-N:1813,NPNPZTNLOVBDOC-UHFFFAOYSA-N,NPNPZTNLOVBDOC-UHFFFAOYSA-N,AMQJEAYHLZJPGS-UHFFFAOYSA-N,290.0,solute,1813
NPNPZTNLOVBDOC-UHFFFAOYSA-N:1814,NPNPZTNLOVBDOC-UHFFFAOYSA-N,NPNPZTNLOVBDOC-UHFFFAOYSA-N,AMQJEAYHLZJPGS-UHFFFAOYSA-N,309.99,solute,1814
NPNPZTNLOVBDOC-UHFFFAOYSA-N:1815,NPNPZTNLOVBDOC-UHFFFAOYSA-N,NPNPZTNLOVBDOC-UHFFFAOYSA-N,AMQJEAYHLZJPGS-UHFFFAOYSA-N,330.0,solute,1815
NPNPZTNLOVBDOC-UHFFFAOYSA-N:1816,NPNPZTNLOVBDOC-UHFFFAOYSA-N,NPNPZTNLOVBDOC-UHFFFAOYSA-N,AQIXEPGDORPWBJ-UHFFFAOYSA-N,259.98,solute,1816
NPNPZTNLOVBDOC-UHFFFAOYSA-N:1817,NPNPZTNLOVBDOC-UHFFFAOYSA-N,NPNPZTNLOVBDOC-UHFFFAOYSA-N,AQIXEPGDORPWBJ-UHFFFAOYSA-N,270.03,solute,1817
NPNPZTNLOVBDOC-UHFFFAOYSA-N:1818,NPNPZTNLOVBDOC-UHFFFAOYSA-N,NPNPZTNLOVBDOC-UHFFFAOYSA-N,AQIXEPGDORPWBJ-UHFFFAOYSA-N,290.0,solute,1818
NPNPZTNLOVBDOC-UHFFFAOYSA-N:1819,NPNPZTNLOVBDOC-UHFFFAOYSA-N,NPNPZTNLOVBDOC-UHFFFAOYSA-N,AQIXEPGDORPWBJ-UHFFFAOYSA-N,309.99,solute,1819
NPNPZTNLOVBDOC-UHFFFAOYSA-N:1820,NPNPZTNLOVBDOC-UHFFFAOYSA-N,NPNPZTNLOVBDOC-UHFFFAOYSA-N,AQIXEPGDORPWBJ-UHFFFAOYSA-N,330.0,solute,1820
NPNPZTNLOVBDOC-UHFFFAOYSA-N:1821,NPNPZTNLOVBDOC-UHFFFAOYSA-N,NPNPZTNLOVBDOC-UHFFFAOYSA-N,BDERNNFJNOPAEC-UHFFFAOYSA-N,259.93,solute,1821
NPNPZTNLOVBDOC-UHFFFAOYSA-N:1822,NPNPZTNLOVBDOC-UHFFFAOYSA-N,NPNPZTNLOVBDOC-UHFFFAOYSA-N,BDERNNFJNOPAEC-UHFFFAOYSA-N,269.98,solute,1822
NPNPZTNLOVBDOC-UHFFFAOYSA-N:1823,NPNPZTNLOVBDOC-UHFFFAOYSA-N,NPNPZTNLOVBDOC-UHFFFAOYSA-N,BDERNNFJNOPAEC-UHFFFAOYSA-N,290.0,solute,1823
NPNPZTNLOVBDOC-UHFFFAOYSA-N:1824,NPNPZTNLOVBDOC-UHFFFAOYSA-N,NPNPZTNLOVBDOC-UHFFFAOYSA-N,BDERNNFJNOPAEC-UHFFFAOYSA-N,309.99,solute,1824
NPNPZTNLOVBDOC-UHFFFAOYSA-N:1825,NPNPZTNLOVBDOC-UHFFFAOYSA-N,NPNPZTNLOVBDOC-UHFFFAOYSA-N,BDERNNFJNOPAEC-UHFFFAOYSA-N,330.0,solute,1825
NPNPZTNLOVBDOC-UHFFFAOYSA-N:1826,NPNPZTNLOVBDOC-UHFFFAOYSA-N,NPNPZTNLOVBDOC-UHFFFAOYSA-N,CPJRRXSHAYUTGL-UHFFFAOYSA-N,269.95,solute,1826
NPNPZTNLOVBDOC-UHFFFAOYSA-N:1827,NPNPZTNLOVBDOC-UHFFFAOYSA-N,NPNPZTNLOVBDOC-UHFFFAOYSA-N,CPJRRXSHAYUTGL-UHFFFAOYSA-N,289.9,solute,1827
NPNPZTNLOVBDOC-UHFFFAOYSA-N:1828,NPNPZTNLOVBDOC-UHFFFAOYSA-N,NPNPZTNLOVBDOC-UHFFFAOYSA-N,CPJRRXSHAYUTGL-UHFFFAOYSA-N,309.99,solute,1828
NPNPZTNLOVBDOC-UHFFFAOYSA-N:1829,NPNPZTNLOVBDOC-UHFFFAOYSA-N,NPNPZTNLOVBDOC-UHFFFAOYSA-N,CPJRRXSHAYUTGL-UHFFFAOYSA-N,330.0,solute,1829
NPNPZTNLOVBDOC-UHFFFAOYSA-N:1830,NPNPZTNLOVBDOC-UHFFFAOYSA-N,NPNPZTNLOVBDOC-UHFFFAOYSA-N,CTQNGGLPUBDAKN-UHFFFAOYSA-N,270.13,solute,1830
NPNPZTNLOVBDOC-UHFFFAOYSA-N:1831,NPNPZTNLOVBDOC-UHFFFAOYSA-N,NPNPZTNLOVBDOC-UHFFFAOYSA-N,CTQNGGLPUBDAKN-UHFFFAOYSA-N,289.99,solute,1831
NPNPZTNLOVBDOC-UHFFFAOYSA-N:1832,NPNPZTNLOVBDOC-UHFFFAOYSA-N,NPNPZTNLOVBDOC-UHFFFAOYSA-N,CTQNGGLPUBDAKN-UHFFFAOYSA-N,309.84,solute,1832
NPNPZTNLOVBDOC-UHFFFAOYSA-N:1833,NPNPZTNLOVBDOC-UHFFFAOYSA-N,NPNPZTNLOVBDOC-UHFFFAOYSA-N,CTQNGGLPUBDAKN-UHFFFAOYSA-N,329.99,solute,1833
NPNPZTNLOVBDOC-UHFFFAOYSA-N:1834,NPNPZTNLOVBDOC-UHFFFAOYSA-N,NPNPZTNLOVBDOC-UHFFFAOYSA-N,DHXVGJBLRPWPCS-UHFFFAOYSA-N,250.06,solute,1834
NPNPZTNLOVBDOC-UHFFFAOYSA-N:1835,NPNPZTNLOVBDOC-UHFFFAOYSA-N,NPNPZTNLOVBDOC-UHFFFAOYSA-N,DHXVGJBLRPWPCS-UHFFFAOYSA-N,270.12,solute,1835
NPNPZTNLOVBDOC-UHFFFAOYSA-N:1836,NPNPZTNLOVBDOC-UHFFFAOYSA-N,NPNPZTNLOVBDOC-UHFFFAOYSA-N,DHXVGJBLRPWPCS-UHFFFAOYSA-N,289.97,solute,1836
NPNPZTNLOVBDOC-UHFFFAOYSA-N:1837,NPNPZTNLOVBDOC-UHFFFAOYSA-N,NPNPZTNLOVBDOC-UHFFFAOYSA-N,DHXVGJBLRPWPCS-UHFFFAOYSA-N,309.98,solute,1837
NPNPZTNLOVBDOC-UHFFFAOYSA-N:1838,NPNPZTNLOVBDOC-UHFFFAOYSA-N,NPNPZTNLOVBDOC-UHFFFAOYSA-N,DHXVGJBLRPWPCS-UHFFFAOYSA-N,329.97,solute,1838
NPNPZTNLOVBDOC-UHFFFAOYSA-N:1839,NPNPZTNLOVBDOC-UHFFFAOYSA-N,NPNPZTNLOVBDOC-UHFFFAOYSA-N,DKGAVHZHDRPRBM-UHFFFAOYSA-N,300.0,solute,1839
NPNPZTNLOVBDOC-UHFFFAOYSA-N:1840,NPNPZTNLOVBDOC-UHFFFAOYSA-N,NPNPZTNLOVBDOC-UHFFFAOYSA-N,DKGAVHZHDRPRBM-UHFFFAOYSA-N,309.99,solute,1840
NPNPZTNLOVBDOC-UHFFFAOYSA-N:1841,NPNPZTNLOVBDOC-UHFFFAOYSA-N,NPNPZTNLOVBDOC-UHFFFAOYSA-N,DKGAVHZHDRPRBM-UHFFFAOYSA-N,320.0,solute,1841
NPNPZTNLOVBDOC-UHFFFAOYSA-N:1842,NPNPZTNLOVBDOC-UHFFFAOYSA-N,NPNPZTNLOVBDOC-UHFFFAOYSA-N,DKGAVHZHDRPRBM-UHFFFAOYSA-N,330.0,solute,1842
NPNPZTNLOVBDOC-UHFFFAOYSA-N:1843,NPNPZTNLOVBDOC-UHFFFAOYSA-N,NPNPZTNLOVBDOC-UHFFFAOYSA-N,HNVRRHSXBLFLIG-UHFFFAOYSA-N,250.0,solute,1843
NPNPZTNLOVBDOC-UHFFFAOYSA-N:1844,NPNPZTNLOVBDOC-UHFFFAOYSA-N,NPNPZTNLOVBDOC-UHFFFAOYSA-N,HNVRRHSXBLFLIG-UHFFFAOYSA-N,269.96,solute,1844
NPNPZTNLOVBDOC-UHFFFAOYSA-N:1845,NPNPZTNLOVBDOC-UHFFFAOYSA-N,NPNPZTNLOVBDOC-UHFFFAOYSA-N,HNVRRHSXBLFLIG-UHFFFAOYSA-N,289.99,solute,1845
NPNPZTNLOVBDOC-UHFFFAOYSA-N:1846,NPNPZTNLOVBDOC-UHFFFAOYSA-N,NPNPZTNLOVBDOC-UHFFFAOYSA-N,HNVRRHSXBLFLIG-UHFFFAOYSA-N,309.99,solute,1846
NPNPZTNLOVBDOC-UHFFFAOYSA-N:1847,NPNPZTNLOVBDOC-UHFFFAOYSA-N,NPNPZTNLOVBDOC-UHFFFAOYSA-N,HNVRRHSXBLFLIG-UHFFFAOYSA-N,330.0,solute,1847
NPNPZTNLOVBDOC-UHFFFAOYSA-N:1848,NPNPZTNLOVBDOC-UHFFFAOYSA-N,NPNPZTNLOVBDOC-UHFFFAOYSA-N,IVSZLXZYQVIEFR-UHFFFAOYSA-N,270.1,solute,1848
NPNPZTNLOVBDOC-UHFFFAOYSA-N:1849,NPNPZTNLOVBDOC-UHFFFAOYSA-N,NPNPZTNLOVBDOC-UHFFFAOYSA-N,IVSZLXZYQVIEFR-UHFFFAOYSA-N,289.99,solute,1849
NPNPZTNLOVBDOC-UHFFFAOYSA-N:1850,NPNPZTNLOVBDOC-UHFFFAOYSA-N,NPNPZTNLOVBDOC-UHFFFAOYSA-N,IVSZLXZYQVIEFR-UHFFFAOYSA-N,309.84,solute,1850
NPNPZTNLOVBDOC-UHFFFAOYSA-N:1851,NPNPZTNLOVBDOC-UHFFFAOYSA-N,NPNPZTNLOVBDOC-UHFFFAOYSA-N,IVSZLXZYQVIEFR-UHFFFAOYSA-N,329.99,solute,1851
NPNPZTNLOVBDOC-UHFFFAOYSA-N:1852,NPNPZTNLOVBDOC-UHFFFAOYSA-N,NPNPZTNLOVBDOC-UHFFFAOYSA-N,IWDCLRJOBJJRNH-UHFFFAOYSA-N,309.99,solute,1852
NPNPZTNLOVBDOC-UHFFFAOYSA-N:1853,NPNPZTNLOVBDOC-UHFFFAOYSA-N,NPNPZTNLOVBDOC-UHFFFAOYSA-N,IWDCLRJOBJJRNH-UHFFFAOYSA-N,319.99,solute,1853
NPNPZTNLOVBDOC-UHFFFAOYSA-N:1854,NPNPZTNLOVBDOC-UHFFFAOYSA-N,NPNPZTNLOVBDOC-UHFFFAOYSA-N,IWDCLRJOBJJRNH-UHFFFAOYSA-N,329.99,solute,1854
NPNPZTNLOVBDOC-UHFFFAOYSA-N:1855,NPNPZTNLOVBDOC-UHFFFAOYSA-N,NPNPZTNLOVBDOC-UHFFFAOYSA-N,IWDCLRJOBJJRNH-UHFFFAOYSA-N,340.02,solute,1855
NPNPZTNLOVBDOC-UHFFFAOYSA-N:1856,NPNPZTNLOVBDOC-UHFFFAOYSA-N,NPNPZTNLOVBDOC-UHFFFAOYSA-N,JYVLIDXNZAXMDK-YFKPBYRVSA-N,270.05,solute,1856
NPNPZTNLOVBDOC-UHFFFAOYSA-N:1857,NPNPZTNLOVBDOC-UHFFFAOYSA-N,NPNPZTNLOVBDOC-UHFFFAOYSA-N,JYVLIDXNZAXMDK-YFKPBYRVSA-N,290.0,solute,1857
NPNPZTNLOVBDOC-UHFFFAOYSA-N:1858,NPNPZTNLOVBDOC-UHFFFAOYSA-N,NPNPZTNLOVBDOC-UHFFFAOYSA-N,JYVLIDXNZAXMDK-YFKPBYRVSA-N,309.99,solute,1858
NPNPZTNLOVBDOC-UHFFFAOYSA-N:1859,NPNPZTNLOVBDOC-UHFFFAOYSA-N,NPNPZTNLOVBDOC-UHFFFAOYSA-N,JYVLIDXNZAXMDK-YFKPBYRVSA-N,330.01,solute,1859
NPNPZTNLOVBDOC-UHFFFAOYSA-N:1860,NPNPZTNLOVBDOC-UHFFFAOYSA-N,NPNPZTNLOVBDOC-UHFFFAOYSA-N,KFZMGEQAYNKOFK-UHFFFAOYSA-N,269.99,solute,1860
NPNPZTNLOVBDOC-UHFFFAOYSA-N:1861,NPNPZTNLOVBDOC-UHFFFAOYSA-N,NPNPZTNLOVBDOC-UHFFFAOYSA-N,KFZMGEQAYNKOFK-UHFFFAOYSA-N,289.99,solute,1861
NPNPZTNLOVBDOC-UHFFFAOYSA-N:1862,NPNPZTNLOVBDOC-UHFFFAOYSA-N,NPNPZTNLOVBDOC-UHFFFAOYSA-N,KFZMGEQAYNKOFK-UHFFFAOYSA-N,309.99,solute,1862
NPNPZTNLOVBDOC-UHFFFAOYSA-N:1863,NPNPZTNLOVBDOC-UHFFFAOYSA-N,NPNPZTNLOVBDOC-UHFFFAOYSA-N,KFZMGEQAYNKOFK-UHFFFAOYSA-N,330.0,solute,1863
NPNPZTNLOVBDOC-UHFFFAOYSA-N:1864,NPNPZTNLOVBDOC-UHFFFAOYSA-N,NPNPZTNLOVBDOC-UHFFFAOYSA-N,LRHPLDYGYMQRHN-UHFFFAOYSA-N,269.94,solute,1864
NPNPZTNLOVBDOC-UHFFFAOYSA-N:1865,NPNPZTNLOVBDOC-UHFFFAOYSA-N,NPNPZTNLOVBDOC-UHFFFAOYSA-N,LRHPLDYGYMQRHN-UHFFFAOYSA-N,289.99,solute,1865
NPNPZTNLOVBDOC-UHFFFAOYSA-N:1866,NPNPZTNLOVBDOC-UHFFFAOYSA-N,NPNPZTNLOVBDOC-UHFFFAOYSA-N,LRHPLDYGYMQRHN-UHFFFAOYSA-N,309.99,solute,1866
NPNPZTNLOVBDOC-UHFFFAOYSA-N:1867,NPNPZTNLOVBDOC-UHFFFAOYSA-N,NPNPZTNLOVBDOC-UHFFFAOYSA-N,LRHPLDYGYMQRHN-UHFFFAOYSA-N,330.01,solute,1867
NPNPZTNLOVBDOC-UHFFFAOYSA-N:1868,NPNPZTNLOVBDOC-UHFFFAOYSA-N,NPNPZTNLOVBDOC-UHFFFAOYSA-N,OKKJLVBELUTLKV-UHFFFAOYSA-N,269.97,solute,1868
NPNPZTNLOVBDOC-UHFFFAOYSA-N:1869,NPNPZTNLOVBDOC-UHFFFAOYSA-N,NPNPZTNLOVBDOC-UHFFFAOYSA-N,OKKJLVBELUTLKV-UHFFFAOYSA-N,289.99,solute,1869
NPNPZTNLOVBDOC-UHFFFAOYSA-N:1870,NPNPZTNLOVBDOC-UHFFFAOYSA-N,NPNPZTNLOVBDOC-UHFFFAOYSA-N,OKKJLVBELUTLKV-UHFFFAOYSA-N,300.0,solute,1870
NPNPZTNLOVBDOC-UHFFFAOYSA-N:1871,NPNPZTNLOVBDOC-UHFFFAOYSA-N,NPNPZTNLOVBDOC-UHFFFAOYSA-N,OKKJLVBELUTLKV-UHFFFAOYSA-N,310.0,solute,1871
NPNPZTNLOVBDOC-UHFFFAOYSA-N:1872,NPNPZTNLOVBDOC-UHFFFAOYSA-N,NPNPZTNLOVBDOC-UHFFFAOYSA-N,OKKJLVBELUTLKV-UHFFFAOYSA-N,320.0,solute,1872
NPNPZTNLOVBDOC-UHFFFAOYSA-N:1873,NPNPZTNLOVBDOC-UHFFFAOYSA-N,NPNPZTNLOVBDOC-UHFFFAOYSA-N,OKKJLVBELUTLKV-UHFFFAOYSA-N,330.0,solute,1873
NPNPZTNLOVBDOC-UHFFFAOYSA-N:1874,NPNPZTNLOVBDOC-UHFFFAOYSA-N,NPNPZTNLOVBDOC-UHFFFAOYSA-N,PHTQWCKDNZKARW-UHFFFAOYSA-N,270.03,solute,1874
NPNPZTNLOVBDOC-UHFFFAOYSA-N:1875,NPNPZTNLOVBDOC-UHFFFAOYSA-N,NPNPZTNLOVBDOC-UHFFFAOYSA-N,PHTQWCKDNZKARW-UHFFFAOYSA-N,290.0,solute,1875
NPNPZTNLOVBDOC-UHFFFAOYSA-N:1876,NPNPZTNLOVBDOC-UHFFFAOYSA-N,NPNPZTNLOVBDOC-UHFFFAOYSA-N,PHTQWCKDNZKARW-UHFFFAOYSA-N,309.99,solute,1876
NPNPZTNLOVBDOC-UHFFFAOYSA-N:1877,NPNPZTNLOVBDOC-UHFFFAOYSA-N,NPNPZTNLOVBDOC-UHFFFAOYSA-N,PHTQWCKDNZKARW-UHFFFAOYSA-N,329.99,solute,1877
NPNPZTNLOVBDOC-UHFFFAOYSA-N:1878,NPNPZTNLOVBDOC-UHFFFAOYSA-N,NPNPZTNLOVBDOC-UHFFFAOYSA-N,PPBRXRYQALVLMV-UHFFFAOYSA-N,270.07,solute,1878
NPNPZTNLOVBDOC-UHFFFAOYSA-N:1879,NPNPZTNLOVBDOC-UHFFFAOYSA-N,NPNPZTNLOVBDOC-UHFFFAOYSA-N,PPBRXRYQALVLMV-UHFFFAOYSA-N,309.84,solute,1879
NPNPZTNLOVBDOC-UHFFFAOYSA-N:1880,NPNPZTNLOVBDOC-UHFFFAOYSA-N,NPNPZTNLOVBDOC-UHFFFAOYSA-N,PPBRXRYQALVLMV-UHFFFAOYSA-N,329.99,solute,1880
NPNPZTNLOVBDOC-UHFFFAOYSA-N:1881,NPNPZTNLOVBDOC-UHFFFAOYSA-N,NPNPZTNLOVBDOC-UHFFFAOYSA-N,QPRQEDXDYOZYLA-YFKPBYRVSA-N,270.01,solute,1881
NPNPZTNLOVBDOC-UHFFFAOYSA-N:1882,NPNPZTNLOVBDOC-UHFFFAOYSA-N,NPNPZTNLOVBDOC-UHFFFAOYSA-N,QPRQEDXDYOZYLA-YFKPBYRVSA-N,289.99,solute,1882
NPNPZTNLOVBDOC-UHFFFAOYSA-N:1883,NPNPZTNLOVBDOC-UHFFFAOYSA-N,NPNPZTNLOVBDOC-UHFFFAOYSA-N,QPRQEDXDYOZYLA-YFKPBYRVSA-N,309.99,solute,1883
NPNPZTNLOVBDOC-UHFFFAOYSA-N:1884,NPNPZTNLOVBDOC-UHFFFAOYSA-N,NPNPZTNLOVBDOC-UHFFFAOYSA-N,QPRQEDXDYOZYLA-YFKPBYRVSA-N,330.0,solute,1884
NPNPZTNLOVBDOC-UHFFFAOYSA-N:1885,NPNPZTNLOVBDOC-UHFFFAOYSA-N,NPNPZTNLOVBDOC-UHFFFAOYSA-N,QWVGKYWNOKOFNN-UHFFFAOYSA-N,299.99,solute,1885
NPNPZTNLOVBDOC-UHFFFAOYSA-N:1886,NPNPZTNLOVBDOC-UHFFFAOYSA-N,NPNPZTNLOVBDOC-UHFFFAOYSA-N,QWVGKYWNOKOFNN-UHFFFAOYSA-N,309.99,solute,1886
NPNPZTNLOVBDOC-UHFFFAOYSA-N:1887,NPNPZTNLOVBDOC-UHFFFAOYSA-N,NPNPZTNLOVBDOC-UHFFFAOYSA-N,QWVGKYWNOKOFNN-UHFFFAOYSA-N,319.99,solute,1887
NPNPZTNLOVBDOC-UHFFFAOYSA-N:1888,NPNPZTNLOVBDOC-UHFFFAOYSA-N,NPNPZTNLOVBDOC-UHFFFAOYSA-N,QWVGKYWNOKOFNN-UHFFFAOYSA-N,329.99,solute,1888
NPNPZTNLOVBDOC-UHFFFAOYSA-N:1889,NPNPZTNLOVBDOC-UHFFFAOYSA-N,NPNPZTNLOVBDOC-UHFFFAOYSA-N,RLSSMJSEOOYNOY-UHFFFAOYSA-N,289.98,solute,1889
NPNPZTNLOVBDOC-UHFFFAOYSA-N:1890,NPNPZTNLOVBDOC-UHFFFAOYSA-N,NPNPZTNLOVBDOC-UHFFFAOYSA-N,RLSSMJSEOOYNOY-UHFFFAOYSA-N,299.98,solute,1890
NPNPZTNLOVBDOC-UHFFFAOYSA-N:1891,NPNPZTNLOVBDOC-UHFFFAOYSA-N,NPNPZTNLOVBDOC-UHFFFAOYSA-N,RLSSMJSEOOYNOY-UHFFFAOYSA-N,309.99,solute,1891
NPNPZTNLOVBDOC-UHFFFAOYSA-N:1892,NPNPZTNLOVBDOC-UHFFFAOYSA-N,NPNPZTNLOVBDOC-UHFFFAOYSA-N,RLSSMJSEOOYNOY-UHFFFAOYSA-N,319.99,solute,1892
NPNPZTNLOVBDOC-UHFFFAOYSA-N:1893,NPNPZTNLOVBDOC-UHFFFAOYSA-N,NPNPZTNLOVBDOC-UHFFFAOYSA-N,RLSSMJSEOOYNOY-UHFFFAOYSA-N,329.99,solute,1893
NPNPZTNLOVBDOC-UHFFFAOYSA-N:1894,NPNPZTNLOVBDOC-UHFFFAOYSA-N,NPNPZTNLOVBDOC-UHFFFAOYSA-N,UHOVQNZJYSORNB-UHFFFAOYSA-N,279.99,solute,1894
NPNPZTNLOVBDOC-UHFFFAOYSA-N:1895,NPNPZTNLOVBDOC-UHFFFAOYSA-N,NPNPZTNLOVBDOC-UHFFFAOYSA-N,UHOVQNZJYSORNB-UHFFFAOYSA-N,289.99,solute,1895
NPNPZTNLOVBDOC-UHFFFAOYSA-N:1896,NPNPZTNLOVBDOC-UHFFFAOYSA-N,NPNPZTNLOVBDOC-UHFFFAOYSA-N,UHOVQNZJYSORNB-UHFFFAOYSA-N,309.99,solute,1896
NPNPZTNLOVBDOC-UHFFFAOYSA-N:1897,NPNPZTNLOVBDOC-UHFFFAOYSA-N,NPNPZTNLOVBDOC-UHFFFAOYSA-N,UHOVQNZJYSORNB-UHFFFAOYSA-N,329.99,solute,1897
NPNPZTNLOVBDOC-UHFFFAOYSA-N:1898,NPNPZTNLOVBDOC-UHFFFAOYSA-N,NPNPZTNLOVBDOC-UHFFFAOYSA-N,URLKBWYHVLBVBO-UHFFFAOYSA-N,289.99,solute,1898
NPNPZTNLOVBDOC-UHFFFAOYSA-N:1899,NPNPZTNLOVBDOC-UHFFFAOYSA-N,NPNPZTNLOVBDOC-UHFFFAOYSA-N,URLKBWYHVLBVBO-UHFFFAOYSA-N,299.99,solute,1899
NPNPZTNLOVBDOC-UHFFFAOYSA-N:1900,NPNPZTNLOVBDOC-UHFFFAOYSA-N,NPNPZTNLOVBDOC-UHFFFAOYSA-N,URLKBWYHVLBVBO-UHFFFAOYSA-N,309.85,solute,1900
NPNPZTNLOVBDOC-UHFFFAOYSA-N:1901,NPNPZTNLOVBDOC-UHFFFAOYSA-N,NPNPZTNLOVBDOC-UHFFFAOYSA-N,URLKBWYHVLBVBO-UHFFFAOYSA-N,319.99,solute,1901
NPNPZTNLOVBDOC-UHFFFAOYSA-N:1902,NPNPZTNLOVBDOC-UHFFFAOYSA-N,NPNPZTNLOVBDOC-UHFFFAOYSA-N,URLKBWYHVLBVBO-UHFFFAOYSA-N,329.99,solute,1902
NPNPZTNLOVBDOC-UHFFFAOYSA-N:1903,NPNPZTNLOVBDOC-UHFFFAOYSA-N,NPNPZTNLOVBDOC-UHFFFAOYSA-N,XXROGKLTLUQVRX-UHFFFAOYSA-N,270.06,solute,1903
NPNPZTNLOVBDOC-UHFFFAOYSA-N:1904,NPNPZTNLOVBDOC-UHFFFAOYSA-N,NPNPZTNLOVBDOC-UHFFFAOYSA-N,XXROGKLTLUQVRX-UHFFFAOYSA-N,289.99,solute,1904
NPNPZTNLOVBDOC-UHFFFAOYSA-N:1905,NPNPZTNLOVBDOC-UHFFFAOYSA-N,NPNPZTNLOVBDOC-UHFFFAOYSA-N,XXROGKLTLUQVRX-UHFFFAOYSA-N,309.98,solute,1905
NPNPZTNLOVBDOC-UHFFFAOYSA-N:1906,NPNPZTNLOVBDOC-UHFFFAOYSA-N,NPNPZTNLOVBDOC-UHFFFAOYSA-N,XXROGKLTLUQVRX-UHFFFAOYSA-N,329.99,solute,1906
NPNPZTNLOVBDOC-UHFFFAOYSA-N:1907,NPNPZTNLOVBDOC-UHFFFAOYSA-N,NPNPZTNLOVBDOC-UHFFFAOYSA-N,YXFVVABEGXRONW-UHFFFAOYSA-N,270.0,solute,1907
NPNPZTNLOVBDOC-UHFFFAOYSA-N:1908,NPNPZTNLOVBDOC-UHFFFAOYSA-N,NPNPZTNLOVBDOC-UHFFFAOYSA-N,YXFVVABEGXRONW-UHFFFAOYSA-N,289.98,solute,1908
NPNPZTNLOVBDOC-UHFFFAOYSA-N:1909,NPNPZTNLOVBDOC-UHFFFAOYSA-N,NPNPZTNLOVBDOC-UHFFFAOYSA-N,YXFVVABEGXRONW-UHFFFAOYSA-N,309.94,solute,1909
NPNPZTNLOVBDOC-UHFFFAOYSA-N:1910,NPNPZTNLOVBDOC-UHFFFAOYSA-N,NPNPZTNLOVBDOC-UHFFFAOYSA-N,YXFVVABEGXRONW-UHFFFAOYSA-N,329.99,solute,1910
NPNPZTNLOVBDOC-UHFFFAOYSA-N:1911,NPNPZTNLOVBDOC-UHFFFAOYSA-N,NPNPZTNLOVBDOC-UHFFFAOYSA-N,ZXEKIIBDNHEJCQ-UHFFFAOYSA-N,270.01,solute,1911
NPNPZTNLOVBDOC-UHFFFAOYSA-N:1912,NPNPZTNLOVBDOC-UHFFFAOYSA-N,NPNPZTNLOVBDOC-UHFFFAOYSA-N,ZXEKIIBDNHEJCQ-UHFFFAOYSA-N,289.99,solute,1912
NPNPZTNLOVBDOC-UHFFFAOYSA-N:1913,NPNPZTNLOVBDOC-UHFFFAOYSA-N,NPNPZTNLOVBDOC-UHFFFAOYSA-N,ZXEKIIBDNHEJCQ-UHFFFAOYSA-N,309.99,solute,1913
NPNPZTNLOVBDOC-UHFFFAOYSA-N:1914,NPNPZTNLOVBDOC-UHFFFAOYSA-N,NPNPZTNLOVBDOC-UHFFFAOYSA-N,ZXEKIIBDNHEJCQ-UHFFFAOYSA-N,329.93,solute,1914
LCGLNKUTAGEVQW-UHFFFAOYSA-N:1283,LCGLNKUTAGEVQW-UHFFFAOYSA-N,LCGLNKUTAGEVQW-UHFFFAOYSA-N,AMQJEAYHLZJPGS-UHFFFAOYSA-N,270.06,solute,1283
LCGLNKUTAGEVQW-UHFFFAOYSA-N:1284,LCGLNKUTAGEVQW-UHFFFAOYSA-N,LCGLNKUTAGEVQW-UHFFFAOYSA-N,AMQJEAYHLZJPGS-UHFFFAOYSA-N,290.0,solute,1284
LCGLNKUTAGEVQW-UHFFFAOYSA-N:1285,LCGLNKUTAGEVQW-UHFFFAOYSA-N,LCGLNKUTAGEVQW-UHFFFAOYSA-N,AMQJEAYHLZJPGS-UHFFFAOYSA-N,309.99,solute,1285
LCGLNKUTAGEVQW-UHFFFAOYSA-N:1286,LCGLNKUTAGEVQW-UHFFFAOYSA-N,LCGLNKUTAGEVQW-UHFFFAOYSA-N,AMQJEAYHLZJPGS-UHFFFAOYSA-N,330.0,solute,1286
LCGLNKUTAGEVQW-UHFFFAOYSA-N:1287,LCGLNKUTAGEVQW-UHFFFAOYSA-N,LCGLNKUTAGEVQW-UHFFFAOYSA-N,AQIXEPGDORPWBJ-UHFFFAOYSA-N,259.98,solute,1287
LCGLNKUTAGEVQW-UHFFFAOYSA-N:1288,LCGLNKUTAGEVQW-UHFFFAOYSA-N,LCGLNKUTAGEVQW-UHFFFAOYSA-N,AQIXEPGDORPWBJ-UHFFFAOYSA-N,270.03,solute,1288
LCGLNKUTAGEVQW-UHFFFAOYSA-N:1289,LCGLNKUTAGEVQW-UHFFFAOYSA-N,LCGLNKUTAGEVQW-UHFFFAOYSA-N,AQIXEPGDORPWBJ-UHFFFAOYSA-N,290.0,solute,1289
LCGLNKUTAGEVQW-UHFFFAOYSA-N:1290,LCGLNKUTAGEVQW-UHFFFAOYSA-N,LCGLNKUTAGEVQW-UHFFFAOYSA-N,AQIXEPGDORPWBJ-UHFFFAOYSA-N,309.99,solute,1290
LCGLNKUTAGEVQW-UHFFFAOYSA-N:1291,LCGLNKUTAGEVQW-UHFFFAOYSA-N,LCGLNKUTAGEVQW-UHFFFAOYSA-N,AQIXEPGDORPWBJ-UHFFFAOYSA-N,330.0,solute,1291
LCGLNKUTAGEVQW-UHFFFAOYSA-N:1292,LCGLNKUTAGEVQW-UHFFFAOYSA-N,LCGLNKUTAGEVQW-UHFFFAOYSA-N,BDERNNFJNOPAEC-UHFFFAOYSA-N,259.93,solute,1292
LCGLNKUTAGEVQW-UHFFFAOYSA-N:1293,LCGLNKUTAGEVQW-UHFFFAOYSA-N,LCGLNKUTAGEVQW-UHFFFAOYSA-N,BDERNNFJNOPAEC-UHFFFAOYSA-N,269.98,solute,1293
LCGLNKUTAGEVQW-UHFFFAOYSA-N:1294,LCGLNKUTAGEVQW-UHFFFAOYSA-N,LCGLNKUTAGEVQW-UHFFFAOYSA-N,BDERNNFJNOPAEC-UHFFFAOYSA-N,290.0,solute,1294
LCGLNKUTAGEVQW-UHFFFAOYSA-N:1295,LCGLNKUTAGEVQW-UHFFFAOYSA-N,LCGLNKUTAGEVQW-UHFFFAOYSA-N,BDERNNFJNOPAEC-UHFFFAOYSA-N,309.99,solute,1295
LCGLNKUTAGEVQW-UHFFFAOYSA-N:1296,LCGLNKUTAGEVQW-UHFFFAOYSA-N,LCGLNKUTAGEVQW-UHFFFAOYSA-N,BDERNNFJNOPAEC-UHFFFAOYSA-N,330.0,solute,1296
LCGLNKUTAGEVQW-UHFFFAOYSA-N:1297,LCGLNKUTAGEVQW-UHFFFAOYSA-N,LCGLNKUTAGEVQW-UHFFFAOYSA-N,CPJRRXSHAYUTGL-UHFFFAOYSA-N,269.95,solute,1297
LCGLNKUTAGEVQW-UHFFFAOYSA-N:1298,LCGLNKUTAGEVQW-UHFFFAOYSA-N,LCGLNKUTAGEVQW-UHFFFAOYSA-N,CPJRRXSHAYUTGL-UHFFFAOYSA-N,289.9,solute,1298
LCGLNKUTAGEVQW-UHFFFAOYSA-N:1299,LCGLNKUTAGEVQW-UHFFFAOYSA-N,LCGLNKUTAGEVQW-UHFFFAOYSA-N,CPJRRXSHAYUTGL-UHFFFAOYSA-N,309.99,solute,1299
LCGLNKUTAGEVQW-UHFFFAOYSA-N:1300,LCGLNKUTAGEVQW-UHFFFAOYSA-N,LCGLNKUTAGEVQW-UHFFFAOYSA-N,CPJRRXSHAYUTGL-UHFFFAOYSA-N,330.0,solute,1300
LCGLNKUTAGEVQW-UHFFFAOYSA-N:1301,LCGLNKUTAGEVQW-UHFFFAOYSA-N,LCGLNKUTAGEVQW-UHFFFAOYSA-N,CTQNGGLPUBDAKN-UHFFFAOYSA-N,250.05,solute,1301
LCGLNKUTAGEVQW-UHFFFAOYSA-N:1302,LCGLNKUTAGEVQW-UHFFFAOYSA-N,LCGLNKUTAGEVQW-UHFFFAOYSA-N,CTQNGGLPUBDAKN-UHFFFAOYSA-N,269.91,solute,1302
LCGLNKUTAGEVQW-UHFFFAOYSA-N:1303,LCGLNKUTAGEVQW-UHFFFAOYSA-N,LCGLNKUTAGEVQW-UHFFFAOYSA-N,CTQNGGLPUBDAKN-UHFFFAOYSA-N,289.97,solute,1303
LCGLNKUTAGEVQW-UHFFFAOYSA-N:1304,LCGLNKUTAGEVQW-UHFFFAOYSA-N,LCGLNKUTAGEVQW-UHFFFAOYSA-N,CTQNGGLPUBDAKN-UHFFFAOYSA-N,309.98,solute,1304
LCGLNKUTAGEVQW-UHFFFAOYSA-N:1305,LCGLNKUTAGEVQW-UHFFFAOYSA-N,LCGLNKUTAGEVQW-UHFFFAOYSA-N,CTQNGGLPUBDAKN-UHFFFAOYSA-N,329.99,solute,1305
LCGLNKUTAGEVQW-UHFFFAOYSA-N:1306,LCGLNKUTAGEVQW-UHFFFAOYSA-N,LCGLNKUTAGEVQW-UHFFFAOYSA-N,DHXVGJBLRPWPCS-UHFFFAOYSA-N,250.0,solute,1306
LCGLNKUTAGEVQW-UHFFFAOYSA-N:1307,LCGLNKUTAGEVQW-UHFFFAOYSA-N,LCGLNKUTAGEVQW-UHFFFAOYSA-N,DHXVGJBLRPWPCS-UHFFFAOYSA-N,270.07,solute,1307
LCGLNKUTAGEVQW-UHFFFAOYSA-N:1308,LCGLNKUTAGEVQW-UHFFFAOYSA-N,LCGLNKUTAGEVQW-UHFFFAOYSA-N,DHXVGJBLRPWPCS-UHFFFAOYSA-N,289.98,solute,1308
LCGLNKUTAGEVQW-UHFFFAOYSA-N:1309,LCGLNKUTAGEVQW-UHFFFAOYSA-N,LCGLNKUTAGEVQW-UHFFFAOYSA-N,DHXVGJBLRPWPCS-UHFFFAOYSA-N,309.98,solute,1309
LCGLNKUTAGEVQW-UHFFFAOYSA-N:1310,LCGLNKUTAGEVQW-UHFFFAOYSA-N,LCGLNKUTAGEVQW-UHFFFAOYSA-N,DHXVGJBLRPWPCS-UHFFFAOYSA-N,330.0,solute,1310
LCGLNKUTAGEVQW-UHFFFAOYSA-N:1311,LCGLNKUTAGEVQW-UHFFFAOYSA-N,LCGLNKUTAGEVQW-UHFFFAOYSA-N,DKGAVHZHDRPRBM-UHFFFAOYSA-N,300.0,solute,1311
LCGLNKUTAGEVQW-UHFFFAOYSA-N:1312,LCGLNKUTAGEVQW-UHFFFAOYSA-N,LCGLNKUTAGEVQW-UHFFFAOYSA-N,DKGAVHZHDRPRBM-UHFFFAOYSA-N,310.0,solute,1312
LCGLNKUTAGEVQW-UHFFFAOYSA-N:1313,LCGLNKUTAGEVQW-UHFFFAOYSA-N,LCGLNKUTAGEVQW-UHFFFAOYSA-N,DKGAVHZHDRPRBM-UHFFFAOYSA-N,320.0,solute,1313
LCGLNKUTAGEVQW-UHFFFAOYSA-N:1314,LCGLNKUTAGEVQW-UHFFFAOYSA-N,LCGLNKUTAGEVQW-UHFFFAOYSA-N,DKGAVHZHDRPRBM-UHFFFAOYSA-N,330.0,solute,1314
LCGLNKUTAGEVQW-UHFFFAOYSA-N:1315,LCGLNKUTAGEVQW-UHFFFAOYSA-N,LCGLNKUTAGEVQW-UHFFFAOYSA-N,HNVRRHSXBLFLIG-UHFFFAOYSA-N,250.01,solute,1315
LCGLNKUTAGEVQW-UHFFFAOYSA-N:1316,LCGLNKUTAGEVQW-UHFFFAOYSA-N,LCGLNKUTAGEVQW-UHFFFAOYSA-N,HNVRRHSXBLFLIG-UHFFFAOYSA-N,269.96,solute,1316
LCGLNKUTAGEVQW-UHFFFAOYSA-N:1317,LCGLNKUTAGEVQW-UHFFFAOYSA-N,LCGLNKUTAGEVQW-UHFFFAOYSA-N,HNVRRHSXBLFLIG-UHFFFAOYSA-N,289.99,solute,1317
LCGLNKUTAGEVQW-UHFFFAOYSA-N:1318,LCGLNKUTAGEVQW-UHFFFAOYSA-N,LCGLNKUTAGEVQW-UHFFFAOYSA-N,HNVRRHSXBLFLIG-UHFFFAOYSA-N,309.99,solute,1318
LCGLNKUTAGEVQW-UHFFFAOYSA-N:1319,LCGLNKUTAGEVQW-UHFFFAOYSA-N,LCGLNKUTAGEVQW-UHFFFAOYSA-N,HNVRRHSXBLFLIG-UHFFFAOYSA-N,330.0,solute,1319
LCGLNKUTAGEVQW-UHFFFAOYSA-N:1320,LCGLNKUTAGEVQW-UHFFFAOYSA-N,LCGLNKUTAGEVQW-UHFFFAOYSA-N,IVSZLXZYQVIEFR-UHFFFAOYSA-N,270.05,solute,1320
LCGLNKUTAGEVQW-UHFFFAOYSA-N:1321,LCGLNKUTAGEVQW-UHFFFAOYSA-N,LCGLNKUTAGEVQW-UHFFFAOYSA-N,IVSZLXZYQVIEFR-UHFFFAOYSA-N,289.98,solute,1321
LCGLNKUTAGEVQW-UHFFFAOYSA-N:1322,LCGLNKUTAGEVQW-UHFFFAOYSA-N,LCGLNKUTAGEVQW-UHFFFAOYSA-N,IVSZLXZYQVIEFR-UHFFFAOYSA-N,309.89,solute,1322
LCGLNKUTAGEVQW-UHFFFAOYSA-N:1323,LCGLNKUTAGEVQW-UHFFFAOYSA-N,LCGLNKUTAGEVQW-UHFFFAOYSA-N,IVSZLXZYQVIEFR-UHFFFAOYSA-N,329.99,solute,1323
LCGLNKUTAGEVQW-UHFFFAOYSA-N:1324,LCGLNKUTAGEVQW-UHFFFAOYSA-N,LCGLNKUTAGEVQW-UHFFFAOYSA-N,IWDCLRJOBJJRNH-UHFFFAOYSA-N,309.98,solute,1324
LCGLNKUTAGEVQW-UHFFFAOYSA-N:1325,LCGLNKUTAGEVQW-UHFFFAOYSA-N,LCGLNKUTAGEVQW-UHFFFAOYSA-N,IWDCLRJOBJJRNH-UHFFFAOYSA-N,319.98,solute,1325
LCGLNKUTAGEVQW-UHFFFAOYSA-N:1326,LCGLNKUTAGEVQW-UHFFFAOYSA-N,LCGLNKUTAGEVQW-UHFFFAOYSA-N,IWDCLRJOBJJRNH-UHFFFAOYSA-N,329.99,solute,1326
LCGLNKUTAGEVQW-UHFFFAOYSA-N:1327,LCGLNKUTAGEVQW-UHFFFAOYSA-N,LCGLNKUTAGEVQW-UHFFFAOYSA-N,IWDCLRJOBJJRNH-UHFFFAOYSA-N,340.01,solute,1327
LCGLNKUTAGEVQW-UHFFFAOYSA-N:1328,LCGLNKUTAGEVQW-UHFFFAOYSA-N,LCGLNKUTAGEVQW-UHFFFAOYSA-N,JYVLIDXNZAXMDK-YFKPBYRVSA-N,270.05,solute,1328
LCGLNKUTAGEVQW-UHFFFAOYSA-N:1329,LCGLNKUTAGEVQW-UHFFFAOYSA-N,LCGLNKUTAGEVQW-UHFFFAOYSA-N,JYVLIDXNZAXMDK-YFKPBYRVSA-N,290.0,solute,1329
LCGLNKUTAGEVQW-UHFFFAOYSA-N:1330,LCGLNKUTAGEVQW-UHFFFAOYSA-N,LCGLNKUTAGEVQW-UHFFFAOYSA-N,JYVLIDXNZAXMDK-YFKPBYRVSA-N,309.99,solute,1330
LCGLNKUTAGEVQW-UHFFFAOYSA-N:1331,LCGLNKUTAGEVQW-UHFFFAOYSA-N,LCGLNKUTAGEVQW-UHFFFAOYSA-N,JYVLIDXNZAXMDK-YFKPBYRVSA-N,330.01,solute,1331
LCGLNKUTAGEVQW-UHFFFAOYSA-N:1332,LCGLNKUTAGEVQW-UHFFFAOYSA-N,LCGLNKUTAGEVQW-UHFFFAOYSA-N,KFZMGEQAYNKOFK-UHFFFAOYSA-N,269.99,solute,1332
LCGLNKUTAGEVQW-UHFFFAOYSA-N:1333,LCGLNKUTAGEVQW-UHFFFAOYSA-N,LCGLNKUTAGEVQW-UHFFFAOYSA-N,KFZMGEQAYNKOFK-UHFFFAOYSA-N,289.99,solute,1333
LCGLNKUTAGEVQW-UHFFFAOYSA-N:1334,LCGLNKUTAGEVQW-UHFFFAOYSA-N,LCGLNKUTAGEVQW-UHFFFAOYSA-N,KFZMGEQAYNKOFK-UHFFFAOYSA-N,309.99,solute,1334
LCGLNKUTAGEVQW-UHFFFAOYSA-N:1335,LCGLNKUTAGEVQW-UHFFFAOYSA-N,LCGLNKUTAGEVQW-UHFFFAOYSA-N,KFZMGEQAYNKOFK-UHFFFAOYSA-N,330.0,solute,1335
LCGLNKUTAGEVQW-UHFFFAOYSA-N:1336,LCGLNKUTAGEVQW-UHFFFAOYSA-N,LCGLNKUTAGEVQW-UHFFFAOYSA-N,LRHPLDYGYMQRHN-UHFFFAOYSA-N,269.94,solute,1336
LCGLNKUTAGEVQW-UHFFFAOYSA-N:1337,LCGLNKUTAGEVQW-UHFFFAOYSA-N,LCGLNKUTAGEVQW-UHFFFAOYSA-N,LRHPLDYGYMQRHN-UHFFFAOYSA-N,289.99,solute,1337
LCGLNKUTAGEVQW-UHFFFAOYSA-N:1338,LCGLNKUTAGEVQW-UHFFFAOYSA-N,LCGLNKUTAGEVQW-UHFFFAOYSA-N,LRHPLDYGYMQRHN-UHFFFAOYSA-N,309.99,solute,1338
LCGLNKUTAGEVQW-UHFFFAOYSA-N:1339,LCGLNKUTAGEVQW-UHFFFAOYSA-N,LCGLNKUTAGEVQW-UHFFFAOYSA-N,LRHPLDYGYMQRHN-UHFFFAOYSA-N,330.01,solute,1339
LCGLNKUTAGEVQW-UHFFFAOYSA-N:1340,LCGLNKUTAGEVQW-UHFFFAOYSA-N,LCGLNKUTAGEVQW-UHFFFAOYSA-N,OKKJLVBELUTLKV-UHFFFAOYSA-N,269.97,solute,1340
LCGLNKUTAGEVQW-UHFFFAOYSA-N:1341,LCGLNKUTAGEVQW-UHFFFAOYSA-N,LCGLNKUTAGEVQW-UHFFFAOYSA-N,OKKJLVBELUTLKV-UHFFFAOYSA-N,289.99,solute,1341
LCGLNKUTAGEVQW-UHFFFAOYSA-N:1342,LCGLNKUTAGEVQW-UHFFFAOYSA-N,LCGLNKUTAGEVQW-UHFFFAOYSA-N,OKKJLVBELUTLKV-UHFFFAOYSA-N,309.99,solute,1342
LCGLNKUTAGEVQW-UHFFFAOYSA-N:1343,LCGLNKUTAGEVQW-UHFFFAOYSA-N,LCGLNKUTAGEVQW-UHFFFAOYSA-N,OKKJLVBELUTLKV-UHFFFAOYSA-N,330.0,solute,1343
LCGLNKUTAGEVQW-UHFFFAOYSA-N:1344,LCGLNKUTAGEVQW-UHFFFAOYSA-N,LCGLNKUTAGEVQW-UHFFFAOYSA-N,PHTQWCKDNZKARW-UHFFFAOYSA-N,270.03,solute,1344
LCGLNKUTAGEVQW-UHFFFAOYSA-N:1345,LCGLNKUTAGEVQW-UHFFFAOYSA-N,LCGLNKUTAGEVQW-UHFFFAOYSA-N,PHTQWCKDNZKARW-UHFFFAOYSA-N,290.0,solute,1345
LCGLNKUTAGEVQW-UHFFFAOYSA-N:1346,LCGLNKUTAGEVQW-UHFFFAOYSA-N,LCGLNKUTAGEVQW-UHFFFAOYSA-N,PHTQWCKDNZKARW-UHFFFAOYSA-N,309.99,solute,1346
LCGLNKUTAGEVQW-UHFFFAOYSA-N:1347,LCGLNKUTAGEVQW-UHFFFAOYSA-N,LCGLNKUTAGEVQW-UHFFFAOYSA-N,PHTQWCKDNZKARW-UHFFFAOYSA-N,329.99,solute,1347
LCGLNKUTAGEVQW-UHFFFAOYSA-N:1348,LCGLNKUTAGEVQW-UHFFFAOYSA-N,LCGLNKUTAGEVQW-UHFFFAOYSA-N,PPBRXRYQALVLMV-UHFFFAOYSA-N,250.04,solute,1348
LCGLNKUTAGEVQW-UHFFFAOYSA-N:1349,LCGLNKUTAGEVQW-UHFFFAOYSA-N,LCGLNKUTAGEVQW-UHFFFAOYSA-N,PPBRXRYQALVLMV-UHFFFAOYSA-N,270.2,solute,1349
LCGLNKUTAGEVQW-UHFFFAOYSA-N:1350,LCGLNKUTAGEVQW-UHFFFAOYSA-N,LCGLNKUTAGEVQW-UHFFFAOYSA-N,PPBRXRYQALVLMV-UHFFFAOYSA-N,289.98,solute,1350
LCGLNKUTAGEVQW-UHFFFAOYSA-N:1351,LCGLNKUTAGEVQW-UHFFFAOYSA-N,LCGLNKUTAGEVQW-UHFFFAOYSA-N,PPBRXRYQALVLMV-UHFFFAOYSA-N,309.84,solute,1351
LCGLNKUTAGEVQW-UHFFFAOYSA-N:1352,LCGLNKUTAGEVQW-UHFFFAOYSA-N,LCGLNKUTAGEVQW-UHFFFAOYSA-N,PPBRXRYQALVLMV-UHFFFAOYSA-N,329.99,solute,1352
LCGLNKUTAGEVQW-UHFFFAOYSA-N:1353,LCGLNKUTAGEVQW-UHFFFAOYSA-N,LCGLNKUTAGEVQW-UHFFFAOYSA-N,QPRQEDXDYOZYLA-YFKPBYRVSA-N,270.01,solute,1353
LCGLNKUTAGEVQW-UHFFFAOYSA-N:1354,LCGLNKUTAGEVQW-UHFFFAOYSA-N,LCGLNKUTAGEVQW-UHFFFAOYSA-N,QPRQEDXDYOZYLA-YFKPBYRVSA-N,289.99,solute,1354
LCGLNKUTAGEVQW-UHFFFAOYSA-N:1355,LCGLNKUTAGEVQW-UHFFFAOYSA-N,LCGLNKUTAGEVQW-UHFFFAOYSA-N,QPRQEDXDYOZYLA-YFKPBYRVSA-N,309.99,solute,1355
LCGLNKUTAGEVQW-UHFFFAOYSA-N:1356,LCGLNKUTAGEVQW-UHFFFAOYSA-N,LCGLNKUTAGEVQW-UHFFFAOYSA-N,QPRQEDXDYOZYLA-YFKPBYRVSA-N,330.0,solute,1356
LCGLNKUTAGEVQW-UHFFFAOYSA-N:1357,LCGLNKUTAGEVQW-UHFFFAOYSA-N,LCGLNKUTAGEVQW-UHFFFAOYSA-N,QWVGKYWNOKOFNN-UHFFFAOYSA-N,299.99,solute,1357
LCGLNKUTAGEVQW-UHFFFAOYSA-N:1358,LCGLNKUTAGEVQW-UHFFFAOYSA-N,LCGLNKUTAGEVQW-UHFFFAOYSA-N,QWVGKYWNOKOFNN-UHFFFAOYSA-N,309.98,solute,1358
LCGLNKUTAGEVQW-UHFFFAOYSA-N:1359,LCGLNKUTAGEVQW-UHFFFAOYSA-N,LCGLNKUTAGEVQW-UHFFFAOYSA-N,QWVGKYWNOKOFNN-UHFFFAOYSA-N,319.98,solute,1359
LCGLNKUTAGEVQW-UHFFFAOYSA-N:1360,LCGLNKUTAGEVQW-UHFFFAOYSA-N,LCGLNKUTAGEVQW-UHFFFAOYSA-N,QWVGKYWNOKOFNN-UHFFFAOYSA-N,329.99,solute,1360
LCGLNKUTAGEVQW-UHFFFAOYSA-N:1361,LCGLNKUTAGEVQW-UHFFFAOYSA-N,LCGLNKUTAGEVQW-UHFFFAOYSA-N,RLSSMJSEOOYNOY-UHFFFAOYSA-N,289.97,solute,1361
LCGLNKUTAGEVQW-UHFFFAOYSA-N:1362,LCGLNKUTAGEVQW-UHFFFAOYSA-N,LCGLNKUTAGEVQW-UHFFFAOYSA-N,RLSSMJSEOOYNOY-UHFFFAOYSA-N,299.98,solute,1362
LCGLNKUTAGEVQW-UHFFFAOYSA-N:1363,LCGLNKUTAGEVQW-UHFFFAOYSA-N,LCGLNKUTAGEVQW-UHFFFAOYSA-N,RLSSMJSEOOYNOY-UHFFFAOYSA-N,309.98,solute,1363
LCGLNKUTAGEVQW-UHFFFAOYSA-N:1364,LCGLNKUTAGEVQW-UHFFFAOYSA-N,LCGLNKUTAGEVQW-UHFFFAOYSA-N,RLSSMJSEOOYNOY-UHFFFAOYSA-N,319.99,solute,1364
LCGLNKUTAGEVQW-UHFFFAOYSA-N:1365,LCGLNKUTAGEVQW-UHFFFAOYSA-N,LCGLNKUTAGEVQW-UHFFFAOYSA-N,RLSSMJSEOOYNOY-UHFFFAOYSA-N,329.99,solute,1365
LCGLNKUTAGEVQW-UHFFFAOYSA-N:1366,LCGLNKUTAGEVQW-UHFFFAOYSA-N,LCGLNKUTAGEVQW-UHFFFAOYSA-N,UHOVQNZJYSORNB-UHFFFAOYSA-N,279.95,solute,1366
LCGLNKUTAGEVQW-UHFFFAOYSA-N:1367,LCGLNKUTAGEVQW-UHFFFAOYSA-N,LCGLNKUTAGEVQW-UHFFFAOYSA-N,UHOVQNZJYSORNB-UHFFFAOYSA-N,289.97,solute,1367
LCGLNKUTAGEVQW-UHFFFAOYSA-N:1368,LCGLNKUTAGEVQW-UHFFFAOYSA-N,LCGLNKUTAGEVQW-UHFFFAOYSA-N,UHOVQNZJYSORNB-UHFFFAOYSA-N,309.98,solute,1368
LCGLNKUTAGEVQW-UHFFFAOYSA-N:1369,LCGLNKUTAGEVQW-UHFFFAOYSA-N,LCGLNKUTAGEVQW-UHFFFAOYSA-N,UHOVQNZJYSORNB-UHFFFAOYSA-N,329.99,solute,1369
LCGLNKUTAGEVQW-UHFFFAOYSA-N:1370,LCGLNKUTAGEVQW-UHFFFAOYSA-N,LCGLNKUTAGEVQW-UHFFFAOYSA-N,URLKBWYHVLBVBO-UHFFFAOYSA-N,289.97,solute,1370
LCGLNKUTAGEVQW-UHFFFAOYSA-N:1371,LCGLNKUTAGEVQW-UHFFFAOYSA-N,LCGLNKUTAGEVQW-UHFFFAOYSA-N,URLKBWYHVLBVBO-UHFFFAOYSA-N,299.98,solute,1371
LCGLNKUTAGEVQW-UHFFFAOYSA-N:1372,LCGLNKUTAGEVQW-UHFFFAOYSA-N,LCGLNKUTAGEVQW-UHFFFAOYSA-N,URLKBWYHVLBVBO-UHFFFAOYSA-N,309.98,solute,1372
LCGLNKUTAGEVQW-UHFFFAOYSA-N:1373,LCGLNKUTAGEVQW-UHFFFAOYSA-N,LCGLNKUTAGEVQW-UHFFFAOYSA-N,URLKBWYHVLBVBO-UHFFFAOYSA-N,319.99,solute,1373
LCGLNKUTAGEVQW-UHFFFAOYSA-N:1374,LCGLNKUTAGEVQW-UHFFFAOYSA-N,LCGLNKUTAGEVQW-UHFFFAOYSA-N,URLKBWYHVLBVBO-UHFFFAOYSA-N,329.99,solute,1374
LCGLNKUTAGEVQW-UHFFFAOYSA-N:1375,LCGLNKUTAGEVQW-UHFFFAOYSA-N,LCGLNKUTAGEVQW-UHFFFAOYSA-N,XXROGKLTLUQVRX-UHFFFAOYSA-N,270.06,solute,1375
LCGLNKUTAGEVQW-UHFFFAOYSA-N:1376,LCGLNKUTAGEVQW-UHFFFAOYSA-N,LCGLNKUTAGEVQW-UHFFFAOYSA-N,XXROGKLTLUQVRX-UHFFFAOYSA-N,289.99,solute,1376
LCGLNKUTAGEVQW-UHFFFAOYSA-N:1377,LCGLNKUTAGEVQW-UHFFFAOYSA-N,LCGLNKUTAGEVQW-UHFFFAOYSA-N,XXROGKLTLUQVRX-UHFFFAOYSA-N,309.98,solute,1377
LCGLNKUTAGEVQW-UHFFFAOYSA-N:1378,LCGLNKUTAGEVQW-UHFFFAOYSA-N,LCGLNKUTAGEVQW-UHFFFAOYSA-N,XXROGKLTLUQVRX-UHFFFAOYSA-N,329.99,solute,1378
LCGLNKUTAGEVQW-UHFFFAOYSA-N:1379,LCGLNKUTAGEVQW-UHFFFAOYSA-N,LCGLNKUTAGEVQW-UHFFFAOYSA-N,YXFVVABEGXRONW-UHFFFAOYSA-N,250.04,solute,1379
LCGLNKUTAGEVQW-UHFFFAOYSA-N:1380,LCGLNKUTAGEVQW-UHFFFAOYSA-N,LCGLNKUTAGEVQW-UHFFFAOYSA-N,YXFVVABEGXRONW-UHFFFAOYSA-N,270.2,solute,1380
LCGLNKUTAGEVQW-UHFFFAOYSA-N:1381,LCGLNKUTAGEVQW-UHFFFAOYSA-N,LCGLNKUTAGEVQW-UHFFFAOYSA-N,YXFVVABEGXRONW-UHFFFAOYSA-N,289.98,solute,1381
LCGLNKUTAGEVQW-UHFFFAOYSA-N:1382,LCGLNKUTAGEVQW-UHFFFAOYSA-N,LCGLNKUTAGEVQW-UHFFFAOYSA-N,YXFVVABEGXRONW-UHFFFAOYSA-N,309.84,solute,1382
LCGLNKUTAGEVQW-UHFFFAOYSA-N:1383,LCGLNKUTAGEVQW-UHFFFAOYSA-N,LCGLNKUTAGEVQW-UHFFFAOYSA-N,YXFVVABEGXRONW-UHFFFAOYSA-N,329.99,solute,1383
LCGLNKUTAGEVQW-UHFFFAOYSA-N:1384,LCGLNKUTAGEVQW-UHFFFAOYSA-N,LCGLNKUTAGEVQW-UHFFFAOYSA-N,ZXEKIIBDNHEJCQ-UHFFFAOYSA-N,270.01,solute,1384
LCGLNKUTAGEVQW-UHFFFAOYSA-N:1385,LCGLNKUTAGEVQW-UHFFFAOYSA-N,LCGLNKUTAGEVQW-UHFFFAOYSA-N,ZXEKIIBDNHEJCQ-UHFFFAOYSA-N,289.99,solute,1385
LCGLNKUTAGEVQW-UHFFFAOYSA-N:1386,LCGLNKUTAGEVQW-UHFFFAOYSA-N,LCGLNKUTAGEVQW-UHFFFAOYSA-N,ZXEKIIBDNHEJCQ-UHFFFAOYSA-N,309.99,solute,1386
LCGLNKUTAGEVQW-UHFFFAOYSA-N:1387,LCGLNKUTAGEVQW-UHFFFAOYSA-N,LCGLNKUTAGEVQW-UHFFFAOYSA-N,ZXEKIIBDNHEJCQ-UHFFFAOYSA-N,329.93,solute,1387
VXNZUUAINFGPBY-UHFFFAOYSA-N:2762,VXNZUUAINFGPBY-UHFFFAOYSA-N,VXNZUUAINFGPBY-UHFFFAOYSA-N,AMQJEAYHLZJPGS-UHFFFAOYSA-N,269.99,solute,2762
VXNZUUAINFGPBY-UHFFFAOYSA-N:2763,VXNZUUAINFGPBY-UHFFFAOYSA-N,VXNZUUAINFGPBY-UHFFFAOYSA-N,AMQJEAYHLZJPGS-UHFFFAOYSA-N,290.0,solute,2763
VXNZUUAINFGPBY-UHFFFAOYSA-N:2764,VXNZUUAINFGPBY-UHFFFAOYSA-N,VXNZUUAINFGPBY-UHFFFAOYSA-N,AMQJEAYHLZJPGS-UHFFFAOYSA-N,310.0,solute,2764
VXNZUUAINFGPBY-UHFFFAOYSA-N:2765,VXNZUUAINFGPBY-UHFFFAOYSA-N,VXNZUUAINFGPBY-UHFFFAOYSA-N,AMQJEAYHLZJPGS-UHFFFAOYSA-N,330.0,solute,2765
VXNZUUAINFGPBY-UHFFFAOYSA-N:2766,VXNZUUAINFGPBY-UHFFFAOYSA-N,VXNZUUAINFGPBY-UHFFFAOYSA-N,AQIXEPGDORPWBJ-UHFFFAOYSA-N,259.96,solute,2766
VXNZUUAINFGPBY-UHFFFAOYSA-N:2767,VXNZUUAINFGPBY-UHFFFAOYSA-N,VXNZUUAINFGPBY-UHFFFAOYSA-N,AQIXEPGDORPWBJ-UHFFFAOYSA-N,270.02,solute,2767
VXNZUUAINFGPBY-UHFFFAOYSA-N:2768,VXNZUUAINFGPBY-UHFFFAOYSA-N,VXNZUUAINFGPBY-UHFFFAOYSA-N,AQIXEPGDORPWBJ-UHFFFAOYSA-N,280.0,solute,2768
VXNZUUAINFGPBY-UHFFFAOYSA-N:2769,VXNZUUAINFGPBY-UHFFFAOYSA-N,VXNZUUAINFGPBY-UHFFFAOYSA-N,AQIXEPGDORPWBJ-UHFFFAOYSA-N,290.0,solute,2769
VXNZUUAINFGPBY-UHFFFAOYSA-N:2770,VXNZUUAINFGPBY-UHFFFAOYSA-N,VXNZUUAINFGPBY-UHFFFAOYSA-N,AQIXEPGDORPWBJ-UHFFFAOYSA-N,300.0,solute,2770
VXNZUUAINFGPBY-UHFFFAOYSA-N:2771,VXNZUUAINFGPBY-UHFFFAOYSA-N,VXNZUUAINFGPBY-UHFFFAOYSA-N,AQIXEPGDORPWBJ-UHFFFAOYSA-N,310.01,solute,2771
VXNZUUAINFGPBY-UHFFFAOYSA-N:2772,VXNZUUAINFGPBY-UHFFFAOYSA-N,VXNZUUAINFGPBY-UHFFFAOYSA-N,AQIXEPGDORPWBJ-UHFFFAOYSA-N,320.0,solute,2772
VXNZUUAINFGPBY-UHFFFAOYSA-N:2773,VXNZUUAINFGPBY-UHFFFAOYSA-N,VXNZUUAINFGPBY-UHFFFAOYSA-N,AQIXEPGDORPWBJ-UHFFFAOYSA-N,330.0,solute,2773
VXNZUUAINFGPBY-UHFFFAOYSA-N:2774,VXNZUUAINFGPBY-UHFFFAOYSA-N,VXNZUUAINFGPBY-UHFFFAOYSA-N,BDERNNFJNOPAEC-UHFFFAOYSA-N,260.03,solute,2774
VXNZUUAINFGPBY-UHFFFAOYSA-N:2775,VXNZUUAINFGPBY-UHFFFAOYSA-N,VXNZUUAINFGPBY-UHFFFAOYSA-N,BDERNNFJNOPAEC-UHFFFAOYSA-N,280.04,solute,2775
VXNZUUAINFGPBY-UHFFFAOYSA-N:2776,VXNZUUAINFGPBY-UHFFFAOYSA-N,VXNZUUAINFGPBY-UHFFFAOYSA-N,BDERNNFJNOPAEC-UHFFFAOYSA-N,299.98,solute,2776
VXNZUUAINFGPBY-UHFFFAOYSA-N:2777,VXNZUUAINFGPBY-UHFFFAOYSA-N,VXNZUUAINFGPBY-UHFFFAOYSA-N,BDERNNFJNOPAEC-UHFFFAOYSA-N,320.03,solute,2777
VXNZUUAINFGPBY-UHFFFAOYSA-N:2778,VXNZUUAINFGPBY-UHFFFAOYSA-N,VXNZUUAINFGPBY-UHFFFAOYSA-N,BDERNNFJNOPAEC-UHFFFAOYSA-N,340.0,solute,2778
VXNZUUAINFGPBY-UHFFFAOYSA-N:2779,VXNZUUAINFGPBY-UHFFFAOYSA-N,VXNZUUAINFGPBY-UHFFFAOYSA-N,CPJRRXSHAYUTGL-UHFFFAOYSA-N,270.04,solute,2779
VXNZUUAINFGPBY-UHFFFAOYSA-N:2780,VXNZUUAINFGPBY-UHFFFAOYSA-N,VXNZUUAINFGPBY-UHFFFAOYSA-N,CPJRRXSHAYUTGL-UHFFFAOYSA-N,289.99,solute,2780
VXNZUUAINFGPBY-UHFFFAOYSA-N:2781,VXNZUUAINFGPBY-UHFFFAOYSA-N,VXNZUUAINFGPBY-UHFFFAOYSA-N,CPJRRXSHAYUTGL-UHFFFAOYSA-N,309.99,solute,2781
VXNZUUAINFGPBY-UHFFFAOYSA-N:2782,VXNZUUAINFGPBY-UHFFFAOYSA-N,VXNZUUAINFGPBY-UHFFFAOYSA-N,CPJRRXSHAYUTGL-UHFFFAOYSA-N,330.0,solute,2782
VXNZUUAINFGPBY-UHFFFAOYSA-N:2783,VXNZUUAINFGPBY-UHFFFAOYSA-N,VXNZUUAINFGPBY-UHFFFAOYSA-N,CTQNGGLPUBDAKN-UHFFFAOYSA-N,270.13,solute,2783
VXNZUUAINFGPBY-UHFFFAOYSA-N:2784,VXNZUUAINFGPBY-UHFFFAOYSA-N,VXNZUUAINFGPBY-UHFFFAOYSA-N,CTQNGGLPUBDAKN-UHFFFAOYSA-N,289.99,solute,2784
VXNZUUAINFGPBY-UHFFFAOYSA-N:2785,VXNZUUAINFGPBY-UHFFFAOYSA-N,VXNZUUAINFGPBY-UHFFFAOYSA-N,CTQNGGLPUBDAKN-UHFFFAOYSA-N,309.84,solute,2785
VXNZUUAINFGPBY-UHFFFAOYSA-N:2786,VXNZUUAINFGPBY-UHFFFAOYSA-N,VXNZUUAINFGPBY-UHFFFAOYSA-N,CTQNGGLPUBDAKN-UHFFFAOYSA-N,329.99,solute,2786
VXNZUUAINFGPBY-UHFFFAOYSA-N:2787,VXNZUUAINFGPBY-UHFFFAOYSA-N,VXNZUUAINFGPBY-UHFFFAOYSA-N,DHXVGJBLRPWPCS-UHFFFAOYSA-N,250.06,solute,2787
VXNZUUAINFGPBY-UHFFFAOYSA-N:2788,VXNZUUAINFGPBY-UHFFFAOYSA-N,VXNZUUAINFGPBY-UHFFFAOYSA-N,DHXVGJBLRPWPCS-UHFFFAOYSA-N,270.12,solute,2788
VXNZUUAINFGPBY-UHFFFAOYSA-N:2789,VXNZUUAINFGPBY-UHFFFAOYSA-N,VXNZUUAINFGPBY-UHFFFAOYSA-N,DHXVGJBLRPWPCS-UHFFFAOYSA-N,289.97,solute,2789
VXNZUUAINFGPBY-UHFFFAOYSA-N:2790,VXNZUUAINFGPBY-UHFFFAOYSA-N,VXNZUUAINFGPBY-UHFFFAOYSA-N,DHXVGJBLRPWPCS-UHFFFAOYSA-N,309.98,solute,2790
VXNZUUAINFGPBY-UHFFFAOYSA-N:2791,VXNZUUAINFGPBY-UHFFFAOYSA-N,VXNZUUAINFGPBY-UHFFFAOYSA-N,DHXVGJBLRPWPCS-UHFFFAOYSA-N,329.97,solute,2791
VXNZUUAINFGPBY-UHFFFAOYSA-N:2792,VXNZUUAINFGPBY-UHFFFAOYSA-N,VXNZUUAINFGPBY-UHFFFAOYSA-N,HNVRRHSXBLFLIG-UHFFFAOYSA-N,269.95,solute,2792
VXNZUUAINFGPBY-UHFFFAOYSA-N:2793,VXNZUUAINFGPBY-UHFFFAOYSA-N,VXNZUUAINFGPBY-UHFFFAOYSA-N,HNVRRHSXBLFLIG-UHFFFAOYSA-N,289.99,solute,2793
VXNZUUAINFGPBY-UHFFFAOYSA-N:2794,VXNZUUAINFGPBY-UHFFFAOYSA-N,VXNZUUAINFGPBY-UHFFFAOYSA-N,HNVRRHSXBLFLIG-UHFFFAOYSA-N,309.99,solute,2794
VXNZUUAINFGPBY-UHFFFAOYSA-N:2795,VXNZUUAINFGPBY-UHFFFAOYSA-N,VXNZUUAINFGPBY-UHFFFAOYSA-N,HNVRRHSXBLFLIG-UHFFFAOYSA-N,330.0,solute,2795
VXNZUUAINFGPBY-UHFFFAOYSA-N:2796,VXNZUUAINFGPBY-UHFFFAOYSA-N,VXNZUUAINFGPBY-UHFFFAOYSA-N,IVSZLXZYQVIEFR-UHFFFAOYSA-N,270.1,solute,2796
VXNZUUAINFGPBY-UHFFFAOYSA-N:2797,VXNZUUAINFGPBY-UHFFFAOYSA-N,VXNZUUAINFGPBY-UHFFFAOYSA-N,IVSZLXZYQVIEFR-UHFFFAOYSA-N,289.99,solute,2797
VXNZUUAINFGPBY-UHFFFAOYSA-N:2798,VXNZUUAINFGPBY-UHFFFAOYSA-N,VXNZUUAINFGPBY-UHFFFAOYSA-N,IVSZLXZYQVIEFR-UHFFFAOYSA-N,309.84,solute,2798
VXNZUUAINFGPBY-UHFFFAOYSA-N:2799,VXNZUUAINFGPBY-UHFFFAOYSA-N,VXNZUUAINFGPBY-UHFFFAOYSA-N,IVSZLXZYQVIEFR-UHFFFAOYSA-N,329.99,solute,2799
VXNZUUAINFGPBY-UHFFFAOYSA-N:2800,VXNZUUAINFGPBY-UHFFFAOYSA-N,VXNZUUAINFGPBY-UHFFFAOYSA-N,IWDCLRJOBJJRNH-UHFFFAOYSA-N,309.99,solute,2800
VXNZUUAINFGPBY-UHFFFAOYSA-N:2801,VXNZUUAINFGPBY-UHFFFAOYSA-N,VXNZUUAINFGPBY-UHFFFAOYSA-N,IWDCLRJOBJJRNH-UHFFFAOYSA-N,319.99,solute,2801
VXNZUUAINFGPBY-UHFFFAOYSA-N:2802,VXNZUUAINFGPBY-UHFFFAOYSA-N,VXNZUUAINFGPBY-UHFFFAOYSA-N,IWDCLRJOBJJRNH-UHFFFAOYSA-N,329.99,solute,2802
VXNZUUAINFGPBY-UHFFFAOYSA-N:2803,VXNZUUAINFGPBY-UHFFFAOYSA-N,VXNZUUAINFGPBY-UHFFFAOYSA-N,IWDCLRJOBJJRNH-UHFFFAOYSA-N,340.02,solute,2803
VXNZUUAINFGPBY-UHFFFAOYSA-N:2804,VXNZUUAINFGPBY-UHFFFAOYSA-N,VXNZUUAINFGPBY-UHFFFAOYSA-N,JYVLIDXNZAXMDK-YFKPBYRVSA-N,269.99,solute,2804
VXNZUUAINFGPBY-UHFFFAOYSA-N:2805,VXNZUUAINFGPBY-UHFFFAOYSA-N,VXNZUUAINFGPBY-UHFFFAOYSA-N,JYVLIDXNZAXMDK-YFKPBYRVSA-N,290.0,solute,2805
VXNZUUAINFGPBY-UHFFFAOYSA-N:2806,VXNZUUAINFGPBY-UHFFFAOYSA-N,VXNZUUAINFGPBY-UHFFFAOYSA-N,JYVLIDXNZAXMDK-YFKPBYRVSA-N,310.0,solute,2806
VXNZUUAINFGPBY-UHFFFAOYSA-N:2807,VXNZUUAINFGPBY-UHFFFAOYSA-N,VXNZUUAINFGPBY-UHFFFAOYSA-N,JYVLIDXNZAXMDK-YFKPBYRVSA-N,330.0,solute,2807
VXNZUUAINFGPBY-UHFFFAOYSA-N:2808,VXNZUUAINFGPBY-UHFFFAOYSA-N,VXNZUUAINFGPBY-UHFFFAOYSA-N,KFZMGEQAYNKOFK-UHFFFAOYSA-N,270.03,solute,2808
VXNZUUAINFGPBY-UHFFFAOYSA-N:2809,VXNZUUAINFGPBY-UHFFFAOYSA-N,VXNZUUAINFGPBY-UHFFFAOYSA-N,KFZMGEQAYNKOFK-UHFFFAOYSA-N,290.0,solute,2809
VXNZUUAINFGPBY-UHFFFAOYSA-N:2810,VXNZUUAINFGPBY-UHFFFAOYSA-N,VXNZUUAINFGPBY-UHFFFAOYSA-N,KFZMGEQAYNKOFK-UHFFFAOYSA-N,310.0,solute,2810
VXNZUUAINFGPBY-UHFFFAOYSA-N:2811,VXNZUUAINFGPBY-UHFFFAOYSA-N,VXNZUUAINFGPBY-UHFFFAOYSA-N,KFZMGEQAYNKOFK-UHFFFAOYSA-N,330.0,solute,2811
VXNZUUAINFGPBY-UHFFFAOYSA-N:2812,VXNZUUAINFGPBY-UHFFFAOYSA-N,VXNZUUAINFGPBY-UHFFFAOYSA-N,LRHPLDYGYMQRHN-UHFFFAOYSA-N,250.01,solute,2812
VXNZUUAINFGPBY-UHFFFAOYSA-N:2813,VXNZUUAINFGPBY-UHFFFAOYSA-N,VXNZUUAINFGPBY-UHFFFAOYSA-N,LRHPLDYGYMQRHN-UHFFFAOYSA-N,270.0,solute,2813
VXNZUUAINFGPBY-UHFFFAOYSA-N:2814,VXNZUUAINFGPBY-UHFFFAOYSA-N,VXNZUUAINFGPBY-UHFFFAOYSA-N,LRHPLDYGYMQRHN-UHFFFAOYSA-N,290.01,solute,2814
VXNZUUAINFGPBY-UHFFFAOYSA-N:2815,VXNZUUAINFGPBY-UHFFFAOYSA-N,VXNZUUAINFGPBY-UHFFFAOYSA-N,LRHPLDYGYMQRHN-UHFFFAOYSA-N,310.0,solute,2815
VXNZUUAINFGPBY-UHFFFAOYSA-N:2816,VXNZUUAINFGPBY-UHFFFAOYSA-N,VXNZUUAINFGPBY-UHFFFAOYSA-N,LRHPLDYGYMQRHN-UHFFFAOYSA-N,330.0,solute,2816
VXNZUUAINFGPBY-UHFFFAOYSA-N:2817,VXNZUUAINFGPBY-UHFFFAOYSA-N,VXNZUUAINFGPBY-UHFFFAOYSA-N,OKKJLVBELUTLKV-UHFFFAOYSA-N,374.0,solute,2817
VXNZUUAINFGPBY-UHFFFAOYSA-N:2818,VXNZUUAINFGPBY-UHFFFAOYSA-N,VXNZUUAINFGPBY-UHFFFAOYSA-N,OKKJLVBELUTLKV-UHFFFAOYSA-N,394.8,solute,2818
VXNZUUAINFGPBY-UHFFFAOYSA-N:2819,VXNZUUAINFGPBY-UHFFFAOYSA-N,VXNZUUAINFGPBY-UHFFFAOYSA-N,OKKJLVBELUTLKV-UHFFFAOYSA-N,412.5,solute,2819
VXNZUUAINFGPBY-UHFFFAOYSA-N:2820,VXNZUUAINFGPBY-UHFFFAOYSA-N,VXNZUUAINFGPBY-UHFFFAOYSA-N,PPBRXRYQALVLMV-UHFFFAOYSA-N,270.07,solute,2820
VXNZUUAINFGPBY-UHFFFAOYSA-N:2821,VXNZUUAINFGPBY-UHFFFAOYSA-N,VXNZUUAINFGPBY-UHFFFAOYSA-N,PPBRXRYQALVLMV-UHFFFAOYSA-N,309.84,solute,2821
VXNZUUAINFGPBY-UHFFFAOYSA-N:2822,VXNZUUAINFGPBY-UHFFFAOYSA-N,VXNZUUAINFGPBY-UHFFFAOYSA-N,PPBRXRYQALVLMV-UHFFFAOYSA-N,329.99,solute,2822
VXNZUUAINFGPBY-UHFFFAOYSA-N:2823,VXNZUUAINFGPBY-UHFFFAOYSA-N,VXNZUUAINFGPBY-UHFFFAOYSA-N,QWVGKYWNOKOFNN-UHFFFAOYSA-N,299.99,solute,2823
VXNZUUAINFGPBY-UHFFFAOYSA-N:2824,VXNZUUAINFGPBY-UHFFFAOYSA-N,VXNZUUAINFGPBY-UHFFFAOYSA-N,QWVGKYWNOKOFNN-UHFFFAOYSA-N,309.99,solute,2824
VXNZUUAINFGPBY-UHFFFAOYSA-N:2825,VXNZUUAINFGPBY-UHFFFAOYSA-N,VXNZUUAINFGPBY-UHFFFAOYSA-N,QWVGKYWNOKOFNN-UHFFFAOYSA-N,319.99,solute,2825
VXNZUUAINFGPBY-UHFFFAOYSA-N:2826,VXNZUUAINFGPBY-UHFFFAOYSA-N,VXNZUUAINFGPBY-UHFFFAOYSA-N,QWVGKYWNOKOFNN-UHFFFAOYSA-N,329.99,solute,2826
VXNZUUAINFGPBY-UHFFFAOYSA-N:2827,VXNZUUAINFGPBY-UHFFFAOYSA-N,VXNZUUAINFGPBY-UHFFFAOYSA-N,RLSSMJSEOOYNOY-UHFFFAOYSA-N,289.98,solute,2827
VXNZUUAINFGPBY-UHFFFAOYSA-N:2828,VXNZUUAINFGPBY-UHFFFAOYSA-N,VXNZUUAINFGPBY-UHFFFAOYSA-N,RLSSMJSEOOYNOY-UHFFFAOYSA-N,299.98,solute,2828
VXNZUUAINFGPBY-UHFFFAOYSA-N:2829,VXNZUUAINFGPBY-UHFFFAOYSA-N,VXNZUUAINFGPBY-UHFFFAOYSA-N,RLSSMJSEOOYNOY-UHFFFAOYSA-N,309.99,solute,2829
VXNZUUAINFGPBY-UHFFFAOYSA-N:2830,VXNZUUAINFGPBY-UHFFFAOYSA-N,VXNZUUAINFGPBY-UHFFFAOYSA-N,RLSSMJSEOOYNOY-UHFFFAOYSA-N,319.99,solute,2830
VXNZUUAINFGPBY-UHFFFAOYSA-N:2831,VXNZUUAINFGPBY-UHFFFAOYSA-N,VXNZUUAINFGPBY-UHFFFAOYSA-N,RLSSMJSEOOYNOY-UHFFFAOYSA-N,329.99,solute,2831
VXNZUUAINFGPBY-UHFFFAOYSA-N:2832,VXNZUUAINFGPBY-UHFFFAOYSA-N,VXNZUUAINFGPBY-UHFFFAOYSA-N,UHOVQNZJYSORNB-UHFFFAOYSA-N,279.99,solute,2832
VXNZUUAINFGPBY-UHFFFAOYSA-N:2833,VXNZUUAINFGPBY-UHFFFAOYSA-N,VXNZUUAINFGPBY-UHFFFAOYSA-N,UHOVQNZJYSORNB-UHFFFAOYSA-N,289.99,solute,2833
VXNZUUAINFGPBY-UHFFFAOYSA-N:2834,VXNZUUAINFGPBY-UHFFFAOYSA-N,VXNZUUAINFGPBY-UHFFFAOYSA-N,UHOVQNZJYSORNB-UHFFFAOYSA-N,309.99,solute,2834
VXNZUUAINFGPBY-UHFFFAOYSA-N:2835,VXNZUUAINFGPBY-UHFFFAOYSA-N,VXNZUUAINFGPBY-UHFFFAOYSA-N,UHOVQNZJYSORNB-UHFFFAOYSA-N,329.99,solute,2835
VXNZUUAINFGPBY-UHFFFAOYSA-N:2836,VXNZUUAINFGPBY-UHFFFAOYSA-N,VXNZUUAINFGPBY-UHFFFAOYSA-N,URLKBWYHVLBVBO-UHFFFAOYSA-N,289.99,solute,2836
VXNZUUAINFGPBY-UHFFFAOYSA-N:2837,VXNZUUAINFGPBY-UHFFFAOYSA-N,VXNZUUAINFGPBY-UHFFFAOYSA-N,URLKBWYHVLBVBO-UHFFFAOYSA-N,299.99,solute,2837
VXNZUUAINFGPBY-UHFFFAOYSA-N:2838,VXNZUUAINFGPBY-UHFFFAOYSA-N,VXNZUUAINFGPBY-UHFFFAOYSA-N,URLKBWYHVLBVBO-UHFFFAOYSA-N,309.85,solute,2838
VXNZUUAINFGPBY-UHFFFAOYSA-N:2839,VXNZUUAINFGPBY-UHFFFAOYSA-N,VXNZUUAINFGPBY-UHFFFAOYSA-N,URLKBWYHVLBVBO-UHFFFAOYSA-N,319.99,solute,2839
VXNZUUAINFGPBY-UHFFFAOYSA-N:2840,VXNZUUAINFGPBY-UHFFFAOYSA-N,VXNZUUAINFGPBY-UHFFFAOYSA-N,URLKBWYHVLBVBO-UHFFFAOYSA-N,329.99,solute,2840
VXNZUUAINFGPBY-UHFFFAOYSA-N:2841,VXNZUUAINFGPBY-UHFFFAOYSA-N,VXNZUUAINFGPBY-UHFFFAOYSA-N,XXROGKLTLUQVRX-UHFFFAOYSA-N,270.01,solute,2841
VXNZUUAINFGPBY-UHFFFAOYSA-N:2842,VXNZUUAINFGPBY-UHFFFAOYSA-N,VXNZUUAINFGPBY-UHFFFAOYSA-N,XXROGKLTLUQVRX-UHFFFAOYSA-N,289.99,solute,2842
VXNZUUAINFGPBY-UHFFFAOYSA-N:2843,VXNZUUAINFGPBY-UHFFFAOYSA-N,VXNZUUAINFGPBY-UHFFFAOYSA-N,XXROGKLTLUQVRX-UHFFFAOYSA-N,309.995,solute,2843
VXNZUUAINFGPBY-UHFFFAOYSA-N:2844,VXNZUUAINFGPBY-UHFFFAOYSA-N,VXNZUUAINFGPBY-UHFFFAOYSA-N,XXROGKLTLUQVRX-UHFFFAOYSA-N,329.99,solute,2844
VXNZUUAINFGPBY-UHFFFAOYSA-N:2845,VXNZUUAINFGPBY-UHFFFAOYSA-N,VXNZUUAINFGPBY-UHFFFAOYSA-N,YXFVVABEGXRONW-UHFFFAOYSA-N,270.0,solute,2845
VXNZUUAINFGPBY-UHFFFAOYSA-N:2846,VXNZUUAINFGPBY-UHFFFAOYSA-N,VXNZUUAINFGPBY-UHFFFAOYSA-N,YXFVVABEGXRONW-UHFFFAOYSA-N,289.98,solute,2846
VXNZUUAINFGPBY-UHFFFAOYSA-N:2847,VXNZUUAINFGPBY-UHFFFAOYSA-N,VXNZUUAINFGPBY-UHFFFAOYSA-N,YXFVVABEGXRONW-UHFFFAOYSA-N,309.94,solute,2847
VXNZUUAINFGPBY-UHFFFAOYSA-N:2848,VXNZUUAINFGPBY-UHFFFAOYSA-N,VXNZUUAINFGPBY-UHFFFAOYSA-N,YXFVVABEGXRONW-UHFFFAOYSA-N,329.99,solute,2848
PWGJDPKCLMLPJW-UHFFFAOYSA-N:0,PWGJDPKCLMLPJW-UHFFFAOYSA-N,AFFLGGQVNFXPEV-UHFFFAOYSA-N,PWGJDPKCLMLPJW-UHFFFAOYSA-N,328.15,solvent,0
PWGJDPKCLMLPJW-UHFFFAOYSA-N:1,PWGJDPKCLMLPJW-UHFFFAOYSA-N,AFFLGGQVNFXPEV-UHFFFAOYSA-N,PWGJDPKCLMLPJW-UHFFFAOYSA-N,338.15,solvent,1
PWGJDPKCLMLPJW-UHFFFAOYSA-N:2,PWGJDPKCLMLPJW-UHFFFAOYSA-N,AFFLGGQVNFXPEV-UHFFFAOYSA-N,PWGJDPKCLMLPJW-UHFFFAOYSA-N,343.15,solvent,2
PWGJDPKCLMLPJW-UHFFFAOYSA-N:3,PWGJDPKCLMLPJW-UHFFFAOYSA-N,AFFLGGQVNFXPEV-UHFFFAOYSA-N,PWGJDPKCLMLPJW-UHFFFAOYSA-N,348.15,solvent,3
PWGJDPKCLMLPJW-UHFFFAOYSA-N:158,PWGJDPKCLMLPJW-UHFFFAOYSA-N,BDERNNFJNOPAEC-UHFFFAOYSA-N,PWGJDPKCLMLPJW-UHFFFAOYSA-N,328.15,solvent,158
PWGJDPKCLMLPJW-UHFFFAOYSA-N:159,PWGJDPKCLMLPJW-UHFFFAOYSA-N,BDERNNFJNOPAEC-UHFFFAOYSA-N,PWGJDPKCLMLPJW-UHFFFAOYSA-N,338.15,solvent,159
PWGJDPKCLMLPJW-UHFFFAOYSA-N:160,PWGJDPKCLMLPJW-UHFFFAOYSA-N,BDERNNFJNOPAEC-UHFFFAOYSA-N,PWGJDPKCLMLPJW-UHFFFAOYSA-N,343.15,solvent,160
PWGJDPKCLMLPJW-UHFFFAOYSA-N:161,PWGJDPKCLMLPJW-UHFFFAOYSA-N,BDERNNFJNOPAEC-UHFFFAOYSA-N,PWGJDPKCLMLPJW-UHFFFAOYSA-N,348.15,solvent,161
PWGJDPKCLMLPJW-UHFFFAOYSA-N:398,PWGJDPKCLMLPJW-UHFFFAOYSA-N,DIOQZVSQGTUSAI-UHFFFAOYSA-N,PWGJDPKCLMLPJW-UHFFFAOYSA-N,328.15,solvent,398
PWGJDPKCLMLPJW-UHFFFAOYSA-N:399,PWGJDPKCLMLPJW-UHFFFAOYSA-N,DIOQZVSQGTUSAI-UHFFFAOYSA-N,PWGJDPKCLMLPJW-UHFFFAOYSA-N,338.15,solvent,399
PWGJDPKCLMLPJW-UHFFFAOYSA-N:400,PWGJDPKCLMLPJW-UHFFFAOYSA-N,DIOQZVSQGTUSAI-UHFFFAOYSA-N,PWGJDPKCLMLPJW-UHFFFAOYSA-N,343.15,solvent,400
PWGJDPKCLMLPJW-UHFFFAOYSA-N:401,PWGJDPKCLMLPJW-UHFFFAOYSA-N,DIOQZVSQGTUSAI-UHFFFAOYSA-N,PWGJDPKCLMLPJW-UHFFFAOYSA-N,348.15,solvent,401
PWGJDPKCLMLPJW-UHFFFAOYSA-N:450,PWGJDPKCLMLPJW-UHFFFAOYSA-N,DKPFZGUDAPQIHT-UHFFFAOYSA-N,PWGJDPKCLMLPJW-UHFFFAOYSA-N,328.15,solvent,450
PWGJDPKCLMLPJW-UHFFFAOYSA-N:451,PWGJDPKCLMLPJW-UHFFFAOYSA-N,DKPFZGUDAPQIHT-UHFFFAOYSA-N,PWGJDPKCLMLPJW-UHFFFAOYSA-N,338.15,solvent,451
PWGJDPKCLMLPJW-UHFFFAOYSA-N:452,PWGJDPKCLMLPJW-UHFFFAOYSA-N,DKPFZGUDAPQIHT-UHFFFAOYSA-N,PWGJDPKCLMLPJW-UHFFFAOYSA-N,343.15,solvent,452
PWGJDPKCLMLPJW-UHFFFAOYSA-N:453,PWGJDPKCLMLPJW-UHFFFAOYSA-N,DKPFZGUDAPQIHT-UHFFFAOYSA-N,PWGJDPKCLMLPJW-UHFFFAOYSA-N,348.15,solvent,453
PWGJDPKCLMLPJW-UHFFFAOYSA-N:479,PWGJDPKCLMLPJW-UHFFFAOYSA-N,DURPTKYDGMDSBL-UHFFFAOYSA-N,PWGJDPKCLMLPJW-UHFFFAOYSA-N,328.15,solvent,479
PWGJDPKCLMLPJW-UHFFFAOYSA-N:480,PWGJDPKCLMLPJW-UHFFFAOYSA-N,DURPTKYDGMDSBL-UHFFFAOYSA-N,PWGJDPKCLMLPJW-UHFFFAOYSA-N,338.15,solvent,480
PWGJDPKCLMLPJW-UHFFFAOYSA-N:481,PWGJDPKCLMLPJW-UHFFFAOYSA-N,DURPTKYDGMDSBL-UHFFFAOYSA-N,PWGJDPKCLMLPJW-UHFFFAOYSA-N,343.15,solvent,481
PWGJDPKCLMLPJW-UHFFFAOYSA-N:482,PWGJDPKCLMLPJW-UHFFFAOYSA-N,DURPTKYDGMDSBL-UHFFFAOYSA-N,PWGJDPKCLMLPJW-UHFFFAOYSA-N,348.15,solvent,482
PWGJDPKCLMLPJW-UHFFFAOYSA-N:1029,PWGJDPKCLMLPJW-UHFFFAOYSA-N,IMNFDUFMRHMDMM-UHFFFAOYSA-N,PWGJDPKCLMLPJW-UHFFFAOYSA-N,328.15,solvent,1029
PWGJDPKCLMLPJW-UHFFFAOYSA-N:1030,PWGJDPKCLMLPJW-UHFFFAOYSA-N,IMNFDUFMRHMDMM-UHFFFAOYSA-N,PWGJDPKCLMLPJW-UHFFFAOYSA-N,338.15,solvent,1030
PWGJDPKCLMLPJW-UHFFFAOYSA-N:1031,PWGJDPKCLMLPJW-UHFFFAOYSA-N,IMNFDUFMRHMDMM-UHFFFAOYSA-N,PWGJDPKCLMLPJW-UHFFFAOYSA-N,343.15,solvent,1031
PWGJDPKCLMLPJW-UHFFFAOYSA-N:1032,PWGJDPKCLMLPJW-UHFFFAOYSA-N,IMNFDUFMRHMDMM-UHFFFAOYSA-N,PWGJDPKCLMLPJW-UHFFFAOYSA-N,348.15,solvent,1032
PWGJDPKCLMLPJW-UHFFFAOYSA-N:1266,PWGJDPKCLMLPJW-UHFFFAOYSA-N,KWKAKUADMBZCLK-UHFFFAOYSA-N,PWGJDPKCLMLPJW-UHFFFAOYSA-N,328.15,solvent,1266
PWGJDPKCLMLPJW-UHFFFAOYSA-N:1267,PWGJDPKCLMLPJW-UHFFFAOYSA-N,KWKAKUADMBZCLK-UHFFFAOYSA-N,PWGJDPKCLMLPJW-UHFFFAOYSA-N,338.15,solvent,1267
PWGJDPKCLMLPJW-UHFFFAOYSA-N:1268,PWGJDPKCLMLPJW-UHFFFAOYSA-N,KWKAKUADMBZCLK-UHFFFAOYSA-N,PWGJDPKCLMLPJW-UHFFFAOYSA-N,343.15,solvent,1268
PWGJDPKCLMLPJW-UHFFFAOYSA-N:1269,PWGJDPKCLMLPJW-UHFFFAOYSA-N,KWKAKUADMBZCLK-UHFFFAOYSA-N,PWGJDPKCLMLPJW-UHFFFAOYSA-N,348.15,solvent,1269
PWGJDPKCLMLPJW-UHFFFAOYSA-N:1419,PWGJDPKCLMLPJW-UHFFFAOYSA-N,LFQSCWFLJHTTHZ-UHFFFAOYSA-N,PWGJDPKCLMLPJW-UHFFFAOYSA-N,328.15,solvent,1419
PWGJDPKCLMLPJW-UHFFFAOYSA-N:1420,PWGJDPKCLMLPJW-UHFFFAOYSA-N,LFQSCWFLJHTTHZ-UHFFFAOYSA-N,PWGJDPKCLMLPJW-UHFFFAOYSA-N,338.15,solvent,1420
PWGJDPKCLMLPJW-UHFFFAOYSA-N:1421,PWGJDPKCLMLPJW-UHFFFAOYSA-N,LFQSCWFLJHTTHZ-UHFFFAOYSA-N,PWGJDPKCLMLPJW-UHFFFAOYSA-N,343.15,solvent,1421
PWGJDPKCLMLPJW-UHFFFAOYSA-N:1422,PWGJDPKCLMLPJW-UHFFFAOYSA-N,LFQSCWFLJHTTHZ-UHFFFAOYSA-N,PWGJDPKCLMLPJW-UHFFFAOYSA-N,348.15,solvent,1422
PWGJDPKCLMLPJW-UHFFFAOYSA-N:1494,PWGJDPKCLMLPJW-UHFFFAOYSA-N,LIKMAJRDDDTEIG-UHFFFAOYSA-N,PWGJDPKCLMLPJW-UHFFFAOYSA-N,328.15,solvent,1494
PWGJDPKCLMLPJW-UHFFFAOYSA-N:1495,PWGJDPKCLMLPJW-UHFFFAOYSA-N,LIKMAJRDDDTEIG-UHFFFAOYSA-N,PWGJDPKCLMLPJW-UHFFFAOYSA-N,338.15,solvent,1495
PWGJDPKCLMLPJW-UHFFFAOYSA-N:1496,PWGJDPKCLMLPJW-UHFFFAOYSA-N,LIKMAJRDDDTEIG-UHFFFAOYSA-N,PWGJDPKCLMLPJW-UHFFFAOYSA-N,343.15,solvent,1496
PWGJDPKCLMLPJW-UHFFFAOYSA-N:1497,PWGJDPKCLMLPJW-UHFFFAOYSA-N,LIKMAJRDDDTEIG-UHFFFAOYSA-N,PWGJDPKCLMLPJW-UHFFFAOYSA-N,348.15,solvent,1497
PWGJDPKCLMLPJW-UHFFFAOYSA-N:1551,PWGJDPKCLMLPJW-UHFFFAOYSA-N,LRHPLDYGYMQRHN-UHFFFAOYSA-N,PWGJDPKCLMLPJW-UHFFFAOYSA-N,328.15,solvent,1551
PWGJDPKCLMLPJW-UHFFFAOYSA-N:1552,PWGJDPKCLMLPJW-UHFFFAOYSA-N,LRHPLDYGYMQRHN-UHFFFAOYSA-N,PWGJDPKCLMLPJW-UHFFFAOYSA-N,338.15,solvent,1552
PWGJDPKCLMLPJW-UHFFFAOYSA-N:1553,PWGJDPKCLMLPJW-UHFFFAOYSA-N,LRHPLDYGYMQRHN-UHFFFAOYSA-N,PWGJDPKCLMLPJW-UHFFFAOYSA-N,343.15,solvent,1553
PWGJDPKCLMLPJW-UHFFFAOYSA-N:1554,PWGJDPKCLMLPJW-UHFFFAOYSA-N,LRHPLDYGYMQRHN-UHFFFAOYSA-N,PWGJDPKCLMLPJW-UHFFFAOYSA-N,348.15,solvent,1554
PWGJDPKCLMLPJW-UHFFFAOYSA-N:1607,PWGJDPKCLMLPJW-UHFFFAOYSA-N,MLRVZFYXUZQSRU-UHFFFAOYSA-N,PWGJDPKCLMLPJW-UHFFFAOYSA-N,328.15,solvent,1607
PWGJDPKCLMLPJW-UHFFFAOYSA-N:1608,PWGJDPKCLMLPJW-UHFFFAOYSA-N,MLRVZFYXUZQSRU-UHFFFAOYSA-N,PWGJDPKCLMLPJW-UHFFFAOYSA-N,338.15,solvent,1608
PWGJDPKCLMLPJW-UHFFFAOYSA-N:1609,PWGJDPKCLMLPJW-UHFFFAOYSA-N,MLRVZFYXUZQSRU-UHFFFAOYSA-N,PWGJDPKCLMLPJW-UHFFFAOYSA-N,343.15,solvent,1609
PWGJDPKCLMLPJW-UHFFFAOYSA-N:1610,PWGJDPKCLMLPJW-UHFFFAOYSA-N,MLRVZFYXUZQSRU-UHFFFAOYSA-N,PWGJDPKCLMLPJW-UHFFFAOYSA-N,348.15,solvent,1610
PWGJDPKCLMLPJW-UHFFFAOYSA-N:1950,PWGJDPKCLMLPJW-UHFFFAOYSA-N,OFBQJSOFQDEBGM-UHFFFAOYSA-N,PWGJDPKCLMLPJW-UHFFFAOYSA-N,328.21,solvent,1950
PWGJDPKCLMLPJW-UHFFFAOYSA-N:1951,PWGJDPKCLMLPJW-UHFFFAOYSA-N,OFBQJSOFQDEBGM-UHFFFAOYSA-N,PWGJDPKCLMLPJW-UHFFFAOYSA-N,338.23,solvent,1951
PWGJDPKCLMLPJW-UHFFFAOYSA-N:1952,PWGJDPKCLMLPJW-UHFFFAOYSA-N,OFBQJSOFQDEBGM-UHFFFAOYSA-N,PWGJDPKCLMLPJW-UHFFFAOYSA-N,343.19,solvent,1952
PWGJDPKCLMLPJW-UHFFFAOYSA-N:1953,PWGJDPKCLMLPJW-UHFFFAOYSA-N,OFBQJSOFQDEBGM-UHFFFAOYSA-N,PWGJDPKCLMLPJW-UHFFFAOYSA-N,348.25,solvent,1953
PWGJDPKCLMLPJW-UHFFFAOYSA-N:2004,PWGJDPKCLMLPJW-UHFFFAOYSA-N,OKKJLVBELUTLKV-UHFFFAOYSA-N,PWGJDPKCLMLPJW-UHFFFAOYSA-N,328.15,solvent,2004
PWGJDPKCLMLPJW-UHFFFAOYSA-N:2005,PWGJDPKCLMLPJW-UHFFFAOYSA-N,OKKJLVBELUTLKV-UHFFFAOYSA-N,PWGJDPKCLMLPJW-UHFFFAOYSA-N,338.15,solvent,2005
PWGJDPKCLMLPJW-UHFFFAOYSA-N:2006,PWGJDPKCLMLPJW-UHFFFAOYSA-N,OKKJLVBELUTLKV-UHFFFAOYSA-N,PWGJDPKCLMLPJW-UHFFFAOYSA-N,343.15,solvent,2006
PWGJDPKCLMLPJW-UHFFFAOYSA-N:2007,PWGJDPKCLMLPJW-UHFFFAOYSA-N,OKKJLVBELUTLKV-UHFFFAOYSA-N,PWGJDPKCLMLPJW-UHFFFAOYSA-N,348.15,solvent,2007
PWGJDPKCLMLPJW-UHFFFAOYSA-N:2310,PWGJDPKCLMLPJW-UHFFFAOYSA-N,RTZKZFJDLAIYFH-UHFFFAOYSA-N,PWGJDPKCLMLPJW-UHFFFAOYSA-N,328.15,solvent,2310
PWGJDPKCLMLPJW-UHFFFAOYSA-N:2311,PWGJDPKCLMLPJW-UHFFFAOYSA-N,RTZKZFJDLAIYFH-UHFFFAOYSA-N,PWGJDPKCLMLPJW-UHFFFAOYSA-N,338.15,solvent,2311
PWGJDPKCLMLPJW-UHFFFAOYSA-N:2312,PWGJDPKCLMLPJW-UHFFFAOYSA-N,RTZKZFJDLAIYFH-UHFFFAOYSA-N,PWGJDPKCLMLPJW-UHFFFAOYSA-N,343.15,solvent,2312
PWGJDPKCLMLPJW-UHFFFAOYSA-N:2313,PWGJDPKCLMLPJW-UHFFFAOYSA-N,RTZKZFJDLAIYFH-UHFFFAOYSA-N,PWGJDPKCLMLPJW-UHFFFAOYSA-N,348.15,solvent,2313
PWGJDPKCLMLPJW-UHFFFAOYSA-N:2357,PWGJDPKCLMLPJW-UHFFFAOYSA-N,SQCZQTSHSZLZIQ-UHFFFAOYSA-N,PWGJDPKCLMLPJW-UHFFFAOYSA-N,328.15,solvent,2357
PWGJDPKCLMLPJW-UHFFFAOYSA-N:2358,PWGJDPKCLMLPJW-UHFFFAOYSA-N,SQCZQTSHSZLZIQ-UHFFFAOYSA-N,PWGJDPKCLMLPJW-UHFFFAOYSA-N,338.15,solvent,2358
PWGJDPKCLMLPJW-UHFFFAOYSA-N:2359,PWGJDPKCLMLPJW-UHFFFAOYSA-N,SQCZQTSHSZLZIQ-UHFFFAOYSA-N,PWGJDPKCLMLPJW-UHFFFAOYSA-N,343.15,solvent,2359
PWGJDPKCLMLPJW-UHFFFAOYSA-N:2360,PWGJDPKCLMLPJW-UHFFFAOYSA-N,SQCZQTSHSZLZIQ-UHFFFAOYSA-N,PWGJDPKCLMLPJW-UHFFFAOYSA-N,348.15,solvent,2360
PWGJDPKCLMLPJW-UHFFFAOYSA-N:2421,PWGJDPKCLMLPJW-UHFFFAOYSA-N,TVMXDCGIABBOFY-UHFFFAOYSA-N,PWGJDPKCLMLPJW-UHFFFAOYSA-N,328.15,solvent,2421
PWGJDPKCLMLPJW-UHFFFAOYSA-N:2422,PWGJDPKCLMLPJW-UHFFFAOYSA-N,TVMXDCGIABBOFY-UHFFFAOYSA-N,PWGJDPKCLMLPJW-UHFFFAOYSA-N,338.15,solvent,2422
PWGJDPKCLMLPJW-UHFFFAOYSA-N:2423,PWGJDPKCLMLPJW-UHFFFAOYSA-N,TVMXDCGIABBOFY-UHFFFAOYSA-N,PWGJDPKCLMLPJW-UHFFFAOYSA-N,343.15,solvent,2423
PWGJDPKCLMLPJW-UHFFFAOYSA-N:2424,PWGJDPKCLMLPJW-UHFFFAOYSA-N,TVMXDCGIABBOFY-UHFFFAOYSA-N,PWGJDPKCLMLPJW-UHFFFAOYSA-N,348.15,solvent,2424
PWGJDPKCLMLPJW-UHFFFAOYSA-N:2505,PWGJDPKCLMLPJW-UHFFFAOYSA-N,UHOVQNZJYSORNB-UHFFFAOYSA-N,PWGJDPKCLMLPJW-UHFFFAOYSA-N,328.15,solvent,2505
PWGJDPKCLMLPJW-UHFFFAOYSA-N:2506,PWGJDPKCLMLPJW-UHFFFAOYSA-N,UHOVQNZJYSORNB-UHFFFAOYSA-N,PWGJDPKCLMLPJW-UHFFFAOYSA-N,338.15,solvent,2506
PWGJDPKCLMLPJW-UHFFFAOYSA-N:2507,PWGJDPKCLMLPJW-UHFFFAOYSA-N,UHOVQNZJYSORNB-UHFFFAOYSA-N,PWGJDPKCLMLPJW-UHFFFAOYSA-N,343.15,solvent,2507
PWGJDPKCLMLPJW-UHFFFAOYSA-N:2508,PWGJDPKCLMLPJW-UHFFFAOYSA-N,UHOVQNZJYSORNB-UHFFFAOYSA-N,PWGJDPKCLMLPJW-UHFFFAOYSA-N,348.15,solvent,2508
PWGJDPKCLMLPJW-UHFFFAOYSA-N:2573,PWGJDPKCLMLPJW-UHFFFAOYSA-N,VFWCMGCRMGJXDK-UHFFFAOYSA-N,PWGJDPKCLMLPJW-UHFFFAOYSA-N,328.15,solvent,2573
PWGJDPKCLMLPJW-UHFFFAOYSA-N:2574,PWGJDPKCLMLPJW-UHFFFAOYSA-N,VFWCMGCRMGJXDK-UHFFFAOYSA-N,PWGJDPKCLMLPJW-UHFFFAOYSA-N,338.15,solvent,2574
PWGJDPKCLMLPJW-UHFFFAOYSA-N:2575,PWGJDPKCLMLPJW-UHFFFAOYSA-N,VFWCMGCRMGJXDK-UHFFFAOYSA-N,PWGJDPKCLMLPJW-UHFFFAOYSA-N,343.15,solvent,2575
PWGJDPKCLMLPJW-UHFFFAOYSA-N:2576,PWGJDPKCLMLPJW-UHFFFAOYSA-N,VFWCMGCRMGJXDK-UHFFFAOYSA-N,PWGJDPKCLMLPJW-UHFFFAOYSA-N,348.15,solvent,2576
PWGJDPKCLMLPJW-UHFFFAOYSA-N:2648,PWGJDPKCLMLPJW-UHFFFAOYSA-N,VLKZOEOYAKHREP-UHFFFAOYSA-N,PWGJDPKCLMLPJW-UHFFFAOYSA-N,328.15,solvent,2648
PWGJDPKCLMLPJW-UHFFFAOYSA-N:2649,PWGJDPKCLMLPJW-UHFFFAOYSA-N,VLKZOEOYAKHREP-UHFFFAOYSA-N,PWGJDPKCLMLPJW-UHFFFAOYSA-N,338.15,solvent,2649
PWGJDPKCLMLPJW-UHFFFAOYSA-N:2650,PWGJDPKCLMLPJW-UHFFFAOYSA-N,VLKZOEOYAKHREP-UHFFFAOYSA-N,PWGJDPKCLMLPJW-UHFFFAOYSA-N,343.15,solvent,2650
PWGJDPKCLMLPJW-UHFFFAOYSA-N:2651,PWGJDPKCLMLPJW-UHFFFAOYSA-N,VLKZOEOYAKHREP-UHFFFAOYSA-N,PWGJDPKCLMLPJW-UHFFFAOYSA-N,348.15,solvent,2651
PWGJDPKCLMLPJW-UHFFFAOYSA-N:2858,PWGJDPKCLMLPJW-UHFFFAOYSA-N,VZGDMQKNWNREIO-UHFFFAOYSA-N,PWGJDPKCLMLPJW-UHFFFAOYSA-N,328.15,solvent,2858
PWGJDPKCLMLPJW-UHFFFAOYSA-N:2859,PWGJDPKCLMLPJW-UHFFFAOYSA-N,VZGDMQKNWNREIO-UHFFFAOYSA-N,PWGJDPKCLMLPJW-UHFFFAOYSA-N,338.15,solvent,2859
PWGJDPKCLMLPJW-UHFFFAOYSA-N:2860,PWGJDPKCLMLPJW-UHFFFAOYSA-N,VZGDMQKNWNREIO-UHFFFAOYSA-N,PWGJDPKCLMLPJW-UHFFFAOYSA-N,343.15,solvent,2860
PWGJDPKCLMLPJW-UHFFFAOYSA-N:2861,PWGJDPKCLMLPJW-UHFFFAOYSA-N,VZGDMQKNWNREIO-UHFFFAOYSA-N,PWGJDPKCLMLPJW-UHFFFAOYSA-N,348.15,solvent,2861
PWGJDPKCLMLPJW-UHFFFAOYSA-N:3031,PWGJDPKCLMLPJW-UHFFFAOYSA-N,XEKOWRVHYACXOJ-UHFFFAOYSA-N,PWGJDPKCLMLPJW-UHFFFAOYSA-N,328.15,solvent,3031
PWGJDPKCLMLPJW-UHFFFAOYSA-N:3032,PWGJDPKCLMLPJW-UHFFFAOYSA-N,XEKOWRVHYACXOJ-UHFFFAOYSA-N,PWGJDPKCLMLPJW-UHFFFAOYSA-N,338.15,solvent,3032
PWGJDPKCLMLPJW-UHFFFAOYSA-N:3033,PWGJDPKCLMLPJW-UHFFFAOYSA-N,XEKOWRVHYACXOJ-UHFFFAOYSA-N,PWGJDPKCLMLPJW-UHFFFAOYSA-N,343.15,solvent,3033
PWGJDPKCLMLPJW-UHFFFAOYSA-N:3034,PWGJDPKCLMLPJW-UHFFFAOYSA-N,XEKOWRVHYACXOJ-UHFFFAOYSA-N,PWGJDPKCLMLPJW-UHFFFAOYSA-N,348.15,solvent,3034
PWGJDPKCLMLPJW-UHFFFAOYSA-N:3139,PWGJDPKCLMLPJW-UHFFFAOYSA-N,YMWUJEATGCHHMB-UHFFFAOYSA-N,PWGJDPKCLMLPJW-UHFFFAOYSA-N,328.15,solvent,3139
PWGJDPKCLMLPJW-UHFFFAOYSA-N:3140,PWGJDPKCLMLPJW-UHFFFAOYSA-N,YMWUJEATGCHHMB-UHFFFAOYSA-N,PWGJDPKCLMLPJW-UHFFFAOYSA-N,338.15,solvent,3140
PWGJDPKCLMLPJW-UHFFFAOYSA-N:3141,PWGJDPKCLMLPJW-UHFFFAOYSA-N,YMWUJEATGCHHMB-UHFFFAOYSA-N,PWGJDPKCLMLPJW-UHFFFAOYSA-N,343.15,solvent,3141
PWGJDPKCLMLPJW-UHFFFAOYSA-N:3142,PWGJDPKCLMLPJW-UHFFFAOYSA-N,YMWUJEATGCHHMB-UHFFFAOYSA-N,PWGJDPKCLMLPJW-UHFFFAOYSA-N,348.15,solvent,3142
PWGJDPKCLMLPJW-UHFFFAOYSA-N:3199,PWGJDPKCLMLPJW-UHFFFAOYSA-N,YNQLUTRBYVCPMQ-UHFFFAOYSA-N,PWGJDPKCLMLPJW-UHFFFAOYSA-N,328.15,solvent,3199
PWGJDPKCLMLPJW-UHFFFAOYSA-N:3200,PWGJDPKCLMLPJW-UHFFFAOYSA-N,YNQLUTRBYVCPMQ-UHFFFAOYSA-N,PWGJDPKCLMLPJW-UHFFFAOYSA-N,338.15,solvent,3200
PWGJDPKCLMLPJW-UHFFFAOYSA-N:3201,PWGJDPKCLMLPJW-UHFFFAOYSA-N,YNQLUTRBYVCPMQ-UHFFFAOYSA-N,PWGJDPKCLMLPJW-UHFFFAOYSA-N,343.15,solvent,3201
PWGJDPKCLMLPJW-UHFFFAOYSA-N:3202,PWGJDPKCLMLPJW-UHFFFAOYSA-N,YNQLUTRBYVCPMQ-UHFFFAOYSA-N,PWGJDPKCLMLPJW-UHFFFAOYSA-N,348.15,solvent,3202
PWGJDPKCLMLPJW-UHFFFAOYSA-N:3259,PWGJDPKCLMLPJW-UHFFFAOYSA-N,YWAKXRMUMFPDSH-UHFFFAOYSA-N,PWGJDPKCLMLPJW-UHFFFAOYSA-N,328.15,solvent,3259
PWGJDPKCLMLPJW-UHFFFAOYSA-N:3260,PWGJDPKCLMLPJW-UHFFFAOYSA-N,YWAKXRMUMFPDSH-UHFFFAOYSA-N,PWGJDPKCLMLPJW-UHFFFAOYSA-N,338.15,solvent,3260
PWGJDPKCLMLPJW-UHFFFAOYSA-N:3261,PWGJDPKCLMLPJW-UHFFFAOYSA-N,YWAKXRMUMFPDSH-UHFFFAOYSA-N,PWGJDPKCLMLPJW-UHFFFAOYSA-N,343.15,solvent,3261
PWGJDPKCLMLPJW-UHFFFAOYSA-N:3262,PWGJDPKCLMLPJW-UHFFFAOYSA-N,YWAKXRMUMFPDSH-UHFFFAOYSA-N,PWGJDPKCLMLPJW-UHFFFAOYSA-N,348.15,solvent,3262
PWGJDPKCLMLPJW-UHFFFAOYSA-N:3332,PWGJDPKCLMLPJW-UHFFFAOYSA-N,YXFVVABEGXRONW-UHFFFAOYSA-N,PWGJDPKCLMLPJW-UHFFFAOYSA-N,328.15,solvent,3332
PWGJDPKCLMLPJW-UHFFFAOYSA-N:3333,PWGJDPKCLMLPJW-UHFFFAOYSA-N,YXFVVABEGXRONW-UHFFFAOYSA-N,PWGJDPKCLMLPJW-UHFFFAOYSA-N,338.15,solvent,3333
PWGJDPKCLMLPJW-UHFFFAOYSA-N:3334,PWGJDPKCLMLPJW-UHFFFAOYSA-N,YXFVVABEGXRONW-UHFFFAOYSA-N,PWGJDPKCLMLPJW-UHFFFAOYSA-N,343.15,solvent,3334
PWGJDPKCLMLPJW-UHFFFAOYSA-N:3335,PWGJDPKCLMLPJW-UHFFFAOYSA-N,YXFVVABEGXRONW-UHFFFAOYSA-N,PWGJDPKCLMLPJW-UHFFFAOYSA-N,348.15,solvent,3335
PWGJDPKCLMLPJW-UHFFFAOYSA-N:3394,PWGJDPKCLMLPJW-UHFFFAOYSA-N,ZGEGCLOFRBLKSE-UHFFFAOYSA-N,PWGJDPKCLMLPJW-UHFFFAOYSA-N,328.15,solvent,3394
PWGJDPKCLMLPJW-UHFFFAOYSA-N:3395,PWGJDPKCLMLPJW-UHFFFAOYSA-N,ZGEGCLOFRBLKSE-UHFFFAOYSA-N,PWGJDPKCLMLPJW-UHFFFAOYSA-N,338.15,solvent,3395
PWGJDPKCLMLPJW-UHFFFAOYSA-N:3396,PWGJDPKCLMLPJW-UHFFFAOYSA-N,ZGEGCLOFRBLKSE-UHFFFAOYSA-N,PWGJDPKCLMLPJW-UHFFFAOYSA-N,343.15,solvent,3396
PWGJDPKCLMLPJW-UHFFFAOYSA-N:3397,PWGJDPKCLMLPJW-UHFFFAOYSA-N,ZGEGCLOFRBLKSE-UHFFFAOYSA-N,PWGJDPKCLMLPJW-UHFFFAOYSA-N,348.15,solvent,3397
HRYZWHHZPQKTII-UHFFFAOYSA-N:584,HRYZWHHZPQKTII-UHFFFAOYSA-N,HRYZWHHZPQKTII-UHFFFAOYSA-N,AMQJEAYHLZJPGS-UHFFFAOYSA-N,270.06,solute,584
HRYZWHHZPQKTII-UHFFFAOYSA-N:585,HRYZWHHZPQKTII-UHFFFAOYSA-N,HRYZWHHZPQKTII-UHFFFAOYSA-N,AMQJEAYHLZJPGS-UHFFFAOYSA-N,290.0,solute,585
HRYZWHHZPQKTII-UHFFFAOYSA-N:586,HRYZWHHZPQKTII-UHFFFAOYSA-N,HRYZWHHZPQKTII-UHFFFAOYSA-N,AMQJEAYHLZJPGS-UHFFFAOYSA-N,309.99,solute,586
HRYZWHHZPQKTII-UHFFFAOYSA-N:587,HRYZWHHZPQKTII-UHFFFAOYSA-N,HRYZWHHZPQKTII-UHFFFAOYSA-N,AMQJEAYHLZJPGS-UHFFFAOYSA-N,330.0,solute,587
HRYZWHHZPQKTII-UHFFFAOYSA-N:588,HRYZWHHZPQKTII-UHFFFAOYSA-N,HRYZWHHZPQKTII-UHFFFAOYSA-N,AQIXEPGDORPWBJ-UHFFFAOYSA-N,259.98,solute,588
HRYZWHHZPQKTII-UHFFFAOYSA-N:589,HRYZWHHZPQKTII-UHFFFAOYSA-N,HRYZWHHZPQKTII-UHFFFAOYSA-N,AQIXEPGDORPWBJ-UHFFFAOYSA-N,270.03,solute,589
HRYZWHHZPQKTII-UHFFFAOYSA-N:590,HRYZWHHZPQKTII-UHFFFAOYSA-N,HRYZWHHZPQKTII-UHFFFAOYSA-N,AQIXEPGDORPWBJ-UHFFFAOYSA-N,290.0,solute,590
HRYZWHHZPQKTII-UHFFFAOYSA-N:591,HRYZWHHZPQKTII-UHFFFAOYSA-N,HRYZWHHZPQKTII-UHFFFAOYSA-N,AQIXEPGDORPWBJ-UHFFFAOYSA-N,309.99,solute,591
HRYZWHHZPQKTII-UHFFFAOYSA-N:592,HRYZWHHZPQKTII-UHFFFAOYSA-N,HRYZWHHZPQKTII-UHFFFAOYSA-N,AQIXEPGDORPWBJ-UHFFFAOYSA-N,330.0,solute,592
HRYZWHHZPQKTII-UHFFFAOYSA-N:593,HRYZWHHZPQKTII-UHFFFAOYSA-N,HRYZWHHZPQKTII-UHFFFAOYSA-N,BDERNNFJNOPAEC-UHFFFAOYSA-N,270.0,solute,593
HRYZWHHZPQKTII-UHFFFAOYSA-N:594,HRYZWHHZPQKTII-UHFFFAOYSA-N,HRYZWHHZPQKTII-UHFFFAOYSA-N,BDERNNFJNOPAEC-UHFFFAOYSA-N,289.99,solute,594
HRYZWHHZPQKTII-UHFFFAOYSA-N:595,HRYZWHHZPQKTII-UHFFFAOYSA-N,HRYZWHHZPQKTII-UHFFFAOYSA-N,BDERNNFJNOPAEC-UHFFFAOYSA-N,309.99,solute,595
HRYZWHHZPQKTII-UHFFFAOYSA-N:596,HRYZWHHZPQKTII-UHFFFAOYSA-N,HRYZWHHZPQKTII-UHFFFAOYSA-N,BDERNNFJNOPAEC-UHFFFAOYSA-N,330.0,solute,596
HRYZWHHZPQKTII-UHFFFAOYSA-N:597,HRYZWHHZPQKTII-UHFFFAOYSA-N,HRYZWHHZPQKTII-UHFFFAOYSA-N,CPJRRXSHAYUTGL-UHFFFAOYSA-N,269.95,solute,597
HRYZWHHZPQKTII-UHFFFAOYSA-N:598,HRYZWHHZPQKTII-UHFFFAOYSA-N,HRYZWHHZPQKTII-UHFFFAOYSA-N,CPJRRXSHAYUTGL-UHFFFAOYSA-N,289.9,solute,598
HRYZWHHZPQKTII-UHFFFAOYSA-N:599,HRYZWHHZPQKTII-UHFFFAOYSA-N,HRYZWHHZPQKTII-UHFFFAOYSA-N,CPJRRXSHAYUTGL-UHFFFAOYSA-N,309.99,solute,599
HRYZWHHZPQKTII-UHFFFAOYSA-N:600,HRYZWHHZPQKTII-UHFFFAOYSA-N,HRYZWHHZPQKTII-UHFFFAOYSA-N,CPJRRXSHAYUTGL-UHFFFAOYSA-N,330.0,solute,600
HRYZWHHZPQKTII-UHFFFAOYSA-N:601,HRYZWHHZPQKTII-UHFFFAOYSA-N,HRYZWHHZPQKTII-UHFFFAOYSA-N,CTQNGGLPUBDAKN-UHFFFAOYSA-N,250.05,solute,601
HRYZWHHZPQKTII-UHFFFAOYSA-N:602,HRYZWHHZPQKTII-UHFFFAOYSA-N,HRYZWHHZPQKTII-UHFFFAOYSA-N,CTQNGGLPUBDAKN-UHFFFAOYSA-N,269.91,solute,602
HRYZWHHZPQKTII-UHFFFAOYSA-N:603,HRYZWHHZPQKTII-UHFFFAOYSA-N,HRYZWHHZPQKTII-UHFFFAOYSA-N,CTQNGGLPUBDAKN-UHFFFAOYSA-N,289.97,solute,603
HRYZWHHZPQKTII-UHFFFAOYSA-N:604,HRYZWHHZPQKTII-UHFFFAOYSA-N,HRYZWHHZPQKTII-UHFFFAOYSA-N,CTQNGGLPUBDAKN-UHFFFAOYSA-N,309.98,solute,604
HRYZWHHZPQKTII-UHFFFAOYSA-N:605,HRYZWHHZPQKTII-UHFFFAOYSA-N,HRYZWHHZPQKTII-UHFFFAOYSA-N,CTQNGGLPUBDAKN-UHFFFAOYSA-N,329.99,solute,605
HRYZWHHZPQKTII-UHFFFAOYSA-N:606,HRYZWHHZPQKTII-UHFFFAOYSA-N,HRYZWHHZPQKTII-UHFFFAOYSA-N,DHXVGJBLRPWPCS-UHFFFAOYSA-N,250.0,solute,606
HRYZWHHZPQKTII-UHFFFAOYSA-N:607,HRYZWHHZPQKTII-UHFFFAOYSA-N,HRYZWHHZPQKTII-UHFFFAOYSA-N,DHXVGJBLRPWPCS-UHFFFAOYSA-N,270.07,solute,607
HRYZWHHZPQKTII-UHFFFAOYSA-N:608,HRYZWHHZPQKTII-UHFFFAOYSA-N,HRYZWHHZPQKTII-UHFFFAOYSA-N,DHXVGJBLRPWPCS-UHFFFAOYSA-N,289.98,solute,608
HRYZWHHZPQKTII-UHFFFAOYSA-N:609,HRYZWHHZPQKTII-UHFFFAOYSA-N,HRYZWHHZPQKTII-UHFFFAOYSA-N,DHXVGJBLRPWPCS-UHFFFAOYSA-N,309.98,solute,609
HRYZWHHZPQKTII-UHFFFAOYSA-N:610,HRYZWHHZPQKTII-UHFFFAOYSA-N,HRYZWHHZPQKTII-UHFFFAOYSA-N,DHXVGJBLRPWPCS-UHFFFAOYSA-N,330.0,solute,610
HRYZWHHZPQKTII-UHFFFAOYSA-N:611,HRYZWHHZPQKTII-UHFFFAOYSA-N,HRYZWHHZPQKTII-UHFFFAOYSA-N,DKGAVHZHDRPRBM-UHFFFAOYSA-N,300.0,solute,611
HRYZWHHZPQKTII-UHFFFAOYSA-N:612,HRYZWHHZPQKTII-UHFFFAOYSA-N,HRYZWHHZPQKTII-UHFFFAOYSA-N,DKGAVHZHDRPRBM-UHFFFAOYSA-N,310.0,solute,612
HRYZWHHZPQKTII-UHFFFAOYSA-N:613,HRYZWHHZPQKTII-UHFFFAOYSA-N,HRYZWHHZPQKTII-UHFFFAOYSA-N,DKGAVHZHDRPRBM-UHFFFAOYSA-N,320.0,solute,613
HRYZWHHZPQKTII-UHFFFAOYSA-N:614,HRYZWHHZPQKTII-UHFFFAOYSA-N,HRYZWHHZPQKTII-UHFFFAOYSA-N,DKGAVHZHDRPRBM-UHFFFAOYSA-N,330.0,solute,614
HRYZWHHZPQKTII-UHFFFAOYSA-N:615,HRYZWHHZPQKTII-UHFFFAOYSA-N,HRYZWHHZPQKTII-UHFFFAOYSA-N,HNVRRHSXBLFLIG-UHFFFAOYSA-N,250.01,solute,615
HRYZWHHZPQKTII-UHFFFAOYSA-N:616,HRYZWHHZPQKTII-UHFFFAOYSA-N,HRYZWHHZPQKTII-UHFFFAOYSA-N,HNVRRHSXBLFLIG-UHFFFAOYSA-N,269.96,solute,616
HRYZWHHZPQKTII-UHFFFAOYSA-N:617,HRYZWHHZPQKTII-UHFFFAOYSA-N,HRYZWHHZPQKTII-UHFFFAOYSA-N,HNVRRHSXBLFLIG-UHFFFAOYSA-N,289.99,solute,617
HRYZWHHZPQKTII-UHFFFAOYSA-N:618,HRYZWHHZPQKTII-UHFFFAOYSA-N,HRYZWHHZPQKTII-UHFFFAOYSA-N,HNVRRHSXBLFLIG-UHFFFAOYSA-N,309.99,solute,618
HRYZWHHZPQKTII-UHFFFAOYSA-N:619,HRYZWHHZPQKTII-UHFFFAOYSA-N,HRYZWHHZPQKTII-UHFFFAOYSA-N,HNVRRHSXBLFLIG-UHFFFAOYSA-N,330.0,solute,619
HRYZWHHZPQKTII-UHFFFAOYSA-N:620,HRYZWHHZPQKTII-UHFFFAOYSA-N,HRYZWHHZPQKTII-UHFFFAOYSA-N,IVSZLXZYQVIEFR-UHFFFAOYSA-N,270.05,solute,620
HRYZWHHZPQKTII-UHFFFAOYSA-N:621,HRYZWHHZPQKTII-UHFFFAOYSA-N,HRYZWHHZPQKTII-UHFFFAOYSA-N,IVSZLXZYQVIEFR-UHFFFAOYSA-N,289.98,solute,621
HRYZWHHZPQKTII-UHFFFAOYSA-N:622,HRYZWHHZPQKTII-UHFFFAOYSA-N,HRYZWHHZPQKTII-UHFFFAOYSA-N,IVSZLXZYQVIEFR-UHFFFAOYSA-N,309.89,solute,622
HRYZWHHZPQKTII-UHFFFAOYSA-N:623,HRYZWHHZPQKTII-UHFFFAOYSA-N,HRYZWHHZPQKTII-UHFFFAOYSA-N,IVSZLXZYQVIEFR-UHFFFAOYSA-N,329.99,solute,623
HRYZWHHZPQKTII-UHFFFAOYSA-N:624,HRYZWHHZPQKTII-UHFFFAOYSA-N,HRYZWHHZPQKTII-UHFFFAOYSA-N,IWDCLRJOBJJRNH-UHFFFAOYSA-N,309.98,solute,624
HRYZWHHZPQKTII-UHFFFAOYSA-N:625,HRYZWHHZPQKTII-UHFFFAOYSA-N,HRYZWHHZPQKTII-UHFFFAOYSA-N,IWDCLRJOBJJRNH-UHFFFAOYSA-N,319.98,solute,625
HRYZWHHZPQKTII-UHFFFAOYSA-N:626,HRYZWHHZPQKTII-UHFFFAOYSA-N,HRYZWHHZPQKTII-UHFFFAOYSA-N,IWDCLRJOBJJRNH-UHFFFAOYSA-N,329.99,solute,626
HRYZWHHZPQKTII-UHFFFAOYSA-N:627,HRYZWHHZPQKTII-UHFFFAOYSA-N,HRYZWHHZPQKTII-UHFFFAOYSA-N,IWDCLRJOBJJRNH-UHFFFAOYSA-N,340.01,solute,627
HRYZWHHZPQKTII-UHFFFAOYSA-N:628,HRYZWHHZPQKTII-UHFFFAOYSA-N,HRYZWHHZPQKTII-UHFFFAOYSA-N,JYVLIDXNZAXMDK-YFKPBYRVSA-N,270.05,solute,628
HRYZWHHZPQKTII-UHFFFAOYSA-N:629,HRYZWHHZPQKTII-UHFFFAOYSA-N,HRYZWHHZPQKTII-UHFFFAOYSA-N,JYVLIDXNZAXMDK-YFKPBYRVSA-N,290.0,solute,629
HRYZWHHZPQKTII-UHFFFAOYSA-N:630,HRYZWHHZPQKTII-UHFFFAOYSA-N,HRYZWHHZPQKTII-UHFFFAOYSA-N,JYVLIDXNZAXMDK-YFKPBYRVSA-N,309.99,solute,630
HRYZWHHZPQKTII-UHFFFAOYSA-N:631,HRYZWHHZPQKTII-UHFFFAOYSA-N,HRYZWHHZPQKTII-UHFFFAOYSA-N,JYVLIDXNZAXMDK-YFKPBYRVSA-N,330.01,solute,631
HRYZWHHZPQKTII-UHFFFAOYSA-N:632,HRYZWHHZPQKTII-UHFFFAOYSA-N,HRYZWHHZPQKTII-UHFFFAOYSA-N,KFZMGEQAYNKOFK-UHFFFAOYSA-N,269.94,solute,632
HRYZWHHZPQKTII-UHFFFAOYSA-N:633,HRYZWHHZPQKTII-UHFFFAOYSA-N,HRYZWHHZPQKTII-UHFFFAOYSA-N,KFZMGEQAYNKOFK-UHFFFAOYSA-N,289.99,solute,633
HRYZWHHZPQKTII-UHFFFAOYSA-N:634,HRYZWHHZPQKTII-UHFFFAOYSA-N,HRYZWHHZPQKTII-UHFFFAOYSA-N,KFZMGEQAYNKOFK-UHFFFAOYSA-N,309.99,solute,634
HRYZWHHZPQKTII-UHFFFAOYSA-N:635,HRYZWHHZPQKTII-UHFFFAOYSA-N,HRYZWHHZPQKTII-UHFFFAOYSA-N,KFZMGEQAYNKOFK-UHFFFAOYSA-N,330.01,solute,635
HRYZWHHZPQKTII-UHFFFAOYSA-N:636,HRYZWHHZPQKTII-UHFFFAOYSA-N,HRYZWHHZPQKTII-UHFFFAOYSA-N,LRHPLDYGYMQRHN-UHFFFAOYSA-N,270.01,solute,636
HRYZWHHZPQKTII-UHFFFAOYSA-N:637,HRYZWHHZPQKTII-UHFFFAOYSA-N,HRYZWHHZPQKTII-UHFFFAOYSA-N,LRHPLDYGYMQRHN-UHFFFAOYSA-N,289.99,solute,637
HRYZWHHZPQKTII-UHFFFAOYSA-N:638,HRYZWHHZPQKTII-UHFFFAOYSA-N,HRYZWHHZPQKTII-UHFFFAOYSA-N,LRHPLDYGYMQRHN-UHFFFAOYSA-N,309.99,solute,638
HRYZWHHZPQKTII-UHFFFAOYSA-N:639,HRYZWHHZPQKTII-UHFFFAOYSA-N,HRYZWHHZPQKTII-UHFFFAOYSA-N,LRHPLDYGYMQRHN-UHFFFAOYSA-N,329.93,solute,639
HRYZWHHZPQKTII-UHFFFAOYSA-N:640,HRYZWHHZPQKTII-UHFFFAOYSA-N,HRYZWHHZPQKTII-UHFFFAOYSA-N,OKKJLVBELUTLKV-UHFFFAOYSA-N,250.06,solute,640
HRYZWHHZPQKTII-UHFFFAOYSA-N:641,HRYZWHHZPQKTII-UHFFFAOYSA-N,HRYZWHHZPQKTII-UHFFFAOYSA-N,OKKJLVBELUTLKV-UHFFFAOYSA-N,269.96,solute,641
HRYZWHHZPQKTII-UHFFFAOYSA-N:642,HRYZWHHZPQKTII-UHFFFAOYSA-N,HRYZWHHZPQKTII-UHFFFAOYSA-N,OKKJLVBELUTLKV-UHFFFAOYSA-N,289.99,solute,642
HRYZWHHZPQKTII-UHFFFAOYSA-N:643,HRYZWHHZPQKTII-UHFFFAOYSA-N,HRYZWHHZPQKTII-UHFFFAOYSA-N,OKKJLVBELUTLKV-UHFFFAOYSA-N,309.99,solute,643
HRYZWHHZPQKTII-UHFFFAOYSA-N:644,HRYZWHHZPQKTII-UHFFFAOYSA-N,HRYZWHHZPQKTII-UHFFFAOYSA-N,OKKJLVBELUTLKV-UHFFFAOYSA-N,330.0,solute,644
HRYZWHHZPQKTII-UHFFFAOYSA-N:645,HRYZWHHZPQKTII-UHFFFAOYSA-N,HRYZWHHZPQKTII-UHFFFAOYSA-N,PHTQWCKDNZKARW-UHFFFAOYSA-N,270.01,solute,645
HRYZWHHZPQKTII-UHFFFAOYSA-N:646,HRYZWHHZPQKTII-UHFFFAOYSA-N,HRYZWHHZPQKTII-UHFFFAOYSA-N,PHTQWCKDNZKARW-UHFFFAOYSA-N,290.0,solute,646
HRYZWHHZPQKTII-UHFFFAOYSA-N:647,HRYZWHHZPQKTII-UHFFFAOYSA-N,HRYZWHHZPQKTII-UHFFFAOYSA-N,PHTQWCKDNZKARW-UHFFFAOYSA-N,309.99,solute,647
HRYZWHHZPQKTII-UHFFFAOYSA-N:648,HRYZWHHZPQKTII-UHFFFAOYSA-N,HRYZWHHZPQKTII-UHFFFAOYSA-N,PHTQWCKDNZKARW-UHFFFAOYSA-N,330.0,solute,648
HRYZWHHZPQKTII-UHFFFAOYSA-N:649,HRYZWHHZPQKTII-UHFFFAOYSA-N,HRYZWHHZPQKTII-UHFFFAOYSA-N,PPBRXRYQALVLMV-UHFFFAOYSA-N,250.04,solute,649
HRYZWHHZPQKTII-UHFFFAOYSA-N:650,HRYZWHHZPQKTII-UHFFFAOYSA-N,HRYZWHHZPQKTII-UHFFFAOYSA-N,PPBRXRYQALVLMV-UHFFFAOYSA-N,270.2,solute,650
HRYZWHHZPQKTII-UHFFFAOYSA-N:651,HRYZWHHZPQKTII-UHFFFAOYSA-N,HRYZWHHZPQKTII-UHFFFAOYSA-N,PPBRXRYQALVLMV-UHFFFAOYSA-N,289.98,solute,651
HRYZWHHZPQKTII-UHFFFAOYSA-N:652,HRYZWHHZPQKTII-UHFFFAOYSA-N,HRYZWHHZPQKTII-UHFFFAOYSA-N,PPBRXRYQALVLMV-UHFFFAOYSA-N,309.84,solute,652
HRYZWHHZPQKTII-UHFFFAOYSA-N:653,HRYZWHHZPQKTII-UHFFFAOYSA-N,HRYZWHHZPQKTII-UHFFFAOYSA-N,PPBRXRYQALVLMV-UHFFFAOYSA-N,329.99,solute,653
HRYZWHHZPQKTII-UHFFFAOYSA-N:654,HRYZWHHZPQKTII-UHFFFAOYSA-N,HRYZWHHZPQKTII-UHFFFAOYSA-N,QPRQEDXDYOZYLA-YFKPBYRVSA-N,270.01,solute,654
HRYZWHHZPQKTII-UHFFFAOYSA-N:655,HRYZWHHZPQKTII-UHFFFAOYSA-N,HRYZWHHZPQKTII-UHFFFAOYSA-N,QPRQEDXDYOZYLA-YFKPBYRVSA-N,289.99,solute,655
HRYZWHHZPQKTII-UHFFFAOYSA-N:656,HRYZWHHZPQKTII-UHFFFAOYSA-N,HRYZWHHZPQKTII-UHFFFAOYSA-N,QPRQEDXDYOZYLA-YFKPBYRVSA-N,309.99,solute,656
HRYZWHHZPQKTII-UHFFFAOYSA-N:657,HRYZWHHZPQKTII-UHFFFAOYSA-N,HRYZWHHZPQKTII-UHFFFAOYSA-N,QPRQEDXDYOZYLA-YFKPBYRVSA-N,330.0,solute,657
HRYZWHHZPQKTII-UHFFFAOYSA-N:658,HRYZWHHZPQKTII-UHFFFAOYSA-N,HRYZWHHZPQKTII-UHFFFAOYSA-N,QWVGKYWNOKOFNN-UHFFFAOYSA-N,299.99,solute,658
HRYZWHHZPQKTII-UHFFFAOYSA-N:659,HRYZWHHZPQKTII-UHFFFAOYSA-N,HRYZWHHZPQKTII-UHFFFAOYSA-N,QWVGKYWNOKOFNN-UHFFFAOYSA-N,309.98,solute,659
HRYZWHHZPQKTII-UHFFFAOYSA-N:660,HRYZWHHZPQKTII-UHFFFAOYSA-N,HRYZWHHZPQKTII-UHFFFAOYSA-N,QWVGKYWNOKOFNN-UHFFFAOYSA-N,319.98,solute,660
HRYZWHHZPQKTII-UHFFFAOYSA-N:661,HRYZWHHZPQKTII-UHFFFAOYSA-N,HRYZWHHZPQKTII-UHFFFAOYSA-N,QWVGKYWNOKOFNN-UHFFFAOYSA-N,329.99,solute,661
HRYZWHHZPQKTII-UHFFFAOYSA-N:662,HRYZWHHZPQKTII-UHFFFAOYSA-N,HRYZWHHZPQKTII-UHFFFAOYSA-N,RLSSMJSEOOYNOY-UHFFFAOYSA-N,289.97,solute,662
HRYZWHHZPQKTII-UHFFFAOYSA-N:663,HRYZWHHZPQKTII-UHFFFAOYSA-N,HRYZWHHZPQKTII-UHFFFAOYSA-N,RLSSMJSEOOYNOY-UHFFFAOYSA-N,299.98,solute,663
HRYZWHHZPQKTII-UHFFFAOYSA-N:664,HRYZWHHZPQKTII-UHFFFAOYSA-N,HRYZWHHZPQKTII-UHFFFAOYSA-N,RLSSMJSEOOYNOY-UHFFFAOYSA-N,309.98,solute,664
HRYZWHHZPQKTII-UHFFFAOYSA-N:665,HRYZWHHZPQKTII-UHFFFAOYSA-N,HRYZWHHZPQKTII-UHFFFAOYSA-N,RLSSMJSEOOYNOY-UHFFFAOYSA-N,319.99,solute,665
HRYZWHHZPQKTII-UHFFFAOYSA-N:666,HRYZWHHZPQKTII-UHFFFAOYSA-N,HRYZWHHZPQKTII-UHFFFAOYSA-N,RLSSMJSEOOYNOY-UHFFFAOYSA-N,329.99,solute,666
HRYZWHHZPQKTII-UHFFFAOYSA-N:667,HRYZWHHZPQKTII-UHFFFAOYSA-N,HRYZWHHZPQKTII-UHFFFAOYSA-N,UHOVQNZJYSORNB-UHFFFAOYSA-N,279.95,solute,667
HRYZWHHZPQKTII-UHFFFAOYSA-N:668,HRYZWHHZPQKTII-UHFFFAOYSA-N,HRYZWHHZPQKTII-UHFFFAOYSA-N,UHOVQNZJYSORNB-UHFFFAOYSA-N,289.97,solute,668
HRYZWHHZPQKTII-UHFFFAOYSA-N:669,HRYZWHHZPQKTII-UHFFFAOYSA-N,HRYZWHHZPQKTII-UHFFFAOYSA-N,UHOVQNZJYSORNB-UHFFFAOYSA-N,309.98,solute,669
HRYZWHHZPQKTII-UHFFFAOYSA-N:670,HRYZWHHZPQKTII-UHFFFAOYSA-N,HRYZWHHZPQKTII-UHFFFAOYSA-N,UHOVQNZJYSORNB-UHFFFAOYSA-N,329.99,solute,670
HRYZWHHZPQKTII-UHFFFAOYSA-N:671,HRYZWHHZPQKTII-UHFFFAOYSA-N,HRYZWHHZPQKTII-UHFFFAOYSA-N,URLKBWYHVLBVBO-UHFFFAOYSA-N,289.97,solute,671
HRYZWHHZPQKTII-UHFFFAOYSA-N:672,HRYZWHHZPQKTII-UHFFFAOYSA-N,HRYZWHHZPQKTII-UHFFFAOYSA-N,URLKBWYHVLBVBO-UHFFFAOYSA-N,299.98,solute,672
HRYZWHHZPQKTII-UHFFFAOYSA-N:673,HRYZWHHZPQKTII-UHFFFAOYSA-N,HRYZWHHZPQKTII-UHFFFAOYSA-N,URLKBWYHVLBVBO-UHFFFAOYSA-N,309.98,solute,673
HRYZWHHZPQKTII-UHFFFAOYSA-N:674,HRYZWHHZPQKTII-UHFFFAOYSA-N,HRYZWHHZPQKTII-UHFFFAOYSA-N,URLKBWYHVLBVBO-UHFFFAOYSA-N,319.99,solute,674
HRYZWHHZPQKTII-UHFFFAOYSA-N:675,HRYZWHHZPQKTII-UHFFFAOYSA-N,HRYZWHHZPQKTII-UHFFFAOYSA-N,URLKBWYHVLBVBO-UHFFFAOYSA-N,329.99,solute,675
HRYZWHHZPQKTII-UHFFFAOYSA-N:676,HRYZWHHZPQKTII-UHFFFAOYSA-N,HRYZWHHZPQKTII-UHFFFAOYSA-N,XXROGKLTLUQVRX-UHFFFAOYSA-N,270.06,solute,676
HRYZWHHZPQKTII-UHFFFAOYSA-N:677,HRYZWHHZPQKTII-UHFFFAOYSA-N,HRYZWHHZPQKTII-UHFFFAOYSA-N,XXROGKLTLUQVRX-UHFFFAOYSA-N,289.99,solute,677
HRYZWHHZPQKTII-UHFFFAOYSA-N:678,HRYZWHHZPQKTII-UHFFFAOYSA-N,HRYZWHHZPQKTII-UHFFFAOYSA-N,XXROGKLTLUQVRX-UHFFFAOYSA-N,309.98,solute,678
HRYZWHHZPQKTII-UHFFFAOYSA-N:679,HRYZWHHZPQKTII-UHFFFAOYSA-N,HRYZWHHZPQKTII-UHFFFAOYSA-N,XXROGKLTLUQVRX-UHFFFAOYSA-N,329.99,solute,679
HRYZWHHZPQKTII-UHFFFAOYSA-N:680,HRYZWHHZPQKTII-UHFFFAOYSA-N,HRYZWHHZPQKTII-UHFFFAOYSA-N,YXFVVABEGXRONW-UHFFFAOYSA-N,250.04,solute,680
HRYZWHHZPQKTII-UHFFFAOYSA-N:681,HRYZWHHZPQKTII-UHFFFAOYSA-N,HRYZWHHZPQKTII-UHFFFAOYSA-N,YXFVVABEGXRONW-UHFFFAOYSA-N,270.2,solute,681
HRYZWHHZPQKTII-UHFFFAOYSA-N:682,HRYZWHHZPQKTII-UHFFFAOYSA-N,HRYZWHHZPQKTII-UHFFFAOYSA-N,YXFVVABEGXRONW-UHFFFAOYSA-N,289.98,solute,682
HRYZWHHZPQKTII-UHFFFAOYSA-N:683,HRYZWHHZPQKTII-UHFFFAOYSA-N,HRYZWHHZPQKTII-UHFFFAOYSA-N,YXFVVABEGXRONW-UHFFFAOYSA-N,309.84,solute,683
HRYZWHHZPQKTII-UHFFFAOYSA-N:684,HRYZWHHZPQKTII-UHFFFAOYSA-N,HRYZWHHZPQKTII-UHFFFAOYSA-N,YXFVVABEGXRONW-UHFFFAOYSA-N,329.99,solute,684
HRYZWHHZPQKTII-UHFFFAOYSA-N:685,HRYZWHHZPQKTII-UHFFFAOYSA-N,HRYZWHHZPQKTII-UHFFFAOYSA-N,ZXEKIIBDNHEJCQ-UHFFFAOYSA-N,269.96,solute,685
HRYZWHHZPQKTII-UHFFFAOYSA-N:686,HRYZWHHZPQKTII-UHFFFAOYSA-N,HRYZWHHZPQKTII-UHFFFAOYSA-N,ZXEKIIBDNHEJCQ-UHFFFAOYSA-N,289.99,solute,686
HRYZWHHZPQKTII-UHFFFAOYSA-N:687,HRYZWHHZPQKTII-UHFFFAOYSA-N,HRYZWHHZPQKTII-UHFFFAOYSA-N,ZXEKIIBDNHEJCQ-UHFFFAOYSA-N,309.99,solute,687
HRYZWHHZPQKTII-UHFFFAOYSA-N:688,HRYZWHHZPQKTII-UHFFFAOYSA-N,HRYZWHHZPQKTII-UHFFFAOYSA-N,ZXEKIIBDNHEJCQ-UHFFFAOYSA-N,329.94,solute,688
XEKOWRVHYACXOJ-UHFFFAOYSA-N:3004,XEKOWRVHYACXOJ-UHFFFAOYSA-N,XEKOWRVHYACXOJ-UHFFFAOYSA-N,BTFJIXJJCSYFAL-UHFFFAOYSA-N,338.15,solute,3004
XEKOWRVHYACXOJ-UHFFFAOYSA-N:3005,XEKOWRVHYACXOJ-UHFFFAOYSA-N,XEKOWRVHYACXOJ-UHFFFAOYSA-N,BTFJIXJJCSYFAL-UHFFFAOYSA-N,343.15,solute,3005
XEKOWRVHYACXOJ-UHFFFAOYSA-N:3006,XEKOWRVHYACXOJ-UHFFFAOYSA-N,XEKOWRVHYACXOJ-UHFFFAOYSA-N,BTFJIXJJCSYFAL-UHFFFAOYSA-N,348.15,solute,3006
XEKOWRVHYACXOJ-UHFFFAOYSA-N:3007,XEKOWRVHYACXOJ-UHFFFAOYSA-N,XEKOWRVHYACXOJ-UHFFFAOYSA-N,BTFJIXJJCSYFAL-UHFFFAOYSA-N,353.15,solute,3007
XEKOWRVHYACXOJ-UHFFFAOYSA-N:3008,XEKOWRVHYACXOJ-UHFFFAOYSA-N,XEKOWRVHYACXOJ-UHFFFAOYSA-N,DTOSIQBPPRVQHS-PDBXOOCHSA-N,303.13,solute,3008
XEKOWRVHYACXOJ-UHFFFAOYSA-N:3009,XEKOWRVHYACXOJ-UHFFFAOYSA-N,XEKOWRVHYACXOJ-UHFFFAOYSA-N,DTOSIQBPPRVQHS-PDBXOOCHSA-N,313.24,solute,3009
XEKOWRVHYACXOJ-UHFFFAOYSA-N:3010,XEKOWRVHYACXOJ-UHFFFAOYSA-N,XEKOWRVHYACXOJ-UHFFFAOYSA-N,DTOSIQBPPRVQHS-PDBXOOCHSA-N,323.24,solute,3010
XEKOWRVHYACXOJ-UHFFFAOYSA-N:3011,XEKOWRVHYACXOJ-UHFFFAOYSA-N,XEKOWRVHYACXOJ-UHFFFAOYSA-N,GHVNFZFCNZKVNT-UHFFFAOYSA-N,314.1,solute,3011
XEKOWRVHYACXOJ-UHFFFAOYSA-N:3012,XEKOWRVHYACXOJ-UHFFFAOYSA-N,XEKOWRVHYACXOJ-UHFFFAOYSA-N,GHVNFZFCNZKVNT-UHFFFAOYSA-N,333.26,solute,3012
XEKOWRVHYACXOJ-UHFFFAOYSA-N:3013,XEKOWRVHYACXOJ-UHFFFAOYSA-N,XEKOWRVHYACXOJ-UHFFFAOYSA-N,GHVNFZFCNZKVNT-UHFFFAOYSA-N,333.38,solute,3013
XEKOWRVHYACXOJ-UHFFFAOYSA-N:3014,XEKOWRVHYACXOJ-UHFFFAOYSA-N,XEKOWRVHYACXOJ-UHFFFAOYSA-N,GHVNFZFCNZKVNT-UHFFFAOYSA-N,353.25,solute,3014
XEKOWRVHYACXOJ-UHFFFAOYSA-N:3015,XEKOWRVHYACXOJ-UHFFFAOYSA-N,XEKOWRVHYACXOJ-UHFFFAOYSA-N,GLDOVTGHNKAZLK-UHFFFAOYSA-N,333.15,solute,3015
XEKOWRVHYACXOJ-UHFFFAOYSA-N:3016,XEKOWRVHYACXOJ-UHFFFAOYSA-N,XEKOWRVHYACXOJ-UHFFFAOYSA-N,GLDOVTGHNKAZLK-UHFFFAOYSA-N,338.15,solute,3016
XEKOWRVHYACXOJ-UHFFFAOYSA-N:3017,XEKOWRVHYACXOJ-UHFFFAOYSA-N,XEKOWRVHYACXOJ-UHFFFAOYSA-N,GLDOVTGHNKAZLK-UHFFFAOYSA-N,343.15,solute,3017
XEKOWRVHYACXOJ-UHFFFAOYSA-N:3018,XEKOWRVHYACXOJ-UHFFFAOYSA-N,XEKOWRVHYACXOJ-UHFFFAOYSA-N,GLDOVTGHNKAZLK-UHFFFAOYSA-N,348.15,solute,3018
XEKOWRVHYACXOJ-UHFFFAOYSA-N:3019,XEKOWRVHYACXOJ-UHFFFAOYSA-N,XEKOWRVHYACXOJ-UHFFFAOYSA-N,GLDOVTGHNKAZLK-UHFFFAOYSA-N,353.15,solute,3019
XEKOWRVHYACXOJ-UHFFFAOYSA-N:3020,XEKOWRVHYACXOJ-UHFFFAOYSA-N,XEKOWRVHYACXOJ-UHFFFAOYSA-N,IPCSVZSSVZVIGE-UHFFFAOYSA-N,340.19,solute,3020
XEKOWRVHYACXOJ-UHFFFAOYSA-N:3021,XEKOWRVHYACXOJ-UHFFFAOYSA-N,XEKOWRVHYACXOJ-UHFFFAOYSA-N,IPCSVZSSVZVIGE-UHFFFAOYSA-N,347.93,solute,3021
XEKOWRVHYACXOJ-UHFFFAOYSA-N:3022,XEKOWRVHYACXOJ-UHFFFAOYSA-N,XEKOWRVHYACXOJ-UHFFFAOYSA-N,IPCSVZSSVZVIGE-UHFFFAOYSA-N,358.22,solute,3022
XEKOWRVHYACXOJ-UHFFFAOYSA-N:3023,XEKOWRVHYACXOJ-UHFFFAOYSA-N,XEKOWRVHYACXOJ-UHFFFAOYSA-N,OYHQOLUKZRVURQ-HZJYTTRNSA-N,338.28,solute,3023
XEKOWRVHYACXOJ-UHFFFAOYSA-N:3024,XEKOWRVHYACXOJ-UHFFFAOYSA-N,XEKOWRVHYACXOJ-UHFFFAOYSA-N,OYHQOLUKZRVURQ-HZJYTTRNSA-N,348.28,solute,3024
XEKOWRVHYACXOJ-UHFFFAOYSA-N:3025,XEKOWRVHYACXOJ-UHFFFAOYSA-N,XEKOWRVHYACXOJ-UHFFFAOYSA-N,OYHQOLUKZRVURQ-HZJYTTRNSA-N,358.33,solute,3025
XEKOWRVHYACXOJ-UHFFFAOYSA-N:3026,XEKOWRVHYACXOJ-UHFFFAOYSA-N,XEKOWRVHYACXOJ-UHFFFAOYSA-N,POULHZVOKOAJMA-UHFFFAOYSA-N,314.1,solute,3026
XEKOWRVHYACXOJ-UHFFFAOYSA-N:3027,XEKOWRVHYACXOJ-UHFFFAOYSA-N,XEKOWRVHYACXOJ-UHFFFAOYSA-N,POULHZVOKOAJMA-UHFFFAOYSA-N,314.24,solute,3027
XEKOWRVHYACXOJ-UHFFFAOYSA-N:3028,XEKOWRVHYACXOJ-UHFFFAOYSA-N,XEKOWRVHYACXOJ-UHFFFAOYSA-N,POULHZVOKOAJMA-UHFFFAOYSA-N,333.38,solute,3028
XEKOWRVHYACXOJ-UHFFFAOYSA-N:3029,XEKOWRVHYACXOJ-UHFFFAOYSA-N,XEKOWRVHYACXOJ-UHFFFAOYSA-N,POULHZVOKOAJMA-UHFFFAOYSA-N,353.25,solute,3029
XEKOWRVHYACXOJ-UHFFFAOYSA-N:3030,XEKOWRVHYACXOJ-UHFFFAOYSA-N,XEKOWRVHYACXOJ-UHFFFAOYSA-N,POULHZVOKOAJMA-UHFFFAOYSA-N,353.3,solute,3030
XEKOWRVHYACXOJ-UHFFFAOYSA-N:3031,XEKOWRVHYACXOJ-UHFFFAOYSA-N,XEKOWRVHYACXOJ-UHFFFAOYSA-N,PWGJDPKCLMLPJW-UHFFFAOYSA-N,328.15,solute,3031
XEKOWRVHYACXOJ-UHFFFAOYSA-N:3032,XEKOWRVHYACXOJ-UHFFFAOYSA-N,XEKOWRVHYACXOJ-UHFFFAOYSA-N,PWGJDPKCLMLPJW-UHFFFAOYSA-N,338.15,solute,3032
XEKOWRVHYACXOJ-UHFFFAOYSA-N:3033,XEKOWRVHYACXOJ-UHFFFAOYSA-N,XEKOWRVHYACXOJ-UHFFFAOYSA-N,PWGJDPKCLMLPJW-UHFFFAOYSA-N,343.15,solute,3033
XEKOWRVHYACXOJ-UHFFFAOYSA-N:3034,XEKOWRVHYACXOJ-UHFFFAOYSA-N,XEKOWRVHYACXOJ-UHFFFAOYSA-N,PWGJDPKCLMLPJW-UHFFFAOYSA-N,348.15,solute,3034
XEKOWRVHYACXOJ-UHFFFAOYSA-N:3039,XEKOWRVHYACXOJ-UHFFFAOYSA-N,XEKOWRVHYACXOJ-UHFFFAOYSA-N,QIQXTHQIDYTFRH-UHFFFAOYSA-N,349.48,solute,3039
XEKOWRVHYACXOJ-UHFFFAOYSA-N:3040,XEKOWRVHYACXOJ-UHFFFAOYSA-N,XEKOWRVHYACXOJ-UHFFFAOYSA-N,QIQXTHQIDYTFRH-UHFFFAOYSA-N,358.39,solute,3040
XEKOWRVHYACXOJ-UHFFFAOYSA-N:3041,XEKOWRVHYACXOJ-UHFFFAOYSA-N,XEKOWRVHYACXOJ-UHFFFAOYSA-N,QIQXTHQIDYTFRH-UHFFFAOYSA-N,367.93,solute,3041
XEKOWRVHYACXOJ-UHFFFAOYSA-N:3042,XEKOWRVHYACXOJ-UHFFFAOYSA-N,XEKOWRVHYACXOJ-UHFFFAOYSA-N,QIQXTHQIDYTFRH-UHFFFAOYSA-N,368.19,solute,3042
XEKOWRVHYACXOJ-UHFFFAOYSA-N:3043,XEKOWRVHYACXOJ-UHFFFAOYSA-N,XEKOWRVHYACXOJ-UHFFFAOYSA-N,TUNFSRHWOTWDNC-UHFFFAOYSA-N,314.1,solute,3043
XEKOWRVHYACXOJ-UHFFFAOYSA-N:3044,XEKOWRVHYACXOJ-UHFFFAOYSA-N,XEKOWRVHYACXOJ-UHFFFAOYSA-N,TUNFSRHWOTWDNC-UHFFFAOYSA-N,314.24,solute,3044
XEKOWRVHYACXOJ-UHFFFAOYSA-N:3045,XEKOWRVHYACXOJ-UHFFFAOYSA-N,XEKOWRVHYACXOJ-UHFFFAOYSA-N,TUNFSRHWOTWDNC-UHFFFAOYSA-N,333.26,solute,3045
XEKOWRVHYACXOJ-UHFFFAOYSA-N:3046,XEKOWRVHYACXOJ-UHFFFAOYSA-N,XEKOWRVHYACXOJ-UHFFFAOYSA-N,TUNFSRHWOTWDNC-UHFFFAOYSA-N,333.38,solute,3046
XEKOWRVHYACXOJ-UHFFFAOYSA-N:3047,XEKOWRVHYACXOJ-UHFFFAOYSA-N,XEKOWRVHYACXOJ-UHFFFAOYSA-N,TUNFSRHWOTWDNC-UHFFFAOYSA-N,353.25,solute,3047
XEKOWRVHYACXOJ-UHFFFAOYSA-N:3048,XEKOWRVHYACXOJ-UHFFFAOYSA-N,XEKOWRVHYACXOJ-UHFFFAOYSA-N,TUNFSRHWOTWDNC-UHFFFAOYSA-N,353.3,solute,3048
XEKOWRVHYACXOJ-UHFFFAOYSA-N:3049,XEKOWRVHYACXOJ-UHFFFAOYSA-N,XEKOWRVHYACXOJ-UHFFFAOYSA-N,XLYOFNOQVPJJNP-UHFFFAOYSA-N,273.35,solute,3049
XEKOWRVHYACXOJ-UHFFFAOYSA-N:3050,XEKOWRVHYACXOJ-UHFFFAOYSA-N,XEKOWRVHYACXOJ-UHFFFAOYSA-N,XLYOFNOQVPJJNP-UHFFFAOYSA-N,283.15,solute,3050
XEKOWRVHYACXOJ-UHFFFAOYSA-N:3051,XEKOWRVHYACXOJ-UHFFFAOYSA-N,XEKOWRVHYACXOJ-UHFFFAOYSA-N,XLYOFNOQVPJJNP-UHFFFAOYSA-N,293.15,solute,3051
XEKOWRVHYACXOJ-UHFFFAOYSA-N:3052,XEKOWRVHYACXOJ-UHFFFAOYSA-N,XEKOWRVHYACXOJ-UHFFFAOYSA-N,XLYOFNOQVPJJNP-UHFFFAOYSA-N,293.15,solute,3052
XEKOWRVHYACXOJ-UHFFFAOYSA-N:3053,XEKOWRVHYACXOJ-UHFFFAOYSA-N,XEKOWRVHYACXOJ-UHFFFAOYSA-N,XLYOFNOQVPJJNP-UHFFFAOYSA-N,298.15,solute,3053
XEKOWRVHYACXOJ-UHFFFAOYSA-N:3054,XEKOWRVHYACXOJ-UHFFFAOYSA-N,XEKOWRVHYACXOJ-UHFFFAOYSA-N,XLYOFNOQVPJJNP-UHFFFAOYSA-N,303.15,solute,3054
XEKOWRVHYACXOJ-UHFFFAOYSA-N:3055,XEKOWRVHYACXOJ-UHFFFAOYSA-N,XEKOWRVHYACXOJ-UHFFFAOYSA-N,XLYOFNOQVPJJNP-UHFFFAOYSA-N,313.15,solute,3055
CSCPPACGZOOCGX-UHFFFAOYSA-N:290,CSCPPACGZOOCGX-UHFFFAOYSA-N,CSCPPACGZOOCGX-UHFFFAOYSA-N,BTFJIXJJCSYFAL-UHFFFAOYSA-N,338.15,solute,290
CSCPPACGZOOCGX-UHFFFAOYSA-N:291,CSCPPACGZOOCGX-UHFFFAOYSA-N,CSCPPACGZOOCGX-UHFFFAOYSA-N,BTFJIXJJCSYFAL-UHFFFAOYSA-N,343.15,solute,291
CSCPPACGZOOCGX-UHFFFAOYSA-N:292,CSCPPACGZOOCGX-UHFFFAOYSA-N,CSCPPACGZOOCGX-UHFFFAOYSA-N,BTFJIXJJCSYFAL-UHFFFAOYSA-N,348.15,solute,292
CSCPPACGZOOCGX-UHFFFAOYSA-N:293,CSCPPACGZOOCGX-UHFFFAOYSA-N,CSCPPACGZOOCGX-UHFFFAOYSA-N,BTFJIXJJCSYFAL-UHFFFAOYSA-N,353.15,solute,293
CSCPPACGZOOCGX-UHFFFAOYSA-N:294,CSCPPACGZOOCGX-UHFFFAOYSA-N,CSCPPACGZOOCGX-UHFFFAOYSA-N,DTOSIQBPPRVQHS-PDBXOOCHSA-N,303.13,solute,294
CSCPPACGZOOCGX-UHFFFAOYSA-N:295,CSCPPACGZOOCGX-UHFFFAOYSA-N,CSCPPACGZOOCGX-UHFFFAOYSA-N,DTOSIQBPPRVQHS-PDBXOOCHSA-N,313.24,solute,295
CSCPPACGZOOCGX-UHFFFAOYSA-N:296,CSCPPACGZOOCGX-UHFFFAOYSA-N,CSCPPACGZOOCGX-UHFFFAOYSA-N,DTOSIQBPPRVQHS-PDBXOOCHSA-N,313.25,solute,296
CSCPPACGZOOCGX-UHFFFAOYSA-N:297,CSCPPACGZOOCGX-UHFFFAOYSA-N,CSCPPACGZOOCGX-UHFFFAOYSA-N,DTOSIQBPPRVQHS-PDBXOOCHSA-N,323.26,solute,297
CSCPPACGZOOCGX-UHFFFAOYSA-N:298,CSCPPACGZOOCGX-UHFFFAOYSA-N,CSCPPACGZOOCGX-UHFFFAOYSA-N,GHVNFZFCNZKVNT-UHFFFAOYSA-N,314.1,solute,298
CSCPPACGZOOCGX-UHFFFAOYSA-N:299,CSCPPACGZOOCGX-UHFFFAOYSA-N,CSCPPACGZOOCGX-UHFFFAOYSA-N,GHVNFZFCNZKVNT-UHFFFAOYSA-N,333.26,solute,299
CSCPPACGZOOCGX-UHFFFAOYSA-N:300,CSCPPACGZOOCGX-UHFFFAOYSA-N,CSCPPACGZOOCGX-UHFFFAOYSA-N,GHVNFZFCNZKVNT-UHFFFAOYSA-N,333.38,solute,300
CSCPPACGZOOCGX-UHFFFAOYSA-N:301,CSCPPACGZOOCGX-UHFFFAOYSA-N,CSCPPACGZOOCGX-UHFFFAOYSA-N,GHVNFZFCNZKVNT-UHFFFAOYSA-N,353.25,solute,301
CSCPPACGZOOCGX-UHFFFAOYSA-N:302,CSCPPACGZOOCGX-UHFFFAOYSA-N,CSCPPACGZOOCGX-UHFFFAOYSA-N,GLDOVTGHNKAZLK-UHFFFAOYSA-N,333.15,solute,302
CSCPPACGZOOCGX-UHFFFAOYSA-N:303,CSCPPACGZOOCGX-UHFFFAOYSA-N,CSCPPACGZOOCGX-UHFFFAOYSA-N,GLDOVTGHNKAZLK-UHFFFAOYSA-N,338.15,solute,303
CSCPPACGZOOCGX-UHFFFAOYSA-N:304,CSCPPACGZOOCGX-UHFFFAOYSA-N,CSCPPACGZOOCGX-UHFFFAOYSA-N,GLDOVTGHNKAZLK-UHFFFAOYSA-N,343.15,solute,304
CSCPPACGZOOCGX-UHFFFAOYSA-N:305,CSCPPACGZOOCGX-UHFFFAOYSA-N,CSCPPACGZOOCGX-UHFFFAOYSA-N,GLDOVTGHNKAZLK-UHFFFAOYSA-N,348.15,solute,305
CSCPPACGZOOCGX-UHFFFAOYSA-N:306,CSCPPACGZOOCGX-UHFFFAOYSA-N,CSCPPACGZOOCGX-UHFFFAOYSA-N,GLDOVTGHNKAZLK-UHFFFAOYSA-N,353.15,solute,306
CSCPPACGZOOCGX-UHFFFAOYSA-N:307,CSCPPACGZOOCGX-UHFFFAOYSA-N,CSCPPACGZOOCGX-UHFFFAOYSA-N,IPCSVZSSVZVIGE-UHFFFAOYSA-N,340.19,solute,307
CSCPPACGZOOCGX-UHFFFAOYSA-N:308,CSCPPACGZOOCGX-UHFFFAOYSA-N,CSCPPACGZOOCGX-UHFFFAOYSA-N,IPCSVZSSVZVIGE-UHFFFAOYSA-N,340.17,solute,308
CSCPPACGZOOCGX-UHFFFAOYSA-N:309,CSCPPACGZOOCGX-UHFFFAOYSA-N,CSCPPACGZOOCGX-UHFFFAOYSA-N,IPCSVZSSVZVIGE-UHFFFAOYSA-N,348.01,solute,309
CSCPPACGZOOCGX-UHFFFAOYSA-N:310,CSCPPACGZOOCGX-UHFFFAOYSA-N,CSCPPACGZOOCGX-UHFFFAOYSA-N,IPCSVZSSVZVIGE-UHFFFAOYSA-N,347.93,solute,310
CSCPPACGZOOCGX-UHFFFAOYSA-N:311,CSCPPACGZOOCGX-UHFFFAOYSA-N,CSCPPACGZOOCGX-UHFFFAOYSA-N,IPCSVZSSVZVIGE-UHFFFAOYSA-N,358.23,solute,311
CSCPPACGZOOCGX-UHFFFAOYSA-N:312,CSCPPACGZOOCGX-UHFFFAOYSA-N,CSCPPACGZOOCGX-UHFFFAOYSA-N,IPCSVZSSVZVIGE-UHFFFAOYSA-N,358.32,solute,312
CSCPPACGZOOCGX-UHFFFAOYSA-N:313,CSCPPACGZOOCGX-UHFFFAOYSA-N,CSCPPACGZOOCGX-UHFFFAOYSA-N,JUJWROOIHBZHMG-UHFFFAOYSA-N,298.15,solute,313
CSCPPACGZOOCGX-UHFFFAOYSA-N:314,CSCPPACGZOOCGX-UHFFFAOYSA-N,CSCPPACGZOOCGX-UHFFFAOYSA-N,OYHQOLUKZRVURQ-HZJYTTRNSA-N,338.28,solute,314
CSCPPACGZOOCGX-UHFFFAOYSA-N:315,CSCPPACGZOOCGX-UHFFFAOYSA-N,CSCPPACGZOOCGX-UHFFFAOYSA-N,OYHQOLUKZRVURQ-HZJYTTRNSA-N,348.31,solute,315
CSCPPACGZOOCGX-UHFFFAOYSA-N:316,CSCPPACGZOOCGX-UHFFFAOYSA-N,CSCPPACGZOOCGX-UHFFFAOYSA-N,OYHQOLUKZRVURQ-HZJYTTRNSA-N,358.33,solute,316
CSCPPACGZOOCGX-UHFFFAOYSA-N:317,CSCPPACGZOOCGX-UHFFFAOYSA-N,CSCPPACGZOOCGX-UHFFFAOYSA-N,POULHZVOKOAJMA-UHFFFAOYSA-N,314.1,solute,317
CSCPPACGZOOCGX-UHFFFAOYSA-N:318,CSCPPACGZOOCGX-UHFFFAOYSA-N,CSCPPACGZOOCGX-UHFFFAOYSA-N,POULHZVOKOAJMA-UHFFFAOYSA-N,314.24,solute,318
CSCPPACGZOOCGX-UHFFFAOYSA-N:319,CSCPPACGZOOCGX-UHFFFAOYSA-N,CSCPPACGZOOCGX-UHFFFAOYSA-N,POULHZVOKOAJMA-UHFFFAOYSA-N,333.26,solute,319
CSCPPACGZOOCGX-UHFFFAOYSA-N:320,CSCPPACGZOOCGX-UHFFFAOYSA-N,CSCPPACGZOOCGX-UHFFFAOYSA-N,POULHZVOKOAJMA-UHFFFAOYSA-N,333.38,solute,320
CSCPPACGZOOCGX-UHFFFAOYSA-N:321,CSCPPACGZOOCGX-UHFFFAOYSA-N,CSCPPACGZOOCGX-UHFFFAOYSA-N,POULHZVOKOAJMA-UHFFFAOYSA-N,353.25,solute,321
CSCPPACGZOOCGX-UHFFFAOYSA-N:322,CSCPPACGZOOCGX-UHFFFAOYSA-N,CSCPPACGZOOCGX-UHFFFAOYSA-N,POULHZVOKOAJMA-UHFFFAOYSA-N,353.3,solute,322
CSCPPACGZOOCGX-UHFFFAOYSA-N:323,CSCPPACGZOOCGX-UHFFFAOYSA-N,CSCPPACGZOOCGX-UHFFFAOYSA-N,QIQXTHQIDYTFRH-UHFFFAOYSA-N,349.48,solute,323
CSCPPACGZOOCGX-UHFFFAOYSA-N:324,CSCPPACGZOOCGX-UHFFFAOYSA-N,CSCPPACGZOOCGX-UHFFFAOYSA-N,QIQXTHQIDYTFRH-UHFFFAOYSA-N,358.39,solute,324
CSCPPACGZOOCGX-UHFFFAOYSA-N:325,CSCPPACGZOOCGX-UHFFFAOYSA-N,CSCPPACGZOOCGX-UHFFFAOYSA-N,QIQXTHQIDYTFRH-UHFFFAOYSA-N,368.13,solute,325
CSCPPACGZOOCGX-UHFFFAOYSA-N:326,CSCPPACGZOOCGX-UHFFFAOYSA-N,CSCPPACGZOOCGX-UHFFFAOYSA-N,TUNFSRHWOTWDNC-UHFFFAOYSA-N,314.1,solute,326
CSCPPACGZOOCGX-UHFFFAOYSA-N:327,CSCPPACGZOOCGX-UHFFFAOYSA-N,CSCPPACGZOOCGX-UHFFFAOYSA-N,TUNFSRHWOTWDNC-UHFFFAOYSA-N,314.24,solute,327
CSCPPACGZOOCGX-UHFFFAOYSA-N:328,CSCPPACGZOOCGX-UHFFFAOYSA-N,CSCPPACGZOOCGX-UHFFFAOYSA-N,TUNFSRHWOTWDNC-UHFFFAOYSA-N,333.26,solute,328
CSCPPACGZOOCGX-UHFFFAOYSA-N:329,CSCPPACGZOOCGX-UHFFFAOYSA-N,CSCPPACGZOOCGX-UHFFFAOYSA-N,TUNFSRHWOTWDNC-UHFFFAOYSA-N,333.38,solute,329
CSCPPACGZOOCGX-UHFFFAOYSA-N:330,CSCPPACGZOOCGX-UHFFFAOYSA-N,CSCPPACGZOOCGX-UHFFFAOYSA-N,TUNFSRHWOTWDNC-UHFFFAOYSA-N,353.25,solute,330
CSCPPACGZOOCGX-UHFFFAOYSA-N:331,CSCPPACGZOOCGX-UHFFFAOYSA-N,CSCPPACGZOOCGX-UHFFFAOYSA-N,TUNFSRHWOTWDNC-UHFFFAOYSA-N,353.3,solute,331
CSCPPACGZOOCGX-UHFFFAOYSA-N:332,CSCPPACGZOOCGX-UHFFFAOYSA-N,CSCPPACGZOOCGX-UHFFFAOYSA-N,XLYOFNOQVPJJNP-UHFFFAOYSA-N,298.01,solute,332
CSCPPACGZOOCGX-UHFFFAOYSA-N:333,CSCPPACGZOOCGX-UHFFFAOYSA-N,CSCPPACGZOOCGX-UHFFFAOYSA-N,XLYOFNOQVPJJNP-UHFFFAOYSA-N,298.03,solute,333
CSCPPACGZOOCGX-UHFFFAOYSA-N:334,CSCPPACGZOOCGX-UHFFFAOYSA-N,CSCPPACGZOOCGX-UHFFFAOYSA-N,XLYOFNOQVPJJNP-UHFFFAOYSA-N,298.04,solute,334
CSCPPACGZOOCGX-UHFFFAOYSA-N:335,CSCPPACGZOOCGX-UHFFFAOYSA-N,CSCPPACGZOOCGX-UHFFFAOYSA-N,XLYOFNOQVPJJNP-UHFFFAOYSA-N,298.03,solute,335
CSCPPACGZOOCGX-UHFFFAOYSA-N:336,CSCPPACGZOOCGX-UHFFFAOYSA-N,CSCPPACGZOOCGX-UHFFFAOYSA-N,XLYOFNOQVPJJNP-UHFFFAOYSA-N,298.17,solute,336
CSCPPACGZOOCGX-UHFFFAOYSA-N:337,CSCPPACGZOOCGX-UHFFFAOYSA-N,CSCPPACGZOOCGX-UHFFFAOYSA-N,XLYOFNOQVPJJNP-UHFFFAOYSA-N,298.01,solute,337
CSCPPACGZOOCGX-UHFFFAOYSA-N:338,CSCPPACGZOOCGX-UHFFFAOYSA-N,CSCPPACGZOOCGX-UHFFFAOYSA-N,XLYOFNOQVPJJNP-UHFFFAOYSA-N,298.04,solute,338
CSCPPACGZOOCGX-UHFFFAOYSA-N:2373,CSCPPACGZOOCGX-UHFFFAOYSA-N,TVMXDCGIABBOFY-UHFFFAOYSA-N,CSCPPACGZOOCGX-UHFFFAOYSA-N,298.15,solvent,2373
CSCPPACGZOOCGX-UHFFFAOYSA-N:3281,CSCPPACGZOOCGX-UHFFFAOYSA-N,YXFVVABEGXRONW-UHFFFAOYSA-N,CSCPPACGZOOCGX-UHFFFAOYSA-N,298.15,solvent,3281
HEDRZPFGACZZDS-UHFFFAOYSA-N:512,HEDRZPFGACZZDS-UHFFFAOYSA-N,HEDRZPFGACZZDS-UHFFFAOYSA-N,BTFJIXJJCSYFAL-UHFFFAOYSA-N,338.15,solute,512
HEDRZPFGACZZDS-UHFFFAOYSA-N:513,HEDRZPFGACZZDS-UHFFFAOYSA-N,HEDRZPFGACZZDS-UHFFFAOYSA-N,BTFJIXJJCSYFAL-UHFFFAOYSA-N,343.15,solute,513
HEDRZPFGACZZDS-UHFFFAOYSA-N:514,HEDRZPFGACZZDS-UHFFFAOYSA-N,HEDRZPFGACZZDS-UHFFFAOYSA-N,BTFJIXJJCSYFAL-UHFFFAOYSA-N,348.15,solute,514
HEDRZPFGACZZDS-UHFFFAOYSA-N:515,HEDRZPFGACZZDS-UHFFFAOYSA-N,HEDRZPFGACZZDS-UHFFFAOYSA-N,BTFJIXJJCSYFAL-UHFFFAOYSA-N,353.15,solute,515
HEDRZPFGACZZDS-UHFFFAOYSA-N:516,HEDRZPFGACZZDS-UHFFFAOYSA-N,HEDRZPFGACZZDS-UHFFFAOYSA-N,DTOSIQBPPRVQHS-PDBXOOCHSA-N,303.13,solute,516
HEDRZPFGACZZDS-UHFFFAOYSA-N:517,HEDRZPFGACZZDS-UHFFFAOYSA-N,HEDRZPFGACZZDS-UHFFFAOYSA-N,DTOSIQBPPRVQHS-PDBXOOCHSA-N,313.24,solute,517
HEDRZPFGACZZDS-UHFFFAOYSA-N:518,HEDRZPFGACZZDS-UHFFFAOYSA-N,HEDRZPFGACZZDS-UHFFFAOYSA-N,DTOSIQBPPRVQHS-PDBXOOCHSA-N,323.24,solute,518
HEDRZPFGACZZDS-UHFFFAOYSA-N:519,HEDRZPFGACZZDS-UHFFFAOYSA-N,HEDRZPFGACZZDS-UHFFFAOYSA-N,GHVNFZFCNZKVNT-UHFFFAOYSA-N,314.1,solute,519
HEDRZPFGACZZDS-UHFFFAOYSA-N:520,HEDRZPFGACZZDS-UHFFFAOYSA-N,HEDRZPFGACZZDS-UHFFFAOYSA-N,GHVNFZFCNZKVNT-UHFFFAOYSA-N,314.24,solute,520
HEDRZPFGACZZDS-UHFFFAOYSA-N:521,HEDRZPFGACZZDS-UHFFFAOYSA-N,HEDRZPFGACZZDS-UHFFFAOYSA-N,GHVNFZFCNZKVNT-UHFFFAOYSA-N,333.26,solute,521
HEDRZPFGACZZDS-UHFFFAOYSA-N:522,HEDRZPFGACZZDS-UHFFFAOYSA-N,HEDRZPFGACZZDS-UHFFFAOYSA-N,GHVNFZFCNZKVNT-UHFFFAOYSA-N,333.38,solute,522
HEDRZPFGACZZDS-UHFFFAOYSA-N:523,HEDRZPFGACZZDS-UHFFFAOYSA-N,HEDRZPFGACZZDS-UHFFFAOYSA-N,GHVNFZFCNZKVNT-UHFFFAOYSA-N,353.3,solute,523
HEDRZPFGACZZDS-UHFFFAOYSA-N:524,HEDRZPFGACZZDS-UHFFFAOYSA-N,HEDRZPFGACZZDS-UHFFFAOYSA-N,GLDOVTGHNKAZLK-UHFFFAOYSA-N,333.15,solute,524
HEDRZPFGACZZDS-UHFFFAOYSA-N:525,HEDRZPFGACZZDS-UHFFFAOYSA-N,HEDRZPFGACZZDS-UHFFFAOYSA-N,GLDOVTGHNKAZLK-UHFFFAOYSA-N,338.15,solute,525
HEDRZPFGACZZDS-UHFFFAOYSA-N:526,HEDRZPFGACZZDS-UHFFFAOYSA-N,HEDRZPFGACZZDS-UHFFFAOYSA-N,GLDOVTGHNKAZLK-UHFFFAOYSA-N,343.15,solute,526
HEDRZPFGACZZDS-UHFFFAOYSA-N:527,HEDRZPFGACZZDS-UHFFFAOYSA-N,HEDRZPFGACZZDS-UHFFFAOYSA-N,GLDOVTGHNKAZLK-UHFFFAOYSA-N,348.15,solute,527
HEDRZPFGACZZDS-UHFFFAOYSA-N:528,HEDRZPFGACZZDS-UHFFFAOYSA-N,HEDRZPFGACZZDS-UHFFFAOYSA-N,GLDOVTGHNKAZLK-UHFFFAOYSA-N,353.15,solute,528
HEDRZPFGACZZDS-UHFFFAOYSA-N:529,HEDRZPFGACZZDS-UHFFFAOYSA-N,HEDRZPFGACZZDS-UHFFFAOYSA-N,IPCSVZSSVZVIGE-UHFFFAOYSA-N,340.19,solute,529
HEDRZPFGACZZDS-UHFFFAOYSA-N:530,HEDRZPFGACZZDS-UHFFFAOYSA-N,HEDRZPFGACZZDS-UHFFFAOYSA-N,IPCSVZSSVZVIGE-UHFFFAOYSA-N,348.01,solute,530
HEDRZPFGACZZDS-UHFFFAOYSA-N:531,HEDRZPFGACZZDS-UHFFFAOYSA-N,HEDRZPFGACZZDS-UHFFFAOYSA-N,IPCSVZSSVZVIGE-UHFFFAOYSA-N,358.22,solute,531
HEDRZPFGACZZDS-UHFFFAOYSA-N:532,HEDRZPFGACZZDS-UHFFFAOYSA-N,HEDRZPFGACZZDS-UHFFFAOYSA-N,OYHQOLUKZRVURQ-HZJYTTRNSA-N,338.28,solute,532
HEDRZPFGACZZDS-UHFFFAOYSA-N:533,HEDRZPFGACZZDS-UHFFFAOYSA-N,HEDRZPFGACZZDS-UHFFFAOYSA-N,OYHQOLUKZRVURQ-HZJYTTRNSA-N,338.28,solute,533
HEDRZPFGACZZDS-UHFFFAOYSA-N:534,HEDRZPFGACZZDS-UHFFFAOYSA-N,HEDRZPFGACZZDS-UHFFFAOYSA-N,OYHQOLUKZRVURQ-HZJYTTRNSA-N,348.31,solute,534
HEDRZPFGACZZDS-UHFFFAOYSA-N:535,HEDRZPFGACZZDS-UHFFFAOYSA-N,HEDRZPFGACZZDS-UHFFFAOYSA-N,OYHQOLUKZRVURQ-HZJYTTRNSA-N,348.28,solute,535
HEDRZPFGACZZDS-UHFFFAOYSA-N:536,HEDRZPFGACZZDS-UHFFFAOYSA-N,HEDRZPFGACZZDS-UHFFFAOYSA-N,OYHQOLUKZRVURQ-HZJYTTRNSA-N,358.3,solute,536
HEDRZPFGACZZDS-UHFFFAOYSA-N:537,HEDRZPFGACZZDS-UHFFFAOYSA-N,HEDRZPFGACZZDS-UHFFFAOYSA-N,POULHZVOKOAJMA-UHFFFAOYSA-N,314.1,solute,537
HEDRZPFGACZZDS-UHFFFAOYSA-N:538,HEDRZPFGACZZDS-UHFFFAOYSA-N,HEDRZPFGACZZDS-UHFFFAOYSA-N,POULHZVOKOAJMA-UHFFFAOYSA-N,314.24,solute,538
HEDRZPFGACZZDS-UHFFFAOYSA-N:539,HEDRZPFGACZZDS-UHFFFAOYSA-N,HEDRZPFGACZZDS-UHFFFAOYSA-N,POULHZVOKOAJMA-UHFFFAOYSA-N,333.26,solute,539
HEDRZPFGACZZDS-UHFFFAOYSA-N:540,HEDRZPFGACZZDS-UHFFFAOYSA-N,HEDRZPFGACZZDS-UHFFFAOYSA-N,POULHZVOKOAJMA-UHFFFAOYSA-N,333.38,solute,540
HEDRZPFGACZZDS-UHFFFAOYSA-N:541,HEDRZPFGACZZDS-UHFFFAOYSA-N,HEDRZPFGACZZDS-UHFFFAOYSA-N,POULHZVOKOAJMA-UHFFFAOYSA-N,353.3,solute,541
HEDRZPFGACZZDS-UHFFFAOYSA-N:542,HEDRZPFGACZZDS-UHFFFAOYSA-N,HEDRZPFGACZZDS-UHFFFAOYSA-N,QIQXTHQIDYTFRH-UHFFFAOYSA-N,349.47,solute,542
HEDRZPFGACZZDS-UHFFFAOYSA-N:543,HEDRZPFGACZZDS-UHFFFAOYSA-N,HEDRZPFGACZZDS-UHFFFAOYSA-N,QIQXTHQIDYTFRH-UHFFFAOYSA-N,358.39,solute,543
HEDRZPFGACZZDS-UHFFFAOYSA-N:544,HEDRZPFGACZZDS-UHFFFAOYSA-N,HEDRZPFGACZZDS-UHFFFAOYSA-N,QIQXTHQIDYTFRH-UHFFFAOYSA-N,368.13,solute,544
HEDRZPFGACZZDS-UHFFFAOYSA-N:545,HEDRZPFGACZZDS-UHFFFAOYSA-N,HEDRZPFGACZZDS-UHFFFAOYSA-N,TUNFSRHWOTWDNC-UHFFFAOYSA-N,314.1,solute,545
HEDRZPFGACZZDS-UHFFFAOYSA-N:546,HEDRZPFGACZZDS-UHFFFAOYSA-N,HEDRZPFGACZZDS-UHFFFAOYSA-N,TUNFSRHWOTWDNC-UHFFFAOYSA-N,314.24,solute,546
HEDRZPFGACZZDS-UHFFFAOYSA-N:547,HEDRZPFGACZZDS-UHFFFAOYSA-N,HEDRZPFGACZZDS-UHFFFAOYSA-N,TUNFSRHWOTWDNC-UHFFFAOYSA-N,333.26,solute,547
HEDRZPFGACZZDS-UHFFFAOYSA-N:548,HEDRZPFGACZZDS-UHFFFAOYSA-N,HEDRZPFGACZZDS-UHFFFAOYSA-N,TUNFSRHWOTWDNC-UHFFFAOYSA-N,333.38,solute,548
HEDRZPFGACZZDS-UHFFFAOYSA-N:549,HEDRZPFGACZZDS-UHFFFAOYSA-N,HEDRZPFGACZZDS-UHFFFAOYSA-N,TUNFSRHWOTWDNC-UHFFFAOYSA-N,353.25,solute,549
HEDRZPFGACZZDS-UHFFFAOYSA-N:550,HEDRZPFGACZZDS-UHFFFAOYSA-N,HEDRZPFGACZZDS-UHFFFAOYSA-N,TUNFSRHWOTWDNC-UHFFFAOYSA-N,353.3,solute,550
RTZKZFJDLAIYFH-UHFFFAOYSA-N:2301,RTZKZFJDLAIYFH-UHFFFAOYSA-N,RTZKZFJDLAIYFH-UHFFFAOYSA-N,BTFJIXJJCSYFAL-UHFFFAOYSA-N,338.15,solute,2301
RTZKZFJDLAIYFH-UHFFFAOYSA-N:2302,RTZKZFJDLAIYFH-UHFFFAOYSA-N,RTZKZFJDLAIYFH-UHFFFAOYSA-N,BTFJIXJJCSYFAL-UHFFFAOYSA-N,343.15,solute,2302
RTZKZFJDLAIYFH-UHFFFAOYSA-N:2303,RTZKZFJDLAIYFH-UHFFFAOYSA-N,RTZKZFJDLAIYFH-UHFFFAOYSA-N,BTFJIXJJCSYFAL-UHFFFAOYSA-N,348.15,solute,2303
RTZKZFJDLAIYFH-UHFFFAOYSA-N:2304,RTZKZFJDLAIYFH-UHFFFAOYSA-N,RTZKZFJDLAIYFH-UHFFFAOYSA-N,BTFJIXJJCSYFAL-UHFFFAOYSA-N,353.15,solute,2304
RTZKZFJDLAIYFH-UHFFFAOYSA-N:2305,RTZKZFJDLAIYFH-UHFFFAOYSA-N,RTZKZFJDLAIYFH-UHFFFAOYSA-N,GLDOVTGHNKAZLK-UHFFFAOYSA-N,333.15,solute,2305
RTZKZFJDLAIYFH-UHFFFAOYSA-N:2306,RTZKZFJDLAIYFH-UHFFFAOYSA-N,RTZKZFJDLAIYFH-UHFFFAOYSA-N,GLDOVTGHNKAZLK-UHFFFAOYSA-N,338.15,solute,2306
RTZKZFJDLAIYFH-UHFFFAOYSA-N:2307,RTZKZFJDLAIYFH-UHFFFAOYSA-N,RTZKZFJDLAIYFH-UHFFFAOYSA-N,GLDOVTGHNKAZLK-UHFFFAOYSA-N,343.15,solute,2307
RTZKZFJDLAIYFH-UHFFFAOYSA-N:2308,RTZKZFJDLAIYFH-UHFFFAOYSA-N,RTZKZFJDLAIYFH-UHFFFAOYSA-N,GLDOVTGHNKAZLK-UHFFFAOYSA-N,348.15,solute,2308
RTZKZFJDLAIYFH-UHFFFAOYSA-N:2309,RTZKZFJDLAIYFH-UHFFFAOYSA-N,RTZKZFJDLAIYFH-UHFFFAOYSA-N,GLDOVTGHNKAZLK-UHFFFAOYSA-N,353.15,solute,2309
RTZKZFJDLAIYFH-UHFFFAOYSA-N:2310,RTZKZFJDLAIYFH-UHFFFAOYSA-N,RTZKZFJDLAIYFH-UHFFFAOYSA-N,PWGJDPKCLMLPJW-UHFFFAOYSA-N,328.15,solute,2310
RTZKZFJDLAIYFH-UHFFFAOYSA-N:2311,RTZKZFJDLAIYFH-UHFFFAOYSA-N,RTZKZFJDLAIYFH-UHFFFAOYSA-N,PWGJDPKCLMLPJW-UHFFFAOYSA-N,338.15,solute,2311
RTZKZFJDLAIYFH-UHFFFAOYSA-N:2312,RTZKZFJDLAIYFH-UHFFFAOYSA-N,RTZKZFJDLAIYFH-UHFFFAOYSA-N,PWGJDPKCLMLPJW-UHFFFAOYSA-N,343.15,solute,2312
RTZKZFJDLAIYFH-UHFFFAOYSA-N:2313,RTZKZFJDLAIYFH-UHFFFAOYSA-N,RTZKZFJDLAIYFH-UHFFFAOYSA-N,PWGJDPKCLMLPJW-UHFFFAOYSA-N,348.15,solute,2313
RTZKZFJDLAIYFH-UHFFFAOYSA-N:2318,RTZKZFJDLAIYFH-UHFFFAOYSA-N,RTZKZFJDLAIYFH-UHFFFAOYSA-N,XLYOFNOQVPJJNP-UHFFFAOYSA-N,273.35,solute,2318
RTZKZFJDLAIYFH-UHFFFAOYSA-N:2319,RTZKZFJDLAIYFH-UHFFFAOYSA-N,RTZKZFJDLAIYFH-UHFFFAOYSA-N,XLYOFNOQVPJJNP-UHFFFAOYSA-N,278.15,solute,2319
RTZKZFJDLAIYFH-UHFFFAOYSA-N:2320,RTZKZFJDLAIYFH-UHFFFAOYSA-N,RTZKZFJDLAIYFH-UHFFFAOYSA-N,XLYOFNOQVPJJNP-UHFFFAOYSA-N,283.15,solute,2320
RTZKZFJDLAIYFH-UHFFFAOYSA-N:2321,RTZKZFJDLAIYFH-UHFFFAOYSA-N,RTZKZFJDLAIYFH-UHFFFAOYSA-N,XLYOFNOQVPJJNP-UHFFFAOYSA-N,288.15,solute,2321
RTZKZFJDLAIYFH-UHFFFAOYSA-N:2322,RTZKZFJDLAIYFH-UHFFFAOYSA-N,RTZKZFJDLAIYFH-UHFFFAOYSA-N,XLYOFNOQVPJJNP-UHFFFAOYSA-N,293.15,solute,2322
RTZKZFJDLAIYFH-UHFFFAOYSA-N:2323,RTZKZFJDLAIYFH-UHFFFAOYSA-N,RTZKZFJDLAIYFH-UHFFFAOYSA-N,XLYOFNOQVPJJNP-UHFFFAOYSA-N,298.15,solute,2323
RTZKZFJDLAIYFH-UHFFFAOYSA-N:2324,RTZKZFJDLAIYFH-UHFFFAOYSA-N,RTZKZFJDLAIYFH-UHFFFAOYSA-N,XLYOFNOQVPJJNP-UHFFFAOYSA-N,303.15,solute,2324
RTZKZFJDLAIYFH-UHFFFAOYSA-N:2325,RTZKZFJDLAIYFH-UHFFFAOYSA-N,RTZKZFJDLAIYFH-UHFFFAOYSA-N,XLYOFNOQVPJJNP-UHFFFAOYSA-N,308.15,solute,2325
RTZKZFJDLAIYFH-UHFFFAOYSA-N:2326,RTZKZFJDLAIYFH-UHFFFAOYSA-N,RTZKZFJDLAIYFH-UHFFFAOYSA-N,XLYOFNOQVPJJNP-UHFFFAOYSA-N,318.15,solute,2326
RTZKZFJDLAIYFH-UHFFFAOYSA-N:2327,RTZKZFJDLAIYFH-UHFFFAOYSA-N,RTZKZFJDLAIYFH-UHFFFAOYSA-N,XLYOFNOQVPJJNP-UHFFFAOYSA-N,328.15,solute,2327
JUJWROOIHBZHMG-UHFFFAOYSA-N:220,JUJWROOIHBZHMG-UHFFFAOYSA-N,BKIMMITUMNQMOS-UHFFFAOYSA-N,JUJWROOIHBZHMG-UHFFFAOYSA-N,298.15,solvent,220
JUJWROOIHBZHMG-UHFFFAOYSA-N:313,JUJWROOIHBZHMG-UHFFFAOYSA-N,CSCPPACGZOOCGX-UHFFFAOYSA-N,JUJWROOIHBZHMG-UHFFFAOYSA-N,298.15,solvent,313
JUJWROOIHBZHMG-UHFFFAOYSA-N:352,JUJWROOIHBZHMG-UHFFFAOYSA-N,CTQNGGLPUBDAKN-UHFFFAOYSA-N,JUJWROOIHBZHMG-UHFFFAOYSA-N,298.15,solvent,352
JUJWROOIHBZHMG-UHFFFAOYSA-N:377,JUJWROOIHBZHMG-UHFFFAOYSA-N,DIOQZVSQGTUSAI-UHFFFAOYSA-N,JUJWROOIHBZHMG-UHFFFAOYSA-N,298.15,solvent,377
JUJWROOIHBZHMG-UHFFFAOYSA-N:449,JUJWROOIHBZHMG-UHFFFAOYSA-N,DKPFZGUDAPQIHT-UHFFFAOYSA-N,JUJWROOIHBZHMG-UHFFFAOYSA-N,298.15,solvent,449
JUJWROOIHBZHMG-UHFFFAOYSA-N:562,JUJWROOIHBZHMG-UHFFFAOYSA-N,HGCIXCUEYOPUTN-UHFFFAOYSA-N,JUJWROOIHBZHMG-UHFFFAOYSA-N,298.15,solvent,562
JUJWROOIHBZHMG-UHFFFAOYSA-N:1004,JUJWROOIHBZHMG-UHFFFAOYSA-N,IMNFDUFMRHMDMM-UHFFFAOYSA-N,JUJWROOIHBZHMG-UHFFFAOYSA-N,298.15,solvent,1004
JUJWROOIHBZHMG-UHFFFAOYSA-N:1081,JUJWROOIHBZHMG-UHFFFAOYSA-N,IVSZLXZYQVIEFR-UHFFFAOYSA-N,JUJWROOIHBZHMG-UHFFFAOYSA-N,298.15,solvent,1081
JUJWROOIHBZHMG-UHFFFAOYSA-N:1094,JUJWROOIHBZHMG-UHFFFAOYSA-N,JUJWROOIHBZHMG-UHFFFAOYSA-N,XLYOFNOQVPJJNP-UHFFFAOYSA-N,333.15,solute,1094
JUJWROOIHBZHMG-UHFFFAOYSA-N:1095,JUJWROOIHBZHMG-UHFFFAOYSA-N,JUJWROOIHBZHMG-UHFFFAOYSA-N,XLYOFNOQVPJJNP-UHFFFAOYSA-N,343.15,solute,1095
JUJWROOIHBZHMG-UHFFFAOYSA-N:1096,JUJWROOIHBZHMG-UHFFFAOYSA-N,JUJWROOIHBZHMG-UHFFFAOYSA-N,XLYOFNOQVPJJNP-UHFFFAOYSA-N,353.15,solute,1096
JUJWROOIHBZHMG-UHFFFAOYSA-N:1097,JUJWROOIHBZHMG-UHFFFAOYSA-N,JUJWROOIHBZHMG-UHFFFAOYSA-N,XLYOFNOQVPJJNP-UHFFFAOYSA-N,372.8,solute,1097
JUJWROOIHBZHMG-UHFFFAOYSA-N:1256,JUJWROOIHBZHMG-UHFFFAOYSA-N,KNKRKFALVUDBJE-GSVOUGTGSA-N,JUJWROOIHBZHMG-UHFFFAOYSA-N,298.15,solvent,1256
JUJWROOIHBZHMG-UHFFFAOYSA-N:1682,JUJWROOIHBZHMG-UHFFFAOYSA-N,NAMYKGVDVNBCFQ-UHFFFAOYSA-N,JUJWROOIHBZHMG-UHFFFAOYSA-N,298.15,solvent,1682
JUJWROOIHBZHMG-UHFFFAOYSA-N:2072,JUJWROOIHBZHMG-UHFFFAOYSA-N,PGMYKACGEOXYJE-UHFFFAOYSA-N,JUJWROOIHBZHMG-UHFFFAOYSA-N,298.15,solvent,2072
JUJWROOIHBZHMG-UHFFFAOYSA-N:2299,JUJWROOIHBZHMG-UHFFFAOYSA-N,RSJKGSCJYJTIGS-UHFFFAOYSA-N,JUJWROOIHBZHMG-UHFFFAOYSA-N,298.15,solvent,2299
JUJWROOIHBZHMG-UHFFFAOYSA-N:2390,JUJWROOIHBZHMG-UHFFFAOYSA-N,TVMXDCGIABBOFY-UHFFFAOYSA-N,JUJWROOIHBZHMG-UHFFFAOYSA-N,298.15,solvent,2390
JUJWROOIHBZHMG-UHFFFAOYSA-N:2556,JUJWROOIHBZHMG-UHFFFAOYSA-N,URLKBWYHVLBVBO-UHFFFAOYSA-N,JUJWROOIHBZHMG-UHFFFAOYSA-N,298.15,solvent,2556
JUJWROOIHBZHMG-UHFFFAOYSA-N:2572,JUJWROOIHBZHMG-UHFFFAOYSA-N,VFWCMGCRMGJXDK-UHFFFAOYSA-N,JUJWROOIHBZHMG-UHFFFAOYSA-N,298.15,solvent,2572
JUJWROOIHBZHMG-UHFFFAOYSA-N:2870,JUJWROOIHBZHMG-UHFFFAOYSA-N,WEVYAHXRMPXWCK-UHFFFAOYSA-N,JUJWROOIHBZHMG-UHFFFAOYSA-N,298.15,solvent,2870
JUJWROOIHBZHMG-UHFFFAOYSA-N:2923,JUJWROOIHBZHMG-UHFFFAOYSA-N,WYURNTSHIVDZCO-UHFFFAOYSA-N,JUJWROOIHBZHMG-UHFFFAOYSA-N,298.15,solvent,2923
JUJWROOIHBZHMG-UHFFFAOYSA-N:3173,JUJWROOIHBZHMG-UHFFFAOYSA-N,YNQLUTRBYVCPMQ-UHFFFAOYSA-N,JUJWROOIHBZHMG-UHFFFAOYSA-N,298.15,solvent,3173
JUJWROOIHBZHMG-UHFFFAOYSA-N:3237,JUJWROOIHBZHMG-UHFFFAOYSA-N,YVXHZKKCZYLQOP-UHFFFAOYSA-N,JUJWROOIHBZHMG-UHFFFAOYSA-N,298.15,solvent,3237
JUJWROOIHBZHMG-UHFFFAOYSA-N:3384,JUJWROOIHBZHMG-UHFFFAOYSA-N,ZGEGCLOFRBLKSE-UHFFFAOYSA-N,JUJWROOIHBZHMG-UHFFFAOYSA-N,298.15,solvent,3384
WYURNTSHIVDZCO-UHFFFAOYSA-N:2914,WYURNTSHIVDZCO-UHFFFAOYSA-N,WYURNTSHIVDZCO-UHFFFAOYSA-N,BTFJIXJJCSYFAL-UHFFFAOYSA-N,338.15,solute,2914
WYURNTSHIVDZCO-UHFFFAOYSA-N:2915,WYURNTSHIVDZCO-UHFFFAOYSA-N,WYURNTSHIVDZCO-UHFFFAOYSA-N,BTFJIXJJCSYFAL-UHFFFAOYSA-N,343.15,solute,2915
WYURNTSHIVDZCO-UHFFFAOYSA-N:2916,WYURNTSHIVDZCO-UHFFFAOYSA-N,WYURNTSHIVDZCO-UHFFFAOYSA-N,BTFJIXJJCSYFAL-UHFFFAOYSA-N,348.15,solute,2916
WYURNTSHIVDZCO-UHFFFAOYSA-N:2917,WYURNTSHIVDZCO-UHFFFAOYSA-N,WYURNTSHIVDZCO-UHFFFAOYSA-N,BTFJIXJJCSYFAL-UHFFFAOYSA-N,353.15,solute,2917
WYURNTSHIVDZCO-UHFFFAOYSA-N:2918,WYURNTSHIVDZCO-UHFFFAOYSA-N,WYURNTSHIVDZCO-UHFFFAOYSA-N,GLDOVTGHNKAZLK-UHFFFAOYSA-N,333.15,solute,2918
WYURNTSHIVDZCO-UHFFFAOYSA-N:2919,WYURNTSHIVDZCO-UHFFFAOYSA-N,WYURNTSHIVDZCO-UHFFFAOYSA-N,GLDOVTGHNKAZLK-UHFFFAOYSA-N,338.15,solute,2919
WYURNTSHIVDZCO-UHFFFAOYSA-N:2920,WYURNTSHIVDZCO-UHFFFAOYSA-N,WYURNTSHIVDZCO-UHFFFAOYSA-N,GLDOVTGHNKAZLK-UHFFFAOYSA-N,343.15,solute,2920
WYURNTSHIVDZCO-UHFFFAOYSA-N:2921,WYURNTSHIVDZCO-UHFFFAOYSA-N,WYURNTSHIVDZCO-UHFFFAOYSA-N,GLDOVTGHNKAZLK-UHFFFAOYSA-N,348.15,solute,2921
WYURNTSHIVDZCO-UHFFFAOYSA-N:2922,WYURNTSHIVDZCO-UHFFFAOYSA-N,WYURNTSHIVDZCO-UHFFFAOYSA-N,GLDOVTGHNKAZLK-UHFFFAOYSA-N,353.15,solute,2922
WYURNTSHIVDZCO-UHFFFAOYSA-N:2923,WYURNTSHIVDZCO-UHFFFAOYSA-N,WYURNTSHIVDZCO-UHFFFAOYSA-N,JUJWROOIHBZHMG-UHFFFAOYSA-N,298.15,solute,2923
WYURNTSHIVDZCO-UHFFFAOYSA-N:2924,WYURNTSHIVDZCO-UHFFFAOYSA-N,WYURNTSHIVDZCO-UHFFFAOYSA-N,XLYOFNOQVPJJNP-UHFFFAOYSA-N,273.35,solute,2924
WYURNTSHIVDZCO-UHFFFAOYSA-N:2925,WYURNTSHIVDZCO-UHFFFAOYSA-N,WYURNTSHIVDZCO-UHFFFAOYSA-N,XLYOFNOQVPJJNP-UHFFFAOYSA-N,278.15,solute,2925
WYURNTSHIVDZCO-UHFFFAOYSA-N:2926,WYURNTSHIVDZCO-UHFFFAOYSA-N,WYURNTSHIVDZCO-UHFFFAOYSA-N,XLYOFNOQVPJJNP-UHFFFAOYSA-N,288.15,solute,2926
WYURNTSHIVDZCO-UHFFFAOYSA-N:2927,WYURNTSHIVDZCO-UHFFFAOYSA-N,WYURNTSHIVDZCO-UHFFFAOYSA-N,XLYOFNOQVPJJNP-UHFFFAOYSA-N,298.15,solute,2927
WYURNTSHIVDZCO-UHFFFAOYSA-N:2928,WYURNTSHIVDZCO-UHFFFAOYSA-N,WYURNTSHIVDZCO-UHFFFAOYSA-N,XLYOFNOQVPJJNP-UHFFFAOYSA-N,308.15,solute,2928
WYURNTSHIVDZCO-UHFFFAOYSA-N:2929,WYURNTSHIVDZCO-UHFFFAOYSA-N,WYURNTSHIVDZCO-UHFFFAOYSA-N,XLYOFNOQVPJJNP-UHFFFAOYSA-N,318.15,solute,2929
WYURNTSHIVDZCO-UHFFFAOYSA-N:2930,WYURNTSHIVDZCO-UHFFFAOYSA-N,WYURNTSHIVDZCO-UHFFFAOYSA-N,XLYOFNOQVPJJNP-UHFFFAOYSA-N,328.15,solute,2930
WYURNTSHIVDZCO-UHFFFAOYSA-N:2931,WYURNTSHIVDZCO-UHFFFAOYSA-N,WYURNTSHIVDZCO-UHFFFAOYSA-N,XLYOFNOQVPJJNP-UHFFFAOYSA-N,328.15,solute,2931
WEVYAHXRMPXWCK-UHFFFAOYSA-N:2439,WEVYAHXRMPXWCK-UHFFFAOYSA-N,TVMXDCGIABBOFY-UHFFFAOYSA-N,WEVYAHXRMPXWCK-UHFFFAOYSA-N,298.15,solvent,2439
WEVYAHXRMPXWCK-UHFFFAOYSA-N:2870,WEVYAHXRMPXWCK-UHFFFAOYSA-N,WEVYAHXRMPXWCK-UHFFFAOYSA-N,JUJWROOIHBZHMG-UHFFFAOYSA-N,298.15,solute,2870
WEVYAHXRMPXWCK-UHFFFAOYSA-N:2871,WEVYAHXRMPXWCK-UHFFFAOYSA-N,WEVYAHXRMPXWCK-UHFFFAOYSA-N,XLYOFNOQVPJJNP-UHFFFAOYSA-N,298.15,solute,2871
WEVYAHXRMPXWCK-UHFFFAOYSA-N:2872,WEVYAHXRMPXWCK-UHFFFAOYSA-N,WEVYAHXRMPXWCK-UHFFFAOYSA-N,XLYOFNOQVPJJNP-UHFFFAOYSA-N,298.15,solute,2872
WEVYAHXRMPXWCK-UHFFFAOYSA-N:2873,WEVYAHXRMPXWCK-UHFFFAOYSA-N,WEVYAHXRMPXWCK-UHFFFAOYSA-N,XMGQYMWWDOXHJM-JTQLQIEISA-N,298.15,solute,2873
WEVYAHXRMPXWCK-UHFFFAOYSA-N:3063,WEVYAHXRMPXWCK-UHFFFAOYSA-N,XLYOFNOQVPJJNP-UHFFFAOYSA-N,WEVYAHXRMPXWCK-UHFFFAOYSA-N,298.15,solvent,3063
WEVYAHXRMPXWCK-UHFFFAOYSA-N:3066,WEVYAHXRMPXWCK-UHFFFAOYSA-N,XMGQYMWWDOXHJM-JTQLQIEISA-N,WEVYAHXRMPXWCK-UHFFFAOYSA-N,298.15,solvent,3066
WEVYAHXRMPXWCK-UHFFFAOYSA-N:3358,WEVYAHXRMPXWCK-UHFFFAOYSA-N,YXFVVABEGXRONW-UHFFFAOYSA-N,WEVYAHXRMPXWCK-UHFFFAOYSA-N,298.15,solvent,3358
ZMXDDKWLCZADIW-UHFFFAOYSA-N:3411,ZMXDDKWLCZADIW-UHFFFAOYSA-N,ZMXDDKWLCZADIW-UHFFFAOYSA-N,XLYOFNOQVPJJNP-UHFFFAOYSA-N,343.73,solute,3411
ZMXDDKWLCZADIW-UHFFFAOYSA-N:3412,ZMXDDKWLCZADIW-UHFFFAOYSA-N,ZMXDDKWLCZADIW-UHFFFAOYSA-N,XLYOFNOQVPJJNP-UHFFFAOYSA-N,349.05,solute,3412
ZMXDDKWLCZADIW-UHFFFAOYSA-N:3413,ZMXDDKWLCZADIW-UHFFFAOYSA-N,ZMXDDKWLCZADIW-UHFFFAOYSA-N,XLYOFNOQVPJJNP-UHFFFAOYSA-N,353.45,solute,3413
ZMXDDKWLCZADIW-UHFFFAOYSA-N:3414,ZMXDDKWLCZADIW-UHFFFAOYSA-N,ZMXDDKWLCZADIW-UHFFFAOYSA-N,XLYOFNOQVPJJNP-UHFFFAOYSA-N,357.91,solute,3414
ZMXDDKWLCZADIW-UHFFFAOYSA-N:3415,ZMXDDKWLCZADIW-UHFFFAOYSA-N,ZMXDDKWLCZADIW-UHFFFAOYSA-N,XLYOFNOQVPJJNP-UHFFFAOYSA-N,358.5,solute,3415
ZMXDDKWLCZADIW-UHFFFAOYSA-N:3416,ZMXDDKWLCZADIW-UHFFFAOYSA-N,ZMXDDKWLCZADIW-UHFFFAOYSA-N,XLYOFNOQVPJJNP-UHFFFAOYSA-N,363.82,solute,3416
ZMXDDKWLCZADIW-UHFFFAOYSA-N:3417,ZMXDDKWLCZADIW-UHFFFAOYSA-N,ZMXDDKWLCZADIW-UHFFFAOYSA-N,XLYOFNOQVPJJNP-UHFFFAOYSA-N,368.38,solute,3417
ZMXDDKWLCZADIW-UHFFFAOYSA-N:3418,ZMXDDKWLCZADIW-UHFFFAOYSA-N,ZMXDDKWLCZADIW-UHFFFAOYSA-N,XLYOFNOQVPJJNP-UHFFFAOYSA-N,371.62,solute,3418
ZMXDDKWLCZADIW-UHFFFAOYSA-N:3419,ZMXDDKWLCZADIW-UHFFFAOYSA-N,ZMXDDKWLCZADIW-UHFFFAOYSA-N,XLYOFNOQVPJJNP-UHFFFAOYSA-N,372.0,solute,3419
XNNQFQFUQLJSQT-UHFFFAOYSA-N:3070,XNNQFQFUQLJSQT-UHFFFAOYSA-N,XNNQFQFUQLJSQT-UHFFFAOYSA-N,IAZDPXIOMUYVGZ-UHFFFAOYSA-N,298.0,solute,3070
