file,year,dataset,solute,solvent,solute_name,solvent_name,T,gamma_inf,ln_gamma_inf,method,has_sigma,split,pred_ln_gamma_inf
je200628n.xml,2011,9,AFFLGGQVNFXPEV-UHFFFAOYSA-N,PWGJDPKCLMLPJW-UHFFFAOYSA-N,1-decene,"1,8-diaminooctane",328.15,4.239,1.4443273923705,Chromatography,True,test_one,1.14634752046745
je200628n.xml,2011,9,AFFLGGQVNFXPEV-UHFFFAOYSA-N,PWGJDPKCLMLPJW-UHFFFAOYSA-N,1-decene,"1,8-diaminooctane",338.15,3.581,1.2756420910162956,Chromatography,True,test_one,1.123250982230589
je200628n.xml,2011,9,AFFLGGQVNFXPEV-UHFFFAOYSA-N,PWGJDPKCLMLPJW-UHFFFAOYSA-N,1-decene,"1,8-diaminooctane",343.15,3.331,1.2032725592115423,Chromatography,True,test_one,1.1118350892733933
je200628n.xml,2011,9,AFFLGGQVNFXPEV-UHFFFAOYSA-N,PWGJDPKCLMLPJW-UHFFFAOYSA-N,1-decene,"1,8-diaminooctane",348.15,3.142,1.1448595398334294,Chromatography,True,test_one,1.100508971113629
j.fluid.2005.08.018.xml,2005,12,AMQJEAYHLZJPGS-UHFFFAOYSA-N,XLYOFNOQVPJJNP-UHFFFAOYSA-N,1-pentanol,water,273.35,121.0,4.795790545596741,headspace analysis,True,test_one,13.200786632053108
j.fluid.2005.08.018.xml,2005,12,AMQJEAYHLZJPGS-UHFFFAOYSA-N,XLYOFNOQVPJJNP-UHFFFAOYSA-N,1-pentanol,water,283.15,156.0,5.049856007249537,headspace analysis,True,test_one,12.947232068381583
j.fluid.2005.08.018.xml,2005,12,AMQJEAYHLZJPGS-UHFFFAOYSA-N,XLYOFNOQVPJJNP-UHFFFAOYSA-N,1-pentanol,water,293.15,184.0,5.214935757608986,headspace analysis,True,test_one,12.686730336102947
j.fluid.2005.08.018.xml,2005,13,AMQJEAYHLZJPGS-UHFFFAOYSA-N,XLYOFNOQVPJJNP-UHFFFAOYSA-N,1-pentanol,water,303.15,203.0,5.313205979041787,inert gas stripping,True,test_one,12.425950913166394
j.fluid.2005.08.018.xml,2005,13,AMQJEAYHLZJPGS-UHFFFAOYSA-N,XLYOFNOQVPJJNP-UHFFFAOYSA-N,1-pentanol,water,313.15,221.0,5.3981627015177525,inert gas stripping,True,test_one,12.166200391121205
j.fluid.2005.08.018.xml,2005,13,AMQJEAYHLZJPGS-UHFFFAOYSA-N,XLYOFNOQVPJJNP-UHFFFAOYSA-N,1-pentanol,water,323.15,230.0,5.438079308923196,inert gas stripping,True,test_one,11.908588549192386
j.fluid.2005.08.018.xml,2005,14,AMQJEAYHLZJPGS-UHFFFAOYSA-N,XLYOFNOQVPJJNP-UHFFFAOYSA-N,1-pentanol,water,333.15,221.0,5.3981627015177525,Rayleigh distillation,True,test_one,11.654045990114454
j.fluid.2005.08.018.xml,2005,14,AMQJEAYHLZJPGS-UHFFFAOYSA-N,XLYOFNOQVPJJNP-UHFFFAOYSA-N,1-pentanol,water,343.15,206.0,5.327876168789581,Rayleigh distillation,True,test_one,11.403340338224828
j.fluid.2005.08.018.xml,2005,15,AMQJEAYHLZJPGS-UHFFFAOYSA-N,XLYOFNOQVPJJNP-UHFFFAOYSA-N,1-pentanol,water,353.15,203.0,5.313205979041787,circulating still method,True,test_one,11.157091881318493
j.fluid.2005.08.018.xml,2005,15,AMQJEAYHLZJPGS-UHFFFAOYSA-N,XLYOFNOQVPJJNP-UHFFFAOYSA-N,1-pentanol,water,363.15,181.0,5.198497031265826,circulating still method,True,test_one,10.915788944953544
j.fluid.2005.08.018.xml,2005,15,AMQJEAYHLZJPGS-UHFFFAOYSA-N,XLYOFNOQVPJJNP-UHFFFAOYSA-N,1-pentanol,water,371.15,169.0,5.1298987149230735,circulating still method,True,test_one,10.726560547731685
j.fluid.2007.09.021.xml,2008,10,AMQJEAYHLZJPGS-UHFFFAOYSA-N,YNQLUTRBYVCPMQ-UHFFFAOYSA-N,1-pentanol,ethylbenzene,368.15,3.62,1.2864740258376797,Differential ebulliometry,True,test_one,0.6414845137176507
j.fluid.2007.09.021.xml,2008,10,AMQJEAYHLZJPGS-UHFFFAOYSA-N,YNQLUTRBYVCPMQ-UHFFFAOYSA-N,1-pentanol,ethylbenzene,378.15,3.19,1.1600209167967532,Differential ebulliometry,True,test_one,0.5981803404819446
j.fluid.2007.09.021.xml,2008,10,AMQJEAYHLZJPGS-UHFFFAOYSA-N,YNQLUTRBYVCPMQ-UHFFFAOYSA-N,1-pentanol,ethylbenzene,388.15,2.89,1.0612565021243408,Differential ebulliometry,True,test_one,0.5594722998548207
j.fluid.2007.09.021.xml,2008,10,AMQJEAYHLZJPGS-UHFFFAOYSA-N,YNQLUTRBYVCPMQ-UHFFFAOYSA-N,1-pentanol,ethylbenzene,398.15,2.57,0.9439058989071284,Differential ebulliometry,True,test_one,0.5247466329824545
j.fluid.2007.09.021.xml,2008,10,AMQJEAYHLZJPGS-UHFFFAOYSA-N,YNQLUTRBYVCPMQ-UHFFFAOYSA-N,1-pentanol,ethylbenzene,409.15,2.29,0.8285518175661483,Differential ebulliometry,True,test_one,0.49053047836958846
je901063s.xml,2010,1,AQIXEPGDORPWBJ-UHFFFAOYSA-N,XLYOFNOQVPJJNP-UHFFFAOYSA-N,3-pentanol,water,273.35,48.7,3.885679030088544,"inert gas stripping, headspace analysis in two variants - the classical and the relative, Rayleigh distillation, and circulation still",True,train,13.474258568768734
je901063s.xml,2010,1,AQIXEPGDORPWBJ-UHFFFAOYSA-N,XLYOFNOQVPJJNP-UHFFFAOYSA-N,3-pentanol,water,283.15,63.1,4.144720769547168,"inert gas stripping, headspace analysis in two variants - the classical and the relative, Rayleigh distillation, and circulation still",True,train,13.223256298143248
je901063s.xml,2010,1,AQIXEPGDORPWBJ-UHFFFAOYSA-N,XLYOFNOQVPJJNP-UHFFFAOYSA-N,3-pentanol,water,293.15,75.6,4.325456283185488,"inert gas stripping, headspace analysis in two variants - the classical and the relative, Rayleigh distillation, and circulation still",True,train,12.965257948666867
je901063s.xml,2010,1,AQIXEPGDORPWBJ-UHFFFAOYSA-N,XLYOFNOQVPJJNP-UHFFFAOYSA-N,3-pentanol,water,303.15,88.7,4.485259889315534,"inert gas stripping, headspace analysis in two variants - the classical and the relative, Rayleigh distillation, and circulation still",True,train,12.70686937346536
je901063s.xml,2010,1,AQIXEPGDORPWBJ-UHFFFAOYSA-N,XLYOFNOQVPJJNP-UHFFFAOYSA-N,3-pentanol,water,313.15,101.0,4.61512051684126,"inert gas stripping, headspace analysis in two variants - the classical and the relative, Rayleigh distillation, and circulation still",True,train,12.449387606930932
je901063s.xml,2010,1,AQIXEPGDORPWBJ-UHFFFAOYSA-N,XLYOFNOQVPJJNP-UHFFFAOYSA-N,3-pentanol,water,323.15,108.0,4.68213122712422,"inert gas stripping, headspace analysis in two variants - the classical and the relative, Rayleigh distillation, and circulation still",True,train,12.193914225971131
je901063s.xml,2010,1,AQIXEPGDORPWBJ-UHFFFAOYSA-N,XLYOFNOQVPJJNP-UHFFFAOYSA-N,3-pentanol,water,333.15,116.0,4.7535901911063645,"inert gas stripping, headspace analysis in two variants - the classical and the relative, Rayleigh distillation, and circulation still",True,train,11.941373169432953
je901063s.xml,2010,1,AQIXEPGDORPWBJ-UHFFFAOYSA-N,XLYOFNOQVPJJNP-UHFFFAOYSA-N,3-pentanol,water,343.15,111.0,4.709530201312334,"inert gas stripping, headspace analysis in two variants - the classical and the relative, Rayleigh distillation, and circulation still",True,train,11.692527005583825
je901063s.xml,2010,1,AQIXEPGDORPWBJ-UHFFFAOYSA-N,XLYOFNOQVPJJNP-UHFFFAOYSA-N,3-pentanol,water,353.15,120.0,4.787491742782046,"inert gas stripping, headspace analysis in two variants - the classical and the relative, Rayleigh distillation, and circulation still",True,train,11.447992554549845
je901063s.xml,2010,1,AQIXEPGDORPWBJ-UHFFFAOYSA-N,XLYOFNOQVPJJNP-UHFFFAOYSA-N,3-pentanol,water,363.15,117.0,4.762173934797756,"inert gas stripping, headspace analysis in two variants - the classical and the relative, Rayleigh distillation, and circulation still",True,train,11.208256178985081
je901063s.xml,2010,1,AQIXEPGDORPWBJ-UHFFFAOYSA-N,XLYOFNOQVPJJNP-UHFFFAOYSA-N,3-pentanol,water,371.15,104.0,4.6443908991413725,"inert gas stripping, headspace analysis in two variants - the classical and the relative, Rayleigh distillation, and circulation still",True,train,11.02017443486197
je800517r.xml,2008,2,ATHHXGZTWNVVOU-UHFFFAOYSA-N,XLYOFNOQVPJJNP-UHFFFAOYSA-N,N-methylformamide,water,333.15,1.37,0.3148107398400336,"comparative ebulliometry, circulation still, and differential distillation method",True,train,3.3116461709199587
je800517r.xml,2008,2,ATHHXGZTWNVVOU-UHFFFAOYSA-N,XLYOFNOQVPJJNP-UHFFFAOYSA-N,N-methylformamide,water,343.15,1.42,0.3506568716131693,"comparative ebulliometry, circulation still, and differential distillation method",True,train,3.2496551243360843
je800517r.xml,2008,2,ATHHXGZTWNVVOU-UHFFFAOYSA-N,XLYOFNOQVPJJNP-UHFFFAOYSA-N,N-methylformamide,water,353.15,1.44,0.3646431135879092,"comparative ebulliometry, circulation still, and differential distillation method",True,train,3.190934767894239
je800517r.xml,2008,2,ATHHXGZTWNVVOU-UHFFFAOYSA-N,XLYOFNOQVPJJNP-UHFFFAOYSA-N,N-methylformamide,water,372.65,1.65,0.5007752879124892,"comparative ebulliometry, circulation still, and differential distillation method",True,train,3.0818389599998377
j.jct.2004.11.005.xml,2005,1,ATUOYWHBWRKTHZ-UHFFFAOYSA-N,AMQJEAYHLZJPGS-UHFFFAOYSA-N,propane,1-pentanol,269.99,3.07,1.1216775615991057,Other,True,test_one,1.1127087449545676
j.jct.2004.11.005.xml,2005,1,ATUOYWHBWRKTHZ-UHFFFAOYSA-N,AMQJEAYHLZJPGS-UHFFFAOYSA-N,propane,1-pentanol,290.0,3.08,1.1249295969854831,Other,True,test_one,1.0215038160616456
j.jct.2004.11.005.xml,2005,1,ATUOYWHBWRKTHZ-UHFFFAOYSA-N,AMQJEAYHLZJPGS-UHFFFAOYSA-N,propane,1-pentanol,310.0,3.05,1.1151415906193205,Other,True,test_one,0.9397591739125076
j.jct.2004.11.005.xml,2005,1,ATUOYWHBWRKTHZ-UHFFFAOYSA-N,AMQJEAYHLZJPGS-UHFFFAOYSA-N,propane,1-pentanol,330.0,3.0,1.0986122886681098,Other,True,test_one,0.8674143657673629
j.jct.2004.11.005.xml,2005,33,ATUOYWHBWRKTHZ-UHFFFAOYSA-N,AQIXEPGDORPWBJ-UHFFFAOYSA-N,propane,3-pentanol,259.96,3.27,1.184789984909162,Other,True,train,1.049155565749137
j.jct.2004.11.005.xml,2005,33,ATUOYWHBWRKTHZ-UHFFFAOYSA-N,AQIXEPGDORPWBJ-UHFFFAOYSA-N,propane,3-pentanol,270.02,3.21,1.1662709371419244,Other,True,train,0.9996346503527126
j.jct.2004.11.005.xml,2005,33,ATUOYWHBWRKTHZ-UHFFFAOYSA-N,AQIXEPGDORPWBJ-UHFFFAOYSA-N,propane,3-pentanol,280.0,3.14,1.144222799920162,Other,True,train,0.9526590023005176
j.jct.2004.11.005.xml,2005,33,ATUOYWHBWRKTHZ-UHFFFAOYSA-N,AQIXEPGDORPWBJ-UHFFFAOYSA-N,propane,3-pentanol,290.0,3.09,1.128171090909654,Other,True,train,0.9079894459854747
j.jct.2004.11.005.xml,2005,33,ATUOYWHBWRKTHZ-UHFFFAOYSA-N,AQIXEPGDORPWBJ-UHFFFAOYSA-N,propane,3-pentanol,300.0,3.01,1.1019400787607845,Other,True,train,0.8658454765662188
j.jct.2004.11.005.xml,2005,33,ATUOYWHBWRKTHZ-UHFFFAOYSA-N,AQIXEPGDORPWBJ-UHFFFAOYSA-N,propane,3-pentanol,310.01,2.9,1.0647107369924282,Other,True,train,0.8262125828462052
j.jct.2004.11.005.xml,2005,33,ATUOYWHBWRKTHZ-UHFFFAOYSA-N,AQIXEPGDORPWBJ-UHFFFAOYSA-N,propane,3-pentanol,320.0,2.81,1.0331844833456545,Other,True,train,0.7891567245485156
j.jct.2004.11.005.xml,2005,33,ATUOYWHBWRKTHZ-UHFFFAOYSA-N,AQIXEPGDORPWBJ-UHFFFAOYSA-N,propane,3-pentanol,330.0,2.72,1.000631880307906,Other,True,train,0.7544638020289894
j.jct.2003.08.018.xml,2004,9,ATUOYWHBWRKTHZ-UHFFFAOYSA-N,BDERNNFJNOPAEC-UHFFFAOYSA-N,propane,1-propanol,259.98,4.6,1.5260563034950492,Chromatography,True,train,1.6732662961759772
j.jct.2003.08.018.xml,2004,9,ATUOYWHBWRKTHZ-UHFFFAOYSA-N,BDERNNFJNOPAEC-UHFFFAOYSA-N,propane,1-propanol,279.96,4.62,1.5303947050936475,Chromatography,True,train,1.5626878010651168
j.jct.2003.08.018.xml,2004,9,ATUOYWHBWRKTHZ-UHFFFAOYSA-N,BDERNNFJNOPAEC-UHFFFAOYSA-N,propane,1-propanol,299.96,4.64,1.534714366238164,Chromatography,True,train,1.4577178984502677
j.jct.2003.08.018.xml,2004,9,ATUOYWHBWRKTHZ-UHFFFAOYSA-N,BDERNNFJNOPAEC-UHFFFAOYSA-N,propane,1-propanol,320.03,4.61,1.5282278570085572,Chromatography,True,train,1.3608768710397616
j.jct.2003.08.018.xml,2004,9,ATUOYWHBWRKTHZ-UHFFFAOYSA-N,BDERNNFJNOPAEC-UHFFFAOYSA-N,propane,1-propanol,339.95,4.56,1.5173226235262949,Chromatography,True,train,1.274006500296201
je050343i.xml,2005,25,ATUOYWHBWRKTHZ-UHFFFAOYSA-N,CPJRRXSHAYUTGL-UHFFFAOYSA-N,propane,3-methyl-3-buten-1-ol,270.04,4.19,1.4327007339340465,Chromatography,True,train,1.6432216834939828
je050343i.xml,2005,25,ATUOYWHBWRKTHZ-UHFFFAOYSA-N,CPJRRXSHAYUTGL-UHFFFAOYSA-N,propane,3-methyl-3-buten-1-ol,289.99,4.1,1.410986973710262,Chromatography,True,train,1.522270553446825
je050343i.xml,2005,25,ATUOYWHBWRKTHZ-UHFFFAOYSA-N,CPJRRXSHAYUTGL-UHFFFAOYSA-N,propane,3-methyl-3-buten-1-ol,309.99,3.86,1.3506671834767394,Chromatography,True,train,1.4127345950917696
je050343i.xml,2005,25,ATUOYWHBWRKTHZ-UHFFFAOYSA-N,CPJRRXSHAYUTGL-UHFFFAOYSA-N,propane,3-methyl-3-buten-1-ol,330.0,3.7,1.308332819650179,Chromatography,True,train,1.3147693621585077
je060395n.xml,2007,5,ATUOYWHBWRKTHZ-UHFFFAOYSA-N,CTQNGGLPUBDAKN-UHFFFAOYSA-N,propane,"1,2-dimethylbenzene",270.13,2.05,0.7178397931503168,calculated from henry's law constants,True,train,0.634750326105292
je060395n.xml,2007,5,ATUOYWHBWRKTHZ-UHFFFAOYSA-N,CTQNGGLPUBDAKN-UHFFFAOYSA-N,propane,"1,2-dimethylbenzene",289.99,1.96,0.6729444732424258,calculated from henry's law constants,True,train,0.5721057305839574
je060395n.xml,2007,5,ATUOYWHBWRKTHZ-UHFFFAOYSA-N,CTQNGGLPUBDAKN-UHFFFAOYSA-N,propane,"1,2-dimethylbenzene",309.84,1.92,0.6523251860396901,calculated from henry's law constants,True,train,0.5180769527420844
je060395n.xml,2007,5,ATUOYWHBWRKTHZ-UHFFFAOYSA-N,CTQNGGLPUBDAKN-UHFFFAOYSA-N,propane,"1,2-dimethylbenzene",329.99,1.85,0.6151856390902335,calculated from henry's law constants,True,train,0.47045960753605637
je700270d.xml,2007,1,ATUOYWHBWRKTHZ-UHFFFAOYSA-N,DHXVGJBLRPWPCS-UHFFFAOYSA-N,propane,tetrahydropyran,250.06,2.08,0.7323678937132266,Chromatography,True,train,0.2907140011489256
je700270d.xml,2007,1,ATUOYWHBWRKTHZ-UHFFFAOYSA-N,DHXVGJBLRPWPCS-UHFFFAOYSA-N,propane,tetrahydropyran,270.12,1.98,0.6830968447064438,Chromatography,True,train,0.2779006271014664
je700270d.xml,2007,1,ATUOYWHBWRKTHZ-UHFFFAOYSA-N,DHXVGJBLRPWPCS-UHFFFAOYSA-N,propane,tetrahydropyran,289.97,1.9,0.6418538861723947,Chromatography,True,train,0.2654994730247283
je700270d.xml,2007,1,ATUOYWHBWRKTHZ-UHFFFAOYSA-N,DHXVGJBLRPWPCS-UHFFFAOYSA-N,propane,tetrahydropyran,309.98,1.84,0.6097655716208943,Chromatography,True,train,0.2534129083404202
je700270d.xml,2007,1,ATUOYWHBWRKTHZ-UHFFFAOYSA-N,DHXVGJBLRPWPCS-UHFFFAOYSA-N,propane,tetrahydropyran,329.97,1.79,0.5822156198526637,Chromatography,True,train,0.24183050090647465
je050343i.xml,2005,1,ATUOYWHBWRKTHZ-UHFFFAOYSA-N,HNVRRHSXBLFLIG-UHFFFAOYSA-N,propane,"3-buten-2-ol, 2-methyl-",269.95,2.97,1.0885619528146082,Chromatography,True,train,1.4473353812359486
je050343i.xml,2005,1,ATUOYWHBWRKTHZ-UHFFFAOYSA-N,HNVRRHSXBLFLIG-UHFFFAOYSA-N,propane,"3-buten-2-ol, 2-methyl-",289.99,2.86,1.0508216248317612,Chromatography,True,train,1.3334400610139805
je050343i.xml,2005,1,ATUOYWHBWRKTHZ-UHFFFAOYSA-N,HNVRRHSXBLFLIG-UHFFFAOYSA-N,propane,"3-buten-2-ol, 2-methyl-",309.99,2.7,0.9932517730102834,Chromatography,True,train,1.231410112387371
je050343i.xml,2005,1,ATUOYWHBWRKTHZ-UHFFFAOYSA-N,HNVRRHSXBLFLIG-UHFFFAOYSA-N,propane,"3-buten-2-ol, 2-methyl-",330.0,2.54,0.9321640810304452,Chromatography,True,train,1.140794340940056
je060395n.xml,2007,7,ATUOYWHBWRKTHZ-UHFFFAOYSA-N,IVSZLXZYQVIEFR-UHFFFAOYSA-N,propane,"1,3-dimethylbenzene",270.1,1.86,0.62057648772511,calculated from henry's law constants,True,train,0.513553164010491
je060395n.xml,2007,7,ATUOYWHBWRKTHZ-UHFFFAOYSA-N,IVSZLXZYQVIEFR-UHFFFAOYSA-N,propane,"1,3-dimethylbenzene",289.99,1.83,0.6043159668533296,calculated from henry's law constants,True,train,0.46083998058849246
je060395n.xml,2007,7,ATUOYWHBWRKTHZ-UHFFFAOYSA-N,IVSZLXZYQVIEFR-UHFFFAOYSA-N,propane,"1,3-dimethylbenzene",309.84,1.77,0.5709795465857378,calculated from henry's law constants,True,train,0.4156349425190404
je060395n.xml,2007,7,ATUOYWHBWRKTHZ-UHFFFAOYSA-N,IVSZLXZYQVIEFR-UHFFFAOYSA-N,propane,"1,3-dimethylbenzene",329.99,1.72,0.5423242908253617,calculated from henry's law constants,True,train,0.3759147416830215
je100529s.xml,2010,49,ATUOYWHBWRKTHZ-UHFFFAOYSA-N,IWDCLRJOBJJRNH-UHFFFAOYSA-N,n-propane,4-methylphenol,309.99,6.29,1.8389610707123487,Gas Stripping Method,True,train,1.5243798808601854
je100529s.xml,2010,49,ATUOYWHBWRKTHZ-UHFFFAOYSA-N,IWDCLRJOBJJRNH-UHFFFAOYSA-N,n-propane,4-methylphenol,319.99,6.12,1.8115620965242347,Gas Stripping Method,True,train,1.463207495766352
je100529s.xml,2010,49,ATUOYWHBWRKTHZ-UHFFFAOYSA-N,IWDCLRJOBJJRNH-UHFFFAOYSA-N,n-propane,4-methylphenol,329.99,5.93,1.780024213009634,Gas Stripping Method,True,train,1.405796955511234
je100529s.xml,2010,49,ATUOYWHBWRKTHZ-UHFFFAOYSA-N,IWDCLRJOBJJRNH-UHFFFAOYSA-N,n-propane,4-methylphenol,340.02,5.74,1.747459210331475,Gas Stripping Method,True,train,1.3517385082609514
je0342116.xml,2004,0,ATUOYWHBWRKTHZ-UHFFFAOYSA-N,KFZMGEQAYNKOFK-UHFFFAOYSA-N,propane,2-propanol,270.04,4.5,1.5040773967762742,Chromatography,True,train,1.6304456663232303
je0342116.xml,2004,0,ATUOYWHBWRKTHZ-UHFFFAOYSA-N,KFZMGEQAYNKOFK-UHFFFAOYSA-N,propane,2-propanol,290.0,4.4,1.4816045409242156,Chromatography,True,train,1.5201671999458624
je0342116.xml,2004,0,ATUOYWHBWRKTHZ-UHFFFAOYSA-N,KFZMGEQAYNKOFK-UHFFFAOYSA-N,propane,2-propanol,310.0,4.3,1.4586150226995167,Chromatography,True,train,1.4173287487362638
je0342116.xml,2004,0,ATUOYWHBWRKTHZ-UHFFFAOYSA-N,KFZMGEQAYNKOFK-UHFFFAOYSA-N,propane,2-propanol,330.0,4.2,1.4350845252893227,Chromatography,True,train,1.323788495080927
je034265f.xml,2004,1,ATUOYWHBWRKTHZ-UHFFFAOYSA-N,LRHPLDYGYMQRHN-UHFFFAOYSA-N,propane,1-butanol,250.01,3.6,1.2809338454620642,Other,True,train,1.3949444544565195
je034265f.xml,2004,1,ATUOYWHBWRKTHZ-UHFFFAOYSA-N,LRHPLDYGYMQRHN-UHFFFAOYSA-N,propane,1-butanol,270.0,3.6,1.2809338454620642,Other,True,train,1.291056781511329
je034265f.xml,2004,1,ATUOYWHBWRKTHZ-UHFFFAOYSA-N,LRHPLDYGYMQRHN-UHFFFAOYSA-N,propane,1-butanol,290.01,3.6,1.2809338454620642,Other,True,train,1.1930634264601936
je034265f.xml,2004,1,ATUOYWHBWRKTHZ-UHFFFAOYSA-N,LRHPLDYGYMQRHN-UHFFFAOYSA-N,propane,1-butanol,310.0,3.6,1.2809338454620642,Other,True,train,1.1037945726261675
je034265f.xml,2004,1,ATUOYWHBWRKTHZ-UHFFFAOYSA-N,LRHPLDYGYMQRHN-UHFFFAOYSA-N,propane,1-butanol,330.0,3.6,1.2809338454620642,Other,True,train,1.0238172757523851
je060395n.xml,2007,11,ATUOYWHBWRKTHZ-UHFFFAOYSA-N,PPBRXRYQALVLMV-UHFFFAOYSA-N,propane,styrene,270.07,3.97,1.3787660946990992,calculated from henry's law constants,True,train,0.7530964722539893
je060395n.xml,2007,11,ATUOYWHBWRKTHZ-UHFFFAOYSA-N,PPBRXRYQALVLMV-UHFFFAOYSA-N,propane,styrene,309.84,3.48,1.247032293786383,calculated from henry's law constants,True,train,0.6059895200438267
je060395n.xml,2007,11,ATUOYWHBWRKTHZ-UHFFFAOYSA-N,PPBRXRYQALVLMV-UHFFFAOYSA-N,propane,styrene,329.99,3.32,1.199964782928397,calculated from henry's law constants,True,train,0.5470357441604687
je100529s.xml,2010,1,ATUOYWHBWRKTHZ-UHFFFAOYSA-N,QWVGKYWNOKOFNN-UHFFFAOYSA-N,n-propane,2-methylphenol,299.99,6.34,1.8468787684491343,Gas Stripping Method,True,train,1.5770166311966003
je100529s.xml,2010,1,ATUOYWHBWRKTHZ-UHFFFAOYSA-N,QWVGKYWNOKOFNN-UHFFFAOYSA-N,n-propane,2-methylphenol,309.99,6.04,1.7984040119467235,Gas Stripping Method,True,train,1.5034505813832522
je100529s.xml,2010,1,ATUOYWHBWRKTHZ-UHFFFAOYSA-N,QWVGKYWNOKOFNN-UHFFFAOYSA-N,n-propane,2-methylphenol,319.99,5.83,1.763017000362401,Gas Stripping Method,True,train,1.4346989028591615
je100529s.xml,2010,1,ATUOYWHBWRKTHZ-UHFFFAOYSA-N,QWVGKYWNOKOFNN-UHFFFAOYSA-N,n-propane,2-methylphenol,329.99,5.58,1.7191887763932197,Gas Stripping Method,True,train,1.37046092663041
je100529s.xml,2010,25,ATUOYWHBWRKTHZ-UHFFFAOYSA-N,RLSSMJSEOOYNOY-UHFFFAOYSA-N,n-propane,3-methylphenol,289.98,6.31,1.8421356765531216,Gas Stripping Method,True,train,1.650065643101868
je100529s.xml,2010,25,ATUOYWHBWRKTHZ-UHFFFAOYSA-N,RLSSMJSEOOYNOY-UHFFFAOYSA-N,n-propane,3-methylphenol,299.98,6.36,1.8500283773520307,Gas Stripping Method,True,train,1.5765785296618762
je100529s.xml,2010,25,ATUOYWHBWRKTHZ-UHFFFAOYSA-N,RLSSMJSEOOYNOY-UHFFFAOYSA-N,n-propane,3-methylphenol,309.99,6.24,1.8309801823813363,Gas Stripping Method,True,train,1.5076105286174188
je100529s.xml,2010,25,ATUOYWHBWRKTHZ-UHFFFAOYSA-N,RLSSMJSEOOYNOY-UHFFFAOYSA-N,n-propane,3-methylphenol,319.99,6.06,1.801709800081223,Gas Stripping Method,True,train,1.4430644052726838
je100529s.xml,2010,25,ATUOYWHBWRKTHZ-UHFFFAOYSA-N,RLSSMJSEOOYNOY-UHFFFAOYSA-N,n-propane,3-methylphenol,329.99,5.88,1.7715567619105357,Gas Stripping Method,True,train,1.3826060652496237
je060395n.xml,2007,1,ATUOYWHBWRKTHZ-UHFFFAOYSA-N,UHOVQNZJYSORNB-UHFFFAOYSA-N,propane,benzene,279.99,2.52,0.924258901523332,calculated from henry's law constants,True,train,0.5946096910832986
je060395n.xml,2007,1,ATUOYWHBWRKTHZ-UHFFFAOYSA-N,UHOVQNZJYSORNB-UHFFFAOYSA-N,propane,benzene,289.99,2.42,0.883767540168595,calculated from henry's law constants,True,train,0.5629205176296473
je060395n.xml,2007,1,ATUOYWHBWRKTHZ-UHFFFAOYSA-N,UHOVQNZJYSORNB-UHFFFAOYSA-N,propane,benzene,309.99,2.23,0.8020015854720274,calculated from henry's law constants,True,train,0.506761523345779
je060395n.xml,2007,1,ATUOYWHBWRKTHZ-UHFFFAOYSA-N,UHOVQNZJYSORNB-UHFFFAOYSA-N,propane,benzene,329.99,2.11,0.7466879474879751,calculated from henry's law constants,True,train,0.4587054844789457
je060395n.xml,2007,9,ATUOYWHBWRKTHZ-UHFFFAOYSA-N,URLKBWYHVLBVBO-UHFFFAOYSA-N,propane,"1,4-dimethylbenzene",289.99,1.73,0.5481214085096876,calculated from henry's law constants,True,test_one,0.4181868581571784
je060395n.xml,2007,9,ATUOYWHBWRKTHZ-UHFFFAOYSA-N,URLKBWYHVLBVBO-UHFFFAOYSA-N,propane,"1,4-dimethylbenzene",299.99,1.7,0.5306282510621704,calculated from henry's law constants,True,test_one,0.39661521148264206
je060395n.xml,2007,9,ATUOYWHBWRKTHZ-UHFFFAOYSA-N,URLKBWYHVLBVBO-UHFFFAOYSA-N,propane,"1,4-dimethylbenzene",309.85,1.67,0.5128236264286637,calculated from henry's law constants,True,test_one,0.37686839421502744
je060395n.xml,2007,9,ATUOYWHBWRKTHZ-UHFFFAOYSA-N,URLKBWYHVLBVBO-UHFFFAOYSA-N,propane,"1,4-dimethylbenzene",319.99,1.68,0.5187937934151675,calculated from henry's law constants,True,test_one,0.3579837884471906
je060395n.xml,2007,9,ATUOYWHBWRKTHZ-UHFFFAOYSA-N,URLKBWYHVLBVBO-UHFFFAOYSA-N,propane,"1,4-dimethylbenzene",329.99,1.66,0.5068176023684519,calculated from henry's law constants,True,test_one,0.34063839045803
je060395n.xml,2007,3,ATUOYWHBWRKTHZ-UHFFFAOYSA-N,YXFVVABEGXRONW-UHFFFAOYSA-N,propane,toluene,270.0,2.05,0.7178397931503168,calculated from henry's law constants,True,train,0.5748734555073606
je060395n.xml,2007,3,ATUOYWHBWRKTHZ-UHFFFAOYSA-N,YXFVVABEGXRONW-UHFFFAOYSA-N,propane,toluene,289.98,1.95,0.6678293725756554,calculated from henry's law constants,True,train,0.515830727649982
je060395n.xml,2007,3,ATUOYWHBWRKTHZ-UHFFFAOYSA-N,YXFVVABEGXRONW-UHFFFAOYSA-N,propane,toluene,309.94,1.86,0.62057648772511,calculated from henry's law constants,True,train,0.46534129074107966
je060395n.xml,2007,3,ATUOYWHBWRKTHZ-UHFFFAOYSA-N,YXFVVABEGXRONW-UHFFFAOYSA-N,propane,toluene,329.99,1.81,0.5933268452777344,calculated from henry's law constants,True,train,0.4216097984752644
j.tca.2015.11.010.xml,2016,14,BBDKZWKEPDTENS-UHFFFAOYSA-N,ATHHXGZTWNVVOU-UHFFFAOYSA-N,4-vinyl-1-cyclohexene,N-methylformamide,298.15,16.6,2.8094026953624978,Chromatography,True,train,
j.jct.2010.04.011.xml,2010,7,BBDKZWKEPDTENS-UHFFFAOYSA-N,DCAYPVUWAIABOU-UHFFFAOYSA-N,4-ethenylcyclohexene,cetane,298.0,0.96,-0.0408219945202551,Chromatography,True,train,
j.jct.2010.04.011.xml,2010,6,BBDKZWKEPDTENS-UHFFFAOYSA-N,IAZDPXIOMUYVGZ-UHFFFAOYSA-N,4-ethenylcyclohexene,dimethyl sulfoxide,298.0,20.7,3.030133700271324,Chromatography,True,test_one,
j.jct.2014.06.006.xml,2014,24,BBDKZWKEPDTENS-UHFFFAOYSA-N,XNWFRZJHXBZDAG-UHFFFAOYSA-N,4-vinyl-1-cyclohexene,methyl cellosolve,298.0,8.6,2.151762203259462,Chromatography,True,train,
je1005517.xml,2011,27,BDERNNFJNOPAEC-UHFFFAOYSA-N,BTFJIXJJCSYFAL-UHFFFAOYSA-N,propan-1-ol,1-eicosanol,338.15,0.2131,-1.5459937398775656,GC,True,train,1.5704047664425902
je1005517.xml,2011,27,BDERNNFJNOPAEC-UHFFFAOYSA-N,BTFJIXJJCSYFAL-UHFFFAOYSA-N,propan-1-ol,1-eicosanol,343.15,0.193,-1.6450650900772514,GC,True,train,1.5316059927948045
je1005517.xml,2011,27,BDERNNFJNOPAEC-UHFFFAOYSA-N,BTFJIXJJCSYFAL-UHFFFAOYSA-N,propan-1-ol,1-eicosanol,348.15,0.1751,-1.742398039690331,GC,True,train,1.4940243583728547
je1005517.xml,2011,27,BDERNNFJNOPAEC-UHFFFAOYSA-N,BTFJIXJJCSYFAL-UHFFFAOYSA-N,propan-1-ol,1-eicosanol,353.15,0.1586,-1.8413699697813888,GC,True,train,1.4576133989106554
j.jct.2012.12.009.xml,2013,69,BDERNNFJNOPAEC-UHFFFAOYSA-N,DTOSIQBPPRVQHS-PDBXOOCHSA-N,n-propyl alcohol,"9,12,15-octadecatrienoic acid",323.26,1.271,0.2398039922073169,Chromatography,True,train,
j.jct.2012.06.009.xml,2012,9,BDERNNFJNOPAEC-UHFFFAOYSA-N,GHVNFZFCNZKVNT-UHFFFAOYSA-N,propan-1-ol,capric acid,314.1,1.887,0.6349882663864131,Chromatography,True,train,0.44189306205808787
j.jct.2012.06.009.xml,2012,9,BDERNNFJNOPAEC-UHFFFAOYSA-N,GHVNFZFCNZKVNT-UHFFFAOYSA-N,propan-1-ol,capric acid,314.24,1.924,0.6544063522435147,Chromatography,True,train,0.44158988594356907
j.jct.2012.06.009.xml,2012,9,BDERNNFJNOPAEC-UHFFFAOYSA-N,GHVNFZFCNZKVNT-UHFFFAOYSA-N,propan-1-ol,capric acid,333.26,1.569,0.4504384737508955,Chromatography,True,train,0.4023837944152622
j.jct.2012.06.009.xml,2012,9,BDERNNFJNOPAEC-UHFFFAOYSA-N,GHVNFZFCNZKVNT-UHFFFAOYSA-N,propan-1-ol,capric acid,333.38,1.6,0.4700036292457356,Chromatography,True,train,0.40214896531348165
j.jct.2012.06.009.xml,2012,9,BDERNNFJNOPAEC-UHFFFAOYSA-N,GHVNFZFCNZKVNT-UHFFFAOYSA-N,propan-1-ol,capric acid,353.25,1.407,0.341459778132252,Chromatography,True,train,0.3653758491138953
j.jct.2012.06.009.xml,2012,9,BDERNNFJNOPAEC-UHFFFAOYSA-N,GHVNFZFCNZKVNT-UHFFFAOYSA-N,propan-1-ol,capric acid,353.3,1.354,0.3030631744900833,Chromatography,True,train,0.36528846988684416
je1005517.xml,2011,5,BDERNNFJNOPAEC-UHFFFAOYSA-N,GLDOVTGHNKAZLK-UHFFFAOYSA-N,propan-1-ol,1-octadecanol,333.15,0.0722,-2.6283152330833564,GC,True,train,1.4512564079759496
je1005517.xml,2011,5,BDERNNFJNOPAEC-UHFFFAOYSA-N,GLDOVTGHNKAZLK-UHFFFAOYSA-N,propan-1-ol,1-octadecanol,338.15,0.0625,-2.772588722239781,GC,True,train,1.4150788534100212
je1005517.xml,2011,5,BDERNNFJNOPAEC-UHFFFAOYSA-N,GLDOVTGHNKAZLK-UHFFFAOYSA-N,propan-1-ol,1-octadecanol,343.15,0.0597,-2.8184232585835804,GC,True,train,1.3800346573498086
je1005517.xml,2011,5,BDERNNFJNOPAEC-UHFFFAOYSA-N,GLDOVTGHNKAZLK-UHFFFAOYSA-N,propan-1-ol,1-octadecanol,348.15,0.055,-2.900422093749666,GC,True,train,1.346083733991962
je1005517.xml,2011,5,BDERNNFJNOPAEC-UHFFFAOYSA-N,GLDOVTGHNKAZLK-UHFFFAOYSA-N,propan-1-ol,1-octadecanol,353.15,0.051,-2.9759296462578115,GC,True,train,1.3131858952415763
je0302295.xml,2004,8,BDERNNFJNOPAEC-UHFFFAOYSA-N,IMNFDUFMRHMDMM-UHFFFAOYSA-N,1-propanol,heptane,303.15,36.2,3.5890591188317256,Static method,True,train,2.0631385451690023
je0302295.xml,2004,8,BDERNNFJNOPAEC-UHFFFAOYSA-N,IMNFDUFMRHMDMM-UHFFFAOYSA-N,1-propanol,heptane,313.15,27.2,3.3032169733019514,Static method,True,train,1.9104642122809536
je0302295.xml,2004,8,BDERNNFJNOPAEC-UHFFFAOYSA-N,IMNFDUFMRHMDMM-UHFFFAOYSA-N,1-propanol,heptane,323.15,21.2,3.054001181677967,Static method,True,train,1.7742287668903196
je0302295.xml,2004,8,BDERNNFJNOPAEC-UHFFFAOYSA-N,IMNFDUFMRHMDMM-UHFFFAOYSA-N,1-propanol,heptane,333.15,15.8,2.760009940032921,Static method,True,train,1.6522800217296385
je0302295.xml,2004,8,BDERNNFJNOPAEC-UHFFFAOYSA-N,IMNFDUFMRHMDMM-UHFFFAOYSA-N,1-propanol,heptane,343.15,12.5,2.525728644308256,Static method,True,train,1.5427664861128483
j.jct.2012.06.009.xml,2012,73,BDERNNFJNOPAEC-UHFFFAOYSA-N,IPCSVZSSVZVIGE-UHFFFAOYSA-N,propan-1-ol,hexadecanoic acid,340.19,1.735,0.5510074133988225,Chromatography,True,train,0.778200706315948
j.jct.2012.06.009.xml,2012,73,BDERNNFJNOPAEC-UHFFFAOYSA-N,IPCSVZSSVZVIGE-UHFFFAOYSA-N,propan-1-ol,hexadecanoic acid,348.01,1.627,0.4867378282369007,Chromatography,True,train,0.7435523996262227
j.jct.2012.06.009.xml,2012,73,BDERNNFJNOPAEC-UHFFFAOYSA-N,IPCSVZSSVZVIGE-UHFFFAOYSA-N,propan-1-ol,hexadecanoic acid,358.32,1.5,0.4054651081081644,Chromatography,True,train,0.7006259372337201
j.jct.2013.05.011.xml,2013,22,BDERNNFJNOPAEC-UHFFFAOYSA-N,MTHSVFCYNBDYFN-UHFFFAOYSA-N,1-propanol,diethylene glycol,333.2,1.8,0.5877866649021191,Chromatography,True,test_one,0.39773960051576157
j.jct.2013.05.011.xml,2013,22,BDERNNFJNOPAEC-UHFFFAOYSA-N,MTHSVFCYNBDYFN-UHFFFAOYSA-N,1-propanol,diethylene glycol,348.2,1.77,0.5709795465857378,Chromatography,True,test_one,0.3846146496338365
j.jct.2013.05.011.xml,2013,22,BDERNNFJNOPAEC-UHFFFAOYSA-N,MTHSVFCYNBDYFN-UHFFFAOYSA-N,1-propanol,diethylene glycol,363.2,1.74,0.5538851132264376,Chromatography,True,test_one,0.3718201691392019
j.jct.2012.12.009.xml,2013,50,BDERNNFJNOPAEC-UHFFFAOYSA-N,OYHQOLUKZRVURQ-HZJYTTRNSA-N,n-propyl alcohol,linoleic acid,338.28,1.288,0.2530906276821619,Chromatography,True,train,1.0141363189025348
j.jct.2012.12.009.xml,2013,50,BDERNNFJNOPAEC-UHFFFAOYSA-N,OYHQOLUKZRVURQ-HZJYTTRNSA-N,n-propyl alcohol,linoleic acid,348.31,1.242,0.216722983511287,Chromatography,True,train,0.9616503872329536
j.jct.2012.12.009.xml,2013,50,BDERNNFJNOPAEC-UHFFFAOYSA-N,OYHQOLUKZRVURQ-HZJYTTRNSA-N,n-propyl alcohol,linoleic acid,358.33,1.22,0.1988508587451651,Chromatography,True,train,0.9124565926706654
j.jct.2012.06.009.xml,2012,30,BDERNNFJNOPAEC-UHFFFAOYSA-N,POULHZVOKOAJMA-UHFFFAOYSA-N,propan-1-ol,lauric acid,314.1,1.758,0.5641767992629853,Chromatography,True,train,0.6678092652527169
j.jct.2012.06.009.xml,2012,30,BDERNNFJNOPAEC-UHFFFAOYSA-N,POULHZVOKOAJMA-UHFFFAOYSA-N,propan-1-ol,lauric acid,314.24,1.784,0.5788580341578177,Chromatography,True,train,0.6673513404809565
j.jct.2012.06.009.xml,2012,30,BDERNNFJNOPAEC-UHFFFAOYSA-N,POULHZVOKOAJMA-UHFFFAOYSA-N,propan-1-ol,lauric acid,333.26,1.566,0.4485245975686114,Chromatography,True,train,0.6084231417226242
j.jct.2012.06.009.xml,2012,30,BDERNNFJNOPAEC-UHFFFAOYSA-N,POULHZVOKOAJMA-UHFFFAOYSA-N,propan-1-ol,lauric acid,333.38,1.605,0.4731237565819792,Chromatography,True,train,0.6080717471133381
j.jct.2012.06.009.xml,2012,30,BDERNNFJNOPAEC-UHFFFAOYSA-N,POULHZVOKOAJMA-UHFFFAOYSA-N,propan-1-ol,lauric acid,353.25,1.426,0.3548733219921041,Chromatography,True,train,0.5532295099995798
j.jct.2012.06.009.xml,2012,30,BDERNNFJNOPAEC-UHFFFAOYSA-N,POULHZVOKOAJMA-UHFFFAOYSA-N,propan-1-ol,lauric acid,353.3,1.432,0.3590720685384538,Chromatography,True,train,0.5530995833580651
je200628n.xml,2011,12,BDERNNFJNOPAEC-UHFFFAOYSA-N,PWGJDPKCLMLPJW-UHFFFAOYSA-N,propyl alcohol,"1,8-diaminooctane",328.15,0.567,-0.5673959752543851,Chromatography,True,train,-0.3034918606768683
je200628n.xml,2011,12,BDERNNFJNOPAEC-UHFFFAOYSA-N,PWGJDPKCLMLPJW-UHFFFAOYSA-N,propyl alcohol,"1,8-diaminooctane",338.15,0.58,-0.5447271754416722,Chromatography,True,train,-0.26975867874116993
je200628n.xml,2011,12,BDERNNFJNOPAEC-UHFFFAOYSA-N,PWGJDPKCLMLPJW-UHFFFAOYSA-N,propyl alcohol,"1,8-diaminooctane",343.15,0.593,-0.5225608799844117,Chromatography,True,train,-0.25557724020558886
je200628n.xml,2011,12,BDERNNFJNOPAEC-UHFFFAOYSA-N,PWGJDPKCLMLPJW-UHFFFAOYSA-N,propyl alcohol,"1,8-diaminooctane",348.15,0.614,-0.4877603508349946,Chromatography,True,train,-0.24296407214895754
j.jct.2012.12.009.xml,2013,9,BDERNNFJNOPAEC-UHFFFAOYSA-N,QIQXTHQIDYTFRH-UHFFFAOYSA-N,n-propyl alcohol,n-octadecanoic acid,349.38,1.555,0.4414755456311974,Chromatography,True,train,0.8765727000598567
j.jct.2012.12.009.xml,2013,9,BDERNNFJNOPAEC-UHFFFAOYSA-N,QIQXTHQIDYTFRH-UHFFFAOYSA-N,n-propyl alcohol,n-octadecanoic acid,349.48,1.582,0.4586898693454622,Chromatography,True,train,0.8760806147093576
j.jct.2012.12.009.xml,2013,9,BDERNNFJNOPAEC-UHFFFAOYSA-N,QIQXTHQIDYTFRH-UHFFFAOYSA-N,n-propyl alcohol,n-octadecanoic acid,358.46,1.461,0.3791211327685624,Chromatography,True,train,0.8332375052949399
j.jct.2012.12.009.xml,2013,9,BDERNNFJNOPAEC-UHFFFAOYSA-N,QIQXTHQIDYTFRH-UHFFFAOYSA-N,n-propyl alcohol,n-octadecanoic acid,367.93,1.363,0.3096881527143955,Chromatography,True,train,0.7907968807846911
j.jct.2012.12.009.xml,2013,9,BDERNNFJNOPAEC-UHFFFAOYSA-N,QIQXTHQIDYTFRH-UHFFFAOYSA-N,n-propyl alcohol,n-octadecanoic acid,368.13,1.387,0.3271431413326945,Chromatography,True,train,0.789929312116799
j.jct.2013.02.006.xml,2013,43,BDERNNFJNOPAEC-UHFFFAOYSA-N,SECXISVLQFMRJM-UHFFFAOYSA-N,n-propyl alcohol,1-methylpyrrolidone,333.2,0.537,-0.6217571844732723,Chromatography,True,train,-0.3917812346997377
j.jct.2013.02.006.xml,2013,43,BDERNNFJNOPAEC-UHFFFAOYSA-N,SECXISVLQFMRJM-UHFFFAOYSA-N,n-propyl alcohol,1-methylpyrrolidone,348.2,0.552,-0.5942072327050416,Chromatography,True,train,-0.33933511415698137
j.jct.2013.02.006.xml,2013,43,BDERNNFJNOPAEC-UHFFFAOYSA-N,SECXISVLQFMRJM-UHFFFAOYSA-N,n-propyl alcohol,1-methylpyrrolidone,363.2,0.548,-0.6014799920341214,Chromatography,True,train,-0.2992688594399496
j.jct.2012.06.009.xml,2012,52,BDERNNFJNOPAEC-UHFFFAOYSA-N,TUNFSRHWOTWDNC-UHFFFAOYSA-N,propan-1-ol,tetradecanoic acid,314.1,1.614,0.4787155698477571,Chromatography,True,train,0.7160966914976569
j.jct.2012.06.009.xml,2012,52,BDERNNFJNOPAEC-UHFFFAOYSA-N,TUNFSRHWOTWDNC-UHFFFAOYSA-N,propan-1-ol,tetradecanoic acid,314.24,1.651,0.501381164937991,Chromatography,True,train,0.7154879580461109
j.jct.2012.06.009.xml,2012,52,BDERNNFJNOPAEC-UHFFFAOYSA-N,TUNFSRHWOTWDNC-UHFFFAOYSA-N,propan-1-ol,tetradecanoic acid,333.26,1.522,0.4200252594394941,Chromatography,True,train,0.6377969450401495
j.jct.2012.06.009.xml,2012,52,BDERNNFJNOPAEC-UHFFFAOYSA-N,TUNFSRHWOTWDNC-UHFFFAOYSA-N,propan-1-ol,tetradecanoic acid,333.38,1.511,0.4127716832906024,Chromatography,True,train,0.6373375696830211
j.jct.2012.06.009.xml,2012,52,BDERNNFJNOPAEC-UHFFFAOYSA-N,TUNFSRHWOTWDNC-UHFFFAOYSA-N,propan-1-ol,tetradecanoic acid,353.25,1.373,0.316998126785834,Chromatography,True,train,0.5662407031343106
j.jct.2012.06.009.xml,2012,52,BDERNNFJNOPAEC-UHFFFAOYSA-N,TUNFSRHWOTWDNC-UHFFFAOYSA-N,propan-1-ol,tetradecanoic acid,353.3,1.369,0.3140805463063118,Chromatography,True,train,0.5660737271058207
je0302295.xml,2004,9,BDERNNFJNOPAEC-UHFFFAOYSA-N,TVMXDCGIABBOFY-UHFFFAOYSA-N,1-propanol,octane,303.15,34.2,3.53222564406856,Static method,True,train,2.124985297233566
je0302295.xml,2004,9,BDERNNFJNOPAEC-UHFFFAOYSA-N,TVMXDCGIABBOFY-UHFFFAOYSA-N,1-propanol,octane,313.15,26.5,3.277144732992177,Static method,True,train,1.968524952739411
je0302295.xml,2004,9,BDERNNFJNOPAEC-UHFFFAOYSA-N,TVMXDCGIABBOFY-UHFFFAOYSA-N,1-propanol,octane,323.15,20.5,3.0204248861443626,Static method,True,train,1.82874777958244
je0302295.xml,2004,9,BDERNNFJNOPAEC-UHFFFAOYSA-N,TVMXDCGIABBOFY-UHFFFAOYSA-N,1-propanol,octane,333.15,16.2,2.785011242238338,Static method,True,train,1.7034791636296753
je0302295.xml,2004,9,BDERNNFJNOPAEC-UHFFFAOYSA-N,TVMXDCGIABBOFY-UHFFFAOYSA-N,1-propanol,octane,343.15,12.9,2.5572273113676265,Static method,True,train,1.5908478200609277
j.fluid.2005.08.018.xml,2005,6,BDERNNFJNOPAEC-UHFFFAOYSA-N,XLYOFNOQVPJJNP-UHFFFAOYSA-N,1-propanol,water,273.35,8.9,2.186051276738094,headspace analysis,True,train,7.535624570520795
j.fluid.2005.08.018.xml,2005,6,BDERNNFJNOPAEC-UHFFFAOYSA-N,XLYOFNOQVPJJNP-UHFFFAOYSA-N,1-propanol,water,283.15,11.2,2.4159137783010487,headspace analysis,True,train,7.417942312866248
j.fluid.2005.08.018.xml,2005,6,BDERNNFJNOPAEC-UHFFFAOYSA-N,XLYOFNOQVPJJNP-UHFFFAOYSA-N,1-propanol,water,293.15,13.5,2.602689685444384,headspace analysis,True,train,7.293876798751462
je0495942.xml,2005,3,BDERNNFJNOPAEC-UHFFFAOYSA-N,XLYOFNOQVPJJNP-UHFFFAOYSA-N,1-propanol,water,298.01,13.4,2.5952547069568657,Chromatography,True,train,7.232512728480015
je0495942.xml,2005,3,BDERNNFJNOPAEC-UHFFFAOYSA-N,XLYOFNOQVPJJNP-UHFFFAOYSA-N,1-propanol,water,298.03,13.3,2.5877640352277083,Chromatography,True,train,7.232259038747336
je0495942.xml,2005,3,BDERNNFJNOPAEC-UHFFFAOYSA-N,XLYOFNOQVPJJNP-UHFFFAOYSA-N,1-propanol,water,298.1,13.4,2.5952547069568657,Chromatography,True,train,7.231371055270272
je0495942.xml,2005,3,BDERNNFJNOPAEC-UHFFFAOYSA-N,XLYOFNOQVPJJNP-UHFFFAOYSA-N,1-propanol,water,298.04,13.3,2.5877640352277083,Chromatography,True,train,7.232132190565847
je0495942.xml,2005,3,BDERNNFJNOPAEC-UHFFFAOYSA-N,XLYOFNOQVPJJNP-UHFFFAOYSA-N,1-propanol,water,298.1,13.3,2.5877640352277083,Chromatography,True,train,7.231371055270272
j.fluid.2005.08.018.xml,2005,7,BDERNNFJNOPAEC-UHFFFAOYSA-N,XLYOFNOQVPJJNP-UHFFFAOYSA-N,1-propanol,water,303.15,15.3,2.72785282839839,comparative tensimetry,True,train,7.167047623020686
j.fluid.2005.08.018.xml,2005,7,BDERNNFJNOPAEC-UHFFFAOYSA-N,XLYOFNOQVPJJNP-UHFFFAOYSA-N,1-propanol,water,308.15,16.1,2.778819271990417,comparative tensimetry,True,train,7.102936817624997
j.fluid.2005.08.018.xml,2005,7,BDERNNFJNOPAEC-UHFFFAOYSA-N,XLYOFNOQVPJJNP-UHFFFAOYSA-N,1-propanol,water,313.15,16.7,2.815408719422709,comparative tensimetry,True,train,7.03852102065285
j.fluid.2005.08.018.xml,2005,7,BDERNNFJNOPAEC-UHFFFAOYSA-N,XLYOFNOQVPJJNP-UHFFFAOYSA-N,1-propanol,water,318.15,17.5,2.862200880929469,comparative tensimetry,True,train,6.973907186850929
j.fluid.2005.08.018.xml,2005,7,BDERNNFJNOPAEC-UHFFFAOYSA-N,XLYOFNOQVPJJNP-UHFFFAOYSA-N,1-propanol,water,323.15,18.1,2.89591193827178,comparative tensimetry,True,train,6.9091932166209205
j.fluid.2005.08.018.xml,2005,7,BDERNNFJNOPAEC-UHFFFAOYSA-N,XLYOFNOQVPJJNP-UHFFFAOYSA-N,1-propanol,water,328.15,18.6,2.923161580719156,comparative tensimetry,True,train,6.844468598955109
j.fluid.2005.08.018.xml,2005,7,BDERNNFJNOPAEC-UHFFFAOYSA-N,XLYOFNOQVPJJNP-UHFFFAOYSA-N,1-propanol,water,333.15,19.0,2.9444389791664403,comparative tensimetry,True,train,6.7798149944119315
j.fluid.2005.08.018.xml,2005,8,BDERNNFJNOPAEC-UHFFFAOYSA-N,XLYOFNOQVPJJNP-UHFFFAOYSA-N,1-propanol,water,358.15,20.1,3.0007198150650303,circulating still method,True,train,6.459985876573067
j.fluid.2005.08.018.xml,2005,8,BDERNNFJNOPAEC-UHFFFAOYSA-N,XLYOFNOQVPJJNP-UHFFFAOYSA-N,1-propanol,water,363.15,19.5,2.970414465569701,circulating still method,True,train,6.397096971213443
j.fluid.2005.08.018.xml,2005,8,BDERNNFJNOPAEC-UHFFFAOYSA-N,XLYOFNOQVPJJNP-UHFFFAOYSA-N,1-propanol,water,368.15,18.7,2.928523523860541,circulating still method,True,train,6.334671581662035
j.fluid.2005.08.018.xml,2005,8,BDERNNFJNOPAEC-UHFFFAOYSA-N,XLYOFNOQVPJJNP-UHFFFAOYSA-N,1-propanol,water,372.15,18.9,2.9391619220655967,circulating still method,True,train,6.285088877106924
j.fluid.2007.09.021.xml,2008,4,BDERNNFJNOPAEC-UHFFFAOYSA-N,YNQLUTRBYVCPMQ-UHFFFAOYSA-N,1-propanol,ethylbenzene,293.15,15.8,2.760009940032921,Chromatography,True,train,1.7039949906320113
j.fluid.2007.09.021.xml,2008,4,BDERNNFJNOPAEC-UHFFFAOYSA-N,YNQLUTRBYVCPMQ-UHFFFAOYSA-N,1-propanol,ethylbenzene,303.15,12.9,2.5572273113676265,Chromatography,True,train,1.5670823311192632
j.fluid.2007.09.021.xml,2008,4,BDERNNFJNOPAEC-UHFFFAOYSA-N,YNQLUTRBYVCPMQ-UHFFFAOYSA-N,1-propanol,ethylbenzene,313.15,10.3,2.33214389523559,Chromatography,True,train,1.4462656510287635
j.fluid.2007.09.021.xml,2008,4,BDERNNFJNOPAEC-UHFFFAOYSA-N,YNQLUTRBYVCPMQ-UHFFFAOYSA-N,1-propanol,ethylbenzene,323.15,8.7,2.163323025660538,Chromatography,True,train,1.3393406291676613
j.jct.2013.05.011.xml,2013,45,BDERNNFJNOPAEC-UHFFFAOYSA-N,ZIBGPFATKBEMQZ-UHFFFAOYSA-N,1-propanol,triethylene glycol,333.2,1.38,0.3220834991691132,Chromatography,True,train,0.26380987346516477
j.jct.2013.05.011.xml,2013,45,BDERNNFJNOPAEC-UHFFFAOYSA-N,ZIBGPFATKBEMQZ-UHFFFAOYSA-N,1-propanol,triethylene glycol,348.2,1.34,0.29266961396282,Chromatography,True,train,0.24676928843949153
j.jct.2013.05.011.xml,2013,45,BDERNNFJNOPAEC-UHFFFAOYSA-N,ZIBGPFATKBEMQZ-UHFFFAOYSA-N,1-propanol,triethylene glycol,363.2,1.31,0.2700271372130602,Chromatography,True,train,0.2307690198206469
j.tca.2015.11.010.xml,2016,7,BKIMMITUMNQMOS-UHFFFAOYSA-N,ATHHXGZTWNVVOU-UHFFFAOYSA-N,n-nonane,N-methylformamide,298.15,122.2,4.805659046737495,Chromatography,True,test_one,5.418593565728029
je700139p.xml,2007,8,BKIMMITUMNQMOS-UHFFFAOYSA-N,HXJUTPCZVOIRIF-UHFFFAOYSA-N,nonane,sulfolane,333.15,333.15,5.808592839008546,Chromatography,True,test_both,3.084539549706622
je700139p.xml,2007,8,BKIMMITUMNQMOS-UHFFFAOYSA-N,HXJUTPCZVOIRIF-UHFFFAOYSA-N,nonane,sulfolane,343.15,343.15,5.838167669354644,Chromatography,True,test_both,3.091005100858187
je700139p.xml,2007,8,BKIMMITUMNQMOS-UHFFFAOYSA-N,HXJUTPCZVOIRIF-UHFFFAOYSA-N,nonane,sulfolane,353.15,353.15,5.866892895854932,Chromatography,True,test_both,3.091569847155024
je700139p.xml,2007,8,BKIMMITUMNQMOS-UHFFFAOYSA-N,HXJUTPCZVOIRIF-UHFFFAOYSA-N,nonane,sulfolane,363.15,363.15,5.894815972052177,Chromatography,True,test_both,3.08691746657945
je700139p.xml,2007,8,BKIMMITUMNQMOS-UHFFFAOYSA-N,HXJUTPCZVOIRIF-UHFFFAOYSA-N,nonane,sulfolane,373.15,373.15,5.921980483577396,Chromatography,True,test_both,3.077655673593532
j.fluid.2016.10.009.xml,2017,2,BKIMMITUMNQMOS-UHFFFAOYSA-N,JUJWROOIHBZHMG-UHFFFAOYSA-N,n-nonane,pyridine,298.15,8.75,2.169053700369523,Other,True,test_one,3.2550179078889308
j.jct.2016.10.013.xml,2017,9,BKIMMITUMNQMOS-UHFFFAOYSA-N,LYCAIKOWRPUZTN-UHFFFAOYSA-N,n-nonane,ethylene glycol,303.15,2960.0,7.992944547318106,Other,True,test_one,11.097458842964423
j.jct.2016.10.013.xml,2017,9,BKIMMITUMNQMOS-UHFFFAOYSA-N,LYCAIKOWRPUZTN-UHFFFAOYSA-N,n-nonane,ethylene glycol,313.15,2320.0,7.749322464660356,Other,True,test_one,10.82008288841472
j.jct.2016.10.013.xml,2017,9,BKIMMITUMNQMOS-UHFFFAOYSA-N,LYCAIKOWRPUZTN-UHFFFAOYSA-N,n-nonane,ethylene glycol,323.15,1970.0,7.585788821732034,Other,True,test_one,10.548057754183237
j.jct.2016.10.013.xml,2017,20,BKIMMITUMNQMOS-UHFFFAOYSA-N,MTHSVFCYNBDYFN-UHFFFAOYSA-N,n-nonane,diethylene glycol,304.15,371.0,5.916202062607435,Other,True,test_both,6.924094216420714
j.jct.2016.10.013.xml,2017,20,BKIMMITUMNQMOS-UHFFFAOYSA-N,MTHSVFCYNBDYFN-UHFFFAOYSA-N,n-nonane,diethylene glycol,313.15,329.0,5.796057750765372,Other,True,test_both,6.75977681178698
j.jct.2016.10.013.xml,2017,20,BKIMMITUMNQMOS-UHFFFAOYSA-N,MTHSVFCYNBDYFN-UHFFFAOYSA-N,n-nonane,diethylene glycol,323.15,295.0,5.68697535633982,Other,True,test_both,6.582198297769287
j.jct.2013.05.011.xml,2013,8,BKIMMITUMNQMOS-UHFFFAOYSA-N,MTHSVFCYNBDYFN-UHFFFAOYSA-N,n-nonane,diethylene glycol,333.2,263.9,5.575570243509278,Chromatography,True,test_both,6.409646996513267
j.jct.2013.05.011.xml,2013,8,BKIMMITUMNQMOS-UHFFFAOYSA-N,MTHSVFCYNBDYFN-UHFFFAOYSA-N,n-nonane,diethylene glycol,348.2,230.4,5.439816928821736,Chromatography,True,test_both,6.1638867877393135
j.jct.2013.05.011.xml,2013,8,BKIMMITUMNQMOS-UHFFFAOYSA-N,MTHSVFCYNBDYFN-UHFFFAOYSA-N,n-nonane,diethylene glycol,363.2,193.4,5.264760583019194,Chromatography,True,test_both,5.932527883587333
je900686n.xml,2010,3,BKIMMITUMNQMOS-UHFFFAOYSA-N,PEDCQBHIVMGVHV-UHFFFAOYSA-N,nonane,glycerol,303.15,845.57,6.740010956159411,Chromatography,True,test_both,10.512623613762026
je900686n.xml,2010,3,BKIMMITUMNQMOS-UHFFFAOYSA-N,PEDCQBHIVMGVHV-UHFFFAOYSA-N,nonane,glycerol,313.15,751.6,6.622204267539311,Chromatography,True,test_both,10.26347841365135
je900686n.xml,2010,3,BKIMMITUMNQMOS-UHFFFAOYSA-N,PEDCQBHIVMGVHV-UHFFFAOYSA-N,nonane,glycerol,323.15,691.1,6.538284531097348,Chromatography,True,test_both,10.016121473063219
je900686n.xml,2010,3,BKIMMITUMNQMOS-UHFFFAOYSA-N,PEDCQBHIVMGVHV-UHFFFAOYSA-N,nonane,glycerol,333.15,640.03,6.461515050255119,Chromatography,True,test_both,9.772338734163823
je900686n.xml,2010,3,BKIMMITUMNQMOS-UHFFFAOYSA-N,PEDCQBHIVMGVHV-UHFFFAOYSA-N,nonane,glycerol,343.15,559.41,6.326882656904112,Chromatography,True,test_both,9.533476089351065
j.jct.2013.02.006.xml,2013,28,BKIMMITUMNQMOS-UHFFFAOYSA-N,SECXISVLQFMRJM-UHFFFAOYSA-N,n-nonane,1-methylpyrrolidone,333.2,16.67,2.813610696762703,Chromatography,True,test_one,1.085745326739394
j.jct.2013.02.006.xml,2013,28,BKIMMITUMNQMOS-UHFFFAOYSA-N,SECXISVLQFMRJM-UHFFFAOYSA-N,n-nonane,1-methylpyrrolidone,348.2,14.86,2.698673039289613,Chromatography,True,test_one,1.091006571716562
j.jct.2013.02.006.xml,2013,28,BKIMMITUMNQMOS-UHFFFAOYSA-N,SECXISVLQFMRJM-UHFFFAOYSA-N,n-nonane,1-methylpyrrolidone,363.2,12.02,2.4865719291070616,Chromatography,True,test_one,1.0913987005374626
je020196d.xml,2003,30,BKIMMITUMNQMOS-UHFFFAOYSA-N,UWHCKJMYHZGTIT-UHFFFAOYSA-N,nonane,tetraethylene glycol,333.15,92.333,4.525401607404409,Chromatography,True,test_one,3.4978801941357065
je020196d.xml,2003,30,BKIMMITUMNQMOS-UHFFFAOYSA-N,UWHCKJMYHZGTIT-UHFFFAOYSA-N,nonane,tetraethylene glycol,353.15,64.686,4.169544794785036,Chromatography,True,test_one,3.2829481148293183
je020196d.xml,2003,30,BKIMMITUMNQMOS-UHFFFAOYSA-N,UWHCKJMYHZGTIT-UHFFFAOYSA-N,nonane,tetraethylene glycol,363.15,57.4205,4.050401382422334,Chromatography,True,test_one,3.1832769617800123
je020196d.xml,2003,30,BKIMMITUMNQMOS-UHFFFAOYSA-N,UWHCKJMYHZGTIT-UHFFFAOYSA-N,nonane,tetraethylene glycol,373.15,49.2577,3.8970657005751295,Chromatography,True,test_one,3.0884563714126756
je020196d.xml,2003,30,BKIMMITUMNQMOS-UHFFFAOYSA-N,UWHCKJMYHZGTIT-UHFFFAOYSA-N,nonane,tetraethylene glycol,383.15,42.9453,3.7599272128731456,Chromatography,True,test_one,2.9982015810841736
je020196d.xml,2003,30,BKIMMITUMNQMOS-UHFFFAOYSA-N,UWHCKJMYHZGTIT-UHFFFAOYSA-N,nonane,tetraethylene glycol,393.15,39.7168,3.681774271983889,Chromatography,True,test_one,2.9122255301635707
je020196d.xml,2003,30,BKIMMITUMNQMOS-UHFFFAOYSA-N,UWHCKJMYHZGTIT-UHFFFAOYSA-N,nonane,tetraethylene glycol,403.15,34.137,3.530381840042981,Chromatography,True,test_one,2.830248112885788
j.jct.2014.06.006.xml,2014,15,BKIMMITUMNQMOS-UHFFFAOYSA-N,XNWFRZJHXBZDAG-UHFFFAOYSA-N,n-nonane,methyl cellosolve,298.0,41.4,3.7232808808312687,Chromatography,True,test_one,4.596270609154763
je020196d.xml,2003,23,BKIMMITUMNQMOS-UHFFFAOYSA-N,ZIBGPFATKBEMQZ-UHFFFAOYSA-N,nonane,triethylene glycol,323.15,182.6414,5.207524667544767,Chromatography,True,test_one,4.784331011939707
j.jct.2013.05.011.xml,2013,31,BKIMMITUMNQMOS-UHFFFAOYSA-N,ZIBGPFATKBEMQZ-UHFFFAOYSA-N,n-nonane,triethylene glycol,333.2,137.0,4.919980925828125,Chromatography,True,test_one,4.6502489294284866
je020196d.xml,2003,23,BKIMMITUMNQMOS-UHFFFAOYSA-N,ZIBGPFATKBEMQZ-UHFFFAOYSA-N,nonane,triethylene glycol,333.15,155.9893,5.049787415153563,Chromatography,True,test_one,4.650902231956138
je020196d.xml,2003,23,BKIMMITUMNQMOS-UHFFFAOYSA-N,ZIBGPFATKBEMQZ-UHFFFAOYSA-N,nonane,triethylene glycol,343.15,139.833,4.940448853446084,Chromatography,True,test_one,4.5229947843770475
j.jct.2013.05.011.xml,2013,31,BKIMMITUMNQMOS-UHFFFAOYSA-N,ZIBGPFATKBEMQZ-UHFFFAOYSA-N,n-nonane,triethylene glycol,348.2,98.9,4.594109238628667,Chromatography,True,test_one,4.460495706097027
je020196d.xml,2003,23,BKIMMITUMNQMOS-UHFFFAOYSA-N,ZIBGPFATKBEMQZ-UHFFFAOYSA-N,nonane,triethylene glycol,353.15,119.0435,4.779488972534275,Chromatography,True,test_one,4.400581817196241
j.jct.2013.05.011.xml,2013,31,BKIMMITUMNQMOS-UHFFFAOYSA-N,ZIBGPFATKBEMQZ-UHFFFAOYSA-N,n-nonane,triethylene glycol,363.2,83.12,4.420285346790972,Chromatography,True,test_one,4.282960729196998
je020196d.xml,2003,23,BKIMMITUMNQMOS-UHFFFAOYSA-N,ZIBGPFATKBEMQZ-UHFFFAOYSA-N,nonane,triethylene glycol,363.15,103.0471,4.635186165261687,Chromatography,True,test_one,4.283532810222476
je020196d.xml,2003,23,BKIMMITUMNQMOS-UHFFFAOYSA-N,ZIBGPFATKBEMQZ-UHFFFAOYSA-N,nonane,triethylene glycol,373.15,92.9946,4.532541426951318,Chromatography,True,test_one,4.171648751391917
je020196d.xml,2003,23,BKIMMITUMNQMOS-UHFFFAOYSA-N,ZIBGPFATKBEMQZ-UHFFFAOYSA-N,nonane,triethylene glycol,383.15,81.4029,4.399410898909511,Chromatography,True,test_one,4.064688956128046
je020196d.xml,2003,23,BKIMMITUMNQMOS-UHFFFAOYSA-N,ZIBGPFATKBEMQZ-UHFFFAOYSA-N,nonane,triethylene glycol,393.15,73.9146,4.302910372716953,Chromatography,True,test_one,3.9623909140039673
j.jct.2012.06.009.xml,2012,12,BTANRVKWQNVYAZ-UHFFFAOYSA-N,GHVNFZFCNZKVNT-UHFFFAOYSA-N,butan-2-ol,capric acid,314.1,1.334,0.288181947493432,Chromatography,True,train,
j.jct.2012.06.009.xml,2012,12,BTANRVKWQNVYAZ-UHFFFAOYSA-N,GHVNFZFCNZKVNT-UHFFFAOYSA-N,butan-2-ol,capric acid,314.24,1.354,0.3030631744900833,Chromatography,True,train,
j.jct.2012.06.009.xml,2012,12,BTANRVKWQNVYAZ-UHFFFAOYSA-N,GHVNFZFCNZKVNT-UHFFFAOYSA-N,butan-2-ol,capric acid,333.26,1.167,0.1544363533044189,Chromatography,True,train,
j.jct.2012.06.009.xml,2012,12,BTANRVKWQNVYAZ-UHFFFAOYSA-N,GHVNFZFCNZKVNT-UHFFFAOYSA-N,butan-2-ol,capric acid,333.38,1.159,0.1475575643576147,Chromatography,True,train,
j.jct.2012.06.009.xml,2012,12,BTANRVKWQNVYAZ-UHFFFAOYSA-N,GHVNFZFCNZKVNT-UHFFFAOYSA-N,butan-2-ol,capric acid,353.25,1.052,0.0506931143155181,Chromatography,True,train,
j.jct.2012.06.009.xml,2012,12,BTANRVKWQNVYAZ-UHFFFAOYSA-N,GHVNFZFCNZKVNT-UHFFFAOYSA-N,butan-2-ol,capric acid,353.3,1.037,0.0363319292473902,Chromatography,True,train,
j.jct.2012.06.009.xml,2012,76,BTANRVKWQNVYAZ-UHFFFAOYSA-N,IPCSVZSSVZVIGE-UHFFFAOYSA-N,butan-2-ol,hexadecanoic acid,340.19,1.258,0.2295231582782488,Chromatography,True,train,
j.jct.2012.06.009.xml,2012,76,BTANRVKWQNVYAZ-UHFFFAOYSA-N,IPCSVZSSVZVIGE-UHFFFAOYSA-N,butan-2-ol,hexadecanoic acid,348.01,1.199,0.1814878760453772,Chromatography,True,train,
j.jct.2012.06.009.xml,2012,76,BTANRVKWQNVYAZ-UHFFFAOYSA-N,IPCSVZSSVZVIGE-UHFFFAOYSA-N,butan-2-ol,hexadecanoic acid,358.32,1.116,0.1097508639591192,Chromatography,True,train,
j.jct.2012.06.009.xml,2012,33,BTANRVKWQNVYAZ-UHFFFAOYSA-N,POULHZVOKOAJMA-UHFFFAOYSA-N,butan-2-ol,lauric acid,314.1,1.282,0.2484213584984783,Chromatography,True,train,
j.jct.2012.06.009.xml,2012,33,BTANRVKWQNVYAZ-UHFFFAOYSA-N,POULHZVOKOAJMA-UHFFFAOYSA-N,butan-2-ol,lauric acid,314.24,1.298,0.2608246182818983,Chromatography,True,train,
j.jct.2012.06.009.xml,2012,33,BTANRVKWQNVYAZ-UHFFFAOYSA-N,POULHZVOKOAJMA-UHFFFAOYSA-N,butan-2-ol,lauric acid,333.38,1.174,0.1604167214059046,Chromatography,True,train,
j.jct.2012.06.009.xml,2012,33,BTANRVKWQNVYAZ-UHFFFAOYSA-N,POULHZVOKOAJMA-UHFFFAOYSA-N,butan-2-ol,lauric acid,353.25,1.064,0.0620353909194527,Chromatography,True,train,
j.jct.2012.06.009.xml,2012,33,BTANRVKWQNVYAZ-UHFFFAOYSA-N,POULHZVOKOAJMA-UHFFFAOYSA-N,butan-2-ol,lauric acid,353.3,1.077,0.0741793981742514,Chromatography,True,train,
j.jct.2012.06.009.xml,2012,55,BTANRVKWQNVYAZ-UHFFFAOYSA-N,TUNFSRHWOTWDNC-UHFFFAOYSA-N,butan-2-ol,tetradecanoic acid,314.1,1.165,0.1527210870176639,Chromatography,True,train,
j.jct.2012.06.009.xml,2012,55,BTANRVKWQNVYAZ-UHFFFAOYSA-N,TUNFSRHWOTWDNC-UHFFFAOYSA-N,butan-2-ol,tetradecanoic acid,314.24,1.206,0.1873090983049936,Chromatography,True,train,
j.jct.2012.06.009.xml,2012,55,BTANRVKWQNVYAZ-UHFFFAOYSA-N,TUNFSRHWOTWDNC-UHFFFAOYSA-N,butan-2-ol,tetradecanoic acid,333.26,1.122,0.1151128071005046,Chromatography,True,train,
j.jct.2012.06.009.xml,2012,55,BTANRVKWQNVYAZ-UHFFFAOYSA-N,TUNFSRHWOTWDNC-UHFFFAOYSA-N,butan-2-ol,tetradecanoic acid,333.38,1.108,0.1025565883250921,Chromatography,True,train,
j.jct.2012.06.009.xml,2012,55,BTANRVKWQNVYAZ-UHFFFAOYSA-N,TUNFSRHWOTWDNC-UHFFFAOYSA-N,butan-2-ol,tetradecanoic acid,353.25,1.053,0.0516432331518383,Chromatography,True,train,
j.jct.2012.06.009.xml,2012,55,BTANRVKWQNVYAZ-UHFFFAOYSA-N,TUNFSRHWOTWDNC-UHFFFAOYSA-N,butan-2-ol,tetradecanoic acid,353.3,1.039,0.0382587121170902,Chromatography,True,train,
j.jct.2010.04.011.xml,2010,3,CGHIBGNXEGJPQZ-UHFFFAOYSA-N,IAZDPXIOMUYVGZ-UHFFFAOYSA-N,1-hexyne,dimethyl sulfoxide,298.0,4.1,1.410986973710262,Chromatography,True,test_both,-0.4033843038324484
j.jct.2013.05.011.xml,2013,13,CGHIBGNXEGJPQZ-UHFFFAOYSA-N,MTHSVFCYNBDYFN-UHFFFAOYSA-N,1-hexyne,diethylene glycol,333.2,14.07,2.644044871126298,Chromatography,True,test_both,2.074959178430254
j.jct.2013.05.011.xml,2013,13,CGHIBGNXEGJPQZ-UHFFFAOYSA-N,MTHSVFCYNBDYFN-UHFFFAOYSA-N,1-hexyne,diethylene glycol,348.2,14.59,2.6803363625346943,Chromatography,True,test_both,1.9822410643333306
j.jct.2013.05.011.xml,2013,13,CGHIBGNXEGJPQZ-UHFFFAOYSA-N,MTHSVFCYNBDYFN-UHFFFAOYSA-N,1-hexyne,diethylene glycol,363.2,13.79,2.6239436918052106,Chromatography,True,test_both,1.8964953767521946
j.jct.2013.02.006.xml,2013,34,CGHIBGNXEGJPQZ-UHFFFAOYSA-N,SECXISVLQFMRJM-UHFFFAOYSA-N,1-hexyne,1-methylpyrrolidone,333.2,1.47,0.3852624007906449,Chromatography,True,test_one,-1.031002655138742
j.jct.2013.02.006.xml,2013,34,CGHIBGNXEGJPQZ-UHFFFAOYSA-N,SECXISVLQFMRJM-UHFFFAOYSA-N,1-hexyne,1-methylpyrrolidone,348.2,1.57,0.4510756193602167,Chromatography,True,test_one,-0.9491436131150948
j.jct.2013.02.006.xml,2013,34,CGHIBGNXEGJPQZ-UHFFFAOYSA-N,SECXISVLQFMRJM-UHFFFAOYSA-N,1-hexyne,1-methylpyrrolidone,363.2,1.77,0.5709795465857378,Chromatography,True,test_one,-0.8749250069007075
j.jct.2013.05.011.xml,2013,36,CGHIBGNXEGJPQZ-UHFFFAOYSA-N,ZIBGPFATKBEMQZ-UHFFFAOYSA-N,1-hexyne,triethylene glycol,333.2,7.01,1.9473377010464987,Chromatography,True,test_one,1.2738423711569329
j.jct.2013.05.011.xml,2013,36,CGHIBGNXEGJPQZ-UHFFFAOYSA-N,ZIBGPFATKBEMQZ-UHFFFAOYSA-N,1-hexyne,triethylene glycol,348.2,7.03,1.9501867058225733,Chromatography,True,test_one,1.2109370561773154
j.jct.2013.05.011.xml,2013,36,CGHIBGNXEGJPQZ-UHFFFAOYSA-N,ZIBGPFATKBEMQZ-UHFFFAOYSA-N,1-hexyne,triethylene glycol,363.2,6.69,1.900613874140137,Chromatography,True,test_one,1.153514862487049
je1005517.xml,2011,34,CSCPPACGZOOCGX-UHFFFAOYSA-N,BTFJIXJJCSYFAL-UHFFFAOYSA-N,propanone,1-eicosanol,338.15,0.0557,-2.887775132048899,GC,True,train,1.3283957517674825
je1005517.xml,2011,34,CSCPPACGZOOCGX-UHFFFAOYSA-N,BTFJIXJJCSYFAL-UHFFFAOYSA-N,propanone,1-eicosanol,343.15,0.0572,-2.861201380596385,GC,True,train,1.2956818891816124
je1005517.xml,2011,34,CSCPPACGZOOCGX-UHFFFAOYSA-N,BTFJIXJJCSYFAL-UHFFFAOYSA-N,propanone,1-eicosanol,348.15,0.0587,-2.8353155521480864,GC,True,train,1.2639731927747189
je1005517.xml,2011,34,CSCPPACGZOOCGX-UHFFFAOYSA-N,BTFJIXJJCSYFAL-UHFFFAOYSA-N,propanone,1-eicosanol,353.15,0.0602,-2.810082926667362,GC,True,train,1.2332232194331223
j.jct.2012.12.009.xml,2013,74,CSCPPACGZOOCGX-UHFFFAOYSA-N,DTOSIQBPPRVQHS-PDBXOOCHSA-N,acetone,"9,12,15-octadecatrienoic acid",303.13,1.099,0.0944006754214843,Chromatography,True,train,
j.jct.2012.12.009.xml,2013,74,CSCPPACGZOOCGX-UHFFFAOYSA-N,DTOSIQBPPRVQHS-PDBXOOCHSA-N,acetone,"9,12,15-octadecatrienoic acid",313.24,1.057,0.0554347068881005,Chromatography,True,train,
j.jct.2012.12.009.xml,2013,74,CSCPPACGZOOCGX-UHFFFAOYSA-N,DTOSIQBPPRVQHS-PDBXOOCHSA-N,acetone,"9,12,15-octadecatrienoic acid",313.25,1.101,0.0962188577405429,Chromatography,True,train,
j.jct.2012.12.009.xml,2013,74,CSCPPACGZOOCGX-UHFFFAOYSA-N,DTOSIQBPPRVQHS-PDBXOOCHSA-N,acetone,"9,12,15-octadecatrienoic acid",323.26,1.111,0.1052605106574929,Chromatography,True,train,
j.jct.2012.06.009.xml,2012,18,CSCPPACGZOOCGX-UHFFFAOYSA-N,GHVNFZFCNZKVNT-UHFFFAOYSA-N,dimethyl ketone,capric acid,314.1,1.558,0.4434029474485566,Chromatography,True,train,0.17182869875798892
j.jct.2012.06.009.xml,2012,18,CSCPPACGZOOCGX-UHFFFAOYSA-N,GHVNFZFCNZKVNT-UHFFFAOYSA-N,dimethyl ketone,capric acid,333.26,1.458,0.3770656335864664,Chromatography,True,train,0.15348190231230235
j.jct.2012.06.009.xml,2012,18,CSCPPACGZOOCGX-UHFFFAOYSA-N,GHVNFZFCNZKVNT-UHFFFAOYSA-N,dimethyl ketone,capric acid,333.38,1.466,0.3825376034644597,Chromatography,True,train,0.1533767760729725
j.jct.2012.06.009.xml,2012,18,CSCPPACGZOOCGX-UHFFFAOYSA-N,GHVNFZFCNZKVNT-UHFFFAOYSA-N,dimethyl ketone,capric acid,353.25,1.343,0.2949059175411005,Chromatography,True,train,0.13738400181668456
je1005517.xml,2011,12,CSCPPACGZOOCGX-UHFFFAOYSA-N,GLDOVTGHNKAZLK-UHFFFAOYSA-N,propanone,1-octadecanol,333.15,0.0185,-3.989984546897858,GC,True,train,1.2318023410265397
je1005517.xml,2011,12,CSCPPACGZOOCGX-UHFFFAOYSA-N,GLDOVTGHNKAZLK-UHFFFAOYSA-N,propanone,1-octadecanol,338.15,0.0179,-4.022954566135428,GC,True,train,1.2009609046606675
je1005517.xml,2011,12,CSCPPACGZOOCGX-UHFFFAOYSA-N,GLDOVTGHNKAZLK-UHFFFAOYSA-N,propanone,1-octadecanol,343.15,0.0174,-4.051285072761654,GC,True,train,1.171098386446744
je1005517.xml,2011,12,CSCPPACGZOOCGX-UHFFFAOYSA-N,GLDOVTGHNKAZLK-UHFFFAOYSA-N,propanone,1-octadecanol,348.15,0.017,-4.074541934925921,GC,True,train,1.1421684666062037
je1005517.xml,2011,12,CSCPPACGZOOCGX-UHFFFAOYSA-N,GLDOVTGHNKAZLK-UHFFFAOYSA-N,propanone,1-octadecanol,353.15,0.0166,-4.098352583619639,GC,True,train,1.1141274794367027
j.jct.2012.06.009.xml,2012,83,CSCPPACGZOOCGX-UHFFFAOYSA-N,IPCSVZSSVZVIGE-UHFFFAOYSA-N,dimethyl ketone,hexadecanoic acid,340.19,1.494,0.4014570867106256,Chromatography,True,train,0.4777235400951776
j.jct.2012.06.009.xml,2012,83,CSCPPACGZOOCGX-UHFFFAOYSA-N,IPCSVZSSVZVIGE-UHFFFAOYSA-N,dimethyl ketone,hexadecanoic acid,340.17,1.494,0.4014570867106256,Chromatography,True,train,0.4777786902081829
j.jct.2012.06.009.xml,2012,83,CSCPPACGZOOCGX-UHFFFAOYSA-N,IPCSVZSSVZVIGE-UHFFFAOYSA-N,dimethyl ketone,hexadecanoic acid,348.01,1.417,0.3485419607085434,Chromatography,True,train,0.45669180181226393
j.jct.2012.06.009.xml,2012,83,CSCPPACGZOOCGX-UHFFFAOYSA-N,IPCSVZSSVZVIGE-UHFFFAOYSA-N,dimethyl ketone,hexadecanoic acid,347.93,1.41,0.3435897043900768,Chromatography,True,train,0.45690173187388733
j.jct.2012.06.009.xml,2012,83,CSCPPACGZOOCGX-UHFFFAOYSA-N,IPCSVZSSVZVIGE-UHFFFAOYSA-N,dimethyl ketone,hexadecanoic acid,358.23,1.325,0.2814124594381855,Chromatography,True,train,0.4307080583344077
j.jct.2012.06.009.xml,2012,83,CSCPPACGZOOCGX-UHFFFAOYSA-N,IPCSVZSSVZVIGE-UHFFFAOYSA-N,dimethyl ketone,hexadecanoic acid,358.32,1.342,0.2941610385494901,Chromatography,True,train,0.43048633769234573
j.fluid.2016.10.009.xml,2017,17,CSCPPACGZOOCGX-UHFFFAOYSA-N,JUJWROOIHBZHMG-UHFFFAOYSA-N,acetone,pyridine,298.15,1.18,0.1655144384775733,Other,True,train,-0.15884095027511036
j.jct.2012.12.009.xml,2013,59,CSCPPACGZOOCGX-UHFFFAOYSA-N,OYHQOLUKZRVURQ-HZJYTTRNSA-N,acetone,linoleic acid,338.28,1.213,0.1930966299619131,Chromatography,True,train,0.6093932087994174
j.jct.2012.12.009.xml,2013,59,CSCPPACGZOOCGX-UHFFFAOYSA-N,OYHQOLUKZRVURQ-HZJYTTRNSA-N,acetone,linoleic acid,348.31,1.161,0.1492817027157544,Chromatography,True,train,0.5820202371789642
j.jct.2012.12.009.xml,2013,59,CSCPPACGZOOCGX-UHFFFAOYSA-N,OYHQOLUKZRVURQ-HZJYTTRNSA-N,acetone,linoleic acid,358.33,1.133,0.1248689820458692,Chromatography,True,train,0.5559302978290804
j.jct.2012.06.009.xml,2012,40,CSCPPACGZOOCGX-UHFFFAOYSA-N,POULHZVOKOAJMA-UHFFFAOYSA-N,dimethyl ketone,lauric acid,314.1,1.592,0.4649910874221913,Chromatography,True,train,0.33996764394108586
j.jct.2012.06.009.xml,2012,40,CSCPPACGZOOCGX-UHFFFAOYSA-N,POULHZVOKOAJMA-UHFFFAOYSA-N,dimethyl ketone,lauric acid,314.24,1.59,0.4637340162321402,Chromatography,True,train,0.33972826314636506
j.jct.2012.06.009.xml,2012,40,CSCPPACGZOOCGX-UHFFFAOYSA-N,POULHZVOKOAJMA-UHFFFAOYSA-N,dimethyl ketone,lauric acid,333.26,1.45,0.371563556432483,Chromatography,True,train,0.30948408004478584
j.jct.2012.06.009.xml,2012,40,CSCPPACGZOOCGX-UHFFFAOYSA-N,POULHZVOKOAJMA-UHFFFAOYSA-N,dimethyl ketone,lauric acid,333.38,1.466,0.3825376034644597,Chromatography,True,train,0.309306550671756
j.jct.2012.06.009.xml,2012,40,CSCPPACGZOOCGX-UHFFFAOYSA-N,POULHZVOKOAJMA-UHFFFAOYSA-N,dimethyl ketone,lauric acid,353.25,1.335,0.2889312918522128,Chromatography,True,train,0.2818597832482812
j.jct.2012.06.009.xml,2012,40,CSCPPACGZOOCGX-UHFFFAOYSA-N,POULHZVOKOAJMA-UHFFFAOYSA-N,dimethyl ketone,lauric acid,353.3,1.365,0.311154428636923,Chromatography,True,train,0.28179519500378675
j.jct.2012.12.009.xml,2013,19,CSCPPACGZOOCGX-UHFFFAOYSA-N,QIQXTHQIDYTFRH-UHFFFAOYSA-N,acetone,n-octadecanoic acid,349.48,1.48,0.3920420877760237,Chromatography,True,train,0.5611300449684101
j.jct.2012.12.009.xml,2013,19,CSCPPACGZOOCGX-UHFFFAOYSA-N,QIQXTHQIDYTFRH-UHFFFAOYSA-N,acetone,n-octadecanoic acid,358.39,1.391,0.3300229129413058,Chromatography,True,train,0.534598244744976
j.jct.2012.12.009.xml,2013,19,CSCPPACGZOOCGX-UHFFFAOYSA-N,QIQXTHQIDYTFRH-UHFFFAOYSA-N,acetone,n-octadecanoic acid,368.13,1.304,0.2654364635044612,Chromatography,True,train,0.5071176712857015
j.jct.2012.06.009.xml,2012,62,CSCPPACGZOOCGX-UHFFFAOYSA-N,TUNFSRHWOTWDNC-UHFFFAOYSA-N,dimethyl ketone,tetradecanoic acid,314.1,1.43,0.3576744442718159,Chromatography,True,train,0.3892915802647798
j.jct.2012.06.009.xml,2012,62,CSCPPACGZOOCGX-UHFFFAOYSA-N,TUNFSRHWOTWDNC-UHFFFAOYSA-N,dimethyl ketone,tetradecanoic acid,314.24,1.458,0.3770656335864664,Chromatography,True,train,0.3889376493777844
j.jct.2012.06.009.xml,2012,62,CSCPPACGZOOCGX-UHFFFAOYSA-N,TUNFSRHWOTWDNC-UHFFFAOYSA-N,dimethyl ketone,tetradecanoic acid,333.26,1.364,0.3104215594212704,Chromatography,True,train,0.3440971293406565
j.jct.2012.06.009.xml,2012,62,CSCPPACGZOOCGX-UHFFFAOYSA-N,TUNFSRHWOTWDNC-UHFFFAOYSA-N,dimethyl ketone,tetradecanoic acid,333.38,1.35,0.3001045924503381,Chromatography,True,train,0.34383333574185787
j.jct.2012.06.009.xml,2012,62,CSCPPACGZOOCGX-UHFFFAOYSA-N,TUNFSRHWOTWDNC-UHFFFAOYSA-N,dimethyl ketone,tetradecanoic acid,353.25,1.296,0.2592825979300829,Chromatography,True,train,0.3030309320664851
j.jct.2012.06.009.xml,2012,62,CSCPPACGZOOCGX-UHFFFAOYSA-N,TUNFSRHWOTWDNC-UHFFFAOYSA-N,dimethyl ketone,tetradecanoic acid,353.3,1.267,0.2366519013390019,Chromatography,True,train,0.30293497369808303
je0495942.xml,2005,5,CSCPPACGZOOCGX-UHFFFAOYSA-N,XLYOFNOQVPJJNP-UHFFFAOYSA-N,propanone,water,298.01,7.62,2.030776369698555,Chromatography,True,train,7.12206058695503
je0495942.xml,2005,5,CSCPPACGZOOCGX-UHFFFAOYSA-N,XLYOFNOQVPJJNP-UHFFFAOYSA-N,propanone,water,298.03,7.64,2.033397603178429,Chromatography,True,train,7.121774029173867
je0495942.xml,2005,5,CSCPPACGZOOCGX-UHFFFAOYSA-N,XLYOFNOQVPJJNP-UHFFFAOYSA-N,propanone,water,298.04,7.68,2.038619547159581,Chromatography,True,train,7.121630745913652
je0495942.xml,2005,5,CSCPPACGZOOCGX-UHFFFAOYSA-N,XLYOFNOQVPJJNP-UHFFFAOYSA-N,propanone,water,298.03,7.7,2.0412203288596382,Chromatography,True,train,7.121774029173867
je0495942.xml,2005,5,CSCPPACGZOOCGX-UHFFFAOYSA-N,XLYOFNOQVPJJNP-UHFFFAOYSA-N,propanone,water,298.17,7.7,2.0412203288596382,Chromatography,True,train,7.1197677996641
je0495942.xml,2005,5,CSCPPACGZOOCGX-UHFFFAOYSA-N,XLYOFNOQVPJJNP-UHFFFAOYSA-N,propanone,water,298.01,7.68,2.038619547159581,Chromatography,True,train,7.12206058695503
je0495942.xml,2005,5,CSCPPACGZOOCGX-UHFFFAOYSA-N,XLYOFNOQVPJJNP-UHFFFAOYSA-N,propanone,water,298.04,7.74,2.046401687601636,Chromatography,True,train,7.121630745913652
j.tca.2015.11.010.xml,2016,20,CTQNGGLPUBDAKN-UHFFFAOYSA-N,ATHHXGZTWNVVOU-UHFFFAOYSA-N,o-xylene,N-methylformamide,298.15,9.8,2.2823823856765264,Chromatography,True,train,2.3651384482645526
j.jct.2014.06.006.xml,2014,6,CTQNGGLPUBDAKN-UHFFFAOYSA-N,DNIAPMSPPWPWGF-UHFFFAOYSA-N,o-xylene,propylene glycol,298.0,26.3,3.269568939183719,Chromatography,True,train,
je700139p.xml,2007,3,CTQNGGLPUBDAKN-UHFFFAOYSA-N,HXJUTPCZVOIRIF-UHFFFAOYSA-N,"1,2-dimethylbenzene",sulfolane,333.15,4.568,1.519075472353709,Chromatography,True,test_one,0.42859729464943064
je700139p.xml,2007,3,CTQNGGLPUBDAKN-UHFFFAOYSA-N,HXJUTPCZVOIRIF-UHFFFAOYSA-N,"1,2-dimethylbenzene",sulfolane,343.15,4.388,1.4788735424129835,Chromatography,True,test_one,0.45581885362151914
je700139p.xml,2007,3,CTQNGGLPUBDAKN-UHFFFAOYSA-N,HXJUTPCZVOIRIF-UHFFFAOYSA-N,"1,2-dimethylbenzene",sulfolane,353.15,4.281,1.454186627162809,Chromatography,True,test_one,0.4803261705365275
je700139p.xml,2007,3,CTQNGGLPUBDAKN-UHFFFAOYSA-N,HXJUTPCZVOIRIF-UHFFFAOYSA-N,"1,2-dimethylbenzene",sulfolane,363.15,4.174,1.4288748086550092,Chromatography,True,test_one,0.5023261291486436
je700139p.xml,2007,3,CTQNGGLPUBDAKN-UHFFFAOYSA-N,HXJUTPCZVOIRIF-UHFFFAOYSA-N,"1,2-dimethylbenzene",sulfolane,373.15,4.035,1.395006301721912,Chromatography,True,test_one,0.5220087624236952
j.jct.2012.01.016.xml,2012,8,CTQNGGLPUBDAKN-UHFFFAOYSA-N,HYBBIBNJHNGZAN-UHFFFAOYSA-N,"1,2-dimethylbenzene",2-furaldehyde,298.15,4.12,1.415853163361435,Headspace solid phase microextraction,True,test_one,1.4143896393700932
j.jct.2012.01.016.xml,2012,8,CTQNGGLPUBDAKN-UHFFFAOYSA-N,HYBBIBNJHNGZAN-UHFFFAOYSA-N,"1,2-dimethylbenzene",2-furaldehyde,298.15,3.74,1.3190856114264409,Headspace solid phase microextraction,True,test_one,1.4143896393700932
j.jct.2012.01.016.xml,2012,8,CTQNGGLPUBDAKN-UHFFFAOYSA-N,HYBBIBNJHNGZAN-UHFFFAOYSA-N,"1,2-dimethylbenzene",2-furaldehyde,308.15,4.44,1.4906543764441336,Headspace solid phase microextraction,True,test_one,1.3838348782127137
j.jct.2012.01.016.xml,2012,8,CTQNGGLPUBDAKN-UHFFFAOYSA-N,HYBBIBNJHNGZAN-UHFFFAOYSA-N,"1,2-dimethylbenzene",2-furaldehyde,308.15,3.55,1.2669476034873244,Headspace solid phase microextraction,True,test_one,1.3838348782127137
j.jct.2012.01.016.xml,2012,8,CTQNGGLPUBDAKN-UHFFFAOYSA-N,HYBBIBNJHNGZAN-UHFFFAOYSA-N,"1,2-dimethylbenzene",2-furaldehyde,318.15,6.77,1.912501086924184,Headspace solid phase microextraction,True,test_one,1.354014469471881
j.jct.2012.01.016.xml,2012,8,CTQNGGLPUBDAKN-UHFFFAOYSA-N,HYBBIBNJHNGZAN-UHFFFAOYSA-N,"1,2-dimethylbenzene",2-furaldehyde,318.15,4.61,1.5282278570085572,Headspace solid phase microextraction,True,test_one,1.354014469471881
j.fluid.2016.10.009.xml,2017,8,CTQNGGLPUBDAKN-UHFFFAOYSA-N,JUJWROOIHBZHMG-UHFFFAOYSA-N,o-xylene,pyridine,298.15,1.41,0.3435897043900768,Other,True,train,0.5488090998923356
je900686n.xml,2010,13,CTQNGGLPUBDAKN-UHFFFAOYSA-N,PEDCQBHIVMGVHV-UHFFFAOYSA-N,"1,2-dimethylbenzene",glycerol,303.15,139.38,4.937204016010373,Chromatography,True,test_one,5.331007561373163
je900686n.xml,2010,13,CTQNGGLPUBDAKN-UHFFFAOYSA-N,PEDCQBHIVMGVHV-UHFFFAOYSA-N,"1,2-dimethylbenzene",glycerol,313.15,121.12,4.796781789689138,Chromatography,True,test_one,5.182545375216287
je900686n.xml,2010,13,CTQNGGLPUBDAKN-UHFFFAOYSA-N,PEDCQBHIVMGVHV-UHFFFAOYSA-N,"1,2-dimethylbenzene",glycerol,323.15,98.75,4.592591403781231,Chromatography,True,test_one,5.036507602875085
je900686n.xml,2010,13,CTQNGGLPUBDAKN-UHFFFAOYSA-N,PEDCQBHIVMGVHV-UHFFFAOYSA-N,"1,2-dimethylbenzene",glycerol,333.15,83.71,4.427358444671965,Chromatography,True,test_one,4.893936462385747
je900686n.xml,2010,13,CTQNGGLPUBDAKN-UHFFFAOYSA-N,PEDCQBHIVMGVHV-UHFFFAOYSA-N,"1,2-dimethylbenzene",glycerol,343.15,68.54,4.227417516446463,Chromatography,True,test_one,4.755590950016005
j.jct.2014.06.006.xml,2014,28,CTQNGGLPUBDAKN-UHFFFAOYSA-N,XNWFRZJHXBZDAG-UHFFFAOYSA-N,o-xylene,methyl cellosolve,298.0,5.0,1.6094379124341005,Chromatography,True,train,1.876409277681103
j.jct.2010.04.011.xml,2010,16,CYTYCFOTNPOANT-UHFFFAOYSA-N,IAZDPXIOMUYVGZ-UHFFFAOYSA-N,tetrachloroethene,dimethyl sulfoxide,298.0,10.5,2.3513752571634776,Chromatography,True,test_both,0.6568483589194605
j.fluid.2007.08.013.xml,2007,4,DHXVGJBLRPWPCS-UHFFFAOYSA-N,XLYOFNOQVPJJNP-UHFFFAOYSA-N,tetrahydropyran,water,273.35,39.6,3.678829118260434,relative headspace analysis,True,train,14.656637959400511
j.fluid.2007.08.013.xml,2007,4,DHXVGJBLRPWPCS-UHFFFAOYSA-N,XLYOFNOQVPJJNP-UHFFFAOYSA-N,tetrahydropyran,water,283.15,44.9,3.8044377947482086,relative headspace analysis,True,train,14.371706482860427
j.fluid.2007.08.013.xml,2007,5,DHXVGJBLRPWPCS-UHFFFAOYSA-N,XLYOFNOQVPJJNP-UHFFFAOYSA-N,tetrahydropyran,water,288.15,58.0,4.060443010546419,Chromatography,True,train,14.225054229504746
j.fluid.2007.08.013.xml,2007,5,DHXVGJBLRPWPCS-UHFFFAOYSA-N,XLYOFNOQVPJJNP-UHFFFAOYSA-N,tetrahydropyran,water,298.15,70.5,4.255612709818223,Chromatography,True,train,13.930719655033524
j.fluid.2007.08.013.xml,2007,5,DHXVGJBLRPWPCS-UHFFFAOYSA-N,XLYOFNOQVPJJNP-UHFFFAOYSA-N,tetrahydropyran,water,308.15,83.4,4.423648309364701,Chromatography,True,train,13.636791292688837
j.fluid.2007.08.013.xml,2007,5,DHXVGJBLRPWPCS-UHFFFAOYSA-N,XLYOFNOQVPJJNP-UHFFFAOYSA-N,tetrahydropyran,water,318.15,96.2,4.566429357671661,Chromatography,True,train,13.345058970225523
j.fluid.2007.08.013.xml,2007,5,DHXVGJBLRPWPCS-UHFFFAOYSA-N,XLYOFNOQVPJJNP-UHFFFAOYSA-N,tetrahydropyran,water,328.15,107.5,4.677490847567717,Chromatography,True,train,13.056962034037658
j.tca.2015.11.010.xml,2016,8,DIOQZVSQGTUSAI-UHFFFAOYSA-N,ATHHXGZTWNVVOU-UHFFFAOYSA-N,n-decane,N-methylformamide,298.15,194.2,5.268888555857225,Other,True,train,5.9188378860833515
j.fluid.2013.02.008.xml,2013,8,DIOQZVSQGTUSAI-UHFFFAOYSA-N,HLZKNKRTKFSKGZ-UHFFFAOYSA-N,decane,1-tetradecanol,353.0,2.1,0.7419373447293773,Chromatography,True,train,0.5220666054066397
j.fluid.2013.02.008.xml,2013,8,DIOQZVSQGTUSAI-UHFFFAOYSA-N,HLZKNKRTKFSKGZ-UHFFFAOYSA-N,decane,1-tetradecanol,372.4,1.9,0.6418538861723947,Chromatography,True,train,0.47374560688916106
j.fluid.2013.02.008.xml,2013,8,DIOQZVSQGTUSAI-UHFFFAOYSA-N,HLZKNKRTKFSKGZ-UHFFFAOYSA-N,decane,1-tetradecanol,392.0,1.79,0.5822156198526637,Chromatography,True,train,0.431350140976917
j.fluid.2013.02.008.xml,2013,8,DIOQZVSQGTUSAI-UHFFFAOYSA-N,HLZKNKRTKFSKGZ-UHFFFAOYSA-N,decane,1-tetradecanol,430.3,1.68,0.5187937934151675,Chromatography,True,train,0.362817352854571
je700139p.xml,2007,9,DIOQZVSQGTUSAI-UHFFFAOYSA-N,HXJUTPCZVOIRIF-UHFFFAOYSA-N,decane,sulfolane,333.15,147.362,4.992892144619021,Chromatography,True,test_one,3.3753680860879025
je700139p.xml,2007,9,DIOQZVSQGTUSAI-UHFFFAOYSA-N,HXJUTPCZVOIRIF-UHFFFAOYSA-N,decane,sulfolane,343.15,125.839,4.835003312119592,Chromatography,True,test_one,3.3809290855459624
je700139p.xml,2007,9,DIOQZVSQGTUSAI-UHFFFAOYSA-N,HXJUTPCZVOIRIF-UHFFFAOYSA-N,decane,sulfolane,353.15,106.628,4.669346141406655,Chromatography,True,test_one,3.380108856701825
je700139p.xml,2007,9,DIOQZVSQGTUSAI-UHFFFAOYSA-N,HXJUTPCZVOIRIF-UHFFFAOYSA-N,decane,sulfolane,363.15,92.151,4.523428535928899,Chromatography,True,test_one,3.3736504343027387
je700139p.xml,2007,9,DIOQZVSQGTUSAI-UHFFFAOYSA-N,HXJUTPCZVOIRIF-UHFFFAOYSA-N,decane,sulfolane,373.15,79.825,4.379836738600845,Chromatography,True,test_one,3.362214184666983
j.fluid.2016.10.009.xml,2017,3,DIOQZVSQGTUSAI-UHFFFAOYSA-N,JUJWROOIHBZHMG-UHFFFAOYSA-N,n-decane,pyridine,298.15,9.6,2.26176309847379,Other,True,train,3.5642292982218127
j.fluid.2013.02.008.xml,2013,5,DIOQZVSQGTUSAI-UHFFFAOYSA-N,LQZZUXJYWNFBMV-UHFFFAOYSA-N,decane,1-dodecanol,352.7,3.46,1.2412685890696329,Chromatography,True,train,0.6609187183775249
j.fluid.2013.02.008.xml,2013,5,DIOQZVSQGTUSAI-UHFFFAOYSA-N,LQZZUXJYWNFBMV-UHFFFAOYSA-N,decane,1-dodecanol,362.5,2.93,1.075002423028976,Chromatography,True,train,0.6319475090023532
j.fluid.2013.02.008.xml,2013,5,DIOQZVSQGTUSAI-UHFFFAOYSA-N,LQZZUXJYWNFBMV-UHFFFAOYSA-N,decane,1-dodecanol,372.8,2.67,0.9820784724121582,Chromatography,True,train,0.6036495540112402
j.fluid.2013.02.008.xml,2013,5,DIOQZVSQGTUSAI-UHFFFAOYSA-N,LQZZUXJYWNFBMV-UHFFFAOYSA-N,decane,1-dodecanol,382.9,2.42,0.883767540168595,Chromatography,True,train,0.5778155623271902
j.fluid.2013.02.008.xml,2013,5,DIOQZVSQGTUSAI-UHFFFAOYSA-N,LQZZUXJYWNFBMV-UHFFFAOYSA-N,decane,1-dodecanol,392.0,2.31,0.8372475245337022,Chromatography,True,train,0.555999085145483
j.fluid.2013.02.008.xml,2013,5,DIOQZVSQGTUSAI-UHFFFAOYSA-N,LQZZUXJYWNFBMV-UHFFFAOYSA-N,decane,1-dodecanol,410.9,2.31,0.8372475245337022,Chromatography,True,train,0.5145685444142448
j.fluid.2013.02.008.xml,2013,5,DIOQZVSQGTUSAI-UHFFFAOYSA-N,LQZZUXJYWNFBMV-UHFFFAOYSA-N,decane,1-dodecanol,430.6,2.18,0.7793248768009977,Chromatography,True,train,0.47616542574769566
j.fluid.2013.02.008.xml,2013,11,DIOQZVSQGTUSAI-UHFFFAOYSA-N,LYCAIKOWRPUZTN-UHFFFAOYSA-N,decane,"1,2-ethanediol",359.5,1680.0,7.426549072397305,Chromatography,True,train,10.516109599882439
j.fluid.2013.02.008.xml,2013,11,DIOQZVSQGTUSAI-UHFFFAOYSA-N,LYCAIKOWRPUZTN-UHFFFAOYSA-N,decane,"1,2-ethanediol",373.1,1210.0,7.098375638590786,Chromatography,True,train,10.164012057223074
j.fluid.2013.02.008.xml,2013,11,DIOQZVSQGTUSAI-UHFFFAOYSA-N,LYCAIKOWRPUZTN-UHFFFAOYSA-N,decane,"1,2-ethanediol",392.4,804.0,6.689599269178967,Chromatography,True,train,9.69447379177716
j.fluid.2013.02.008.xml,2013,11,DIOQZVSQGTUSAI-UHFFFAOYSA-N,LYCAIKOWRPUZTN-UHFFFAOYSA-N,decane,"1,2-ethanediol",411.5,557.0,6.322565239927284,Chromatography,True,train,9.263336834490463
j.fluid.2013.02.008.xml,2013,11,DIOQZVSQGTUSAI-UHFFFAOYSA-N,LYCAIKOWRPUZTN-UHFFFAOYSA-N,decane,"1,2-ethanediol",431.0,454.0,6.118097198041348,Chromatography,True,train,8.855293423487863
j.fluid.2013.02.008.xml,2013,2,DIOQZVSQGTUSAI-UHFFFAOYSA-N,MWKFXSUHUHTGQN-UHFFFAOYSA-N,decane,1-decanol,352.8,2.98,1.091923300517313,Chromatography,True,test_one,0.8637150966610541
j.fluid.2013.02.008.xml,2013,2,DIOQZVSQGTUSAI-UHFFFAOYSA-N,MWKFXSUHUHTGQN-UHFFFAOYSA-N,decane,1-decanol,372.2,2.73,1.0043016091968684,Chromatography,True,test_one,0.7975617905273432
j.fluid.2013.02.008.xml,2013,2,DIOQZVSQGTUSAI-UHFFFAOYSA-N,MWKFXSUHUHTGQN-UHFFFAOYSA-N,decane,1-decanol,391.6,2.6,0.9555114450274363,Chromatography,True,test_one,0.7395744276287901
je900686n.xml,2010,4,DIOQZVSQGTUSAI-UHFFFAOYSA-N,PEDCQBHIVMGVHV-UHFFFAOYSA-N,decane,glycerol,303.15,1045.61,6.952355726151042,Chromatography,True,test_one,11.53338120402875
je900686n.xml,2010,4,DIOQZVSQGTUSAI-UHFFFAOYSA-N,PEDCQBHIVMGVHV-UHFFFAOYSA-N,decane,glycerol,313.15,881.37,6.781477515068922,Chromatography,True,test_one,11.25727523043814
je900686n.xml,2010,4,DIOQZVSQGTUSAI-UHFFFAOYSA-N,PEDCQBHIVMGVHV-UHFFFAOYSA-N,decane,glycerol,323.15,798.19,6.682346664347731,Chromatography,True,test_one,10.983288152893945
je900686n.xml,2010,4,DIOQZVSQGTUSAI-UHFFFAOYSA-N,PEDCQBHIVMGVHV-UHFFFAOYSA-N,decane,glycerol,333.15,701.28,6.552907236670499,Chromatography,True,test_one,10.713374284780427
je900686n.xml,2010,4,DIOQZVSQGTUSAI-UHFFFAOYSA-N,PEDCQBHIVMGVHV-UHFFFAOYSA-N,decane,glycerol,343.15,611.72,6.416274661479923,Chromatography,True,test_one,10.449004466558408
je200628n.xml,2011,4,DIOQZVSQGTUSAI-UHFFFAOYSA-N,PWGJDPKCLMLPJW-UHFFFAOYSA-N,n-decane,"1,8-diaminooctane",328.15,5.471,1.699461415081689,Chromatography,True,train,1.6614964528096672
je200628n.xml,2011,4,DIOQZVSQGTUSAI-UHFFFAOYSA-N,PWGJDPKCLMLPJW-UHFFFAOYSA-N,n-decane,"1,8-diaminooctane",338.15,4.815,1.571736045250089,Chromatography,True,train,1.6276458680509935
je200628n.xml,2011,4,DIOQZVSQGTUSAI-UHFFFAOYSA-N,PWGJDPKCLMLPJW-UHFFFAOYSA-N,n-decane,"1,8-diaminooctane",343.15,4.576,1.5208252540774967,Chromatography,True,train,1.6109470300164053
je200628n.xml,2011,4,DIOQZVSQGTUSAI-UHFFFAOYSA-N,PWGJDPKCLMLPJW-UHFFFAOYSA-N,n-decane,"1,8-diaminooctane",348.15,4.355,1.4713246103044662,Chromatography,True,train,1.5943992061336414
je020196d.xml,2003,31,DIOQZVSQGTUSAI-UHFFFAOYSA-N,UWHCKJMYHZGTIT-UHFFFAOYSA-N,decane,tetraethylene glycol,333.15,122.9813,4.812032311293978,Chromatography,True,train,3.8379956069133736
je020196d.xml,2003,31,DIOQZVSQGTUSAI-UHFFFAOYSA-N,UWHCKJMYHZGTIT-UHFFFAOYSA-N,decane,tetraethylene glycol,353.15,87.7984,4.475043277240402,Chromatography,True,train,3.602385935430623
je020196d.xml,2003,31,DIOQZVSQGTUSAI-UHFFFAOYSA-N,UWHCKJMYHZGTIT-UHFFFAOYSA-N,decane,tetraethylene glycol,363.15,75.1279,4.319191994439771,Chromatography,True,train,3.4931520316212046
je020196d.xml,2003,31,DIOQZVSQGTUSAI-UHFFFAOYSA-N,UWHCKJMYHZGTIT-UHFFFAOYSA-N,decane,tetraethylene glycol,373.15,64.3745,4.164717591963446,Chromatography,True,train,3.3892507734724173
je020196d.xml,2003,31,DIOQZVSQGTUSAI-UHFFFAOYSA-N,UWHCKJMYHZGTIT-UHFFFAOYSA-N,decane,tetraethylene glycol,383.15,55.2339,4.011576895216909,Chromatography,True,train,3.290368362775395
je020196d.xml,2003,31,DIOQZVSQGTUSAI-UHFFFAOYSA-N,UWHCKJMYHZGTIT-UHFFFAOYSA-N,decane,tetraethylene glycol,393.15,51.3082,3.937850583457605,Chromatography,True,train,3.1961884821729654
je020196d.xml,2003,31,DIOQZVSQGTUSAI-UHFFFAOYSA-N,UWHCKJMYHZGTIT-UHFFFAOYSA-N,decane,tetraethylene glycol,403.15,42.9478,3.759985424766784,Chromatography,True,train,3.106402498277549
j.jct.2014.06.006.xml,2014,16,DIOQZVSQGTUSAI-UHFFFAOYSA-N,XNWFRZJHXBZDAG-UHFFFAOYSA-N,n-decane,methyl cellosolve,298.0,56.8,4.039536325727106,Chromatography,True,train,5.040948078089185
j.fluid.2013.02.008.xml,2013,14,DIOQZVSQGTUSAI-UHFFFAOYSA-N,YPFDHNVEDLHUCE-UHFFFAOYSA-N,decane,"1,3-propanediol",312.1,793.0,6.675823221634848,Chromatography,True,train,7.10389535372572
j.fluid.2013.02.008.xml,2013,14,DIOQZVSQGTUSAI-UHFFFAOYSA-N,YPFDHNVEDLHUCE-UHFFFAOYSA-N,decane,"1,3-propanediol",333.1,589.0,6.3784261836515865,Chromatography,True,train,6.558796560642368
j.fluid.2013.02.008.xml,2013,14,DIOQZVSQGTUSAI-UHFFFAOYSA-N,YPFDHNVEDLHUCE-UHFFFAOYSA-N,decane,"1,3-propanediol",352.1,501.0,6.2166061010848646,Chromatography,True,train,6.1060389800394415
j.fluid.2013.02.008.xml,2013,14,DIOQZVSQGTUSAI-UHFFFAOYSA-N,YPFDHNVEDLHUCE-UHFFFAOYSA-N,decane,"1,3-propanediol",372.1,464.0,6.139884552226255,Chromatography,True,train,5.671620900101803
j.fluid.2013.02.008.xml,2013,14,DIOQZVSQGTUSAI-UHFFFAOYSA-N,YPFDHNVEDLHUCE-UHFFFAOYSA-N,decane,"1,3-propanediol",391.1,338.0,5.823045895483019,Chromatography,True,train,5.297279577340025
j.fluid.2013.02.008.xml,2013,14,DIOQZVSQGTUSAI-UHFFFAOYSA-N,YPFDHNVEDLHUCE-UHFFFAOYSA-N,decane,"1,3-propanediol",411.1,256.0,5.545177444479562,Chromatography,True,train,4.940524996718328
je020196d.xml,2003,24,DIOQZVSQGTUSAI-UHFFFAOYSA-N,ZIBGPFATKBEMQZ-UHFFFAOYSA-N,decane,triethylene glycol,323.15,252.0811,5.529750861133564,Chromatography,True,train,5.255515412224286
je020196d.xml,2003,24,DIOQZVSQGTUSAI-UHFFFAOYSA-N,ZIBGPFATKBEMQZ-UHFFFAOYSA-N,decane,triethylene glycol,333.15,219.485,5.391283893050297,Chromatography,True,train,5.1082080413840165
je020196d.xml,2003,24,DIOQZVSQGTUSAI-UHFFFAOYSA-N,ZIBGPFATKBEMQZ-UHFFFAOYSA-N,decane,triethylene glycol,343.15,196.3944,5.280124882275566,Chromatography,True,train,4.96703069268129
je020196d.xml,2003,24,DIOQZVSQGTUSAI-UHFFFAOYSA-N,ZIBGPFATKBEMQZ-UHFFFAOYSA-N,decane,triethylene glycol,353.15,161.912,5.087052977763904,Chromatography,True,train,4.831949094364068
je020196d.xml,2003,24,DIOQZVSQGTUSAI-UHFFFAOYSA-N,ZIBGPFATKBEMQZ-UHFFFAOYSA-N,decane,triethylene glycol,363.15,140.5329,4.945441625062828,Chromatography,True,train,4.702815172355912
je020196d.xml,2003,24,DIOQZVSQGTUSAI-UHFFFAOYSA-N,ZIBGPFATKBEMQZ-UHFFFAOYSA-N,decane,triethylene glycol,373.15,125.205,4.829952393970809,Chromatography,True,train,4.579405778179935
je020196d.xml,2003,24,DIOQZVSQGTUSAI-UHFFFAOYSA-N,ZIBGPFATKBEMQZ-UHFFFAOYSA-N,decane,triethylene glycol,383.15,107.3318,4.675924971059971,Chromatography,True,train,4.46145220933771
je020196d.xml,2003,24,DIOQZVSQGTUSAI-UHFFFAOYSA-N,ZIBGPFATKBEMQZ-UHFFFAOYSA-N,decane,triethylene glycol,393.15,95.5871,4.5600378737140135,Chromatography,True,train,4.348662048637657
je600567z.xml,2007,11,DKGAVHZHDRPRBM-UHFFFAOYSA-N,XLYOFNOQVPJJNP-UHFFFAOYSA-N,2-methyl-2-propanol,water,299.15,13.1,2.5726122302071057,headspace analysis,True,train,9.577400626643046
je600567z.xml,2007,11,DKGAVHZHDRPRBM-UHFFFAOYSA-N,XLYOFNOQVPJJNP-UHFFFAOYSA-N,2-methyl-2-propanol,water,303.15,14.4,2.667228206581955,headspace analysis,True,train,9.502468560295652
je600567z.xml,2007,11,DKGAVHZHDRPRBM-UHFFFAOYSA-N,XLYOFNOQVPJJNP-UHFFFAOYSA-N,2-methyl-2-propanol,water,313.15,16.9,2.827313621929028,headspace analysis,True,train,9.315014445687027
je600567z.xml,2007,12,DKGAVHZHDRPRBM-UHFFFAOYSA-N,XLYOFNOQVPJJNP-UHFFFAOYSA-N,2-methyl-2-propanol,water,323.15,19.9,2.990719731730447,Rayleigh distallation,True,train,9.128165056387129
je600567z.xml,2007,12,DKGAVHZHDRPRBM-UHFFFAOYSA-N,XLYOFNOQVPJJNP-UHFFFAOYSA-N,2-methyl-2-propanol,water,333.15,21.8,3.0819099697950434,Rayleigh distallation,True,train,8.942761353441515
je600567z.xml,2007,12,DKGAVHZHDRPRBM-UHFFFAOYSA-N,XLYOFNOQVPJJNP-UHFFFAOYSA-N,2-methyl-2-propanol,water,343.15,23.5,3.157000421150113,Rayleigh distallation,True,train,8.759499624709445
je600567z.xml,2007,13,DKGAVHZHDRPRBM-UHFFFAOYSA-N,XLYOFNOQVPJJNP-UHFFFAOYSA-N,2-methyl-2-propanol,water,353.15,25.4,3.2347491740244907,circulation equilibrium still,True,train,8.578947590876348
je600567z.xml,2007,13,DKGAVHZHDRPRBM-UHFFFAOYSA-N,XLYOFNOQVPJJNP-UHFFFAOYSA-N,2-methyl-2-propanol,water,363.15,26.3,3.269568939183719,circulation equilibrium still,True,train,8.401559188237293
je600567z.xml,2007,13,DKGAVHZHDRPRBM-UHFFFAOYSA-N,XLYOFNOQVPJJNP-UHFFFAOYSA-N,2-methyl-2-propanol,water,371.15,27.4,3.310543013394025,circulation equilibrium still,True,train,8.262167155750939
je1005517.xml,2011,37,DKPFZGUDAPQIHT-UHFFFAOYSA-N,BTFJIXJJCSYFAL-UHFFFAOYSA-N,"acetic acid, butyl ester",1-eicosanol,338.15,0.14,-1.9661128563728327,GC,True,train,0.5414198233901423
je1005517.xml,2011,37,DKPFZGUDAPQIHT-UHFFFAOYSA-N,BTFJIXJJCSYFAL-UHFFFAOYSA-N,"acetic acid, butyl ester",1-eicosanol,343.15,0.1312,-2.031032402472148,GC,True,train,0.5241534133869057
je1005517.xml,2011,37,DKPFZGUDAPQIHT-UHFFFAOYSA-N,BTFJIXJJCSYFAL-UHFFFAOYSA-N,"acetic acid, butyl ester",1-eicosanol,348.15,0.1229,-2.096384262410148,GC,True,train,0.5075416150200437
je1005517.xml,2011,37,DKPFZGUDAPQIHT-UHFFFAOYSA-N,BTFJIXJJCSYFAL-UHFFFAOYSA-N,"acetic acid, butyl ester",1-eicosanol,353.15,0.1152,-2.1610855307203463,GC,True,train,0.4915497706038729
je1005517.xml,2011,15,DKPFZGUDAPQIHT-UHFFFAOYSA-N,GLDOVTGHNKAZLK-UHFFFAOYSA-N,"acetic acid, butyl ester",1-octadecanol,333.15,0.0526,-2.945039159238473,GC,True,train,0.4817816123444048
je1005517.xml,2011,15,DKPFZGUDAPQIHT-UHFFFAOYSA-N,GLDOVTGHNKAZLK-UHFFFAOYSA-N,"acetic acid, butyl ester",1-octadecanol,338.15,0.0468,-3.061872076058536,GC,True,train,0.46570529169824265
je1005517.xml,2011,15,DKPFZGUDAPQIHT-UHFFFAOYSA-N,GLDOVTGHNKAZLK-UHFFFAOYSA-N,"acetic acid, butyl ester",1-octadecanol,343.15,0.0428,-3.151217176394386,GC,True,train,0.450276122019058
je1005517.xml,2011,15,DKPFZGUDAPQIHT-UHFFFAOYSA-N,GLDOVTGHNKAZLK-UHFFFAOYSA-N,"acetic acid, butyl ester",1-octadecanol,348.15,0.0391,-3.241632811990817,GC,True,train,0.43545865489668534
je1005517.xml,2011,15,DKPFZGUDAPQIHT-UHFFFAOYSA-N,GLDOVTGHNKAZLK-UHFFFAOYSA-N,"acetic acid, butyl ester",1-octadecanol,353.15,0.0358,-3.3298073855754824,GC,True,train,0.4212196047068543
j.fluid.2016.10.009.xml,2017,12,DKPFZGUDAPQIHT-UHFFFAOYSA-N,JUJWROOIHBZHMG-UHFFFAOYSA-N,butyl acetate,pyridine,298.15,1.15,0.1397619423751586,Other,True,train,0.2728037059095701
je200628n.xml,2011,21,DKPFZGUDAPQIHT-UHFFFAOYSA-N,PWGJDPKCLMLPJW-UHFFFAOYSA-N,n-butyl acetate,"1,8-diaminooctane",328.15,1.509,0.4114471797857117,Chromatography,True,train,-0.46349556587630963
je200628n.xml,2011,21,DKPFZGUDAPQIHT-UHFFFAOYSA-N,PWGJDPKCLMLPJW-UHFFFAOYSA-N,n-butyl acetate,"1,8-diaminooctane",338.15,1.247,0.2207406666978995,Chromatography,True,train,-0.3013670472503563
je200628n.xml,2011,21,DKPFZGUDAPQIHT-UHFFFAOYSA-N,PWGJDPKCLMLPJW-UHFFFAOYSA-N,n-butyl acetate,"1,8-diaminooctane",343.15,1.144,0.134530892957606,Chromatography,True,train,-0.23695254148710732
je200628n.xml,2011,21,DKPFZGUDAPQIHT-UHFFFAOYSA-N,PWGJDPKCLMLPJW-UHFFFAOYSA-N,n-butyl acetate,"1,8-diaminooctane",348.15,1.053,0.0516432331518383,Chromatography,True,train,-0.18155509207097675
j.fluid.2014.05.023.xml,2014,2,DKPFZGUDAPQIHT-UHFFFAOYSA-N,XLYOFNOQVPJJNP-UHFFFAOYSA-N,butyl ethanoate,water,273.35,613.0,6.418364935936212,Chromatography,True,train,17.65916558311045
j.fluid.2014.05.023.xml,2014,2,DKPFZGUDAPQIHT-UHFFFAOYSA-N,XLYOFNOQVPJJNP-UHFFFAOYSA-N,butyl ethanoate,water,283.15,799.0,6.683360945766275,Chromatography,True,train,17.293637125133632
j.fluid.2014.05.023.xml,2014,2,DKPFZGUDAPQIHT-UHFFFAOYSA-N,XLYOFNOQVPJJNP-UHFFFAOYSA-N,butyl ethanoate,water,293.15,942.0,6.848005274576363,Chromatography,True,train,16.91593973011361
j.fluid.2014.05.023.xml,2014,2,DKPFZGUDAPQIHT-UHFFFAOYSA-N,XLYOFNOQVPJJNP-UHFFFAOYSA-N,butyl ethanoate,water,298.15,1043.0,6.949856455000773,Chromatography,True,train,16.72640742936868
j.fluid.2014.05.023.xml,2014,2,DKPFZGUDAPQIHT-UHFFFAOYSA-N,XLYOFNOQVPJJNP-UHFFFAOYSA-N,butyl ethanoate,water,303.15,1081.0,6.985641817639208,Chromatography,True,train,16.536928824383196
j.fluid.2014.05.023.xml,2014,2,DKPFZGUDAPQIHT-UHFFFAOYSA-N,XLYOFNOQVPJJNP-UHFFFAOYSA-N,butyl ethanoate,water,313.15,1145.0,7.0431599159883405,Chromatography,True,train,16.159439262579607
j.fluid.2014.05.023.xml,2014,2,DKPFZGUDAPQIHT-UHFFFAOYSA-N,XLYOFNOQVPJJNP-UHFFFAOYSA-N,butyl ethanoate,water,323.15,1161.0,7.057036981697891,Chromatography,True,train,15.785754811093396
j.fluid.2014.05.023.xml,2014,2,DKPFZGUDAPQIHT-UHFFFAOYSA-N,XLYOFNOQVPJJNP-UHFFFAOYSA-N,butyl ethanoate,water,333.15,1138.0,7.037027614686276,Chromatography,True,train,15.417684071995689
j.jct.2013.05.011.xml,2013,18,DMEGYFMYUHOHGS-UHFFFAOYSA-N,MTHSVFCYNBDYFN-UHFFFAOYSA-N,cycloheptane,diethylene glycol,333.2,52.38,3.958524839079566,Chromatography,True,test_one,4.6528237480474735
j.jct.2013.05.011.xml,2013,18,DMEGYFMYUHOHGS-UHFFFAOYSA-N,MTHSVFCYNBDYFN-UHFFFAOYSA-N,cycloheptane,diethylene glycol,348.2,47.41,3.8588331769140254,Chromatography,True,test_one,4.477160940100521
j.jct.2013.05.011.xml,2013,18,DMEGYFMYUHOHGS-UHFFFAOYSA-N,MTHSVFCYNBDYFN-UHFFFAOYSA-N,cycloheptane,diethylene glycol,363.2,42.11,3.740285242173836,Chromatography,True,test_one,4.311816412314107
j.jct.2013.02.006.xml,2013,39,DMEGYFMYUHOHGS-UHFFFAOYSA-N,SECXISVLQFMRJM-UHFFFAOYSA-N,cycloheptane,1-methylpyrrolidone,333.2,7.51,2.0162354657760435,Chromatography,True,train,0.8741494895867253
j.jct.2013.02.006.xml,2013,39,DMEGYFMYUHOHGS-UHFFFAOYSA-N,SECXISVLQFMRJM-UHFFFAOYSA-N,cycloheptane,1-methylpyrrolidone,348.2,6.71,1.9035989509835904,Chromatography,True,train,0.8779492765008926
j.jct.2013.02.006.xml,2013,39,DMEGYFMYUHOHGS-UHFFFAOYSA-N,SECXISVLQFMRJM-UHFFFAOYSA-N,cycloheptane,1-methylpyrrolidone,363.2,6.8,1.916922612182061,Chromatography,True,train,0.8781295819896153
j.jct.2013.05.011.xml,2013,41,DMEGYFMYUHOHGS-UHFFFAOYSA-N,ZIBGPFATKBEMQZ-UHFFFAOYSA-N,cycloheptane,triethylene glycol,333.2,29.55,3.386083743852107,Chromatography,True,train,3.3936025820167712
j.jct.2013.05.011.xml,2013,41,DMEGYFMYUHOHGS-UHFFFAOYSA-N,ZIBGPFATKBEMQZ-UHFFFAOYSA-N,cycloheptane,triethylene glycol,348.2,22.34,3.1063787936410545,Chromatography,True,train,3.253470441223366
j.jct.2013.05.011.xml,2013,41,DMEGYFMYUHOHGS-UHFFFAOYSA-N,ZIBGPFATKBEMQZ-UHFFFAOYSA-N,cycloheptane,triethylene glycol,363.2,19.83,2.9871959425317045,Chromatography,True,train,3.1224579622966946
je200628n.xml,2011,26,DURPTKYDGMDSBL-UHFFFAOYSA-N,PWGJDPKCLMLPJW-UHFFFAOYSA-N,butyl oxide,"1,8-diaminooctane",328.15,8.791,2.1737284708690416,Chromatography,True,test_one,0.29519064528275435
je200628n.xml,2011,26,DURPTKYDGMDSBL-UHFFFAOYSA-N,PWGJDPKCLMLPJW-UHFFFAOYSA-N,butyl oxide,"1,8-diaminooctane",338.15,7.793,2.053225894861424,Chromatography,True,test_one,0.3775693811940386
je200628n.xml,2011,26,DURPTKYDGMDSBL-UHFFFAOYSA-N,PWGJDPKCLMLPJW-UHFFFAOYSA-N,butyl oxide,"1,8-diaminooctane",343.15,7.418,2.0039094790673992,Chromatography,True,test_one,0.40996736758069235
je200628n.xml,2011,26,DURPTKYDGMDSBL-UHFFFAOYSA-N,PWGJDPKCLMLPJW-UHFFFAOYSA-N,butyl oxide,"1,8-diaminooctane",348.15,7.177,1.9708814684479348,Chromatography,True,test_one,0.43757247717389425
j.fluid.2014.05.023.xml,2014,3,FKRCODPIKNYEAC-UHFFFAOYSA-N,XLYOFNOQVPJJNP-UHFFFAOYSA-N,ethyl propanoate,water,293.15,252.0,5.529429087511423,Chromatography,True,train,13.920976663415573
j.fluid.2014.05.023.xml,2014,3,FKRCODPIKNYEAC-UHFFFAOYSA-N,XLYOFNOQVPJJNP-UHFFFAOYSA-N,ethyl propanoate,water,303.15,291.0,5.673323267171493,Chromatography,True,train,13.623919883400903
j.fluid.2014.05.023.xml,2014,3,FKRCODPIKNYEAC-UHFFFAOYSA-N,XLYOFNOQVPJJNP-UHFFFAOYSA-N,ethyl propanoate,water,313.15,312.0,5.7430031878094825,Chromatography,True,train,13.326015471448777
j.fluid.2014.05.023.xml,2014,3,FKRCODPIKNYEAC-UHFFFAOYSA-N,XLYOFNOQVPJJNP-UHFFFAOYSA-N,ethyl propanoate,water,323.15,329.0,5.796057750765372,Chromatography,True,train,13.029482208855576
j.fluid.2014.05.023.xml,2014,3,FKRCODPIKNYEAC-UHFFFAOYSA-N,XLYOFNOQVPJJNP-UHFFFAOYSA-N,ethyl propanoate,water,333.15,343.0,5.83773044716594,Chromatography,True,train,12.736090614091422
j.fluid.2014.05.023.xml,2014,3,FKRCODPIKNYEAC-UHFFFAOYSA-N,XLYOFNOQVPJJNP-UHFFFAOYSA-N,ethyl propanoate,water,341.15,332.0,5.805134968916488,Chromatography,True,train,12.50458378248826
j.fluid.2014.05.023.xml,2014,3,FKRCODPIKNYEAC-UHFFFAOYSA-N,XLYOFNOQVPJJNP-UHFFFAOYSA-N,ethyl propanoate,water,341.15,328.0,5.793013608384144,Chromatography,True,train,12.50458378248826
j.fluid.2014.05.023.xml,2014,3,FKRCODPIKNYEAC-UHFFFAOYSA-N,XLYOFNOQVPJJNP-UHFFFAOYSA-N,ethyl propanoate,water,351.15,366.0,5.902633333401366,Chromatography,True,train,12.220127609495657
j.fluid.2014.05.023.xml,2014,3,FKRCODPIKNYEAC-UHFFFAOYSA-N,XLYOFNOQVPJJNP-UHFFFAOYSA-N,ethyl propanoate,water,351.15,321.0,5.771441123130016,Chromatography,True,train,12.220127609495657
j.fluid.2014.05.023.xml,2014,3,FKRCODPIKNYEAC-UHFFFAOYSA-N,XLYOFNOQVPJJNP-UHFFFAOYSA-N,ethyl propanoate,water,361.25,283.0,5.645446897643238,Chromatography,True,train,11.939173990947339
je800517r.xml,2008,11,FXHOOIRPVKKKFG-UHFFFAOYSA-N,XLYOFNOQVPJJNP-UHFFFAOYSA-N,"N,N-dimethylacetamide",water,343.15,1.27,0.2390169004704999,"comparative ebulliometry, circulation still, and differential distillation method",True,train,7.702364734354595
je800517r.xml,2008,11,FXHOOIRPVKKKFG-UHFFFAOYSA-N,XLYOFNOQVPJJNP-UHFFFAOYSA-N,"N,N-dimethylacetamide",water,343.51,1.29,0.2546422183735807,"comparative ebulliometry, circulation still, and differential distillation method",True,train,7.698722344060986
je800517r.xml,2008,11,FXHOOIRPVKKKFG-UHFFFAOYSA-N,XLYOFNOQVPJJNP-UHFFFAOYSA-N,"N,N-dimethylacetamide",water,349.03,1.46,0.378436435720245,"comparative ebulliometry, circulation still, and differential distillation method",True,train,7.641890580555662
je800517r.xml,2008,11,FXHOOIRPVKKKFG-UHFFFAOYSA-N,XLYOFNOQVPJJNP-UHFFFAOYSA-N,"N,N-dimethylacetamide",water,351.15,1.37,0.3148107398400336,"comparative ebulliometry, circulation still, and differential distillation method",True,train,7.619609323687873
je800517r.xml,2008,11,FXHOOIRPVKKKFG-UHFFFAOYSA-N,XLYOFNOQVPJJNP-UHFFFAOYSA-N,"N,N-dimethylacetamide",water,353.5,1.72,0.5423242908253617,"comparative ebulliometry, circulation still, and differential distillation method",True,train,7.594643332744295
je800517r.xml,2008,11,FXHOOIRPVKKKFG-UHFFFAOYSA-N,XLYOFNOQVPJJNP-UHFFFAOYSA-N,"N,N-dimethylacetamide",water,353.5,1.79,0.5822156198526637,"comparative ebulliometry, circulation still, and differential distillation method",True,train,7.594643332744295
je800517r.xml,2008,11,FXHOOIRPVKKKFG-UHFFFAOYSA-N,XLYOFNOQVPJJNP-UHFFFAOYSA-N,"N,N-dimethylacetamide",water,363.87,2.06,0.7227059828014898,"comparative ebulliometry, circulation still, and differential distillation method",True,train,7.481583724224438
je800517r.xml,2008,11,FXHOOIRPVKKKFG-UHFFFAOYSA-N,XLYOFNOQVPJJNP-UHFFFAOYSA-N,"N,N-dimethylacetamide",water,363.87,2.24,0.8064758658669485,"comparative ebulliometry, circulation still, and differential distillation method",True,train,7.481583724224438
je800517r.xml,2008,11,FXHOOIRPVKKKFG-UHFFFAOYSA-N,XLYOFNOQVPJJNP-UHFFFAOYSA-N,"N,N-dimethylacetamide",water,370.86,2.12,0.7514160886839212,"comparative ebulliometry, circulation still, and differential distillation method",True,train,7.403234928150337
je800517r.xml,2008,11,FXHOOIRPVKKKFG-UHFFFAOYSA-N,XLYOFNOQVPJJNP-UHFFFAOYSA-N,"N,N-dimethylacetamide",water,372.28,2.05,0.7178397931503168,"comparative ebulliometry, circulation still, and differential distillation method",True,train,7.387152276428425
j.jct.2010.04.011.xml,2010,15,GDOPTJXRTPNYNR-UHFFFAOYSA-N,IAZDPXIOMUYVGZ-UHFFFAOYSA-N,methylcyclopentane,dimethyl sulfoxide,298.0,29.5,3.3843902633457743,Chromatography,True,test_one,1.7560545970910557
j.jct.2014.06.006.xml,2014,18,GDOPTJXRTPNYNR-UHFFFAOYSA-N,XNWFRZJHXBZDAG-UHFFFAOYSA-N,methylcyclopentane,methyl cellosolve,298.0,11.0,2.3978952727983707,Chromatography,True,train,2.8985169598915275
je1005517.xml,2011,32,HEDRZPFGACZZDS-UHFFFAOYSA-N,BTFJIXJJCSYFAL-UHFFFAOYSA-N,chloroform,1-eicosanol,338.15,0.0632,-2.761450977829325,GC,True,train,0.18094079869106722
je1005517.xml,2011,32,HEDRZPFGACZZDS-UHFFFAOYSA-N,BTFJIXJJCSYFAL-UHFFFAOYSA-N,chloroform,1-eicosanol,343.15,0.0622,-2.7774002792370034,GC,True,train,0.17793503359949334
je1005517.xml,2011,32,HEDRZPFGACZZDS-UHFFFAOYSA-N,BTFJIXJJCSYFAL-UHFFFAOYSA-N,chloroform,1-eicosanol,348.15,0.0612,-2.7936080894638566,GC,True,train,0.17473144467763554
je1005517.xml,2011,32,HEDRZPFGACZZDS-UHFFFAOYSA-N,BTFJIXJJCSYFAL-UHFFFAOYSA-N,chloroform,1-eicosanol,353.15,0.0604,-2.806766174041368,GC,True,train,0.17134785459255975
j.jct.2012.12.009.xml,2013,71,HEDRZPFGACZZDS-UHFFFAOYSA-N,DTOSIQBPPRVQHS-PDBXOOCHSA-N,freon 20,"9,12,15-octadecatrienoic acid",303.13,0.613,-0.4893903430459256,Chromatography,True,train,
j.jct.2012.12.009.xml,2013,71,HEDRZPFGACZZDS-UHFFFAOYSA-N,DTOSIQBPPRVQHS-PDBXOOCHSA-N,freon 20,"9,12,15-octadecatrienoic acid",313.24,0.621,-0.4764241970486583,Chromatography,True,train,
j.jct.2012.12.009.xml,2013,71,HEDRZPFGACZZDS-UHFFFAOYSA-N,DTOSIQBPPRVQHS-PDBXOOCHSA-N,freon 20,"9,12,15-octadecatrienoic acid",323.24,0.623,-0.4732087601946839,Chromatography,True,train,
j.jct.2012.06.009.xml,2012,13,HEDRZPFGACZZDS-UHFFFAOYSA-N,GHVNFZFCNZKVNT-UHFFFAOYSA-N,"methane, trichloro-",capric acid,314.1,0.823,-0.1947990783050673,Chromatography,True,train,-0.05313850164004704
j.jct.2012.06.009.xml,2012,13,HEDRZPFGACZZDS-UHFFFAOYSA-N,GHVNFZFCNZKVNT-UHFFFAOYSA-N,"methane, trichloro-",capric acid,314.24,0.846,-0.1672359193759138,Chromatography,True,train,-0.053050191555413406
j.jct.2012.06.009.xml,2012,13,HEDRZPFGACZZDS-UHFFFAOYSA-N,GHVNFZFCNZKVNT-UHFFFAOYSA-N,"methane, trichloro-",capric acid,333.26,0.85,-0.1625189294977749,Chromatography,True,train,-0.04304061132271215
j.jct.2012.06.009.xml,2012,13,HEDRZPFGACZZDS-UHFFFAOYSA-N,GHVNFZFCNZKVNT-UHFFFAOYSA-N,"methane, trichloro-",capric acid,333.38,0.827,-0.1899505839584458,Chromatography,True,train,-0.04298866171996486
j.jct.2012.06.009.xml,2012,13,HEDRZPFGACZZDS-UHFFFAOYSA-N,GHVNFZFCNZKVNT-UHFFFAOYSA-N,"methane, trichloro-",capric acid,353.3,0.825,-0.1923718926474561,Chromatography,True,train,-0.035946102935879555
je1005517.xml,2011,10,HEDRZPFGACZZDS-UHFFFAOYSA-N,GLDOVTGHNKAZLK-UHFFFAOYSA-N,chloroform,1-octadecanol,333.15,0.0227,-3.78539035449478,GC,True,train,0.11253809934421903
je1005517.xml,2011,10,HEDRZPFGACZZDS-UHFFFAOYSA-N,GLDOVTGHNKAZLK-UHFFFAOYSA-N,chloroform,1-octadecanol,338.15,0.022,-3.816712825623821,GC,True,train,0.11136061581710684
je1005517.xml,2011,10,HEDRZPFGACZZDS-UHFFFAOYSA-N,GLDOVTGHNKAZLK-UHFFFAOYSA-N,chloroform,1-octadecanol,343.15,0.0214,-3.844364356954331,GC,True,train,0.10994357825332453
je1005517.xml,2011,10,HEDRZPFGACZZDS-UHFFFAOYSA-N,GLDOVTGHNKAZLK-UHFFFAOYSA-N,chloroform,1-octadecanol,348.15,0.0208,-3.872802292274865,GC,True,train,0.10830615472555137
je1005517.xml,2011,10,HEDRZPFGACZZDS-UHFFFAOYSA-N,GLDOVTGHNKAZLK-UHFFFAOYSA-N,chloroform,1-octadecanol,353.15,0.0202,-3.902072674574978,GC,True,train,0.10646615605128988
j.jct.2012.06.009.xml,2012,77,HEDRZPFGACZZDS-UHFFFAOYSA-N,IPCSVZSSVZVIGE-UHFFFAOYSA-N,"methane, trichloro-",hexadecanoic acid,340.19,0.748,-0.2903523010076598,Chromatography,True,train,0.17620577263294393
j.jct.2012.06.009.xml,2012,77,HEDRZPFGACZZDS-UHFFFAOYSA-N,IPCSVZSSVZVIGE-UHFFFAOYSA-N,"methane, trichloro-",hexadecanoic acid,348.01,0.739,-0.3024573580339353,Chromatography,True,train,0.16919146102941326
j.jct.2012.06.009.xml,2012,77,HEDRZPFGACZZDS-UHFFFAOYSA-N,IPCSVZSSVZVIGE-UHFFFAOYSA-N,"methane, trichloro-",hexadecanoic acid,358.22,0.759,-0.2757535015865071,Chromatography,True,train,0.15990332350154113
j.jct.2012.12.009.xml,2013,54,HEDRZPFGACZZDS-UHFFFAOYSA-N,OYHQOLUKZRVURQ-HZJYTTRNSA-N,freon 20,linoleic acid,338.28,0.642,-0.4431669752921758,Chromatography,True,train,0.1947170419390394
j.jct.2012.12.009.xml,2013,54,HEDRZPFGACZZDS-UHFFFAOYSA-N,OYHQOLUKZRVURQ-HZJYTTRNSA-N,freon 20,linoleic acid,338.28,0.644,-0.4400565528777834,Chromatography,True,train,0.1947170419390394
j.jct.2012.12.009.xml,2013,54,HEDRZPFGACZZDS-UHFFFAOYSA-N,OYHQOLUKZRVURQ-HZJYTTRNSA-N,freon 20,linoleic acid,348.31,0.674,-0.3945251680698299,Chromatography,True,train,0.18391973959562993
j.jct.2012.12.009.xml,2013,54,HEDRZPFGACZZDS-UHFFFAOYSA-N,OYHQOLUKZRVURQ-HZJYTTRNSA-N,freon 20,linoleic acid,348.28,0.689,-0.3725140079684785,Chromatography,True,train,0.18395199155692712
j.jct.2012.12.009.xml,2013,54,HEDRZPFGACZZDS-UHFFFAOYSA-N,OYHQOLUKZRVURQ-HZJYTTRNSA-N,freon 20,linoleic acid,358.3,0.734,-0.3092462503676215,Chromatography,True,train,0.17320410880066262
j.jct.2012.06.009.xml,2012,34,HEDRZPFGACZZDS-UHFFFAOYSA-N,POULHZVOKOAJMA-UHFFFAOYSA-N,"methane, trichloro-",lauric acid,314.1,0.81,-0.2107210313156525,Chromatography,True,train,-0.012863405212968112
j.jct.2012.06.009.xml,2012,34,HEDRZPFGACZZDS-UHFFFAOYSA-N,POULHZVOKOAJMA-UHFFFAOYSA-N,"methane, trichloro-",lauric acid,314.24,0.81,-0.2107210313156525,Chromatography,True,train,-0.01280182557089225
j.jct.2012.06.009.xml,2012,34,HEDRZPFGACZZDS-UHFFFAOYSA-N,POULHZVOKOAJMA-UHFFFAOYSA-N,"methane, trichloro-",lauric acid,333.26,0.832,-0.1839228381609285,Chromatography,True,train,-0.006445597556807895
j.jct.2012.06.009.xml,2012,34,HEDRZPFGACZZDS-UHFFFAOYSA-N,POULHZVOKOAJMA-UHFFFAOYSA-N,"methane, trichloro-",lauric acid,333.38,0.818,-0.20089294237939,Chromatography,True,train,-0.006416882759964835
j.jct.2012.06.009.xml,2012,34,HEDRZPFGACZZDS-UHFFFAOYSA-N,POULHZVOKOAJMA-UHFFFAOYSA-N,"methane, trichloro-",lauric acid,353.3,0.839,-0.1755445725149309,Chromatography,True,train,-0.003264200896339926
j.jct.2012.12.009.xml,2013,13,HEDRZPFGACZZDS-UHFFFAOYSA-N,QIQXTHQIDYTFRH-UHFFFAOYSA-N,freon 20,n-octadecanoic acid,349.47,0.734,-0.3092462503676215,Chromatography,True,train,0.19776034507602305
j.jct.2012.12.009.xml,2013,13,HEDRZPFGACZZDS-UHFFFAOYSA-N,QIQXTHQIDYTFRH-UHFFFAOYSA-N,freon 20,n-octadecanoic acid,358.39,0.704,-0.3509769228240947,Chromatography,True,train,0.18847733941609746
j.jct.2012.12.009.xml,2013,13,HEDRZPFGACZZDS-UHFFFAOYSA-N,QIQXTHQIDYTFRH-UHFFFAOYSA-N,freon 20,n-octadecanoic acid,368.13,0.694,-0.3652833184753326,Chromatography,True,train,0.1782215118205594
j.jct.2012.06.009.xml,2012,56,HEDRZPFGACZZDS-UHFFFAOYSA-N,TUNFSRHWOTWDNC-UHFFFAOYSA-N,"methane, trichloro-",tetradecanoic acid,314.1,0.743,-0.2970592342643779,Chromatography,True,train,0.07397907434710949
j.jct.2012.06.009.xml,2012,56,HEDRZPFGACZZDS-UHFFFAOYSA-N,TUNFSRHWOTWDNC-UHFFFAOYSA-N,"methane, trichloro-",tetradecanoic acid,314.24,0.743,-0.2970592342643779,Chromatography,True,train,0.0739860419149152
j.jct.2012.06.009.xml,2012,56,HEDRZPFGACZZDS-UHFFFAOYSA-N,TUNFSRHWOTWDNC-UHFFFAOYSA-N,"methane, trichloro-",tetradecanoic acid,333.26,0.739,-0.3024573580339353,Chromatography,True,train,0.07333747395877131
j.jct.2012.06.009.xml,2012,56,HEDRZPFGACZZDS-UHFFFAOYSA-N,TUNFSRHWOTWDNC-UHFFFAOYSA-N,"methane, trichloro-",tetradecanoic acid,333.38,0.74,-0.3011050927839216,Chromatography,True,train,0.07332424983666576
j.jct.2012.06.009.xml,2012,56,HEDRZPFGACZZDS-UHFFFAOYSA-N,TUNFSRHWOTWDNC-UHFFFAOYSA-N,"methane, trichloro-",tetradecanoic acid,353.25,0.746,-0.2930296787783762,Chromatography,True,train,0.06982543175876253
j.jct.2012.06.009.xml,2012,56,HEDRZPFGACZZDS-UHFFFAOYSA-N,TUNFSRHWOTWDNC-UHFFFAOYSA-N,"methane, trichloro-",tetradecanoic acid,353.3,0.727,-0.3188288014486177,Chromatography,True,train,0.06981364143584344
j.tca.2015.11.010.xml,2016,26,HFPZCAJZSCWRBC-UHFFFAOYSA-N,ATHHXGZTWNVVOU-UHFFFAOYSA-N,p-cymene,N-methylformamide,298.15,22.3,3.104586678466073,Chromatography,True,train,3.358462324080355
j.jct.2010.04.011.xml,2010,5,HFPZCAJZSCWRBC-UHFFFAOYSA-N,IAZDPXIOMUYVGZ-UHFFFAOYSA-N,p-cymene,dimethyl sulfoxide,298.0,15.1,2.714694743820879,Chromatography,True,test_one,1.0292200102374938
j.jct.2014.06.006.xml,2014,31,HFPZCAJZSCWRBC-UHFFFAOYSA-N,XNWFRZJHXBZDAG-UHFFFAOYSA-N,p-cymene,methyl cellosolve,298.0,10.0,2.302585092994046,Chromatography,True,train,2.7214344634539676
j.fluid.2015.01.010.xml,2015,2,HGBOYTHUEUWSSQ-UHFFFAOYSA-N,XLYOFNOQVPJJNP-UHFFFAOYSA-N,valeraldehyde,water,298.15,220.0,5.393627546352362,Chromatography,True,train,13.305090938056797
j.fluid.2015.01.010.xml,2015,2,HGBOYTHUEUWSSQ-UHFFFAOYSA-N,XLYOFNOQVPJJNP-UHFFFAOYSA-N,valeraldehyde,water,303.15,260.0,5.560681631015528,Chromatography,True,train,13.155154908493163
j.fluid.2015.01.010.xml,2015,2,HGBOYTHUEUWSSQ-UHFFFAOYSA-N,XLYOFNOQVPJJNP-UHFFFAOYSA-N,valeraldehyde,water,308.15,276.0,5.62040086571715,Chromatography,True,train,13.005675884724715
j.fluid.2015.01.010.xml,2015,2,HGBOYTHUEUWSSQ-UHFFFAOYSA-N,XLYOFNOQVPJJNP-UHFFFAOYSA-N,valeraldehyde,water,313.15,302.0,5.71042701737487,Chromatography,True,train,12.85687555635222
j.fluid.2015.01.010.xml,2015,2,HGBOYTHUEUWSSQ-UHFFFAOYSA-N,XLYOFNOQVPJJNP-UHFFFAOYSA-N,valeraldehyde,water,318.15,324.0,5.780743515792329,Chromatography,True,train,12.708952249473153
j.fluid.2015.01.010.xml,2015,2,HGBOYTHUEUWSSQ-UHFFFAOYSA-N,XLYOFNOQVPJJNP-UHFFFAOYSA-N,valeraldehyde,water,323.15,339.0,5.82600010738045,Chromatography,True,train,12.562082500956524
j.fluid.2015.01.010.xml,2015,2,HGBOYTHUEUWSSQ-UHFFFAOYSA-N,XLYOFNOQVPJJNP-UHFFFAOYSA-N,valeraldehyde,water,328.15,350.0,5.857933154483459,Chromatography,True,train,12.416422579114684
j.jct.2010.04.011.xml,2010,10,HGCIXCUEYOPUTN-UHFFFAOYSA-N,IAZDPXIOMUYVGZ-UHFFFAOYSA-N,"1,2,3,4-tetrahydrobenzene",dimethyl sulfoxide,298.0,14.9,2.7013612129514133,Chromatography,True,test_one,1.0890070201917055
j.fluid.2016.10.009.xml,2017,19,HGCIXCUEYOPUTN-UHFFFAOYSA-N,JUJWROOIHBZHMG-UHFFFAOYSA-N,cyclohexene,pyridine,298.15,2.48,0.9082585601768908,Other,True,train,1.0672677139700126
je900686n.xml,2010,8,HGCIXCUEYOPUTN-UHFFFAOYSA-N,PEDCQBHIVMGVHV-UHFFFAOYSA-N,cyclohexene,glycerol,303.15,183.16,5.210360087788895,Chromatography,True,test_one,5.3075906505946735
je900686n.xml,2010,8,HGCIXCUEYOPUTN-UHFFFAOYSA-N,PEDCQBHIVMGVHV-UHFFFAOYSA-N,cyclohexene,glycerol,313.15,155.97,5.049663681063734,Chromatography,True,test_one,5.17785261538191
je900686n.xml,2010,8,HGCIXCUEYOPUTN-UHFFFAOYSA-N,PEDCQBHIVMGVHV-UHFFFAOYSA-N,cyclohexene,glycerol,323.15,126.13,4.837313121099101,Chromatography,True,test_one,5.049236969712578
je900686n.xml,2010,8,HGCIXCUEYOPUTN-UHFFFAOYSA-N,PEDCQBHIVMGVHV-UHFFFAOYSA-N,cyclohexene,glycerol,333.15,110.2,4.702296896718814,Chromatography,True,test_one,4.922719309333453
je900686n.xml,2010,8,HGCIXCUEYOPUTN-UHFFFAOYSA-N,PEDCQBHIVMGVHV-UHFFFAOYSA-N,cyclohexene,glycerol,343.15,88.38,4.481645699702594,Chromatography,True,test_one,4.799030031743334
j.jct.2014.06.006.xml,2014,22,HGCIXCUEYOPUTN-UHFFFAOYSA-N,XNWFRZJHXBZDAG-UHFFFAOYSA-N,cyclohexene,methyl cellosolve,298.0,7.4,2.0014800002101243,Chromatography,True,train,2.118297856542655
j.fluid.2015.01.010.xml,2015,1,HGINCPLSRVDWNT-UHFFFAOYSA-N,XLYOFNOQVPJJNP-UHFFFAOYSA-N,acrolein,water,298.15,20.9,3.039749158970765,Chromatography,True,train,6.887479932797433
j.fluid.2015.01.010.xml,2015,1,HGINCPLSRVDWNT-UHFFFAOYSA-N,XLYOFNOQVPJJNP-UHFFFAOYSA-N,acrolein,water,301.15,21.5,3.068052935133617,Chromatography,True,train,6.8381863221158765
j.fluid.2015.01.010.xml,2015,1,HGINCPLSRVDWNT-UHFFFAOYSA-N,XLYOFNOQVPJJNP-UHFFFAOYSA-N,acrolein,water,303.15,21.4,3.0633909220278057,Chromatography,True,train,6.805349324376336
j.fluid.2015.01.010.xml,2015,1,HGINCPLSRVDWNT-UHFFFAOYSA-N,XLYOFNOQVPJJNP-UHFFFAOYSA-N,acrolein,water,305.15,21.7,3.077312260546414,Chromatography,True,train,6.7725446451499804
j.fluid.2015.01.010.xml,2015,1,HGINCPLSRVDWNT-UHFFFAOYSA-N,XLYOFNOQVPJJNP-UHFFFAOYSA-N,acrolein,water,308.15,22.4,3.109060958860994,Chromatography,True,train,6.723419489526408
j.fluid.2015.01.010.xml,2015,1,HGINCPLSRVDWNT-UHFFFAOYSA-N,XLYOFNOQVPJJNP-UHFFFAOYSA-N,acrolein,water,310.15,22.6,3.1179499062782403,Chromatography,True,train,6.690737434050532
j.fluid.2015.01.010.xml,2015,1,HGINCPLSRVDWNT-UHFFFAOYSA-N,XLYOFNOQVPJJNP-UHFFFAOYSA-N,acrolein,water,313.15,23.1,3.139832617527748,Chromatography,True,train,6.641838225196637
j.fluid.2015.01.010.xml,2015,1,HGINCPLSRVDWNT-UHFFFAOYSA-N,XLYOFNOQVPJJNP-UHFFFAOYSA-N,acrolein,water,315.15,23.5,3.157000421150113,Chromatography,True,train,6.60933332549892
j.fluid.2015.01.010.xml,2015,1,HGINCPLSRVDWNT-UHFFFAOYSA-N,XLYOFNOQVPJJNP-UHFFFAOYSA-N,acrolein,water,318.15,24.0,3.1780538303479458,Chromatography,True,train,6.560737190886214
j.fluid.2015.01.010.xml,2015,1,HGINCPLSRVDWNT-UHFFFAOYSA-N,XLYOFNOQVPJJNP-UHFFFAOYSA-N,acrolein,water,320.15,24.1,3.1822118404966093,Chromatography,True,train,6.528457861855562
j.fluid.2015.01.010.xml,2015,1,HGINCPLSRVDWNT-UHFFFAOYSA-N,XLYOFNOQVPJJNP-UHFFFAOYSA-N,acrolein,water,323.15,24.1,3.1822118404966093,Chromatography,True,train,6.480233102834705
j.fluid.2015.01.010.xml,2015,1,HGINCPLSRVDWNT-UHFFFAOYSA-N,XLYOFNOQVPJJNP-UHFFFAOYSA-N,acrolein,water,325.15,24.3,3.190476350346503,Chromatography,True,train,6.448222102562696
j.fluid.2015.01.010.xml,2015,1,HGINCPLSRVDWNT-UHFFFAOYSA-N,XLYOFNOQVPJJNP-UHFFFAOYSA-N,acrolein,water,328.15,24.3,3.190476350346503,Chromatography,True,train,6.400428866553708
j.fluid.2015.01.010.xml,2015,1,HGINCPLSRVDWNT-UHFFFAOYSA-N,XLYOFNOQVPJJNP-UHFFFAOYSA-N,acrolein,water,330.15,24.5,3.198673117550681,Chromatography,True,train,6.368723732588564
j.fluid.2015.01.010.xml,2015,1,HGINCPLSRVDWNT-UHFFFAOYSA-N,XLYOFNOQVPJJNP-UHFFFAOYSA-N,acrolein,water,333.15,24.4,3.194583132299156,Chromatography,True,train,6.32141464990801
j.jct.2005.08.004.xml,2006,67,HRYZWHHZPQKTII-UHFFFAOYSA-N,AMQJEAYHLZJPGS-UHFFFAOYSA-N,chloroethane,1-pentanol,270.06,2.49,0.9122827104766164,Chromatography,True,test_one,0.8667164934404386
j.jct.2005.08.004.xml,2006,67,HRYZWHHZPQKTII-UHFFFAOYSA-N,AMQJEAYHLZJPGS-UHFFFAOYSA-N,chloroethane,1-pentanol,290.0,2.37,0.8628899551470398,Chromatography,True,test_one,0.754011961927199
j.jct.2005.08.004.xml,2006,67,HRYZWHHZPQKTII-UHFFFAOYSA-N,AMQJEAYHLZJPGS-UHFFFAOYSA-N,chloroethane,1-pentanol,309.99,2.24,0.8064758658669485,Chromatography,True,test_one,0.655442486957238
j.jct.2005.08.004.xml,2006,67,HRYZWHHZPQKTII-UHFFFAOYSA-N,AMQJEAYHLZJPGS-UHFFFAOYSA-N,chloroethane,1-pentanol,330.0,2.08,0.7323678937132266,Chromatography,True,test_one,0.5706257188473499
j.jct.2005.08.004.xml,2006,75,HRYZWHHZPQKTII-UHFFFAOYSA-N,AQIXEPGDORPWBJ-UHFFFAOYSA-N,chloroethane,3-pentanol,259.98,3.62,1.2864740258376797,Chromatography,True,train,0.8121063507875935
j.jct.2005.08.004.xml,2006,75,HRYZWHHZPQKTII-UHFFFAOYSA-N,AQIXEPGDORPWBJ-UHFFFAOYSA-N,chloroethane,3-pentanol,270.03,3.34,1.205970806988609,Chromatography,True,train,0.7544515675664178
j.jct.2005.08.004.xml,2006,75,HRYZWHHZPQKTII-UHFFFAOYSA-N,AQIXEPGDORPWBJ-UHFFFAOYSA-N,chloroethane,3-pentanol,290.0,2.77,1.0188473201992472,Chromatography,True,train,0.6500384769988446
j.jct.2005.08.004.xml,2006,75,HRYZWHHZPQKTII-UHFFFAOYSA-N,AQIXEPGDORPWBJ-UHFFFAOYSA-N,chloroethane,3-pentanol,309.99,2.3,0.8329091229351039,Chromatography,True,train,0.5596125605646565
j.jct.2005.08.004.xml,2006,75,HRYZWHHZPQKTII-UHFFFAOYSA-N,AQIXEPGDORPWBJ-UHFFFAOYSA-N,chloroethane,3-pentanol,330.0,1.93,0.6575200029167941,Chromatography,True,train,0.48254939885270554
j.jct.2005.08.004.xml,2006,13,HRYZWHHZPQKTII-UHFFFAOYSA-N,BDERNNFJNOPAEC-UHFFFAOYSA-N,chloroethane,1-propanol,270.0,3.14,1.144222799920162,Chromatography,True,train,1.0458305065265603
j.jct.2005.08.004.xml,2006,13,HRYZWHHZPQKTII-UHFFFAOYSA-N,BDERNNFJNOPAEC-UHFFFAOYSA-N,chloroethane,1-propanol,289.99,3.04,1.1118575154181305,Chromatography,True,train,0.9316284327692267
j.jct.2005.08.004.xml,2006,13,HRYZWHHZPQKTII-UHFFFAOYSA-N,BDERNNFJNOPAEC-UHFFFAOYSA-N,chloroethane,1-propanol,309.99,2.91,1.0681530811834012,Chromatography,True,train,0.8284882140347573
j.jct.2005.08.004.xml,2006,13,HRYZWHHZPQKTII-UHFFFAOYSA-N,BDERNNFJNOPAEC-UHFFFAOYSA-N,chloroethane,1-propanol,330.0,2.77,1.0188473201992472,Chromatography,True,train,0.7376459430981068
je050343i.xml,2005,45,HRYZWHHZPQKTII-UHFFFAOYSA-N,CPJRRXSHAYUTGL-UHFFFAOYSA-N,chloroethane,3-methyl-3-buten-1-ol,269.95,2.35,0.8544153281560676,Chromatography,True,train,0.7420809375828037
je050343i.xml,2005,45,HRYZWHHZPQKTII-UHFFFAOYSA-N,CPJRRXSHAYUTGL-UHFFFAOYSA-N,chloroethane,3-methyl-3-buten-1-ol,289.9,2.32,0.8415671856782185,Chromatography,True,train,0.6555632157865651
je050343i.xml,2005,45,HRYZWHHZPQKTII-UHFFFAOYSA-N,CPJRRXSHAYUTGL-UHFFFAOYSA-N,chloroethane,3-methyl-3-buten-1-ol,309.99,2.23,0.8020015854720274,Chromatography,True,train,0.5794262131606351
je050343i.xml,2005,45,HRYZWHHZPQKTII-UHFFFAOYSA-N,CPJRRXSHAYUTGL-UHFFFAOYSA-N,chloroethane,3-methyl-3-buten-1-ol,330.0,1.99,0.688134638736401,Chromatography,True,train,0.5143878670560645
je060395n.xml,2007,125,HRYZWHHZPQKTII-UHFFFAOYSA-N,CTQNGGLPUBDAKN-UHFFFAOYSA-N,chloroethane,"1,2-dimethylbenzene",250.05,1.02,0.0198026272961797,calculated from henry's law constants,True,train,0.36545009230455505
je060395n.xml,2007,125,HRYZWHHZPQKTII-UHFFFAOYSA-N,CTQNGGLPUBDAKN-UHFFFAOYSA-N,chloroethane,"1,2-dimethylbenzene",269.91,1.04,0.0392207131532813,calculated from henry's law constants,True,train,0.3306348616355247
je060395n.xml,2007,125,HRYZWHHZPQKTII-UHFFFAOYSA-N,CTQNGGLPUBDAKN-UHFFFAOYSA-N,chloroethane,"1,2-dimethylbenzene",289.97,1.06,0.0582689081239758,calculated from henry's law constants,True,train,0.30018002712602165
je060395n.xml,2007,125,HRYZWHHZPQKTII-UHFFFAOYSA-N,CTQNGGLPUBDAKN-UHFFFAOYSA-N,chloroethane,"1,2-dimethylbenzene",309.98,1.07,0.0676586484738148,calculated from henry's law constants,True,train,0.27365842872036655
je060395n.xml,2007,125,HRYZWHHZPQKTII-UHFFFAOYSA-N,CTQNGGLPUBDAKN-UHFFFAOYSA-N,chloroethane,"1,2-dimethylbenzene",329.99,1.09,0.0861776962410524,calculated from henry's law constants,True,train,0.2503236126720272
je700270d.xml,2007,21,HRYZWHHZPQKTII-UHFFFAOYSA-N,DHXVGJBLRPWPCS-UHFFFAOYSA-N,chloroethane,tetrahydropyran,250.0,0.9,-0.1053605156578262,Chromatography,True,train,-0.11715432331112857
je700270d.xml,2007,21,HRYZWHHZPQKTII-UHFFFAOYSA-N,DHXVGJBLRPWPCS-UHFFFAOYSA-N,chloroethane,tetrahydropyran,270.07,0.89,-0.1165338162559515,Chromatography,True,train,-0.08587473578625758
je700270d.xml,2007,21,HRYZWHHZPQKTII-UHFFFAOYSA-N,DHXVGJBLRPWPCS-UHFFFAOYSA-N,chloroethane,tetrahydropyran,289.98,0.89,-0.1165338162559515,Chromatography,True,train,-0.06273908956904217
je700270d.xml,2007,21,HRYZWHHZPQKTII-UHFFFAOYSA-N,DHXVGJBLRPWPCS-UHFFFAOYSA-N,chloroethane,tetrahydropyran,309.98,0.94,-0.0618754037180875,Chromatography,True,train,-0.045238019086608405
je700270d.xml,2007,21,HRYZWHHZPQKTII-UHFFFAOYSA-N,DHXVGJBLRPWPCS-UHFFFAOYSA-N,chloroethane,tetrahydropyran,330.0,0.98,-0.0202027073175194,Chromatography,True,train,-0.03194155546667462
j.jct.2005.08.004.xml,2006,51,HRYZWHHZPQKTII-UHFFFAOYSA-N,DKGAVHZHDRPRBM-UHFFFAOYSA-N,chloroethane,2-methyl-2-propanol,300.0,2.73,1.0043016091968684,Chromatography,True,train,0.7017067572481299
j.jct.2005.08.004.xml,2006,51,HRYZWHHZPQKTII-UHFFFAOYSA-N,DKGAVHZHDRPRBM-UHFFFAOYSA-N,chloroethane,2-methyl-2-propanol,310.0,2.48,0.9082585601768908,Chromatography,True,train,0.6574873672307094
j.jct.2005.08.004.xml,2006,51,HRYZWHHZPQKTII-UHFFFAOYSA-N,DKGAVHZHDRPRBM-UHFFFAOYSA-N,chloroethane,2-methyl-2-propanol,320.0,2.32,0.8415671856782185,Chromatography,True,train,0.6164191763768078
j.jct.2005.08.004.xml,2006,51,HRYZWHHZPQKTII-UHFFFAOYSA-N,DKGAVHZHDRPRBM-UHFFFAOYSA-N,chloroethane,2-methyl-2-propanol,330.0,2.17,0.7747271675523681,Chromatography,True,train,0.5784005738894286
je050343i.xml,2005,21,HRYZWHHZPQKTII-UHFFFAOYSA-N,HNVRRHSXBLFLIG-UHFFFAOYSA-N,chloroethane,"3-buten-2-ol, 2-methyl-",250.01,2.28,0.8241754429663494,Chromatography,True,train,0.8179658681131918
je050343i.xml,2005,21,HRYZWHHZPQKTII-UHFFFAOYSA-N,HNVRRHSXBLFLIG-UHFFFAOYSA-N,chloroethane,"3-buten-2-ol, 2-methyl-",269.96,2.16,0.7701082216960737,Chromatography,True,train,0.7190720113355831
je050343i.xml,2005,21,HRYZWHHZPQKTII-UHFFFAOYSA-N,HNVRRHSXBLFLIG-UHFFFAOYSA-N,chloroethane,"3-buten-2-ol, 2-methyl-",289.99,1.96,0.6729444732424258,Chromatography,True,train,0.629871242531439
je050343i.xml,2005,21,HRYZWHHZPQKTII-UHFFFAOYSA-N,HNVRRHSXBLFLIG-UHFFFAOYSA-N,chloroethane,"3-buten-2-ol, 2-methyl-",309.99,1.69,0.5247285289349821,Chromatography,True,train,0.5523226621482415
je050343i.xml,2005,21,HRYZWHHZPQKTII-UHFFFAOYSA-N,HNVRRHSXBLFLIG-UHFFFAOYSA-N,chloroethane,"3-buten-2-ol, 2-methyl-",330.0,1.56,0.4446858212614457,Chromatography,True,train,0.4860121101395424
je060395n.xml,2007,127,HRYZWHHZPQKTII-UHFFFAOYSA-N,IVSZLXZYQVIEFR-UHFFFAOYSA-N,chloroethane,"1,3-dimethylbenzene",270.05,1.02,0.0198026272961797,calculated from henry's law constants,True,train,0.3241154530408071
je060395n.xml,2007,127,HRYZWHHZPQKTII-UHFFFAOYSA-N,IVSZLXZYQVIEFR-UHFFFAOYSA-N,chloroethane,"1,3-dimethylbenzene",289.98,1.03,0.0295588022415444,calculated from henry's law constants,True,train,0.2926500953943965
je060395n.xml,2007,127,HRYZWHHZPQKTII-UHFFFAOYSA-N,IVSZLXZYQVIEFR-UHFFFAOYSA-N,chloroethane,"1,3-dimethylbenzene",309.89,1.04,0.0392207131532813,calculated from henry's law constants,True,train,0.2652755785896717
je060395n.xml,2007,127,HRYZWHHZPQKTII-UHFFFAOYSA-N,IVSZLXZYQVIEFR-UHFFFAOYSA-N,chloroethane,"1,3-dimethylbenzene",329.99,1.05,0.048790164169432,calculated from henry's law constants,True,train,0.24103339631730428
je100529s.xml,2010,69,HRYZWHHZPQKTII-UHFFFAOYSA-N,IWDCLRJOBJJRNH-UHFFFAOYSA-N,"ethane, chloro-",4-methylphenol,309.98,2.09,0.7371640659767196,Gas Stripping Method,True,train,0.5599874270175713
je100529s.xml,2010,69,HRYZWHHZPQKTII-UHFFFAOYSA-N,IWDCLRJOBJJRNH-UHFFFAOYSA-N,"ethane, chloro-",4-methylphenol,319.98,2.06,0.7227059828014898,Gas Stripping Method,True,train,0.5271918673865371
je100529s.xml,2010,69,HRYZWHHZPQKTII-UHFFFAOYSA-N,IWDCLRJOBJJRNH-UHFFFAOYSA-N,"ethane, chloro-",4-methylphenol,329.99,1.98,0.6830968447064438,Gas Stripping Method,True,train,0.4969781947659132
je100529s.xml,2010,69,HRYZWHHZPQKTII-UHFFFAOYSA-N,IWDCLRJOBJJRNH-UHFFFAOYSA-N,"ethane, chloro-",4-methylphenol,340.01,1.93,0.6575200029167941,Gas Stripping Method,True,train,0.4691713638093868
j.jct.2005.08.004.xml,2006,59,HRYZWHHZPQKTII-UHFFFAOYSA-N,JYVLIDXNZAXMDK-YFKPBYRVSA-N,chloroethane,2-pentanol,270.05,3.47,1.244154593958768,Chromatography,True,train,0.7317493920753199
j.jct.2005.08.004.xml,2006,59,HRYZWHHZPQKTII-UHFFFAOYSA-N,JYVLIDXNZAXMDK-YFKPBYRVSA-N,chloroethane,2-pentanol,290.0,2.94,1.0784095813505905,Chromatography,True,train,0.6330835344315258
j.jct.2005.08.004.xml,2006,59,HRYZWHHZPQKTII-UHFFFAOYSA-N,JYVLIDXNZAXMDK-YFKPBYRVSA-N,chloroethane,2-pentanol,309.99,2.57,0.9439058989071284,Chromatography,True,train,0.5469134898540343
j.jct.2005.08.004.xml,2006,59,HRYZWHHZPQKTII-UHFFFAOYSA-N,JYVLIDXNZAXMDK-YFKPBYRVSA-N,chloroethane,2-pentanol,330.01,2.1,0.7419373447293773,Chromatography,True,train,0.47302034881722593
j.jct.2005.08.004.xml,2006,21,HRYZWHHZPQKTII-UHFFFAOYSA-N,KFZMGEQAYNKOFK-UHFFFAOYSA-N,chloroethane,2-propanol,269.94,3.5,1.252762968495368,Chromatography,True,train,1.0388780496469951
j.jct.2005.08.004.xml,2006,21,HRYZWHHZPQKTII-UHFFFAOYSA-N,KFZMGEQAYNKOFK-UHFFFAOYSA-N,chloroethane,2-propanol,289.99,3.33,1.2029723039923526,Chromatography,True,train,0.9235102187073619
j.jct.2005.08.004.xml,2006,21,HRYZWHHZPQKTII-UHFFFAOYSA-N,KFZMGEQAYNKOFK-UHFFFAOYSA-N,chloroethane,2-propanol,309.99,3.09,1.128171090909654,Chromatography,True,train,0.8200381994439776
j.jct.2005.08.004.xml,2006,21,HRYZWHHZPQKTII-UHFFFAOYSA-N,KFZMGEQAYNKOFK-UHFFFAOYSA-N,chloroethane,2-propanol,330.01,2.79,1.0260415958332745,Chromatography,True,train,0.7291471990590476
j.jct.2005.08.004.xml,2006,37,HRYZWHHZPQKTII-UHFFFAOYSA-N,LRHPLDYGYMQRHN-UHFFFAOYSA-N,chloroethane,1-butanol,270.01,2.76,1.0152306797290584,Chromatography,True,train,0.889204006196476
j.jct.2005.08.004.xml,2006,37,HRYZWHHZPQKTII-UHFFFAOYSA-N,LRHPLDYGYMQRHN-UHFFFAOYSA-N,chloroethane,1-butanol,289.99,2.7,0.9932517730102834,Chromatography,True,train,0.778794124456139
j.jct.2005.08.004.xml,2006,37,HRYZWHHZPQKTII-UHFFFAOYSA-N,LRHPLDYGYMQRHN-UHFFFAOYSA-N,chloroethane,1-butanol,309.99,2.59,0.9516578757114464,Chromatography,True,train,0.6813227924163547
j.jct.2005.08.004.xml,2006,37,HRYZWHHZPQKTII-UHFFFAOYSA-N,LRHPLDYGYMQRHN-UHFFFAOYSA-N,chloroethane,1-butanol,329.93,2.44,0.8919980393051105,Chromatography,True,train,0.5972661573605319
j.jct.2005.08.004.xml,2006,5,HRYZWHHZPQKTII-UHFFFAOYSA-N,OKKJLVBELUTLKV-UHFFFAOYSA-N,chloroethane,methanol,250.06,5.08,1.6253112615903906,Chromatography,True,train,2.516966597170401
j.jct.2005.08.004.xml,2006,5,HRYZWHHZPQKTII-UHFFFAOYSA-N,OKKJLVBELUTLKV-UHFFFAOYSA-N,chloroethane,methanol,269.96,4.93,1.5953389880545987,Chromatography,True,train,2.3448027860725884
j.jct.2005.08.004.xml,2006,5,HRYZWHHZPQKTII-UHFFFAOYSA-N,OKKJLVBELUTLKV-UHFFFAOYSA-N,chloroethane,methanol,289.99,4.76,1.5602476682433286,Chromatography,True,train,2.172415221943629
j.jct.2005.08.004.xml,2006,5,HRYZWHHZPQKTII-UHFFFAOYSA-N,OKKJLVBELUTLKV-UHFFFAOYSA-N,chloroethane,methanol,309.99,4.69,1.545432582458188,Chromatography,True,train,2.0082186461666858
j.jct.2005.08.004.xml,2006,5,HRYZWHHZPQKTII-UHFFFAOYSA-N,OKKJLVBELUTLKV-UHFFFAOYSA-N,chloroethane,methanol,330.0,4.51,1.506297153514587,Chromatography,True,train,1.856067097422952
j.jct.2005.08.004.xml,2006,99,HRYZWHHZPQKTII-UHFFFAOYSA-N,PHTQWCKDNZKARW-UHFFFAOYSA-N,chloroethane,3-methyl-1-butanol,270.01,2.63,0.9669838461896731,Chromatography,True,train,0.9196498191924087
j.jct.2005.08.004.xml,2006,99,HRYZWHHZPQKTII-UHFFFAOYSA-N,PHTQWCKDNZKARW-UHFFFAOYSA-N,chloroethane,3-methyl-1-butanol,290.0,2.5,0.9162907318741552,Chromatography,True,train,0.8012051399655002
j.jct.2005.08.004.xml,2006,99,HRYZWHHZPQKTII-UHFFFAOYSA-N,PHTQWCKDNZKARW-UHFFFAOYSA-N,chloroethane,3-methyl-1-butanol,309.99,2.36,0.8586616190375187,Chromatography,True,train,0.698074843031122
j.jct.2005.08.004.xml,2006,99,HRYZWHHZPQKTII-UHFFFAOYSA-N,PHTQWCKDNZKARW-UHFFFAOYSA-N,chloroethane,3-methyl-1-butanol,330.0,2.17,0.7747271675523681,Chromatography,True,train,0.609438162033707
je060395n.xml,2007,131,HRYZWHHZPQKTII-UHFFFAOYSA-N,PPBRXRYQALVLMV-UHFFFAOYSA-N,chloroethane,styrene,250.04,0.95,-0.0512932943875505,calculated from henry's law constants,True,train,0.2835720119412543
je060395n.xml,2007,131,HRYZWHHZPQKTII-UHFFFAOYSA-N,PPBRXRYQALVLMV-UHFFFAOYSA-N,chloroethane,styrene,270.2,0.97,-0.0304592074847085,calculated from henry's law constants,True,train,0.2570234068596975
je060395n.xml,2007,131,HRYZWHHZPQKTII-UHFFFAOYSA-N,PPBRXRYQALVLMV-UHFFFAOYSA-N,chloroethane,styrene,289.98,0.98,-0.0202027073175194,calculated from henry's law constants,True,train,0.2343469639920317
je060395n.xml,2007,131,HRYZWHHZPQKTII-UHFFFAOYSA-N,PPBRXRYQALVLMV-UHFFFAOYSA-N,chloroethane,styrene,309.84,1.03,0.0295588022415444,calculated from henry's law constants,True,train,0.21433103563765132
je060395n.xml,2007,131,HRYZWHHZPQKTII-UHFFFAOYSA-N,PPBRXRYQALVLMV-UHFFFAOYSA-N,chloroethane,styrene,329.99,1.04,0.0392207131532813,calculated from henry's law constants,True,train,0.19636078946639202
j.jct.2005.08.004.xml,2006,83,HRYZWHHZPQKTII-UHFFFAOYSA-N,QPRQEDXDYOZYLA-YFKPBYRVSA-N,chloroethane,2-methyl-1-butanol,270.01,2.92,1.0715836162801904,Chromatography,True,train,0.7778786180036992
j.jct.2005.08.004.xml,2006,83,HRYZWHHZPQKTII-UHFFFAOYSA-N,QPRQEDXDYOZYLA-YFKPBYRVSA-N,chloroethane,2-methyl-1-butanol,289.99,2.73,1.0043016091968684,Chromatography,True,train,0.6763984139183242
j.jct.2005.08.004.xml,2006,83,HRYZWHHZPQKTII-UHFFFAOYSA-N,QPRQEDXDYOZYLA-YFKPBYRVSA-N,chloroethane,2-methyl-1-butanol,309.99,2.49,0.9122827104766164,Chromatography,True,train,0.5879476990646638
j.jct.2005.08.004.xml,2006,83,HRYZWHHZPQKTII-UHFFFAOYSA-N,QPRQEDXDYOZYLA-YFKPBYRVSA-N,chloroethane,2-methyl-1-butanol,330.0,2.25,0.8109302162163288,Chromatography,True,train,0.5121576898126049
je100529s.xml,2010,21,HRYZWHHZPQKTII-UHFFFAOYSA-N,QWVGKYWNOKOFNN-UHFFFAOYSA-N,"ethane, chloro-",2-methylphenol,299.99,1.83,0.6043159668533296,Gas Stripping Method,True,train,0.5410243242048608
je100529s.xml,2010,21,HRYZWHHZPQKTII-UHFFFAOYSA-N,QWVGKYWNOKOFNN-UHFFFAOYSA-N,"ethane, chloro-",2-methylphenol,309.98,1.77,0.5709795465857378,Gas Stripping Method,True,train,0.5084373641171135
je100529s.xml,2010,21,HRYZWHHZPQKTII-UHFFFAOYSA-N,QWVGKYWNOKOFNN-UHFFFAOYSA-N,"ethane, chloro-",2-methylphenol,319.98,1.76,0.5653138090500605,Gas Stripping Method,True,train,0.4784078098637423
je100529s.xml,2010,21,HRYZWHHZPQKTII-UHFFFAOYSA-N,QWVGKYWNOKOFNN-UHFFFAOYSA-N,"ethane, chloro-",2-methylphenol,329.99,1.7,0.5306282510621704,Gas Stripping Method,True,train,0.4507950605426306
je100529s.xml,2010,45,HRYZWHHZPQKTII-UHFFFAOYSA-N,RLSSMJSEOOYNOY-UHFFFAOYSA-N,"ethane, chloro-",3-methylphenol,289.97,2.13,0.7561219797213337,Gas Stripping Method,True,train,0.5721419519711349
je100529s.xml,2010,45,HRYZWHHZPQKTII-UHFFFAOYSA-N,RLSSMJSEOOYNOY-UHFFFAOYSA-N,"ethane, chloro-",3-methylphenol,299.98,2.1,0.7419373447293773,Gas Stripping Method,True,train,0.5374052349338581
je100529s.xml,2010,45,HRYZWHHZPQKTII-UHFFFAOYSA-N,RLSSMJSEOOYNOY-UHFFFAOYSA-N,"ethane, chloro-",3-methylphenol,309.98,2.05,0.7178397931503168,Gas Stripping Method,True,train,0.5053544964050676
je100529s.xml,2010,45,HRYZWHHZPQKTII-UHFFFAOYSA-N,RLSSMJSEOOYNOY-UHFFFAOYSA-N,"ethane, chloro-",3-methylphenol,319.99,1.99,0.688134638736401,Gas Stripping Method,True,train,0.47582146793003105
je100529s.xml,2010,45,HRYZWHHZPQKTII-UHFFFAOYSA-N,RLSSMJSEOOYNOY-UHFFFAOYSA-N,"ethane, chloro-",3-methylphenol,329.99,1.93,0.6575200029167941,Gas Stripping Method,True,train,0.44872033950518675
je060395n.xml,2007,121,HRYZWHHZPQKTII-UHFFFAOYSA-N,UHOVQNZJYSORNB-UHFFFAOYSA-N,chloroethane,benzene,279.95,1.05,0.048790164169432,calculated from henry's law constants,True,train,0.14778576806148444
je060395n.xml,2007,121,HRYZWHHZPQKTII-UHFFFAOYSA-N,UHOVQNZJYSORNB-UHFFFAOYSA-N,chloroethane,benzene,289.97,1.06,0.0582689081239758,calculated from henry's law constants,True,train,0.1420502731521334
je060395n.xml,2007,121,HRYZWHHZPQKTII-UHFFFAOYSA-N,UHOVQNZJYSORNB-UHFFFAOYSA-N,chloroethane,benzene,309.98,1.07,0.0676586484738148,calculated from henry's law constants,True,train,0.1316830131236863
je060395n.xml,2007,121,HRYZWHHZPQKTII-UHFFFAOYSA-N,UHOVQNZJYSORNB-UHFFFAOYSA-N,chloroethane,benzene,329.99,1.12,0.1133286853070032,calculated from henry's law constants,True,train,0.12254812007908349
je060395n.xml,2007,129,HRYZWHHZPQKTII-UHFFFAOYSA-N,URLKBWYHVLBVBO-UHFFFAOYSA-N,chloroethane,"1,4-dimethylbenzene",289.97,1.0,0.0,calculated from henry's law constants,True,test_one,0.2857459843848305
je060395n.xml,2007,129,HRYZWHHZPQKTII-UHFFFAOYSA-N,URLKBWYHVLBVBO-UHFFFAOYSA-N,chloroethane,"1,4-dimethylbenzene",299.98,1.03,0.0295588022415444,calculated from henry's law constants,True,test_one,0.27167575663903554
je060395n.xml,2007,129,HRYZWHHZPQKTII-UHFFFAOYSA-N,URLKBWYHVLBVBO-UHFFFAOYSA-N,chloroethane,"1,4-dimethylbenzene",309.98,1.03,0.0295588022415444,calculated from henry's law constants,True,test_one,0.25854630304735243
je060395n.xml,2007,129,HRYZWHHZPQKTII-UHFFFAOYSA-N,URLKBWYHVLBVBO-UHFFFAOYSA-N,chloroethane,"1,4-dimethylbenzene",319.99,1.04,0.0392207131532813,calculated from henry's law constants,True,test_one,0.24624597356502492
je060395n.xml,2007,129,HRYZWHHZPQKTII-UHFFFAOYSA-N,URLKBWYHVLBVBO-UHFFFAOYSA-N,chloroethane,"1,4-dimethylbenzene",329.99,1.05,0.048790164169432,calculated from henry's law constants,True,test_one,0.23472393436273625
je0502647.xml,2005,19,HRYZWHHZPQKTII-UHFFFAOYSA-N,XXROGKLTLUQVRX-UHFFFAOYSA-N,chloroethane,2-propenol,270.06,3.07,1.1216775615991057,gas stripping method,True,train,1.1762474036731743
je0502647.xml,2005,19,HRYZWHHZPQKTII-UHFFFAOYSA-N,XXROGKLTLUQVRX-UHFFFAOYSA-N,chloroethane,2-propenol,289.99,2.99,1.095273387402595,gas stripping method,True,train,1.0727015182337765
je0502647.xml,2005,19,HRYZWHHZPQKTII-UHFFFAOYSA-N,XXROGKLTLUQVRX-UHFFFAOYSA-N,chloroethane,2-propenol,309.98,2.87,1.0543120297715298,gas stripping method,True,train,0.9777994714657402
je0502647.xml,2005,19,HRYZWHHZPQKTII-UHFFFAOYSA-N,XXROGKLTLUQVRX-UHFFFAOYSA-N,chloroethane,2-propenol,329.99,2.69,0.9895411936137476,gas stripping method,True,train,0.8933183084828652
je060395n.xml,2007,123,HRYZWHHZPQKTII-UHFFFAOYSA-N,YXFVVABEGXRONW-UHFFFAOYSA-N,chloroethane,toluene,250.04,0.92,-0.083381608939051,calculated from henry's law constants,True,train,0.24494480807723576
je060395n.xml,2007,123,HRYZWHHZPQKTII-UHFFFAOYSA-N,YXFVVABEGXRONW-UHFFFAOYSA-N,chloroethane,toluene,270.2,0.95,-0.0512932943875505,calculated from henry's law constants,True,train,0.22184975642364801
je060395n.xml,2007,123,HRYZWHHZPQKTII-UHFFFAOYSA-N,YXFVVABEGXRONW-UHFFFAOYSA-N,chloroethane,toluene,289.98,1.0,0.0,calculated from henry's law constants,True,train,0.2022489685219032
je060395n.xml,2007,123,HRYZWHHZPQKTII-UHFFFAOYSA-N,YXFVVABEGXRONW-UHFFFAOYSA-N,chloroethane,toluene,309.84,1.02,0.0198026272961797,calculated from henry's law constants,True,train,0.18505194883028406
je060395n.xml,2007,123,HRYZWHHZPQKTII-UHFFFAOYSA-N,YXFVVABEGXRONW-UHFFFAOYSA-N,chloroethane,toluene,329.99,1.05,0.048790164169432,calculated from henry's law constants,True,train,0.16970211233870325
j.jct.2005.08.004.xml,2006,45,HRYZWHHZPQKTII-UHFFFAOYSA-N,ZXEKIIBDNHEJCQ-UHFFFAOYSA-N,chloroethane,2-methyl-1-propanol,269.96,3.13,1.1410330045520618,Chromatography,True,test_one,0.966206539606455
j.jct.2005.08.004.xml,2006,45,HRYZWHHZPQKTII-UHFFFAOYSA-N,ZXEKIIBDNHEJCQ-UHFFFAOYSA-N,chloroethane,2-methyl-1-propanol,289.99,2.98,1.091923300517313,Chromatography,True,test_one,0.8420616545166002
j.jct.2005.08.004.xml,2006,45,HRYZWHHZPQKTII-UHFFFAOYSA-N,ZXEKIIBDNHEJCQ-UHFFFAOYSA-N,chloroethane,2-methyl-1-propanol,309.99,2.75,1.01160091167848,Chromatography,True,test_one,0.7338664604760307
j.jct.2005.08.004.xml,2006,45,HRYZWHHZPQKTII-UHFFFAOYSA-N,ZXEKIIBDNHEJCQ-UHFFFAOYSA-N,chloroethane,2-methyl-1-propanol,329.94,2.46,0.9001613499442714,Chromatography,True,test_one,0.6411683792064223
j.jct.2005.08.004.xml,2006,63,IAQRGUVFOMOMEM-ARJAWSKDSA-N,AMQJEAYHLZJPGS-UHFFFAOYSA-N,cis-2-butene,1-pentanol,270.06,2.69,0.9895411936137476,Chromatography,True,test_both,0.894502834130821
j.jct.2005.08.004.xml,2006,63,IAQRGUVFOMOMEM-ARJAWSKDSA-N,AMQJEAYHLZJPGS-UHFFFAOYSA-N,cis-2-butene,1-pentanol,290.0,2.67,0.9820784724121582,Chromatography,True,test_both,0.7987622783165976
j.jct.2005.08.004.xml,2006,63,IAQRGUVFOMOMEM-ARJAWSKDSA-N,AMQJEAYHLZJPGS-UHFFFAOYSA-N,cis-2-butene,1-pentanol,309.99,2.62,0.9631743177730056,Chromatography,True,test_both,0.7147169400846423
j.jct.2005.08.004.xml,2006,63,IAQRGUVFOMOMEM-ARJAWSKDSA-N,AMQJEAYHLZJPGS-UHFFFAOYSA-N,cis-2-butene,1-pentanol,330.0,2.6,0.9555114450274363,Chromatography,True,test_both,0.6422830874419131
j.jct.2005.08.004.xml,2006,71,IAQRGUVFOMOMEM-ARJAWSKDSA-N,AQIXEPGDORPWBJ-UHFFFAOYSA-N,cis-2-butene,3-pentanol,259.93,3.08,1.1249295969854831,Chromatography,True,test_one,0.8148311414338171
j.jct.2005.08.004.xml,2006,71,IAQRGUVFOMOMEM-ARJAWSKDSA-N,AQIXEPGDORPWBJ-UHFFFAOYSA-N,cis-2-butene,3-pentanol,270.02,3.06,1.118414915964289,Chromatography,True,test_one,0.7647930210791261
j.jct.2005.08.004.xml,2006,71,IAQRGUVFOMOMEM-ARJAWSKDSA-N,AQIXEPGDORPWBJ-UHFFFAOYSA-N,cis-2-butene,3-pentanol,290.0,2.83,1.0402767116551463,Chromatography,True,test_one,0.6738002147944127
j.jct.2005.08.004.xml,2006,71,IAQRGUVFOMOMEM-ARJAWSKDSA-N,AQIXEPGDORPWBJ-UHFFFAOYSA-N,cis-2-butene,3-pentanol,309.99,2.62,0.9631743177730056,Chromatography,True,test_one,0.5945871299321029
j.jct.2005.08.004.xml,2006,71,IAQRGUVFOMOMEM-ARJAWSKDSA-N,AQIXEPGDORPWBJ-UHFFFAOYSA-N,cis-2-butene,3-pentanol,330.01,2.32,0.8415671856782185,Chromatography,True,test_one,0.5268621999074844
j.jct.2005.08.004.xml,2006,9,IAQRGUVFOMOMEM-ARJAWSKDSA-N,BDERNNFJNOPAEC-UHFFFAOYSA-N,cis-2-butene,1-propanol,270.0,3.98,1.3812818192963463,Chromatography,True,test_one,1.3848176251317592
j.jct.2005.08.004.xml,2006,9,IAQRGUVFOMOMEM-ARJAWSKDSA-N,BDERNNFJNOPAEC-UHFFFAOYSA-N,cis-2-butene,1-propanol,289.99,3.93,1.3686394258811698,Chromatography,True,test_one,1.2669016369262303
j.jct.2005.08.004.xml,2006,9,IAQRGUVFOMOMEM-ARJAWSKDSA-N,BDERNNFJNOPAEC-UHFFFAOYSA-N,cis-2-butene,1-propanol,309.99,3.87,1.3532545070416904,Chromatography,True,test_one,1.1592076476859934
j.jct.2005.08.004.xml,2006,9,IAQRGUVFOMOMEM-ARJAWSKDSA-N,BDERNNFJNOPAEC-UHFFFAOYSA-N,cis-2-butene,1-propanol,330.0,3.81,1.3376291891386096,Chromatography,True,test_one,1.0632934330282375
je050343i.xml,2005,39,IAQRGUVFOMOMEM-ARJAWSKDSA-N,CPJRRXSHAYUTGL-UHFFFAOYSA-N,cis-2-butene,3-methyl-3-buten-1-ol,269.95,3.2,1.1631508098056809,Chromatography,True,test_one,1.127938508776059
je050343i.xml,2005,39,IAQRGUVFOMOMEM-ARJAWSKDSA-N,CPJRRXSHAYUTGL-UHFFFAOYSA-N,cis-2-butene,3-methyl-3-buten-1-ol,289.9,3.08,1.1249295969854831,Chromatography,True,test_one,1.0316052930292352
je050343i.xml,2005,39,IAQRGUVFOMOMEM-ARJAWSKDSA-N,CPJRRXSHAYUTGL-UHFFFAOYSA-N,cis-2-butene,3-methyl-3-buten-1-ol,309.99,2.9,1.0647107369924282,Chromatography,True,test_one,0.9451071913487479
je050343i.xml,2005,39,IAQRGUVFOMOMEM-ARJAWSKDSA-N,CPJRRXSHAYUTGL-UHFFFAOYSA-N,cis-2-butene,3-methyl-3-buten-1-ol,330.0,2.77,1.0188473201992472,Chromatography,True,test_one,0.8696421852089028
je060395n.xml,2007,89,IAQRGUVFOMOMEM-ARJAWSKDSA-N,CTQNGGLPUBDAKN-UHFFFAOYSA-N,cis-2-butene,"1,2-dimethylbenzene",270.13,1.44,0.3646431135879092,calculated from henry's law constants,True,test_one,0.209863015419052
je060395n.xml,2007,89,IAQRGUVFOMOMEM-ARJAWSKDSA-N,CTQNGGLPUBDAKN-UHFFFAOYSA-N,cis-2-butene,"1,2-dimethylbenzene",289.99,1.41,0.3435897043900768,calculated from henry's law constants,True,test_one,0.19104207112614485
je060395n.xml,2007,89,IAQRGUVFOMOMEM-ARJAWSKDSA-N,CTQNGGLPUBDAKN-UHFFFAOYSA-N,cis-2-butene,"1,2-dimethylbenzene",309.84,1.4,0.3364722366212129,calculated from henry's law constants,True,test_one,0.17473011714534
je060395n.xml,2007,89,IAQRGUVFOMOMEM-ARJAWSKDSA-N,CTQNGGLPUBDAKN-UHFFFAOYSA-N,cis-2-butene,"1,2-dimethylbenzene",329.99,1.37,0.3148107398400336,calculated from henry's law constants,True,test_one,0.16026788070979078
je700270d.xml,2007,15,IAQRGUVFOMOMEM-ARJAWSKDSA-N,DHXVGJBLRPWPCS-UHFFFAOYSA-N,cis-2-butene,tetrahydropyran,250.0,1.36,0.3074846997479607,Chromatography,True,test_one,-0.0657735062659213
je700270d.xml,2007,15,IAQRGUVFOMOMEM-ARJAWSKDSA-N,DHXVGJBLRPWPCS-UHFFFAOYSA-N,cis-2-butene,tetrahydropyran,270.07,1.33,0.2851789422336624,Chromatography,True,test_one,-0.05214942968799142
je700270d.xml,2007,15,IAQRGUVFOMOMEM-ARJAWSKDSA-N,DHXVGJBLRPWPCS-UHFFFAOYSA-N,cis-2-butene,tetrahydropyran,289.98,1.32,0.2776317365982795,Chromatography,True,test_one,-0.04091209966206879
je700270d.xml,2007,15,IAQRGUVFOMOMEM-ARJAWSKDSA-N,DHXVGJBLRPWPCS-UHFFFAOYSA-N,cis-2-butene,tetrahydropyran,309.98,1.31,0.2700271372130602,Chromatography,True,test_one,-0.03145964042560581
je700270d.xml,2007,15,IAQRGUVFOMOMEM-ARJAWSKDSA-N,DHXVGJBLRPWPCS-UHFFFAOYSA-N,cis-2-butene,tetrahydropyran,330.0,1.32,0.2776317365982795,Chromatography,True,test_one,-0.023495591826752222
j.jct.2005.08.004.xml,2006,47,IAQRGUVFOMOMEM-ARJAWSKDSA-N,DKGAVHZHDRPRBM-UHFFFAOYSA-N,cis-2-butene,2-methyl-2-propanol,300.0,2.91,1.0681530811834012,Chromatography,True,test_one,0.9156945578790863
j.jct.2005.08.004.xml,2006,47,IAQRGUVFOMOMEM-ARJAWSKDSA-N,DKGAVHZHDRPRBM-UHFFFAOYSA-N,cis-2-butene,2-methyl-2-propanol,309.99,2.77,1.0188473201992472,Chromatography,True,test_one,0.8723954060033758
j.jct.2005.08.004.xml,2006,47,IAQRGUVFOMOMEM-ARJAWSKDSA-N,DKGAVHZHDRPRBM-UHFFFAOYSA-N,cis-2-butene,2-methyl-2-propanol,320.0,2.67,0.9820784724121582,Chromatography,True,test_one,0.8318494620463085
j.jct.2005.08.004.xml,2006,47,IAQRGUVFOMOMEM-ARJAWSKDSA-N,DKGAVHZHDRPRBM-UHFFFAOYSA-N,cis-2-butene,2-methyl-2-propanol,330.0,2.59,0.9516578757114464,Chromatography,True,test_one,0.7941179873474071
je050343i.xml,2005,15,IAQRGUVFOMOMEM-ARJAWSKDSA-N,HNVRRHSXBLFLIG-UHFFFAOYSA-N,cis-2-butene,"3-buten-2-ol, 2-methyl-",250.0,2.55,0.9360933591703348,Chromatography,True,test_one,1.083541350509528
je050343i.xml,2005,15,IAQRGUVFOMOMEM-ARJAWSKDSA-N,HNVRRHSXBLFLIG-UHFFFAOYSA-N,cis-2-butene,"3-buten-2-ol, 2-methyl-",269.96,2.48,0.9082585601768908,Chromatography,True,test_one,0.983283556120992
je050343i.xml,2005,15,IAQRGUVFOMOMEM-ARJAWSKDSA-N,HNVRRHSXBLFLIG-UHFFFAOYSA-N,cis-2-butene,"3-buten-2-ol, 2-methyl-",289.99,2.36,0.8586616190375187,Chromatography,True,test_one,0.891042738790072
je050343i.xml,2005,15,IAQRGUVFOMOMEM-ARJAWSKDSA-N,HNVRRHSXBLFLIG-UHFFFAOYSA-N,cis-2-butene,"3-buten-2-ol, 2-methyl-",309.99,2.23,0.8020015854720274,Chromatography,True,test_one,0.8094593574660821
je050343i.xml,2005,15,IAQRGUVFOMOMEM-ARJAWSKDSA-N,HNVRRHSXBLFLIG-UHFFFAOYSA-N,cis-2-butene,"3-buten-2-ol, 2-methyl-",330.0,2.05,0.7178397931503168,Chromatography,True,test_one,0.7385196931021295
je060395n.xml,2007,91,IAQRGUVFOMOMEM-ARJAWSKDSA-N,IVSZLXZYQVIEFR-UHFFFAOYSA-N,cis-2-butene,"1,3-dimethylbenzene",270.1,1.33,0.2851789422336624,calculated from henry's law constants,True,test_one,0.17476324188805809
je060395n.xml,2007,91,IAQRGUVFOMOMEM-ARJAWSKDSA-N,IVSZLXZYQVIEFR-UHFFFAOYSA-N,cis-2-butene,"1,3-dimethylbenzene",289.99,1.33,0.2851789422336624,calculated from henry's law constants,True,test_one,0.15816861219986444
je060395n.xml,2007,91,IAQRGUVFOMOMEM-ARJAWSKDSA-N,IVSZLXZYQVIEFR-UHFFFAOYSA-N,cis-2-butene,"1,3-dimethylbenzene",309.84,1.33,0.2851789422336624,calculated from henry's law constants,True,test_one,0.1438095077374366
je060395n.xml,2007,91,IAQRGUVFOMOMEM-ARJAWSKDSA-N,IVSZLXZYQVIEFR-UHFFFAOYSA-N,cis-2-butene,"1,3-dimethylbenzene",329.99,1.31,0.2700271372130602,calculated from henry's law constants,True,test_one,0.13106978203688874
je100529s.xml,2010,63,IAQRGUVFOMOMEM-ARJAWSKDSA-N,IWDCLRJOBJJRNH-UHFFFAOYSA-N,cis-2-butene,4-methylphenol,309.99,4.12,1.415853163361435,Gas Stripping Method,True,test_one,0.8635469316950585
je100529s.xml,2010,63,IAQRGUVFOMOMEM-ARJAWSKDSA-N,IWDCLRJOBJJRNH-UHFFFAOYSA-N,cis-2-butene,4-methylphenol,319.99,4.03,1.3937663759585917,Gas Stripping Method,True,test_one,0.8257351752297933
je100529s.xml,2010,63,IAQRGUVFOMOMEM-ARJAWSKDSA-N,IWDCLRJOBJJRNH-UHFFFAOYSA-N,cis-2-butene,4-methylphenol,329.99,3.91,1.3635373739972745,Gas Stripping Method,True,test_one,0.7905553790407728
je100529s.xml,2010,63,IAQRGUVFOMOMEM-ARJAWSKDSA-N,IWDCLRJOBJJRNH-UHFFFAOYSA-N,cis-2-butene,4-methylphenol,340.02,3.8,1.33500106673234,Gas Stripping Method,True,test_one,0.7577495735576697
j.jct.2005.08.004.xml,2006,55,IAQRGUVFOMOMEM-ARJAWSKDSA-N,JYVLIDXNZAXMDK-YFKPBYRVSA-N,cis-2-butene,2-pentanol,270.03,2.88,1.0577902941478543,Chromatography,True,test_one,0.7986636992109792
j.jct.2005.08.004.xml,2006,55,IAQRGUVFOMOMEM-ARJAWSKDSA-N,JYVLIDXNZAXMDK-YFKPBYRVSA-N,cis-2-butene,2-pentanol,290.0,2.73,1.0043016091968684,Chromatography,True,test_one,0.7084138959212917
j.jct.2005.08.004.xml,2006,55,IAQRGUVFOMOMEM-ARJAWSKDSA-N,JYVLIDXNZAXMDK-YFKPBYRVSA-N,cis-2-butene,2-pentanol,309.99,2.59,0.9516578757114464,Chromatography,True,test_one,0.6294955569381258
j.jct.2005.08.004.xml,2006,55,IAQRGUVFOMOMEM-ARJAWSKDSA-N,JYVLIDXNZAXMDK-YFKPBYRVSA-N,cis-2-butene,2-pentanol,330.0,2.4,0.8754687373538999,Chromatography,True,test_one,0.5617796390105372
j.jct.2005.08.004.xml,2006,17,IAQRGUVFOMOMEM-ARJAWSKDSA-N,KFZMGEQAYNKOFK-UHFFFAOYSA-N,cis-2-butene,2-propanol,269.94,4.09,1.4085449700547104,Chromatography,True,test_one,1.3845773737411964
j.jct.2005.08.004.xml,2006,17,IAQRGUVFOMOMEM-ARJAWSKDSA-N,KFZMGEQAYNKOFK-UHFFFAOYSA-N,cis-2-butene,2-propanol,289.99,4.02,1.3912819026309295,Chromatography,True,test_one,1.2660601879943296
j.jct.2005.08.004.xml,2006,17,IAQRGUVFOMOMEM-ARJAWSKDSA-N,KFZMGEQAYNKOFK-UHFFFAOYSA-N,cis-2-butene,2-propanol,309.99,3.85,1.3480731482996928,Chromatography,True,test_one,1.1581498879793586
j.jct.2005.08.004.xml,2006,17,IAQRGUVFOMOMEM-ARJAWSKDSA-N,KFZMGEQAYNKOFK-UHFFFAOYSA-N,cis-2-butene,2-propanol,330.01,3.63,1.289232648276759,Chromatography,True,test_one,1.0619898543966675
j.jct.2005.08.004.xml,2006,33,IAQRGUVFOMOMEM-ARJAWSKDSA-N,LRHPLDYGYMQRHN-UHFFFAOYSA-N,cis-2-butene,1-butanol,270.01,3.19,1.1600209167967532,Chromatography,True,test_one,1.0609410017166554
j.jct.2005.08.004.xml,2006,33,IAQRGUVFOMOMEM-ARJAWSKDSA-N,LRHPLDYGYMQRHN-UHFFFAOYSA-N,cis-2-butene,1-butanol,289.99,3.17,1.1537315878891892,Chromatography,True,test_one,0.9574992157897811
j.jct.2005.08.004.xml,2006,33,IAQRGUVFOMOMEM-ARJAWSKDSA-N,LRHPLDYGYMQRHN-UHFFFAOYSA-N,cis-2-butene,1-butanol,309.99,3.12,1.1378330018213911,Chromatography,True,test_one,0.8651596567706444
j.jct.2005.08.004.xml,2006,33,IAQRGUVFOMOMEM-ARJAWSKDSA-N,LRHPLDYGYMQRHN-UHFFFAOYSA-N,cis-2-butene,1-butanol,329.93,3.05,1.1151415906193205,Chromatography,True,test_one,0.7847682032937037
j.jct.2005.08.004.xml,2006,1,IAQRGUVFOMOMEM-ARJAWSKDSA-N,OKKJLVBELUTLKV-UHFFFAOYSA-N,cis-2-butene,methanol,269.98,9.7,2.272125885509337,Chromatography,True,test_one,3.3156174892548256
j.jct.2005.08.004.xml,2006,1,IAQRGUVFOMOMEM-ARJAWSKDSA-N,OKKJLVBELUTLKV-UHFFFAOYSA-N,cis-2-butene,methanol,289.99,9.44,2.244955980157409,Chromatography,True,test_one,3.1122625123902057
j.jct.2005.08.004.xml,2006,1,IAQRGUVFOMOMEM-ARJAWSKDSA-N,OKKJLVBELUTLKV-UHFFFAOYSA-N,cis-2-butene,methanol,300.0,9.33,2.233235014859253,Chromatography,True,test_one,3.0127825906699552
j.jct.2005.08.004.xml,2006,1,IAQRGUVFOMOMEM-ARJAWSKDSA-N,OKKJLVBELUTLKV-UHFFFAOYSA-N,cis-2-butene,methanol,310.0,9.15,2.21375387928743,Chromatography,True,test_one,2.9159533880830684
j.jct.2005.08.004.xml,2006,1,IAQRGUVFOMOMEM-ARJAWSKDSA-N,OKKJLVBELUTLKV-UHFFFAOYSA-N,cis-2-butene,methanol,320.0,8.96,2.192770226986839,Chromatography,True,test_one,2.82221590648127
j.jct.2005.08.004.xml,2006,1,IAQRGUVFOMOMEM-ARJAWSKDSA-N,OKKJLVBELUTLKV-UHFFFAOYSA-N,cis-2-butene,methanol,330.0,8.73,2.166765369851511,Chromatography,True,test_one,2.7319413886517405
je060395n.xml,2007,95,IAQRGUVFOMOMEM-ARJAWSKDSA-N,PPBRXRYQALVLMV-UHFFFAOYSA-N,cis-2-butene,styrene,270.07,2.52,0.924258901523332,calculated from henry's law constants,True,test_one,0.2816415558654982
je060395n.xml,2007,95,IAQRGUVFOMOMEM-ARJAWSKDSA-N,PPBRXRYQALVLMV-UHFFFAOYSA-N,cis-2-butene,styrene,309.84,2.36,0.8586616190375187,calculated from henry's law constants,True,test_one,0.23042036238444163
je060395n.xml,2007,95,IAQRGUVFOMOMEM-ARJAWSKDSA-N,PPBRXRYQALVLMV-UHFFFAOYSA-N,cis-2-butene,styrene,329.99,2.31,0.8372475245337022,calculated from henry's law constants,True,test_one,0.20959680787976112
j.jct.2005.08.004.xml,2006,79,IAQRGUVFOMOMEM-ARJAWSKDSA-N,QPRQEDXDYOZYLA-YFKPBYRVSA-N,cis-2-butene,2-methyl-1-butanol,270.01,2.84,1.043804052173115,Chromatography,True,test_one,0.8565716751924503
j.jct.2005.08.004.xml,2006,79,IAQRGUVFOMOMEM-ARJAWSKDSA-N,QPRQEDXDYOZYLA-YFKPBYRVSA-N,cis-2-butene,2-methyl-1-butanol,289.99,2.8,1.029619417181158,Chromatography,True,test_one,0.7646337711387932
j.jct.2005.08.004.xml,2006,79,IAQRGUVFOMOMEM-ARJAWSKDSA-N,QPRQEDXDYOZYLA-YFKPBYRVSA-N,cis-2-butene,2-methyl-1-butanol,309.99,2.71,0.9969486348916096,Chromatography,True,test_one,0.6841271595039855
j.jct.2005.08.004.xml,2006,79,IAQRGUVFOMOMEM-ARJAWSKDSA-N,QPRQEDXDYOZYLA-YFKPBYRVSA-N,cis-2-butene,2-methyl-1-butanol,330.0,2.58,0.947789398933526,Chromatography,True,test_one,0.614931101769536
je100529s.xml,2010,15,IAQRGUVFOMOMEM-ARJAWSKDSA-N,QWVGKYWNOKOFNN-UHFFFAOYSA-N,cis-2-butene,2-methylphenol,299.99,3.79,1.332366019094335,Gas Stripping Method,True,test_one,0.9167125383832477
je100529s.xml,2010,15,IAQRGUVFOMOMEM-ARJAWSKDSA-N,QWVGKYWNOKOFNN-UHFFFAOYSA-N,cis-2-butene,2-methylphenol,309.99,3.69,1.3056264580524355,Gas Stripping Method,True,test_one,0.8705749249368361
je100529s.xml,2010,15,IAQRGUVFOMOMEM-ARJAWSKDSA-N,QWVGKYWNOKOFNN-UHFFFAOYSA-N,cis-2-butene,2-methylphenol,319.99,3.57,1.2725655957915476,Gas Stripping Method,True,test_one,0.8276878345209372
je100529s.xml,2010,15,IAQRGUVFOMOMEM-ARJAWSKDSA-N,QWVGKYWNOKOFNN-UHFFFAOYSA-N,cis-2-butene,2-methylphenol,329.99,3.44,1.235471471385307,Gas Stripping Method,True,test_one,0.787885735317131
je100529s.xml,2010,39,IAQRGUVFOMOMEM-ARJAWSKDSA-N,RLSSMJSEOOYNOY-UHFFFAOYSA-N,cis-2-butene,3-methylphenol,289.98,4.29,1.4562867329399256,Gas Stripping Method,True,test_one,0.9299955247622163
je100529s.xml,2010,39,IAQRGUVFOMOMEM-ARJAWSKDSA-N,RLSSMJSEOOYNOY-UHFFFAOYSA-N,cis-2-butene,3-methylphenol,299.98,4.2,1.4350845252893227,Gas Stripping Method,True,test_one,0.8858768935297734
je100529s.xml,2010,39,IAQRGUVFOMOMEM-ARJAWSKDSA-N,RLSSMJSEOOYNOY-UHFFFAOYSA-N,cis-2-butene,3-methylphenol,309.99,4.09,1.4085449700547104,Gas Stripping Method,True,test_one,0.8446052599150343
je100529s.xml,2010,39,IAQRGUVFOMOMEM-ARJAWSKDSA-N,RLSSMJSEOOYNOY-UHFFFAOYSA-N,cis-2-butene,3-methylphenol,319.99,3.99,1.383791230901772,Gas Stripping Method,True,test_one,0.8061893247091635
je100529s.xml,2010,39,IAQRGUVFOMOMEM-ARJAWSKDSA-N,RLSSMJSEOOYNOY-UHFFFAOYSA-N,cis-2-butene,3-methylphenol,329.99,3.88,1.355835153635182,Gas Stripping Method,True,test_one,0.770458111751812
je060395n.xml,2007,85,IAQRGUVFOMOMEM-ARJAWSKDSA-N,UHOVQNZJYSORNB-UHFFFAOYSA-N,cis-2-butene,benzene,279.99,1.61,0.4762341789963717,calculated from henry's law constants,True,test_one,0.19754123409543875
je060395n.xml,2007,85,IAQRGUVFOMOMEM-ARJAWSKDSA-N,UHOVQNZJYSORNB-UHFFFAOYSA-N,cis-2-butene,benzene,289.99,1.59,0.4637340162321402,calculated from henry's law constants,True,test_one,0.1876093167669742
je060395n.xml,2007,85,IAQRGUVFOMOMEM-ARJAWSKDSA-N,UHOVQNZJYSORNB-UHFFFAOYSA-N,cis-2-butene,benzene,309.99,1.53,0.4252677354043441,calculated from henry's law constants,True,test_one,0.17000226776682953
je060395n.xml,2007,85,IAQRGUVFOMOMEM-ARJAWSKDSA-N,UHOVQNZJYSORNB-UHFFFAOYSA-N,cis-2-butene,benzene,329.99,1.5,0.4054651081081644,calculated from henry's law constants,True,test_one,0.15492697205756967
je060395n.xml,2007,93,IAQRGUVFOMOMEM-ARJAWSKDSA-N,URLKBWYHVLBVBO-UHFFFAOYSA-N,cis-2-butene,"1,4-dimethylbenzene",289.99,1.28,0.2468600779315258,calculated from henry's law constants,True,test_both,0.15096683483725387
je060395n.xml,2007,93,IAQRGUVFOMOMEM-ARJAWSKDSA-N,URLKBWYHVLBVBO-UHFFFAOYSA-N,cis-2-butene,"1,4-dimethylbenzene",299.99,1.28,0.2468600779315258,calculated from henry's law constants,True,test_both,0.14382813399334088
je060395n.xml,2007,93,IAQRGUVFOMOMEM-ARJAWSKDSA-N,URLKBWYHVLBVBO-UHFFFAOYSA-N,cis-2-butene,"1,4-dimethylbenzene",309.85,1.27,0.2390169004704999,calculated from henry's law constants,True,test_both,0.1372561451299392
je060395n.xml,2007,93,IAQRGUVFOMOMEM-ARJAWSKDSA-N,URLKBWYHVLBVBO-UHFFFAOYSA-N,cis-2-butene,"1,4-dimethylbenzene",319.99,1.28,0.2468600779315258,calculated from henry's law constants,True,test_both,0.1309347687415649
je060395n.xml,2007,93,IAQRGUVFOMOMEM-ARJAWSKDSA-N,URLKBWYHVLBVBO-UHFFFAOYSA-N,cis-2-butene,"1,4-dimethylbenzene",329.99,1.27,0.2390169004704999,calculated from henry's law constants,True,test_both,0.12509462280071118
je0502647.xml,2005,17,IAQRGUVFOMOMEM-ARJAWSKDSA-N,XXROGKLTLUQVRX-UHFFFAOYSA-N,cis-2-butene,2-propenol,270.06,5.28,1.6639260977181702,gas stripping method,True,test_one,2.000356978545944
je0502647.xml,2005,17,IAQRGUVFOMOMEM-ARJAWSKDSA-N,XXROGKLTLUQVRX-UHFFFAOYSA-N,cis-2-butene,2-propenol,289.99,5.06,1.6213664832993742,gas stripping method,True,test_one,1.8585169488431617
je0502647.xml,2005,17,IAQRGUVFOMOMEM-ARJAWSKDSA-N,XXROGKLTLUQVRX-UHFFFAOYSA-N,cis-2-butene,2-propenol,309.98,4.85,1.5789787049493915,gas stripping method,True,test_one,1.72692263393177
je0502647.xml,2005,17,IAQRGUVFOMOMEM-ARJAWSKDSA-N,XXROGKLTLUQVRX-UHFFFAOYSA-N,cis-2-butene,2-propenol,329.99,4.57,1.5195132049061133,gas stripping method,True,test_one,1.60776891808271
je060395n.xml,2007,87,IAQRGUVFOMOMEM-ARJAWSKDSA-N,YXFVVABEGXRONW-UHFFFAOYSA-N,cis-2-butene,toluene,270.0,1.4,0.3364722366212129,calculated from henry's law constants,True,test_one,0.16892354448952773
je060395n.xml,2007,87,IAQRGUVFOMOMEM-ARJAWSKDSA-N,YXFVVABEGXRONW-UHFFFAOYSA-N,cis-2-butene,toluene,289.98,1.39,0.3293037471426003,calculated from henry's law constants,True,test_one,0.15298718251016047
je060395n.xml,2007,87,IAQRGUVFOMOMEM-ARJAWSKDSA-N,YXFVVABEGXRONW-UHFFFAOYSA-N,cis-2-butene,toluene,309.94,1.35,0.3001045924503381,calculated from henry's law constants,True,test_one,0.13930672291291443
je060395n.xml,2007,87,IAQRGUVFOMOMEM-ARJAWSKDSA-N,YXFVVABEGXRONW-UHFFFAOYSA-N,cis-2-butene,toluene,329.99,1.34,0.29266961396282,calculated from henry's law constants,True,test_one,0.12740441902802832
j.jct.2005.08.004.xml,2006,41,IAQRGUVFOMOMEM-ARJAWSKDSA-N,ZXEKIIBDNHEJCQ-UHFFFAOYSA-N,cis-2-butene,2-methyl-1-propanol,269.96,3.21,1.1662709371419244,Chromatography,True,test_both,1.0296225618580244
j.jct.2005.08.004.xml,2006,41,IAQRGUVFOMOMEM-ARJAWSKDSA-N,ZXEKIIBDNHEJCQ-UHFFFAOYSA-N,cis-2-butene,2-methyl-1-propanol,289.99,3.23,1.172482137234565,Chromatography,True,test_both,0.924945143885562
j.jct.2005.08.004.xml,2006,41,IAQRGUVFOMOMEM-ARJAWSKDSA-N,ZXEKIIBDNHEJCQ-UHFFFAOYSA-N,cis-2-butene,2-methyl-1-propanol,309.99,3.12,1.1378330018213911,Chromatography,True,test_both,0.8321213217843902
j.jct.2005.08.004.xml,2006,41,IAQRGUVFOMOMEM-ARJAWSKDSA-N,ZXEKIIBDNHEJCQ-UHFFFAOYSA-N,cis-2-butene,2-methyl-1-propanol,329.94,3.01,1.1019400787607845,Chromatography,True,test_both,0.751569509739997
j.jct.2004.11.005.xml,2005,13,IAQRGUVFOMOMEM-ONEGZZNKSA-N,AMQJEAYHLZJPGS-UHFFFAOYSA-N,trans-2-butene,1-pentanol,269.99,2.8,1.029619417181158,Other,True,test_one,0.9386365360304705
j.jct.2004.11.005.xml,2005,13,IAQRGUVFOMOMEM-ONEGZZNKSA-N,AMQJEAYHLZJPGS-UHFFFAOYSA-N,trans-2-butene,1-pentanol,290.0,2.76,1.0152306797290584,Other,True,test_one,0.8419727091703172
j.jct.2004.11.005.xml,2005,13,IAQRGUVFOMOMEM-ONEGZZNKSA-N,AMQJEAYHLZJPGS-UHFFFAOYSA-N,trans-2-butene,1-pentanol,310.0,2.76,1.0152306797290584,Other,True,test_one,0.7571740444775379
j.jct.2004.11.005.xml,2005,13,IAQRGUVFOMOMEM-ONEGZZNKSA-N,AMQJEAYHLZJPGS-UHFFFAOYSA-N,trans-2-butene,1-pentanol,330.0,2.69,0.9895411936137476,Other,True,test_one,0.6839566190271946
j.jct.2004.11.005.xml,2005,45,IAQRGUVFOMOMEM-ONEGZZNKSA-N,AQIXEPGDORPWBJ-UHFFFAOYSA-N,trans-2-butene,3-pentanol,259.96,3.12,1.1378330018213911,Other,True,train,0.8559658974140115
j.jct.2004.11.005.xml,2005,45,IAQRGUVFOMOMEM-ONEGZZNKSA-N,AQIXEPGDORPWBJ-UHFFFAOYSA-N,trans-2-butene,3-pentanol,270.02,3.06,1.118414915964289,Other,True,train,0.8056003599508554
j.jct.2004.11.005.xml,2005,45,IAQRGUVFOMOMEM-ONEGZZNKSA-N,AQIXEPGDORPWBJ-UHFFFAOYSA-N,trans-2-butene,3-pentanol,280.0,2.96,1.085189268335969,Other,True,train,0.7582121662303635
j.jct.2004.11.005.xml,2005,45,IAQRGUVFOMOMEM-ONEGZZNKSA-N,AQIXEPGDORPWBJ-UHFFFAOYSA-N,trans-2-butene,3-pentanol,290.0,2.88,1.0577902941478543,Other,True,train,0.71357522197549
j.jct.2004.11.005.xml,2005,45,IAQRGUVFOMOMEM-ONEGZZNKSA-N,AQIXEPGDORPWBJ-UHFFFAOYSA-N,trans-2-butene,3-pentanol,300.0,2.77,1.0188473201992472,Other,True,train,0.6719103994841034
j.jct.2004.11.005.xml,2005,45,IAQRGUVFOMOMEM-ONEGZZNKSA-N,AQIXEPGDORPWBJ-UHFFFAOYSA-N,trans-2-butene,3-pentanol,310.01,2.67,0.9820784724121582,Other,True,train,0.6331885438168239
j.jct.2004.11.005.xml,2005,45,IAQRGUVFOMOMEM-ONEGZZNKSA-N,AQIXEPGDORPWBJ-UHFFFAOYSA-N,trans-2-butene,3-pentanol,320.0,2.54,0.9321640810304452,Other,True,train,0.5974453323433239
j.jct.2004.11.005.xml,2005,45,IAQRGUVFOMOMEM-ONEGZZNKSA-N,AQIXEPGDORPWBJ-UHFFFAOYSA-N,trans-2-butene,3-pentanol,330.01,2.5,0.9162907318741552,Other,True,train,0.5644042832727554
j.jct.2003.08.018.xml,2004,13,IAQRGUVFOMOMEM-ONEGZZNKSA-N,BDERNNFJNOPAEC-UHFFFAOYSA-N,trans-2-butene,1-propanol,260.02,4.2,1.4350845252893227,Chromatography,True,train,1.5138781824729777
j.jct.2003.08.018.xml,2004,13,IAQRGUVFOMOMEM-ONEGZZNKSA-N,BDERNNFJNOPAEC-UHFFFAOYSA-N,trans-2-butene,1-propanol,280.03,4.15,1.423108334242607,Chromatography,True,train,1.390197751413617
j.jct.2003.08.018.xml,2004,13,IAQRGUVFOMOMEM-ONEGZZNKSA-N,BDERNNFJNOPAEC-UHFFFAOYSA-N,trans-2-butene,1-propanol,299.99,4.1,1.410986973710262,Chromatography,True,train,1.2753071046645825
j.jct.2003.08.018.xml,2004,13,IAQRGUVFOMOMEM-ONEGZZNKSA-N,BDERNNFJNOPAEC-UHFFFAOYSA-N,trans-2-butene,1-propanol,320.09,4.06,1.4011829736136412,Chromatography,True,train,1.1709656594260962
j.jct.2003.08.018.xml,2004,13,IAQRGUVFOMOMEM-ONEGZZNKSA-N,BDERNNFJNOPAEC-UHFFFAOYSA-N,trans-2-butene,1-propanol,340.06,3.98,1.3812818192963463,Chromatography,True,train,1.0792111847622838
je050343i.xml,2005,37,IAQRGUVFOMOMEM-ONEGZZNKSA-N,CPJRRXSHAYUTGL-UHFFFAOYSA-N,trans-2-butene,3-methyl-3-buten-1-ol,270.04,3.42,1.229640551074514,Chromatography,True,train,1.2155219230619463
je050343i.xml,2005,37,IAQRGUVFOMOMEM-ONEGZZNKSA-N,CPJRRXSHAYUTGL-UHFFFAOYSA-N,trans-2-butene,3-methyl-3-buten-1-ol,289.99,3.35,1.208960345836975,Chromatography,True,train,1.1154238412944024
je050343i.xml,2005,37,IAQRGUVFOMOMEM-ONEGZZNKSA-N,CPJRRXSHAYUTGL-UHFFFAOYSA-N,trans-2-butene,3-methyl-3-buten-1-ol,309.99,3.27,1.184789984909162,Chromatography,True,train,1.0256649563654983
je050343i.xml,2005,37,IAQRGUVFOMOMEM-ONEGZZNKSA-N,CPJRRXSHAYUTGL-UHFFFAOYSA-N,trans-2-butene,3-methyl-3-buten-1-ol,330.0,3.12,1.1378330018213911,Chromatography,True,train,0.9466933474390468
je060395n.xml,2007,77,IAQRGUVFOMOMEM-ONEGZZNKSA-N,CTQNGGLPUBDAKN-UHFFFAOYSA-N,trans-2-butene,"1,2-dimethylbenzene",270.13,1.48,0.3920420877760237,calculated from henry's law constants,True,train,0.24507462555234885
je060395n.xml,2007,77,IAQRGUVFOMOMEM-ONEGZZNKSA-N,CTQNGGLPUBDAKN-UHFFFAOYSA-N,trans-2-butene,"1,2-dimethylbenzene",289.99,1.46,0.378436435720245,calculated from henry's law constants,True,train,0.2237958793835074
je060395n.xml,2007,77,IAQRGUVFOMOMEM-ONEGZZNKSA-N,CTQNGGLPUBDAKN-UHFFFAOYSA-N,trans-2-butene,"1,2-dimethylbenzene",309.84,1.45,0.371563556432483,calculated from henry's law constants,True,train,0.20534461288684952
je060395n.xml,2007,77,IAQRGUVFOMOMEM-ONEGZZNKSA-N,CTQNGGLPUBDAKN-UHFFFAOYSA-N,trans-2-butene,"1,2-dimethylbenzene",329.99,1.42,0.3506568716131693,calculated from henry's law constants,True,train,0.1889869378392979
je700270d.xml,2007,13,IAQRGUVFOMOMEM-ONEGZZNKSA-N,DHXVGJBLRPWPCS-UHFFFAOYSA-N,trans-2-butene,tetrahydropyran,250.06,1.43,0.3576744442718159,Chromatography,True,train,-0.02834971865534408
je700270d.xml,2007,13,IAQRGUVFOMOMEM-ONEGZZNKSA-N,DHXVGJBLRPWPCS-UHFFFAOYSA-N,trans-2-butene,tetrahydropyran,270.12,1.41,0.3435897043900768,Chromatography,True,train,-0.018401013277210675
je700270d.xml,2007,13,IAQRGUVFOMOMEM-ONEGZZNKSA-N,DHXVGJBLRPWPCS-UHFFFAOYSA-N,trans-2-butene,tetrahydropyran,289.97,1.4,0.3364722366212129,Chromatography,True,train,-0.010069268761243222
je700270d.xml,2007,13,IAQRGUVFOMOMEM-ONEGZZNKSA-N,DHXVGJBLRPWPCS-UHFFFAOYSA-N,trans-2-butene,tetrahydropyran,309.98,1.4,0.3364722366212129,Chromatography,True,train,-0.002948536278740013
je700270d.xml,2007,13,IAQRGUVFOMOMEM-ONEGZZNKSA-N,DHXVGJBLRPWPCS-UHFFFAOYSA-N,trans-2-butene,tetrahydropyran,329.97,1.4,0.3364722366212129,Chromatography,True,train,0.0030856738934750905
je050343i.xml,2005,13,IAQRGUVFOMOMEM-ONEGZZNKSA-N,HNVRRHSXBLFLIG-UHFFFAOYSA-N,trans-2-butene,"3-buten-2-ol, 2-methyl-",269.95,2.62,0.9631743177730056,Chromatography,True,train,1.0595482824606677
je050343i.xml,2005,13,IAQRGUVFOMOMEM-ONEGZZNKSA-N,HNVRRHSXBLFLIG-UHFFFAOYSA-N,trans-2-butene,"3-buten-2-ol, 2-methyl-",289.99,2.51,0.9202827531436923,Chromatography,True,train,0.9640757798490385
je050343i.xml,2005,13,IAQRGUVFOMOMEM-ONEGZZNKSA-N,HNVRRHSXBLFLIG-UHFFFAOYSA-N,trans-2-butene,"3-buten-2-ol, 2-methyl-",309.99,2.35,0.8544153281560676,Chromatography,True,train,0.8794239639204311
je050343i.xml,2005,13,IAQRGUVFOMOMEM-ONEGZZNKSA-N,HNVRRHSXBLFLIG-UHFFFAOYSA-N,trans-2-butene,"3-buten-2-ol, 2-methyl-",330.0,2.2,0.7884573603642703,Chromatography,True,train,0.805546983483046
je060395n.xml,2007,79,IAQRGUVFOMOMEM-ONEGZZNKSA-N,IVSZLXZYQVIEFR-UHFFFAOYSA-N,trans-2-butene,"1,3-dimethylbenzene",270.1,1.39,0.3293037471426003,calculated from henry's law constants,True,train,0.20046700489137162
je060395n.xml,2007,79,IAQRGUVFOMOMEM-ONEGZZNKSA-N,IVSZLXZYQVIEFR-UHFFFAOYSA-N,trans-2-butene,"1,3-dimethylbenzene",289.99,1.38,0.3220834991691132,calculated from henry's law constants,True,train,0.18212747586530512
je060395n.xml,2007,79,IAQRGUVFOMOMEM-ONEGZZNKSA-N,IVSZLXZYQVIEFR-UHFFFAOYSA-N,trans-2-butene,"1,3-dimethylbenzene",309.84,1.37,0.3148107398400336,calculated from henry's law constants,True,train,0.16627385880478104
je060395n.xml,2007,79,IAQRGUVFOMOMEM-ONEGZZNKSA-N,IVSZLXZYQVIEFR-UHFFFAOYSA-N,trans-2-butene,"1,3-dimethylbenzene",329.99,1.35,0.3001045924503381,calculated from henry's law constants,True,train,0.15222699558306033
je100529s.xml,2010,61,IAQRGUVFOMOMEM-ONEGZZNKSA-N,IWDCLRJOBJJRNH-UHFFFAOYSA-N,trans-2-butene,4-methylphenol,309.99,4.48,1.4996230464268938,Gas Stripping Method,True,train,0.9652943692376509
je100529s.xml,2010,61,IAQRGUVFOMOMEM-ONEGZZNKSA-N,IWDCLRJOBJJRNH-UHFFFAOYSA-N,trans-2-butene,4-methylphenol,319.99,4.35,1.4701758451005926,Gas Stripping Method,True,train,0.9243646057891476
je100529s.xml,2010,61,IAQRGUVFOMOMEM-ONEGZZNKSA-N,IWDCLRJOBJJRNH-UHFFFAOYSA-N,trans-2-butene,4-methylphenol,329.99,4.25,1.4469189829363254,Gas Stripping Method,True,train,0.8862089310203317
je100529s.xml,2010,61,IAQRGUVFOMOMEM-ONEGZZNKSA-N,IWDCLRJOBJJRNH-UHFFFAOYSA-N,trans-2-butene,4-methylphenol,340.02,4.14,1.4206957878372228,Gas Stripping Method,True,train,0.850553326489048
j.jct.2004.11.005.xml,2005,29,IAQRGUVFOMOMEM-ONEGZZNKSA-N,JYVLIDXNZAXMDK-YFKPBYRVSA-N,trans-2-butene,2-pentanol,269.99,2.91,1.0681530811834012,Other,True,train,0.8420407099376804
j.jct.2004.11.005.xml,2005,29,IAQRGUVFOMOMEM-ONEGZZNKSA-N,JYVLIDXNZAXMDK-YFKPBYRVSA-N,trans-2-butene,2-pentanol,290.0,2.81,1.0331844833456545,Other,True,train,0.7505491794124012
j.jct.2004.11.005.xml,2005,29,IAQRGUVFOMOMEM-ONEGZZNKSA-N,JYVLIDXNZAXMDK-YFKPBYRVSA-N,trans-2-butene,2-pentanol,310.0,2.65,0.9745596399981308,Other,True,train,0.6704965621011417
j.jct.2004.11.005.xml,2005,29,IAQRGUVFOMOMEM-ONEGZZNKSA-N,JYVLIDXNZAXMDK-YFKPBYRVSA-N,trans-2-butene,2-pentanol,330.0,2.49,0.9122827104766164,Other,True,train,0.6016946439151128
je0342116.xml,2004,12,IAQRGUVFOMOMEM-ONEGZZNKSA-N,KFZMGEQAYNKOFK-UHFFFAOYSA-N,trans-2-butene,2-propanol,270.04,4.3,1.4586150226995167,Chromatography,True,train,1.4518007954042456
je0342116.xml,2004,12,IAQRGUVFOMOMEM-ONEGZZNKSA-N,KFZMGEQAYNKOFK-UHFFFAOYSA-N,trans-2-butene,2-propanol,290.0,4.2,1.4350845252893227,Chromatography,True,train,1.331886829685365
je0342116.xml,2004,12,IAQRGUVFOMOMEM-ONEGZZNKSA-N,KFZMGEQAYNKOFK-UHFFFAOYSA-N,trans-2-butene,2-propanol,310.0,4.1,1.410986973710262,Chromatography,True,train,1.2219376617341753
je0342116.xml,2004,12,IAQRGUVFOMOMEM-ONEGZZNKSA-N,KFZMGEQAYNKOFK-UHFFFAOYSA-N,trans-2-butene,2-propanol,330.0,3.9,1.3609765531356006,Chromatography,True,train,1.1237940000594155
je034265f.xml,2004,13,IAQRGUVFOMOMEM-ONEGZZNKSA-N,LRHPLDYGYMQRHN-UHFFFAOYSA-N,trans-2-butene,1-butanol,250.01,3.4,1.2237754316221157,Other,True,train,1.228356541325238
je034265f.xml,2004,13,IAQRGUVFOMOMEM-ONEGZZNKSA-N,LRHPLDYGYMQRHN-UHFFFAOYSA-N,trans-2-butene,1-butanol,270.0,3.4,1.2237754316221157,Other,True,train,1.115189103826356
je034265f.xml,2004,13,IAQRGUVFOMOMEM-ONEGZZNKSA-N,LRHPLDYGYMQRHN-UHFFFAOYSA-N,trans-2-butene,1-butanol,290.01,3.4,1.2237754316221157,Other,True,train,1.0102580464447393
je034265f.xml,2004,13,IAQRGUVFOMOMEM-ONEGZZNKSA-N,LRHPLDYGYMQRHN-UHFFFAOYSA-N,trans-2-butene,1-butanol,310.0,3.3,1.1939224684724346,Other,True,train,0.9165431835629899
je034265f.xml,2004,13,IAQRGUVFOMOMEM-ONEGZZNKSA-N,LRHPLDYGYMQRHN-UHFFFAOYSA-N,trans-2-butene,1-butanol,330.0,3.3,1.1939224684724346,Other,True,train,0.834447258923232
j.fluid.2006.06.024.xml,2006,4,IAQRGUVFOMOMEM-ONEGZZNKSA-N,OKKJLVBELUTLKV-UHFFFAOYSA-N,trans-2-butene,methanol,375.2,7.3,1.9878743481543453,Chromatography,True,train,2.4632991236861983
j.fluid.2006.06.024.xml,2006,4,IAQRGUVFOMOMEM-ONEGZZNKSA-N,OKKJLVBELUTLKV-UHFFFAOYSA-N,trans-2-butene,methanol,394.8,6.6,1.88706964903238,Chromatography,True,train,2.326708917864905
j.fluid.2006.06.024.xml,2006,4,IAQRGUVFOMOMEM-ONEGZZNKSA-N,OKKJLVBELUTLKV-UHFFFAOYSA-N,trans-2-butene,methanol,412.6,6.0,1.791759469228055,Chromatography,True,train,2.2137660795674408
je060395n.xml,2007,83,IAQRGUVFOMOMEM-ONEGZZNKSA-N,PPBRXRYQALVLMV-UHFFFAOYSA-N,trans-2-butene,styrene,270.07,2.68,0.9858167945227654,calculated from henry's law constants,True,train,0.3306510289330456
je060395n.xml,2007,83,IAQRGUVFOMOMEM-ONEGZZNKSA-N,PPBRXRYQALVLMV-UHFFFAOYSA-N,trans-2-butene,styrene,309.84,2.52,0.924258901523332,calculated from henry's law constants,True,train,0.27132914496387084
je060395n.xml,2007,83,IAQRGUVFOMOMEM-ONEGZZNKSA-N,PPBRXRYQALVLMV-UHFFFAOYSA-N,trans-2-butene,styrene,329.99,2.43,0.8878912573524571,calculated from henry's law constants,True,train,0.24726275583061913
je100529s.xml,2010,13,IAQRGUVFOMOMEM-ONEGZZNKSA-N,QWVGKYWNOKOFNN-UHFFFAOYSA-N,trans-2-butene,2-methylphenol,299.99,4.25,1.4469189829363254,Gas Stripping Method,True,train,1.0170940974222982
je100529s.xml,2010,13,IAQRGUVFOMOMEM-ONEGZZNKSA-N,QWVGKYWNOKOFNN-UHFFFAOYSA-N,trans-2-butene,2-methylphenol,309.99,4.13,1.4182774069729414,Gas Stripping Method,True,train,0.967236671600098
je100529s.xml,2010,13,IAQRGUVFOMOMEM-ONEGZZNKSA-N,QWVGKYWNOKOFNN-UHFFFAOYSA-N,trans-2-butene,2-methylphenol,319.99,3.98,1.3812818192963463,Gas Stripping Method,True,train,0.9208360439942923
je100529s.xml,2010,13,IAQRGUVFOMOMEM-ONEGZZNKSA-N,QWVGKYWNOKOFNN-UHFFFAOYSA-N,trans-2-butene,2-methylphenol,329.99,3.82,1.3402504226184837,Gas Stripping Method,True,train,0.8777132577923278
je100529s.xml,2010,37,IAQRGUVFOMOMEM-ONEGZZNKSA-N,RLSSMJSEOOYNOY-UHFFFAOYSA-N,trans-2-butene,3-methylphenol,289.98,4.68,1.5432981099295553,Gas Stripping Method,True,train,1.0426044832768195
je100529s.xml,2010,37,IAQRGUVFOMOMEM-ONEGZZNKSA-N,RLSSMJSEOOYNOY-UHFFFAOYSA-N,trans-2-butene,3-methylphenol,299.98,4.57,1.5195132049061133,Gas Stripping Method,True,train,0.9943258779049536
je100529s.xml,2010,37,IAQRGUVFOMOMEM-ONEGZZNKSA-N,RLSSMJSEOOYNOY-UHFFFAOYSA-N,trans-2-butene,3-methylphenol,309.99,4.49,1.501852701754163,Gas Stripping Method,True,train,0.9491220137765128
je100529s.xml,2010,37,IAQRGUVFOMOMEM-ONEGZZNKSA-N,RLSSMJSEOOYNOY-UHFFFAOYSA-N,trans-2-butene,3-methylphenol,319.99,4.35,1.4701758451005926,Gas Stripping Method,True,train,0.9069937766457236
je100529s.xml,2010,37,IAQRGUVFOMOMEM-ONEGZZNKSA-N,RLSSMJSEOOYNOY-UHFFFAOYSA-N,trans-2-butene,3-methylphenol,329.99,4.23,1.4422019930581866,Gas Stripping Method,True,train,0.8677515156986608
je060395n.xml,2007,73,IAQRGUVFOMOMEM-ONEGZZNKSA-N,UHOVQNZJYSORNB-UHFFFAOYSA-N,trans-2-butene,benzene,279.99,1.79,0.5822156198526637,calculated from henry's law constants,True,train,0.24135143201787415
je060395n.xml,2007,73,IAQRGUVFOMOMEM-ONEGZZNKSA-N,UHOVQNZJYSORNB-UHFFFAOYSA-N,trans-2-butene,benzene,289.99,1.74,0.5538851132264376,calculated from henry's law constants,True,train,0.22932263895619986
je060395n.xml,2007,73,IAQRGUVFOMOMEM-ONEGZZNKSA-N,UHOVQNZJYSORNB-UHFFFAOYSA-N,trans-2-butene,benzene,309.99,1.67,0.5128236264286637,calculated from henry's law constants,True,train,0.20797548793442203
je060395n.xml,2007,73,IAQRGUVFOMOMEM-ONEGZZNKSA-N,UHOVQNZJYSORNB-UHFFFAOYSA-N,trans-2-butene,benzene,329.99,1.56,0.4446858212614457,calculated from henry's law constants,True,train,0.18967775233724554
je060395n.xml,2007,81,IAQRGUVFOMOMEM-ONEGZZNKSA-N,URLKBWYHVLBVBO-UHFFFAOYSA-N,trans-2-butene,"1,4-dimethylbenzene",289.99,1.32,0.2776317365982795,calculated from henry's law constants,True,test_one,0.1718553142256011
je060395n.xml,2007,81,IAQRGUVFOMOMEM-ONEGZZNKSA-N,URLKBWYHVLBVBO-UHFFFAOYSA-N,trans-2-butene,"1,4-dimethylbenzene",299.99,1.32,0.2776317365982795,calculated from henry's law constants,True,test_one,0.16407506670004002
je060395n.xml,2007,81,IAQRGUVFOMOMEM-ONEGZZNKSA-N,URLKBWYHVLBVBO-UHFFFAOYSA-N,trans-2-butene,"1,4-dimethylbenzene",309.85,1.32,0.2776317365982795,calculated from henry's law constants,True,test_one,0.15691887090407
je060395n.xml,2007,81,IAQRGUVFOMOMEM-ONEGZZNKSA-N,URLKBWYHVLBVBO-UHFFFAOYSA-N,trans-2-butene,"1,4-dimethylbenzene",319.99,1.31,0.2700271372130602,calculated from henry's law constants,True,test_one,0.15004209686100503
je060395n.xml,2007,81,IAQRGUVFOMOMEM-ONEGZZNKSA-N,URLKBWYHVLBVBO-UHFFFAOYSA-N,trans-2-butene,"1,4-dimethylbenzene",329.99,1.3,0.262364264467491,calculated from henry's law constants,True,test_one,0.14369514845188724
je0502647.xml,2005,13,IAQRGUVFOMOMEM-ONEGZZNKSA-N,XXROGKLTLUQVRX-UHFFFAOYSA-N,trans-2-butene,2-propenol,269.995,5.85,1.766441661243765,gas stripping method,True,train,2.1281653251624544
je0502647.xml,2005,13,IAQRGUVFOMOMEM-ONEGZZNKSA-N,XXROGKLTLUQVRX-UHFFFAOYSA-N,trans-2-butene,2-propenol,289.99,5.67,1.7351891177396608,gas stripping method,True,train,1.9795453714798799
je0502647.xml,2005,13,IAQRGUVFOMOMEM-ONEGZZNKSA-N,XXROGKLTLUQVRX-UHFFFAOYSA-N,trans-2-butene,2-propenol,309.995,5.38,1.682688374173693,gas stripping method,True,train,1.8418567790674838
je0502647.xml,2005,13,IAQRGUVFOMOMEM-ONEGZZNKSA-N,XXROGKLTLUQVRX-UHFFFAOYSA-N,trans-2-butene,2-propenol,329.99,4.91,1.5912739418064292,gas stripping method,True,train,1.7171265543634624
je060395n.xml,2007,75,IAQRGUVFOMOMEM-ONEGZZNKSA-N,YXFVVABEGXRONW-UHFFFAOYSA-N,trans-2-butene,toluene,270.0,1.46,0.378436435720245,calculated from henry's law constants,True,train,0.2064875977190412
je060395n.xml,2007,75,IAQRGUVFOMOMEM-ONEGZZNKSA-N,YXFVVABEGXRONW-UHFFFAOYSA-N,trans-2-butene,toluene,289.98,1.44,0.3646431135879092,calculated from henry's law constants,True,train,0.18745238543515666
je060395n.xml,2007,75,IAQRGUVFOMOMEM-ONEGZZNKSA-N,YXFVVABEGXRONW-UHFFFAOYSA-N,trans-2-butene,toluene,309.94,1.42,0.3506568716131693,calculated from henry's law constants,True,train,0.1711025639053992
je060395n.xml,2007,75,IAQRGUVFOMOMEM-ONEGZZNKSA-N,YXFVVABEGXRONW-UHFFFAOYSA-N,trans-2-butene,toluene,329.99,1.4,0.3364722366212129,calculated from henry's law constants,True,train,0.15687809103004083
j.jct.2013.05.011.xml,2013,50,IBXNCJKFFQIKKY-UHFFFAOYSA-N,MTHSVFCYNBDYFN-UHFFFAOYSA-N,1-pentyne,diethylene glycol,333.2,9.93,2.295560478057081,Chromatography,True,test_one,1.5949838389046054
j.jct.2013.05.011.xml,2013,50,IBXNCJKFFQIKKY-UHFFFAOYSA-N,MTHSVFCYNBDYFN-UHFFFAOYSA-N,1-pentyne,diethylene glycol,348.2,10.48,2.349468678892896,Chromatography,True,test_one,1.5189916514868014
j.jct.2013.05.011.xml,2013,50,IBXNCJKFFQIKKY-UHFFFAOYSA-N,MTHSVFCYNBDYFN-UHFFFAOYSA-N,1-pentyne,diethylene glycol,363.2,10.15,2.3174737054877963,Chromatography,True,test_one,1.4489930729829275
j.jct.2013.02.006.xml,2013,33,IBXNCJKFFQIKKY-UHFFFAOYSA-N,SECXISVLQFMRJM-UHFFFAOYSA-N,1-pentyne,1-methylpyrrolidone,333.2,1.27,0.2390169004704999,Chromatography,True,train,-0.9964242830467788
j.jct.2013.02.006.xml,2013,33,IBXNCJKFFQIKKY-UHFFFAOYSA-N,SECXISVLQFMRJM-UHFFFAOYSA-N,1-pentyne,1-methylpyrrolidone,348.2,1.41,0.3435897043900768,Chromatography,True,train,-0.9219630575980703
j.jct.2013.02.006.xml,2013,33,IBXNCJKFFQIKKY-UHFFFAOYSA-N,SECXISVLQFMRJM-UHFFFAOYSA-N,1-pentyne,1-methylpyrrolidone,363.2,1.63,0.4885800148186709,Chromatography,True,train,-0.8542327072789916
j.jct.2013.05.011.xml,2013,51,IBXNCJKFFQIKKY-UHFFFAOYSA-N,ZIBGPFATKBEMQZ-UHFFFAOYSA-N,1-pentyne,triethylene glycol,333.2,5.07,1.623340817603092,Chromatography,True,train,0.9742495481306077
j.jct.2013.05.011.xml,2013,51,IBXNCJKFFQIKKY-UHFFFAOYSA-N,ZIBGPFATKBEMQZ-UHFFFAOYSA-N,1-pentyne,triethylene glycol,348.2,5.11,1.631199404215613,Chromatography,True,train,0.9205455440406803
j.jct.2013.05.011.xml,2013,51,IBXNCJKFFQIKKY-UHFFFAOYSA-N,ZIBGPFATKBEMQZ-UHFFFAOYSA-N,1-pentyne,triethylene glycol,363.2,5.01,1.6114359150967734,Chromatography,True,train,0.8717610252890733
j.fluid.2010.05.010.xml,2010,0,IEJIGPNLZYLLBP-UHFFFAOYSA-N,XLYOFNOQVPJJNP-UHFFFAOYSA-N,dimethyl carbonate,water,273.35,37.6,3.6270040503958487,Inert gas stripping,True,train,8.776154100322335
j.fluid.2010.05.010.xml,2010,0,IEJIGPNLZYLLBP-UHFFFAOYSA-N,XLYOFNOQVPJJNP-UHFFFAOYSA-N,dimethyl carbonate,water,283.15,43.8,3.779633817382401,Inert gas stripping,True,train,8.63485825326164
j.fluid.2010.05.010.xml,2010,0,IEJIGPNLZYLLBP-UHFFFAOYSA-N,XLYOFNOQVPJJNP-UHFFFAOYSA-N,dimethyl carbonate,water,293.15,46.3,3.835141961092188,Inert gas stripping,True,train,8.478802214257561
j.fluid.2010.05.010.xml,2010,0,IEJIGPNLZYLLBP-UHFFFAOYSA-N,XLYOFNOQVPJJNP-UHFFFAOYSA-N,dimethyl carbonate,water,298.15,48.0,3.871201010907891,Inert gas stripping,True,train,8.397431826900139
j.fluid.2010.05.010.xml,2010,0,IEJIGPNLZYLLBP-UHFFFAOYSA-N,XLYOFNOQVPJJNP-UHFFFAOYSA-N,dimethyl carbonate,water,303.15,49.3,3.897924081048645,Inert gas stripping,True,train,8.314366986488196
j.fluid.2010.05.010.xml,2010,0,IEJIGPNLZYLLBP-UHFFFAOYSA-N,XLYOFNOQVPJJNP-UHFFFAOYSA-N,dimethyl carbonate,water,313.15,50.0,3.912023005428146,Inert gas stripping,True,train,8.14452477328229
j.fluid.2010.05.010.xml,2010,0,IEJIGPNLZYLLBP-UHFFFAOYSA-N,XLYOFNOQVPJJNP-UHFFFAOYSA-N,dimethyl carbonate,water,323.15,50.9,3.929862923556477,Inert gas stripping,True,train,7.971683267626273
j.fluid.2010.05.010.xml,2010,0,IEJIGPNLZYLLBP-UHFFFAOYSA-N,XLYOFNOQVPJJNP-UHFFFAOYSA-N,dimethyl carbonate,water,333.15,50.3,3.918005077105693,Inert gas stripping,True,train,7.7977768400985985
j.jct.2004.11.005.xml,2005,5,IJDNQMDRQITEOD-UHFFFAOYSA-N,AMQJEAYHLZJPGS-UHFFFAOYSA-N,butane,1-pentanol,270.01,3.33,1.2029723039923526,Other,True,test_one,1.2858317651453566
j.jct.2004.11.005.xml,2005,5,IJDNQMDRQITEOD-UHFFFAOYSA-N,AMQJEAYHLZJPGS-UHFFFAOYSA-N,butane,1-pentanol,290.0,3.31,1.1969481893889715,Other,True,test_one,1.1829626518348164
j.jct.2004.11.005.xml,2005,5,IJDNQMDRQITEOD-UHFFFAOYSA-N,AMQJEAYHLZJPGS-UHFFFAOYSA-N,butane,1-pentanol,310.0,3.27,1.184789984909162,Other,True,test_one,1.090516436707059
j.jct.2004.11.005.xml,2005,5,IJDNQMDRQITEOD-UHFFFAOYSA-N,AMQJEAYHLZJPGS-UHFFFAOYSA-N,butane,1-pentanol,330.0,3.19,1.1600209167967532,Other,True,test_one,1.0087859218343358
j.jct.2004.11.005.xml,2005,37,IJDNQMDRQITEOD-UHFFFAOYSA-N,AQIXEPGDORPWBJ-UHFFFAOYSA-N,butane,3-pentanol,259.98,3.48,1.247032293786383,Other,True,train,1.195875461517032
j.jct.2004.11.005.xml,2005,37,IJDNQMDRQITEOD-UHFFFAOYSA-N,AQIXEPGDORPWBJ-UHFFFAOYSA-N,butane,3-pentanol,270.02,3.4,1.2237754316221157,Other,True,train,1.1401765016427514
j.jct.2004.11.005.xml,2005,37,IJDNQMDRQITEOD-UHFFFAOYSA-N,AQIXEPGDORPWBJ-UHFFFAOYSA-N,butane,3-pentanol,280.0,3.36,1.2119409739751128,Other,True,train,1.0870817212560788
j.jct.2004.11.005.xml,2005,37,IJDNQMDRQITEOD-UHFFFAOYSA-N,AQIXEPGDORPWBJ-UHFFFAOYSA-N,butane,3-pentanol,290.0,3.26,1.181727195378616,Other,True,train,1.0365153638601576
j.jct.2004.11.005.xml,2005,37,IJDNQMDRQITEOD-UHFFFAOYSA-N,AQIXEPGDORPWBJ-UHFFFAOYSA-N,butane,3-pentanol,300.0,3.15,1.1474024528375415,Other,True,train,0.9887818224636982
j.jct.2004.11.005.xml,2005,37,IJDNQMDRQITEOD-UHFFFAOYSA-N,AQIXEPGDORPWBJ-UHFFFAOYSA-N,butane,3-pentanol,310.01,3.04,1.1118575154181305,Other,True,train,0.9439022115033566
j.jct.2004.11.005.xml,2005,37,IJDNQMDRQITEOD-UHFFFAOYSA-N,AQIXEPGDORPWBJ-UHFFFAOYSA-N,butane,3-pentanol,320.0,2.92,1.0715836162801904,Other,True,train,0.901974487205263
j.jct.2004.11.005.xml,2005,37,IJDNQMDRQITEOD-UHFFFAOYSA-N,AQIXEPGDORPWBJ-UHFFFAOYSA-N,butane,3-pentanol,330.01,2.79,1.0260415958332745,Other,True,train,0.8627312297803413
j.jct.2003.08.018.xml,2004,1,IJDNQMDRQITEOD-UHFFFAOYSA-N,BDERNNFJNOPAEC-UHFFFAOYSA-N,butane,1-propanol,260.05,5.17,1.6428726885203375,Chromatography,True,train,2.0739006227461574
j.jct.2003.08.018.xml,2004,1,IJDNQMDRQITEOD-UHFFFAOYSA-N,BDERNNFJNOPAEC-UHFFFAOYSA-N,butane,1-propanol,280.05,5.06,1.6213664832993742,Chromatography,True,train,1.9345771511492165
j.jct.2003.08.018.xml,2004,1,IJDNQMDRQITEOD-UHFFFAOYSA-N,BDERNNFJNOPAEC-UHFFFAOYSA-N,butane,1-propanol,299.99,5.03,1.615419984111648,Chromatography,True,train,1.8030398248500923
j.jct.2003.08.018.xml,2004,1,IJDNQMDRQITEOD-UHFFFAOYSA-N,BDERNNFJNOPAEC-UHFFFAOYSA-N,butane,1-propanol,320.05,4.88,1.5851452198650555,Chromatography,True,train,1.6815610395343885
je050343i.xml,2005,29,IJDNQMDRQITEOD-UHFFFAOYSA-N,CPJRRXSHAYUTGL-UHFFFAOYSA-N,butane,3-methyl-3-buten-1-ol,270.04,4.61,1.5282278570085572,Chromatography,True,train,1.9369149646520087
je050343i.xml,2005,29,IJDNQMDRQITEOD-UHFFFAOYSA-N,CPJRRXSHAYUTGL-UHFFFAOYSA-N,butane,3-methyl-3-buten-1-ol,289.99,4.41,1.483874689458755,Chromatography,True,train,1.795772364221389
je050343i.xml,2005,29,IJDNQMDRQITEOD-UHFFFAOYSA-N,CPJRRXSHAYUTGL-UHFFFAOYSA-N,butane,3-methyl-3-buten-1-ol,309.99,4.18,1.430311246536665,Chromatography,True,train,1.6678361335280063
je050343i.xml,2005,29,IJDNQMDRQITEOD-UHFFFAOYSA-N,CPJRRXSHAYUTGL-UHFFFAOYSA-N,butane,3-methyl-3-buten-1-ol,330.0,3.99,1.383791230901772,Chromatography,True,train,1.5534890137004433
je060395n.xml,2007,29,IJDNQMDRQITEOD-UHFFFAOYSA-N,CTQNGGLPUBDAKN-UHFFFAOYSA-N,butane,"1,2-dimethylbenzene",270.13,1.95,0.6678293725756554,calculated from henry's law constants,True,train,0.5859658849598457
je060395n.xml,2007,29,IJDNQMDRQITEOD-UHFFFAOYSA-N,CTQNGGLPUBDAKN-UHFFFAOYSA-N,butane,"1,2-dimethylbenzene",289.99,1.86,0.62057648772511,calculated from henry's law constants,True,train,0.5274928215613244
je060395n.xml,2007,29,IJDNQMDRQITEOD-UHFFFAOYSA-N,CTQNGGLPUBDAKN-UHFFFAOYSA-N,butane,"1,2-dimethylbenzene",309.84,1.8,0.5877866649021191,calculated from henry's law constants,True,train,0.4772695940654908
je060395n.xml,2007,29,IJDNQMDRQITEOD-UHFFFAOYSA-N,CTQNGGLPUBDAKN-UHFFFAOYSA-N,butane,"1,2-dimethylbenzene",329.99,1.73,0.5481214085096876,calculated from henry's law constants,True,train,0.43321392053233104
je700270d.xml,2007,5,IJDNQMDRQITEOD-UHFFFAOYSA-N,DHXVGJBLRPWPCS-UHFFFAOYSA-N,butane,tetrahydropyran,250.06,2.04,0.712949807856125,Chromatography,True,train,0.26141461612220296
je700270d.xml,2007,5,IJDNQMDRQITEOD-UHFFFAOYSA-N,DHXVGJBLRPWPCS-UHFFFAOYSA-N,butane,tetrahydropyran,270.12,1.94,0.6626879730752367,Chromatography,True,train,0.25429109802601185
je700270d.xml,2007,5,IJDNQMDRQITEOD-UHFFFAOYSA-N,DHXVGJBLRPWPCS-UHFFFAOYSA-N,butane,tetrahydropyran,289.97,1.85,0.6151856390902335,Chromatography,True,train,0.2464189395046039
je700270d.xml,2007,5,IJDNQMDRQITEOD-UHFFFAOYSA-N,DHXVGJBLRPWPCS-UHFFFAOYSA-N,butane,tetrahydropyran,309.98,1.78,0.5766133643039938,Chromatography,True,train,0.2380578646096633
je700270d.xml,2007,5,IJDNQMDRQITEOD-UHFFFAOYSA-N,DHXVGJBLRPWPCS-UHFFFAOYSA-N,butane,tetrahydropyran,329.97,1.72,0.5423242908253617,Chromatography,True,train,0.22954892208373537
je050343i.xml,2005,5,IJDNQMDRQITEOD-UHFFFAOYSA-N,HNVRRHSXBLFLIG-UHFFFAOYSA-N,butane,"3-buten-2-ol, 2-methyl-",269.95,3.22,1.169381359556317,Chromatography,True,train,1.6883586144696834
je050343i.xml,2005,5,IJDNQMDRQITEOD-UHFFFAOYSA-N,HNVRRHSXBLFLIG-UHFFFAOYSA-N,butane,"3-buten-2-ol, 2-methyl-",289.99,3.08,1.1249295969854831,Chromatography,True,train,1.555962917665974
je050343i.xml,2005,5,IJDNQMDRQITEOD-UHFFFAOYSA-N,HNVRRHSXBLFLIG-UHFFFAOYSA-N,butane,"3-buten-2-ol, 2-methyl-",309.99,2.87,1.0543120297715298,Chromatography,True,train,1.4372574994413905
je050343i.xml,2005,5,IJDNQMDRQITEOD-UHFFFAOYSA-N,HNVRRHSXBLFLIG-UHFFFAOYSA-N,butane,"3-buten-2-ol, 2-methyl-",330.0,2.65,0.9745596399981308,Chromatography,True,train,1.3319241415572767
je060395n.xml,2007,31,IJDNQMDRQITEOD-UHFFFAOYSA-N,IVSZLXZYQVIEFR-UHFFFAOYSA-N,butane,"1,3-dimethylbenzene",270.1,1.77,0.5709795465857378,calculated from henry's law constants,True,train,0.44193340351522287
je060395n.xml,2007,31,IJDNQMDRQITEOD-UHFFFAOYSA-N,IVSZLXZYQVIEFR-UHFFFAOYSA-N,butane,"1,3-dimethylbenzene",289.99,1.73,0.5481214085096876,calculated from henry's law constants,True,train,0.3958545941185151
je060395n.xml,2007,31,IJDNQMDRQITEOD-UHFFFAOYSA-N,IVSZLXZYQVIEFR-UHFFFAOYSA-N,butane,"1,3-dimethylbenzene",309.84,1.7,0.5306282510621704,calculated from henry's law constants,True,train,0.3566040166831627
je060395n.xml,2007,31,IJDNQMDRQITEOD-UHFFFAOYSA-N,IVSZLXZYQVIEFR-UHFFFAOYSA-N,butane,"1,3-dimethylbenzene",329.99,1.61,0.4762341789963717,calculated from henry's law constants,True,train,0.322360317241734
je100529s.xml,2010,53,IJDNQMDRQITEOD-UHFFFAOYSA-N,IWDCLRJOBJJRNH-UHFFFAOYSA-N,n-butane,4-methylphenol,309.99,6.88,1.928618651945252,Gas Stripping Method,True,train,1.7426017124714144
je100529s.xml,2010,53,IJDNQMDRQITEOD-UHFFFAOYSA-N,IWDCLRJOBJJRNH-UHFFFAOYSA-N,n-butane,4-methylphenol,319.99,6.62,1.890095369948917,Gas Stripping Method,True,train,1.673148577567818
je100529s.xml,2010,53,IJDNQMDRQITEOD-UHFFFAOYSA-N,IWDCLRJOBJJRNH-UHFFFAOYSA-N,n-butane,4-methylphenol,329.99,6.32,1.843719208158766,Gas Stripping Method,True,train,1.6080192196941812
je100529s.xml,2010,53,IJDNQMDRQITEOD-UHFFFAOYSA-N,IWDCLRJOBJJRNH-UHFFFAOYSA-N,n-butane,4-methylphenol,340.02,6.09,1.8066480817218056,Gas Stripping Method,True,train,1.5467518110109038
j.jct.2004.11.005.xml,2005,21,IJDNQMDRQITEOD-UHFFFAOYSA-N,JYVLIDXNZAXMDK-YFKPBYRVSA-N,butane,2-pentanol,269.96,3.38,1.2178757094949273,Other,True,train,1.1854976612015098
j.jct.2004.11.005.xml,2005,21,IJDNQMDRQITEOD-UHFFFAOYSA-N,JYVLIDXNZAXMDK-YFKPBYRVSA-N,butane,2-pentanol,290.0,3.24,1.175573329804238,Other,True,train,1.083934823518482
j.jct.2004.11.005.xml,2005,21,IJDNQMDRQITEOD-UHFFFAOYSA-N,JYVLIDXNZAXMDK-YFKPBYRVSA-N,butane,2-pentanol,310.0,3.11,1.1346227261911428,Other,True,train,0.9931531830140076
j.jct.2004.11.005.xml,2005,21,IJDNQMDRQITEOD-UHFFFAOYSA-N,JYVLIDXNZAXMDK-YFKPBYRVSA-N,butane,2-pentanol,330.0,2.94,1.0784095813505905,Other,True,train,0.9132302062160493
je0342116.xml,2004,4,IJDNQMDRQITEOD-UHFFFAOYSA-N,KFZMGEQAYNKOFK-UHFFFAOYSA-N,butane,2-propanol,270.03,5.1,1.62924053973028,Chromatography,True,train,2.013647764344614
je0342116.xml,2004,4,IJDNQMDRQITEOD-UHFFFAOYSA-N,KFZMGEQAYNKOFK-UHFFFAOYSA-N,butane,2-propanol,290.0,5.1,1.62924053973028,Chromatography,True,train,1.8750826895697579
je0342116.xml,2004,4,IJDNQMDRQITEOD-UHFFFAOYSA-N,KFZMGEQAYNKOFK-UHFFFAOYSA-N,butane,2-propanol,310.0,4.9,1.589235205116581,Chromatography,True,train,1.7461023774621973
je0342116.xml,2004,4,IJDNQMDRQITEOD-UHFFFAOYSA-N,KFZMGEQAYNKOFK-UHFFFAOYSA-N,butane,2-propanol,330.0,4.6,1.5260563034950492,Chromatography,True,train,1.6289622514584319
je034265f.xml,2004,5,IJDNQMDRQITEOD-UHFFFAOYSA-N,LRHPLDYGYMQRHN-UHFFFAOYSA-N,butane,1-butanol,250.01,4.1,1.410986973710262,Other,True,train,1.6769938604713956
je034265f.xml,2004,5,IJDNQMDRQITEOD-UHFFFAOYSA-N,LRHPLDYGYMQRHN-UHFFFAOYSA-N,butane,1-butanol,270.04,4.1,1.410986973710262,Other,True,train,1.5529607752812067
je034265f.xml,2004,5,IJDNQMDRQITEOD-UHFFFAOYSA-N,LRHPLDYGYMQRHN-UHFFFAOYSA-N,butane,1-butanol,290.01,4.1,1.410986973710262,Other,True,train,1.4360332238634896
je034265f.xml,2004,5,IJDNQMDRQITEOD-UHFFFAOYSA-N,LRHPLDYGYMQRHN-UHFFFAOYSA-N,butane,1-butanol,310.01,4.0,1.3862943611198906,Other,True,train,1.3291634275009452
je034265f.xml,2004,5,IJDNQMDRQITEOD-UHFFFAOYSA-N,LRHPLDYGYMQRHN-UHFFFAOYSA-N,butane,1-butanol,330.0,3.9,1.3609765531356006,Other,True,train,1.2335910161312842
je060395n.xml,2007,35,IJDNQMDRQITEOD-UHFFFAOYSA-N,PPBRXRYQALVLMV-UHFFFAOYSA-N,butane,styrene,270.07,3.97,1.3787660946990992,calculated from henry's law constants,True,train,0.7377094384978138
je060395n.xml,2007,35,IJDNQMDRQITEOD-UHFFFAOYSA-N,PPBRXRYQALVLMV-UHFFFAOYSA-N,butane,styrene,309.84,3.39,1.220829921392359,calculated from henry's law constants,True,train,0.5910563468730058
je060395n.xml,2007,35,IJDNQMDRQITEOD-UHFFFAOYSA-N,PPBRXRYQALVLMV-UHFFFAOYSA-N,butane,styrene,329.99,3.16,1.1505720275988207,calculated from henry's law constants,True,train,0.5327873363765233
je100529s.xml,2010,5,IJDNQMDRQITEOD-UHFFFAOYSA-N,QWVGKYWNOKOFNN-UHFFFAOYSA-N,n-butane,2-methylphenol,299.99,6.92,1.9344157696295785,Gas Stripping Method,True,train,1.7938244126096956
je100529s.xml,2010,5,IJDNQMDRQITEOD-UHFFFAOYSA-N,QWVGKYWNOKOFNN-UHFFFAOYSA-N,n-butane,2-methylphenol,309.99,6.61,1.888583653863595,Gas Stripping Method,True,train,1.7096279168463768
je100529s.xml,2010,5,IJDNQMDRQITEOD-UHFFFAOYSA-N,QWVGKYWNOKOFNN-UHFFFAOYSA-N,n-butane,2-methylphenol,319.99,6.26,1.8341801851120072,Gas Stripping Method,True,train,1.6310023913797136
je100529s.xml,2010,5,IJDNQMDRQITEOD-UHFFFAOYSA-N,QWVGKYWNOKOFNN-UHFFFAOYSA-N,n-butane,2-methylphenol,329.99,5.92,1.7783364488959144,Gas Stripping Method,True,train,1.5576115623865596
je100529s.xml,2010,29,IJDNQMDRQITEOD-UHFFFAOYSA-N,RLSSMJSEOOYNOY-UHFFFAOYSA-N,n-butane,3-methylphenol,289.98,7.22,1.9768549529047348,Gas Stripping Method,True,train,1.8801361347491987
je100529s.xml,2010,29,IJDNQMDRQITEOD-UHFFFAOYSA-N,RLSSMJSEOOYNOY-UHFFFAOYSA-N,n-butane,3-methylphenol,299.98,7.06,1.9544450515051504,Gas Stripping Method,True,train,1.7964031293568952
je100529s.xml,2010,29,IJDNQMDRQITEOD-UHFFFAOYSA-N,RLSSMJSEOOYNOY-UHFFFAOYSA-N,n-butane,3-methylphenol,309.99,6.88,1.928618651945252,Gas Stripping Method,True,train,1.7178477749412095
je100529s.xml,2010,29,IJDNQMDRQITEOD-UHFFFAOYSA-N,RLSSMJSEOOYNOY-UHFFFAOYSA-N,n-butane,3-methylphenol,319.99,6.6,1.88706964903238,Gas Stripping Method,True,train,1.6443778493900614
je100529s.xml,2010,29,IJDNQMDRQITEOD-UHFFFAOYSA-N,RLSSMJSEOOYNOY-UHFFFAOYSA-N,n-butane,3-methylphenol,329.99,6.33,1.8453002361560848,Gas Stripping Method,True,train,1.5756220071035933
je060395n.xml,2007,25,IJDNQMDRQITEOD-UHFFFAOYSA-N,UHOVQNZJYSORNB-UHFFFAOYSA-N,butane,benzene,279.99,2.51,0.9202827531436923,calculated from henry's law constants,True,train,0.6343175097555452
je060395n.xml,2007,25,IJDNQMDRQITEOD-UHFFFAOYSA-N,UHOVQNZJYSORNB-UHFFFAOYSA-N,butane,benzene,289.99,2.36,0.8586616190375187,calculated from henry's law constants,True,train,0.5995482287280145
je060395n.xml,2007,25,IJDNQMDRQITEOD-UHFFFAOYSA-N,UHOVQNZJYSORNB-UHFFFAOYSA-N,butane,benzene,309.99,2.22,0.7975071958841882,calculated from henry's law constants,True,train,0.5380931486328325
je060395n.xml,2007,25,IJDNQMDRQITEOD-UHFFFAOYSA-N,UHOVQNZJYSORNB-UHFFFAOYSA-N,butane,benzene,329.99,1.96,0.6729444732424258,calculated from henry's law constants,True,train,0.48569909747559825
je060395n.xml,2007,33,IJDNQMDRQITEOD-UHFFFAOYSA-N,URLKBWYHVLBVBO-UHFFFAOYSA-N,butane,"1,4-dimethylbenzene",289.99,1.68,0.5187937934151675,calculated from henry's law constants,True,test_one,0.34404896413621383
je060395n.xml,2007,33,IJDNQMDRQITEOD-UHFFFAOYSA-N,URLKBWYHVLBVBO-UHFFFAOYSA-N,butane,"1,4-dimethylbenzene",299.99,1.64,0.494696241836107,calculated from henry's law constants,True,test_one,0.32603773711746614
je060395n.xml,2007,33,IJDNQMDRQITEOD-UHFFFAOYSA-N,URLKBWYHVLBVBO-UHFFFAOYSA-N,butane,"1,4-dimethylbenzene",309.85,1.61,0.4762341789963717,calculated from henry's law constants,True,test_one,0.30961910731510994
je060395n.xml,2007,33,IJDNQMDRQITEOD-UHFFFAOYSA-N,URLKBWYHVLBVBO-UHFFFAOYSA-N,butane,"1,4-dimethylbenzene",319.99,1.58,0.4574248470388755,calculated from henry's law constants,True,test_one,0.29398403088967273
je060395n.xml,2007,33,IJDNQMDRQITEOD-UHFFFAOYSA-N,URLKBWYHVLBVBO-UHFFFAOYSA-N,butane,"1,4-dimethylbenzene",329.99,1.56,0.4446858212614457,calculated from henry's law constants,True,test_one,0.2796850613312791
je0502647.xml,2005,5,IJDNQMDRQITEOD-UHFFFAOYSA-N,XXROGKLTLUQVRX-UHFFFAOYSA-N,butane,2-propenol,270.01,8.84,2.179286876649552,gas stripping method,True,train,3.2299863246326868
je0502647.xml,2005,5,IJDNQMDRQITEOD-UHFFFAOYSA-N,XXROGKLTLUQVRX-UHFFFAOYSA-N,butane,2-propenol,289.99,8.2,2.1041341542702074,gas stripping method,True,train,3.0153274082311436
je0502647.xml,2005,5,IJDNQMDRQITEOD-UHFFFAOYSA-N,XXROGKLTLUQVRX-UHFFFAOYSA-N,butane,2-propenol,309.995,7.58,2.0255131996542803,gas stripping method,True,train,2.8167968414737503
je0502647.xml,2005,5,IJDNQMDRQITEOD-UHFFFAOYSA-N,XXROGKLTLUQVRX-UHFFFAOYSA-N,butane,2-propenol,329.99,6.79,1.9154509415706047,gas stripping method,True,train,2.63624496860274
je060395n.xml,2007,27,IJDNQMDRQITEOD-UHFFFAOYSA-N,YXFVVABEGXRONW-UHFFFAOYSA-N,butane,toluene,270.0,1.97,0.6780335427498971,calculated from henry's law constants,True,train,0.5610138487093832
je060395n.xml,2007,27,IJDNQMDRQITEOD-UHFFFAOYSA-N,YXFVVABEGXRONW-UHFFFAOYSA-N,butane,toluene,289.98,1.88,0.6312717768418578,calculated from henry's law constants,True,train,0.5022520281873788
je060395n.xml,2007,27,IJDNQMDRQITEOD-UHFFFAOYSA-N,YXFVVABEGXRONW-UHFFFAOYSA-N,butane,toluene,309.94,1.79,0.5822156198526637,calculated from henry's law constants,True,train,0.4522475827688415
je060395n.xml,2007,27,IJDNQMDRQITEOD-UHFFFAOYSA-N,YXFVVABEGXRONW-UHFFFAOYSA-N,butane,toluene,329.99,1.71,0.5364933705145685,calculated from henry's law constants,True,train,0.4091633421679068
je0495942.xml,2005,19,IKHGUXGNUITLKF-UHFFFAOYSA-N,XLYOFNOQVPJJNP-UHFFFAOYSA-N,ethanal,water,298.13,4.08,1.4060969884160703,Chromatography,True,train,4.904573102566308
je0495942.xml,2005,19,IKHGUXGNUITLKF-UHFFFAOYSA-N,XLYOFNOQVPJJNP-UHFFFAOYSA-N,ethanal,water,298.13,4.11,1.4134230285081433,Chromatography,True,train,4.904573102566308
je0495942.xml,2005,19,IKHGUXGNUITLKF-UHFFFAOYSA-N,XLYOFNOQVPJJNP-UHFFFAOYSA-N,ethanal,water,298.15,4.14,1.4206957878372228,Chromatography,True,train,4.9043878263197325
je0495942.xml,2005,19,IKHGUXGNUITLKF-UHFFFAOYSA-N,XLYOFNOQVPJJNP-UHFFFAOYSA-N,ethanal,water,298.13,4.13,1.4182774069729414,Chromatography,True,train,4.904573102566308
je0495942.xml,2005,19,IKHGUXGNUITLKF-UHFFFAOYSA-N,XLYOFNOQVPJJNP-UHFFFAOYSA-N,ethanal,water,298.13,4.18,1.430311246536665,Chromatography,True,train,4.904573102566308
j.tca.2015.11.010.xml,2016,3,IMNFDUFMRHMDMM-UHFFFAOYSA-N,ATHHXGZTWNVVOU-UHFFFAOYSA-N,n-heptane,N-methylformamide,298.15,60.5,4.102643365036796,Other,True,train,4.375047317346857
j.jct.2014.06.006.xml,2014,1,IMNFDUFMRHMDMM-UHFFFAOYSA-N,DNIAPMSPPWPWGF-UHFFFAOYSA-N,n-heptane,propylene glycol,298.0,109.0,4.691347882229144,Chromatography,True,train,
j.jct.2012.12.009.xml,2013,62,IMNFDUFMRHMDMM-UHFFFAOYSA-N,DTOSIQBPPRVQHS-PDBXOOCHSA-N,n-heptane,"9,12,15-octadecatrienoic acid",303.13,3.834,1.3439086446234527,Chromatography,True,train,
j.jct.2012.12.009.xml,2013,62,IMNFDUFMRHMDMM-UHFFFAOYSA-N,DTOSIQBPPRVQHS-PDBXOOCHSA-N,n-heptane,"9,12,15-octadecatrienoic acid",313.25,3.066,1.1203737804496223,Chromatography,True,train,
j.jct.2012.12.009.xml,2013,62,IMNFDUFMRHMDMM-UHFFFAOYSA-N,DTOSIQBPPRVQHS-PDBXOOCHSA-N,n-heptane,"9,12,15-octadecatrienoic acid",323.26,3.265,1.1832597627283945,Chromatography,True,train,
j.jct.2012.06.009.xml,2012,1,IMNFDUFMRHMDMM-UHFFFAOYSA-N,GHVNFZFCNZKVNT-UHFFFAOYSA-N,heptane,capric acid,314.1,1.87,0.6259384308664954,Chromatography,True,train,0.9660304756948874
j.jct.2012.06.009.xml,2012,1,IMNFDUFMRHMDMM-UHFFFAOYSA-N,GHVNFZFCNZKVNT-UHFFFAOYSA-N,heptane,capric acid,314.24,1.901,0.6423800635062922,Chromatography,True,train,0.9653731160347149
j.jct.2012.06.009.xml,2012,1,IMNFDUFMRHMDMM-UHFFFAOYSA-N,GHVNFZFCNZKVNT-UHFFFAOYSA-N,heptane,capric acid,333.26,1.827,0.6026752773958697,Chromatography,True,train,0.8821829638996124
j.jct.2012.06.009.xml,2012,1,IMNFDUFMRHMDMM-UHFFFAOYSA-N,GHVNFZFCNZKVNT-UHFFFAOYSA-N,heptane,capric acid,333.38,1.824,0.6010318916521397,Chromatography,True,train,0.8816944772566233
j.jct.2012.06.009.xml,2012,1,IMNFDUFMRHMDMM-UHFFFAOYSA-N,GHVNFZFCNZKVNT-UHFFFAOYSA-N,heptane,capric acid,353.3,1.754,0.5618988939499913,Chromatography,True,train,0.8061865715807551
je700139p.xml,2007,6,IMNFDUFMRHMDMM-UHFFFAOYSA-N,HXJUTPCZVOIRIF-UHFFFAOYSA-N,heptane,sulfolane,333.15,60.256,4.098602152474742,Chromatography,True,test_one,2.4919491308694752
je700139p.xml,2007,6,IMNFDUFMRHMDMM-UHFFFAOYSA-N,HXJUTPCZVOIRIF-UHFFFAOYSA-N,heptane,sulfolane,343.15,53.102,3.972214592322021,Chromatography,True,test_one,2.499815577581309
je700139p.xml,2007,6,IMNFDUFMRHMDMM-UHFFFAOYSA-N,HXJUTPCZVOIRIF-UHFFFAOYSA-N,heptane,sulfolane,353.15,47.647,3.863819669041605,Chromatography,True,test_one,2.502766972397116
je700139p.xml,2007,6,IMNFDUFMRHMDMM-UHFFFAOYSA-N,HXJUTPCZVOIRIF-UHFFFAOYSA-N,heptane,sulfolane,363.15,41.204,3.718535339021447,Chromatography,True,test_one,2.50136574567733
je700139p.xml,2007,6,IMNFDUFMRHMDMM-UHFFFAOYSA-N,HXJUTPCZVOIRIF-UHFFFAOYSA-N,heptane,sulfolane,373.15,38.543,3.651774501160695,Chromatography,True,test_one,2.4961120980432865
j.jct.2012.01.016.xml,2012,2,IMNFDUFMRHMDMM-UHFFFAOYSA-N,HYBBIBNJHNGZAN-UHFFFAOYSA-N,heptane,2-furaldehyde,298.15,32.0,3.4657359027997265,Headspace solid phase microextraction,True,test_one,4.211700242280375
j.jct.2012.01.016.xml,2012,2,IMNFDUFMRHMDMM-UHFFFAOYSA-N,HYBBIBNJHNGZAN-UHFFFAOYSA-N,heptane,2-furaldehyde,298.15,31.6,3.4531571205928664,Headspace solid phase microextraction,True,test_one,4.211700242280375
j.jct.2012.01.016.xml,2012,2,IMNFDUFMRHMDMM-UHFFFAOYSA-N,HYBBIBNJHNGZAN-UHFFFAOYSA-N,heptane,2-furaldehyde,308.15,30.8,3.427514689979529,Headspace solid phase microextraction,True,test_one,4.103876225160056
j.jct.2012.01.016.xml,2012,2,IMNFDUFMRHMDMM-UHFFFAOYSA-N,HYBBIBNJHNGZAN-UHFFFAOYSA-N,heptane,2-furaldehyde,308.15,29.6,3.387774361330014,Headspace solid phase microextraction,True,test_one,4.103876225160056
j.jct.2012.01.016.xml,2012,2,IMNFDUFMRHMDMM-UHFFFAOYSA-N,HYBBIBNJHNGZAN-UHFFFAOYSA-N,heptane,2-furaldehyde,318.15,28.3,3.342861804649192,Headspace solid phase microextraction,True,test_one,3.9991688445812947
j.jct.2012.01.016.xml,2012,2,IMNFDUFMRHMDMM-UHFFFAOYSA-N,HYBBIBNJHNGZAN-UHFFFAOYSA-N,heptane,2-furaldehyde,318.15,26.4,3.2733640101522705,Headspace solid phase microextraction,True,test_one,3.9991688445812947
je030122h.xml,2003,36,IMNFDUFMRHMDMM-UHFFFAOYSA-N,IAZDPXIOMUYVGZ-UHFFFAOYSA-N,heptane,methyl sulfoxide,298.15,146.0,4.983606621708336,Chromatography,True,test_one,2.250177736980818
j.jct.2012.06.009.xml,2012,65,IMNFDUFMRHMDMM-UHFFFAOYSA-N,IPCSVZSSVZVIGE-UHFFFAOYSA-N,heptane,hexadecanoic acid,340.19,1.399,0.3357576956833441,Chromatography,True,train,0.7754426589844187
j.jct.2012.06.009.xml,2012,65,IMNFDUFMRHMDMM-UHFFFAOYSA-N,IPCSVZSSVZVIGE-UHFFFAOYSA-N,heptane,hexadecanoic acid,348.01,1.38,0.3220834991691132,Chromatography,True,train,0.7474521323143628
j.jct.2012.06.009.xml,2012,65,IMNFDUFMRHMDMM-UHFFFAOYSA-N,IPCSVZSSVZVIGE-UHFFFAOYSA-N,heptane,hexadecanoic acid,358.22,1.372,0.3162695293036935,Chromatography,True,train,0.7129403763913956
j.fluid.2016.10.009.xml,2017,0,IMNFDUFMRHMDMM-UHFFFAOYSA-N,JUJWROOIHBZHMG-UHFFFAOYSA-N,n-heptane,pyridine,298.15,6.78,1.913977101952304,Other,True,train,2.6177790861649486
j.jct.2016.10.013.xml,2017,7,IMNFDUFMRHMDMM-UHFFFAOYSA-N,LYCAIKOWRPUZTN-UHFFFAOYSA-N,n-heptane,ethylene glycol,303.15,1200.0,7.090076835776092,Other,True,train,8.951868495094676
j.jct.2016.10.013.xml,2017,7,IMNFDUFMRHMDMM-UHFFFAOYSA-N,LYCAIKOWRPUZTN-UHFFFAOYSA-N,n-heptane,ethylene glycol,313.15,1030.0,6.937314081223682,Other,True,train,8.734146660628264
j.jct.2016.10.013.xml,2017,7,IMNFDUFMRHMDMM-UHFFFAOYSA-N,LYCAIKOWRPUZTN-UHFFFAOYSA-N,n-heptane,ethylene glycol,323.15,860.0,6.756932389247553,Other,True,train,8.520399460516492
j.jct.2016.10.013.xml,2017,18,IMNFDUFMRHMDMM-UHFFFAOYSA-N,MTHSVFCYNBDYFN-UHFFFAOYSA-N,n-heptane,diethylene glycol,304.15,174.0,5.159055299214529,Other,True,test_one,5.552412480145858
j.jct.2016.10.013.xml,2017,18,IMNFDUFMRHMDMM-UHFFFAOYSA-N,MTHSVFCYNBDYFN-UHFFFAOYSA-N,n-heptane,diethylene glycol,313.15,151.0,5.017279836814924,Other,True,test_one,5.423423029813948
j.jct.2016.10.013.xml,2017,18,IMNFDUFMRHMDMM-UHFFFAOYSA-N,MTHSVFCYNBDYFN-UHFFFAOYSA-N,n-heptane,diethylene glycol,323.15,140.0,4.941642422609304,Other,True,test_one,5.283888156068479
j.jct.2013.05.011.xml,2013,6,IMNFDUFMRHMDMM-UHFFFAOYSA-N,MTHSVFCYNBDYFN-UHFFFAOYSA-N,n-heptane,diethylene glycol,333.2,131.3,4.877484781308751,Chromatography,True,test_one,5.148179620904427
j.jct.2013.05.011.xml,2013,6,IMNFDUFMRHMDMM-UHFFFAOYSA-N,MTHSVFCYNBDYFN-UHFFFAOYSA-N,n-heptane,diethylene glycol,348.2,122.2,4.805659046737495,Chromatography,True,test_one,4.9546973555667275
j.jct.2013.05.011.xml,2013,6,IMNFDUFMRHMDMM-UHFFFAOYSA-N,MTHSVFCYNBDYFN-UHFFFAOYSA-N,n-heptane,diethylene glycol,363.2,95.37,4.557764063590821,Chromatography,True,test_one,4.772352634762453
j.jct.2012.12.009.xml,2013,42,IMNFDUFMRHMDMM-UHFFFAOYSA-N,OYHQOLUKZRVURQ-HZJYTTRNSA-N,n-heptane,linoleic acid,338.28,2.322,0.8424288832756998,Chromatography,True,train,0.7225009680308606
j.jct.2012.12.009.xml,2013,42,IMNFDUFMRHMDMM-UHFFFAOYSA-N,OYHQOLUKZRVURQ-HZJYTTRNSA-N,n-heptane,linoleic acid,348.31,2.736,1.0064969997603042,Chromatography,True,train,0.6860944268822017
j.jct.2012.12.009.xml,2013,42,IMNFDUFMRHMDMM-UHFFFAOYSA-N,OYHQOLUKZRVURQ-HZJYTTRNSA-N,n-heptane,linoleic acid,348.28,2.678,0.9850702472689808,Chromatography,True,train,0.6861996876377385
j.jct.2012.12.009.xml,2013,42,IMNFDUFMRHMDMM-UHFFFAOYSA-N,OYHQOLUKZRVURQ-HZJYTTRNSA-N,n-heptane,linoleic acid,358.3,3.232,1.173101140658849,Chromatography,True,train,0.6521742489619933
je900686n.xml,2010,1,IMNFDUFMRHMDMM-UHFFFAOYSA-N,PEDCQBHIVMGVHV-UHFFFAOYSA-N,heptane,glycerol,303.15,580.21,6.363390106974832,Chromatography,True,test_one,8.445185315725402
je900686n.xml,2010,1,IMNFDUFMRHMDMM-UHFFFAOYSA-N,PEDCQBHIVMGVHV-UHFFFAOYSA-N,heptane,glycerol,313.15,527.48,6.268110949939499,Chromatography,True,test_one,8.249983444212717
je900686n.xml,2010,1,IMNFDUFMRHMDMM-UHFFFAOYSA-N,PEDCQBHIVMGVHV-UHFFFAOYSA-N,heptane,glycerol,323.15,450.11,6.109491997337135,Chromatography,True,test_one,8.055912414610402
je900686n.xml,2010,1,IMNFDUFMRHMDMM-UHFFFAOYSA-N,PEDCQBHIVMGVHV-UHFFFAOYSA-N,heptane,glycerol,333.15,385.89,5.9555523547587335,Chromatography,True,test_one,7.864419668863221
je900686n.xml,2010,1,IMNFDUFMRHMDMM-UHFFFAOYSA-N,PEDCQBHIVMGVHV-UHFFFAOYSA-N,heptane,glycerol,343.15,304.34,5.718145497491968,Chromatography,True,test_one,7.6765998312997015
j.jct.2012.06.009.xml,2012,21,IMNFDUFMRHMDMM-UHFFFAOYSA-N,POULHZVOKOAJMA-UHFFFAOYSA-N,heptane,lauric acid,314.1,1.645,0.4977403842173352,Chromatography,True,train,0.8305255807329128
j.jct.2012.06.009.xml,2012,21,IMNFDUFMRHMDMM-UHFFFAOYSA-N,POULHZVOKOAJMA-UHFFFAOYSA-N,heptane,lauric acid,314.24,1.666,0.5104255437446509,Chromatography,True,train,0.829938349892476
j.jct.2012.06.009.xml,2012,21,IMNFDUFMRHMDMM-UHFFFAOYSA-N,POULHZVOKOAJMA-UHFFFAOYSA-N,heptane,lauric acid,333.26,1.669,0.5122246446796981,Chromatography,True,train,0.7556773910659358
j.jct.2012.06.009.xml,2012,21,IMNFDUFMRHMDMM-UHFFFAOYSA-N,POULHZVOKOAJMA-UHFFFAOYSA-N,heptane,lauric acid,333.38,1.659,0.5062150112083075,Chromatography,True,train,0.7552414780352039
j.jct.2012.06.009.xml,2012,21,IMNFDUFMRHMDMM-UHFFFAOYSA-N,POULHZVOKOAJMA-UHFFFAOYSA-N,heptane,lauric acid,353.25,1.591,0.4643627493556498,Chromatography,True,train,0.6879926257975261
j.jct.2012.06.009.xml,2012,21,IMNFDUFMRHMDMM-UHFFFAOYSA-N,POULHZVOKOAJMA-UHFFFAOYSA-N,heptane,lauric acid,353.3,1.616,0.4799539600989037,Chromatography,True,train,0.68783493395274
je200628n.xml,2011,2,IMNFDUFMRHMDMM-UHFFFAOYSA-N,PWGJDPKCLMLPJW-UHFFFAOYSA-N,heptane,"1,8-diaminooctane",328.15,4.355,1.4713246103044662,Chromatography,True,train,1.2401487362220895
je200628n.xml,2011,2,IMNFDUFMRHMDMM-UHFFFAOYSA-N,PWGJDPKCLMLPJW-UHFFFAOYSA-N,heptane,"1,8-diaminooctane",338.15,4.092,1.40903384808938,Chromatography,True,train,1.2139113524521437
je200628n.xml,2011,2,IMNFDUFMRHMDMM-UHFFFAOYSA-N,PWGJDPKCLMLPJW-UHFFFAOYSA-N,heptane,"1,8-diaminooctane",343.15,3.999,1.3860443298646814,Chromatography,True,train,1.2009870415962962
je200628n.xml,2011,2,IMNFDUFMRHMDMM-UHFFFAOYSA-N,PWGJDPKCLMLPJW-UHFFFAOYSA-N,heptane,"1,8-diaminooctane",348.15,3.947,1.37295579668071,Chromatography,True,train,1.1881914476108482
j.jct.2012.12.009.xml,2013,1,IMNFDUFMRHMDMM-UHFFFAOYSA-N,QIQXTHQIDYTFRH-UHFFFAOYSA-N,n-heptane,n-octadecanoic acid,349.47,1.346,0.2971372312225361,Chromatography,True,train,0.7232579194557296
j.jct.2012.12.009.xml,2013,1,IMNFDUFMRHMDMM-UHFFFAOYSA-N,QIQXTHQIDYTFRH-UHFFFAOYSA-N,n-heptane,n-octadecanoic acid,358.4,1.332,0.2866815721181974,Chromatography,True,train,0.693190492249167
j.jct.2012.12.009.xml,2013,1,IMNFDUFMRHMDMM-UHFFFAOYSA-N,QIQXTHQIDYTFRH-UHFFFAOYSA-N,n-heptane,n-octadecanoic acid,368.13,1.279,0.2460785225967055,Chromatography,True,train,0.662202718680643
j.jct.2013.02.006.xml,2013,26,IMNFDUFMRHMDMM-UHFFFAOYSA-N,SECXISVLQFMRJM-UHFFFAOYSA-N,n-heptane,1-methylpyrrolidone,333.2,11.43,2.4362414778067194,Chromatography,True,train,0.8579660439199441
j.jct.2013.02.006.xml,2013,26,IMNFDUFMRHMDMM-UHFFFAOYSA-N,SECXISVLQFMRJM-UHFFFAOYSA-N,n-heptane,1-methylpyrrolidone,348.2,10.74,2.3739750890807185,Chromatography,True,train,0.866272030321236
j.jct.2013.02.006.xml,2013,26,IMNFDUFMRHMDMM-UHFFFAOYSA-N,SECXISVLQFMRJM-UHFFFAOYSA-N,n-heptane,1-methylpyrrolidone,363.2,10.0,2.302585092994046,Chromatography,True,train,0.870328815953998
j.jct.2012.06.009.xml,2012,43,IMNFDUFMRHMDMM-UHFFFAOYSA-N,TUNFSRHWOTWDNC-UHFFFAOYSA-N,heptane,tetradecanoic acid,314.1,1.451,0.3722529739020508,Chromatography,True,train,1.0009766008766061
j.jct.2012.06.009.xml,2012,43,IMNFDUFMRHMDMM-UHFFFAOYSA-N,TUNFSRHWOTWDNC-UHFFFAOYSA-N,heptane,tetradecanoic acid,314.24,1.465,0.3818552424690307,Chromatography,True,train,1.000334344619522
j.jct.2012.06.009.xml,2012,43,IMNFDUFMRHMDMM-UHFFFAOYSA-N,TUNFSRHWOTWDNC-UHFFFAOYSA-N,heptane,tetradecanoic acid,333.38,1.433,0.3597701488460348,Chromatography,True,train,0.9182059983573427
j.jct.2012.06.009.xml,2012,43,IMNFDUFMRHMDMM-UHFFFAOYSA-N,TUNFSRHWOTWDNC-UHFFFAOYSA-N,heptane,tetradecanoic acid,353.25,1.402,0.3378997886123983,Chromatography,True,train,0.8433639642771849
j.jct.2012.06.009.xml,2012,43,IMNFDUFMRHMDMM-UHFFFAOYSA-N,TUNFSRHWOTWDNC-UHFFFAOYSA-N,heptane,tetradecanoic acid,353.3,1.399,0.3357576956833441,Chromatography,True,train,0.8431872807584945
je020196d.xml,2003,28,IMNFDUFMRHMDMM-UHFFFAOYSA-N,UWHCKJMYHZGTIT-UHFFFAOYSA-N,heptane,tetraethylene glycol,333.15,50.197,3.9159552639557513,Chromatography,True,train,2.8310636181577977
je020196d.xml,2003,28,IMNFDUFMRHMDMM-UHFFFAOYSA-N,UWHCKJMYHZGTIT-UHFFFAOYSA-N,heptane,tetraethylene glycol,353.15,37.6276,3.627737823671572,Chromatography,True,train,2.655212179182185
je020196d.xml,2003,28,IMNFDUFMRHMDMM-UHFFFAOYSA-N,UWHCKJMYHZGTIT-UHFFFAOYSA-N,heptane,tetraethylene glycol,363.15,32.1486,3.470368903856785,Chromatography,True,train,2.57361895185469
je020196d.xml,2003,28,IMNFDUFMRHMDMM-UHFFFAOYSA-N,UWHCKJMYHZGTIT-UHFFFAOYSA-N,heptane,tetraethylene glycol,373.15,29.7898,3.3941660530403515,Chromatography,True,train,2.4959655692251324
je020196d.xml,2003,28,IMNFDUFMRHMDMM-UHFFFAOYSA-N,UWHCKJMYHZGTIT-UHFFFAOYSA-N,heptane,tetraethylene glycol,383.15,26.0853,3.2613719372707863,Chromatography,True,train,2.4220212336465154
je020196d.xml,2003,28,IMNFDUFMRHMDMM-UHFFFAOYSA-N,UWHCKJMYHZGTIT-UHFFFAOYSA-N,heptane,tetraethylene glycol,393.15,23.0581,3.13801711769094,Chromatography,True,train,2.3515537254820846
je020196d.xml,2003,28,IMNFDUFMRHMDMM-UHFFFAOYSA-N,UWHCKJMYHZGTIT-UHFFFAOYSA-N,heptane,tetraethylene glycol,403.15,20.8123,3.0355441580848805,Chromatography,True,train,2.284336695494671
j.jct.2014.06.006.xml,2014,13,IMNFDUFMRHMDMM-UHFFFAOYSA-N,XNWFRZJHXBZDAG-UHFFFAOYSA-N,n-heptane,methyl cellosolve,298.0,22.4,3.109060958860994,Chromatography,True,train,3.6810822229440983
je020196d.xml,2003,21,IMNFDUFMRHMDMM-UHFFFAOYSA-N,ZIBGPFATKBEMQZ-UHFFFAOYSA-N,heptane,triethylene glycol,323.15,93.2555,4.535343038017844,Chromatography,True,train,3.845353697298178
j.jct.2013.05.011.xml,2013,29,IMNFDUFMRHMDMM-UHFFFAOYSA-N,ZIBGPFATKBEMQZ-UHFFFAOYSA-N,n-heptane,triethylene glycol,333.2,62.31,4.132121926556131,Chromatography,True,train,3.7382714800236343
je020196d.xml,2003,21,IMNFDUFMRHMDMM-UHFFFAOYSA-N,ZIBGPFATKBEMQZ-UHFFFAOYSA-N,heptane,triethylene glycol,333.15,82.7251,4.415523062631364,Chromatography,True,train,3.738793373112047
je020196d.xml,2003,21,IMNFDUFMRHMDMM-UHFFFAOYSA-N,ZIBGPFATKBEMQZ-UHFFFAOYSA-N,heptane,triethylene glycol,343.15,71.9152,4.275487647112961,Chromatography,True,train,3.6365862757318874
j.jct.2013.05.011.xml,2013,29,IMNFDUFMRHMDMM-UHFFFAOYSA-N,ZIBGPFATKBEMQZ-UHFFFAOYSA-N,n-heptane,triethylene glycol,348.2,52.28,3.956613888756021,Chromatography,True,train,3.5866243912765614
je020196d.xml,2003,21,IMNFDUFMRHMDMM-UHFFFAOYSA-N,ZIBGPFATKBEMQZ-UHFFFAOYSA-N,heptane,triethylene glycol,353.15,62.722,4.138712263288851,Chromatography,True,train,3.538716025569024
j.jct.2013.05.011.xml,2013,29,IMNFDUFMRHMDMM-UHFFFAOYSA-N,ZIBGPFATKBEMQZ-UHFFFAOYSA-N,n-heptane,triethylene glycol,363.2,43.67,3.7766613674974696,Chromatography,True,train,3.4446256432848354
je020196d.xml,2003,21,IMNFDUFMRHMDMM-UHFFFAOYSA-N,ZIBGPFATKBEMQZ-UHFFFAOYSA-N,heptane,triethylene glycol,363.15,55.342,4.013532113929808,Chromatography,True,train,3.4450834010547036
je020196d.xml,2003,21,IMNFDUFMRHMDMM-UHFFFAOYSA-N,ZIBGPFATKBEMQZ-UHFFFAOYSA-N,heptane,triethylene glycol,373.15,50.1877,3.91576997675508,Chromatography,True,train,3.355534321180227
je020196d.xml,2003,21,IMNFDUFMRHMDMM-UHFFFAOYSA-N,ZIBGPFATKBEMQZ-UHFFFAOYSA-N,heptane,triethylene glycol,383.15,44.3104,3.7912194124782577,Chromatography,True,train,3.2698811873920044
je020196d.xml,2003,21,IMNFDUFMRHMDMM-UHFFFAOYSA-N,ZIBGPFATKBEMQZ-UHFFFAOYSA-N,heptane,triethylene glycol,393.15,40.6484,3.704959474825575,Chromatography,True,train,3.1879186846308065
j.jct.2012.12.009.xml,2013,22,IMNFDUFMRHMDMM-UHFFFAOYSA-N,ZQPPMHVWECSIRJ-KTKRTIGZSA-N,n-heptane,cis-9-octadecenoic acid,338.36,1.516,0.4160752872201799,Chromatography,True,train,0.6525642950318974
j.jct.2012.12.009.xml,2013,22,IMNFDUFMRHMDMM-UHFFFAOYSA-N,ZQPPMHVWECSIRJ-KTKRTIGZSA-N,n-heptane,cis-9-octadecenoic acid,348.29,1.428,0.3562748639173926,Chromatography,True,train,0.6192675499314986
j.jct.2012.12.009.xml,2013,22,IMNFDUFMRHMDMM-UHFFFAOYSA-N,ZQPPMHVWECSIRJ-KTKRTIGZSA-N,n-heptane,cis-9-octadecenoic acid,348.36,1.469,0.3845818971917403,Chromatography,True,train,0.6190406444099572
j.jct.2012.12.009.xml,2013,22,IMNFDUFMRHMDMM-UHFFFAOYSA-N,ZQPPMHVWECSIRJ-KTKRTIGZSA-N,n-heptane,cis-9-octadecenoic acid,358.28,1.369,0.3140805463063118,Chromatography,True,train,0.5879176483535633
j.tca.2015.11.010.xml,2016,22,IVSZLXZYQVIEFR-UHFFFAOYSA-N,ATHHXGZTWNVVOU-UHFFFAOYSA-N,m-xylene,N-methylformamide,298.15,10.8,2.379546134130174,Chromatography,True,train,2.4475189699875974
j.jct.2014.06.006.xml,2014,7,IVSZLXZYQVIEFR-UHFFFAOYSA-N,DNIAPMSPPWPWGF-UHFFFAOYSA-N,m-xylene,propylene glycol,298.0,28.4,3.3463891451671604,Chromatography,True,train,
je700139p.xml,2007,4,IVSZLXZYQVIEFR-UHFFFAOYSA-N,HXJUTPCZVOIRIF-UHFFFAOYSA-N,"1,3-dimethylbenzene",sulfolane,333.15,5.354,1.6778439450981608,Chromatography,True,test_one,0.5319486555917625
je700139p.xml,2007,4,IVSZLXZYQVIEFR-UHFFFAOYSA-N,HXJUTPCZVOIRIF-UHFFFAOYSA-N,"1,3-dimethylbenzene",sulfolane,343.15,5.13,1.6351056591826785,Chromatography,True,test_one,0.5587648890681083
je700139p.xml,2007,4,IVSZLXZYQVIEFR-UHFFFAOYSA-N,HXJUTPCZVOIRIF-UHFFFAOYSA-N,"1,3-dimethylbenzene",sulfolane,353.15,4.978,1.6050282039454002,Chromatography,True,test_one,0.5827132396413494
je700139p.xml,2007,4,IVSZLXZYQVIEFR-UHFFFAOYSA-N,HXJUTPCZVOIRIF-UHFFFAOYSA-N,"1,3-dimethylbenzene",sulfolane,363.15,4.769,1.5621366393160874,Chromatography,True,test_one,0.6040212009439357
je700139p.xml,2007,4,IVSZLXZYQVIEFR-UHFFFAOYSA-N,HXJUTPCZVOIRIF-UHFFFAOYSA-N,"1,3-dimethylbenzene",sulfolane,373.15,4.65,1.536867219599265,Chromatography,True,test_one,0.622897007033394
j.fluid.2016.10.009.xml,2017,9,IVSZLXZYQVIEFR-UHFFFAOYSA-N,JUJWROOIHBZHMG-UHFFFAOYSA-N,m-xylene,pyridine,298.15,1.54,0.4317824164255378,Other,True,train,0.6164280312094029
je900686n.xml,2010,14,IVSZLXZYQVIEFR-UHFFFAOYSA-N,PEDCQBHIVMGVHV-UHFFFAOYSA-N,"1,3-dimethylbenzene",glycerol,303.15,146.79,4.989002993969142,Chromatography,True,test_one,5.487023463256911
je900686n.xml,2010,14,IVSZLXZYQVIEFR-UHFFFAOYSA-N,PEDCQBHIVMGVHV-UHFFFAOYSA-N,"1,3-dimethylbenzene",glycerol,313.15,127.03,4.844423279035369,Chromatography,True,test_one,5.337414686226143
je900686n.xml,2010,14,IVSZLXZYQVIEFR-UHFFFAOYSA-N,PEDCQBHIVMGVHV-UHFFFAOYSA-N,"1,3-dimethylbenzene",glycerol,323.15,105.98,4.663250397064616,Chromatography,True,test_one,5.190073897488922
je900686n.xml,2010,14,IVSZLXZYQVIEFR-UHFFFAOYSA-N,PEDCQBHIVMGVHV-UHFFFAOYSA-N,"1,3-dimethylbenzene",glycerol,333.15,93.19,4.534640419797564,Chromatography,True,test_one,5.0460656724196475
je900686n.xml,2010,14,IVSZLXZYQVIEFR-UHFFFAOYSA-N,PEDCQBHIVMGVHV-UHFFFAOYSA-N,"1,3-dimethylbenzene",glycerol,343.15,76.12,4.332311042427949,Chromatography,True,test_one,4.90616866689567
j.jct.2014.06.006.xml,2014,29,IVSZLXZYQVIEFR-UHFFFAOYSA-N,XNWFRZJHXBZDAG-UHFFFAOYSA-N,m-xylene,methyl cellosolve,298.0,5.2,1.6486586255873816,Chromatography,True,train,1.9457260128526301
j.jct.2016.10.013.xml,2017,13,JRZJOMJEPLMPRA-UHFFFAOYSA-N,LYCAIKOWRPUZTN-UHFFFAOYSA-N,1-nonene,ethylene glycol,303.15,1610.0,7.383989457978509,Other,True,train,9.570001484700471
j.jct.2016.10.013.xml,2017,13,JRZJOMJEPLMPRA-UHFFFAOYSA-N,LYCAIKOWRPUZTN-UHFFFAOYSA-N,1-nonene,ethylene glycol,313.15,1300.0,7.170119543449628,Other,True,train,9.321938164555162
j.jct.2016.10.013.xml,2017,13,JRZJOMJEPLMPRA-UHFFFAOYSA-N,LYCAIKOWRPUZTN-UHFFFAOYSA-N,1-nonene,ethylene glycol,323.15,1170.0,7.064759027791802,Other,True,train,9.078848038967745
j.jct.2016.10.013.xml,2017,24,JRZJOMJEPLMPRA-UHFFFAOYSA-N,MTHSVFCYNBDYFN-UHFFFAOYSA-N,1-nonene,diethylene glycol,304.15,188.0,5.236441962829949,Other,True,test_one,5.7066703357387345
j.jct.2016.10.013.xml,2017,24,JRZJOMJEPLMPRA-UHFFFAOYSA-N,MTHSVFCYNBDYFN-UHFFFAOYSA-N,1-nonene,diethylene glycol,313.15,174.0,5.159055299214529,Other,True,test_one,5.564868779863314
j.jct.2016.10.013.xml,2017,24,JRZJOMJEPLMPRA-UHFFFAOYSA-N,MTHSVFCYNBDYFN-UHFFFAOYSA-N,1-nonene,diethylene glycol,323.15,159.0,5.068904202220232,Other,True,test_one,5.411941027153318
j.fluid.2009.05.005.xml,2009,2,JUJWROOIHBZHMG-UHFFFAOYSA-N,XLYOFNOQVPJJNP-UHFFFAOYSA-N,pyridine,water,333.15,24.0,3.1780538303479458,"Rayleigh distillation, circulation still",True,train,8.410003546148403
j.fluid.2009.05.005.xml,2009,2,JUJWROOIHBZHMG-UHFFFAOYSA-N,XLYOFNOQVPJJNP-UHFFFAOYSA-N,pyridine,water,343.15,25.5,3.2386784521643803,"Rayleigh distillation, circulation still",True,train,8.258313856601244
j.fluid.2009.05.005.xml,2009,2,JUJWROOIHBZHMG-UHFFFAOYSA-N,XLYOFNOQVPJJNP-UHFFFAOYSA-N,pyridine,water,353.15,26.0,3.258096538021482,"Rayleigh distillation, circulation still",True,train,8.10605734912761
j.fluid.2009.05.005.xml,2009,2,JUJWROOIHBZHMG-UHFFFAOYSA-N,XLYOFNOQVPJJNP-UHFFFAOYSA-N,pyridine,water,372.8,25.4,3.2347491740244907,"Rayleigh distillation, circulation still",True,train,7.808511934951545
je901063s.xml,2010,0,JYVLIDXNZAXMDK-UHFFFAOYSA-N,XLYOFNOQVPJJNP-UHFFFAOYSA-N,pentan-2-ol,water,273.35,58.8,4.074141854904581,"inert gas stripping, headspace analysis in two variants - the classical and the relative, Rayleigh distillation, and circulation still",True,test_one,
je901063s.xml,2010,0,JYVLIDXNZAXMDK-UHFFFAOYSA-N,XLYOFNOQVPJJNP-UHFFFAOYSA-N,pentan-2-ol,water,283.15,73.9,4.302712827954156,"inert gas stripping, headspace analysis in two variants - the classical and the relative, Rayleigh distillation, and circulation still",True,test_one,
je901063s.xml,2010,0,JYVLIDXNZAXMDK-UHFFFAOYSA-N,XLYOFNOQVPJJNP-UHFFFAOYSA-N,pentan-2-ol,water,293.15,89.2,4.490881039585964,"inert gas stripping, headspace analysis in two variants - the classical and the relative, Rayleigh distillation, and circulation still",True,test_one,
je901063s.xml,2010,0,JYVLIDXNZAXMDK-UHFFFAOYSA-N,XLYOFNOQVPJJNP-UHFFFAOYSA-N,pentan-2-ol,water,293.15,86.1,4.455509411433685,"inert gas stripping, headspace analysis in two variants - the classical and the relative, Rayleigh distillation, and circulation still",True,test_one,
je901063s.xml,2010,0,JYVLIDXNZAXMDK-UHFFFAOYSA-N,XLYOFNOQVPJJNP-UHFFFAOYSA-N,pentan-2-ol,water,303.15,104.0,4.6443908991413725,"inert gas stripping, headspace analysis in two variants - the classical and the relative, Rayleigh distillation, and circulation still",True,test_one,
je901063s.xml,2010,0,JYVLIDXNZAXMDK-UHFFFAOYSA-N,XLYOFNOQVPJJNP-UHFFFAOYSA-N,pentan-2-ol,water,303.15,103.0,4.634728988229636,"inert gas stripping, headspace analysis in two variants - the classical and the relative, Rayleigh distillation, and circulation still",True,test_one,
je901063s.xml,2010,0,JYVLIDXNZAXMDK-UHFFFAOYSA-N,XLYOFNOQVPJJNP-UHFFFAOYSA-N,pentan-2-ol,water,313.15,119.0,4.77912349311153,"inert gas stripping, headspace analysis in two variants - the classical and the relative, Rayleigh distillation, and circulation still",True,test_one,
je901063s.xml,2010,0,JYVLIDXNZAXMDK-UHFFFAOYSA-N,XLYOFNOQVPJJNP-UHFFFAOYSA-N,pentan-2-ol,water,323.15,129.0,4.859812404361672,"inert gas stripping, headspace analysis in two variants - the classical and the relative, Rayleigh distillation, and circulation still",True,test_one,
je901063s.xml,2010,0,JYVLIDXNZAXMDK-UHFFFAOYSA-N,XLYOFNOQVPJJNP-UHFFFAOYSA-N,pentan-2-ol,water,333.15,134.0,4.897839799950911,"inert gas stripping, headspace analysis in two variants - the classical and the relative, Rayleigh distillation, and circulation still",True,test_one,
je901063s.xml,2010,0,JYVLIDXNZAXMDK-UHFFFAOYSA-N,XLYOFNOQVPJJNP-UHFFFAOYSA-N,pentan-2-ol,water,343.15,134.0,4.897839799950911,"inert gas stripping, headspace analysis in two variants - the classical and the relative, Rayleigh distillation, and circulation still",True,test_one,
je901063s.xml,2010,0,JYVLIDXNZAXMDK-UHFFFAOYSA-N,XLYOFNOQVPJJNP-UHFFFAOYSA-N,pentan-2-ol,water,353.15,124.0,4.820281565605037,"inert gas stripping, headspace analysis in two variants - the classical and the relative, Rayleigh distillation, and circulation still",True,test_one,
je901063s.xml,2010,0,JYVLIDXNZAXMDK-UHFFFAOYSA-N,XLYOFNOQVPJJNP-UHFFFAOYSA-N,pentan-2-ol,water,363.15,130.0,4.867534450455582,"inert gas stripping, headspace analysis in two variants - the classical and the relative, Rayleigh distillation, and circulation still",True,test_one,
je901063s.xml,2010,0,JYVLIDXNZAXMDK-UHFFFAOYSA-N,XLYOFNOQVPJJNP-UHFFFAOYSA-N,pentan-2-ol,water,371.15,118.0,4.770684624465665,"inert gas stripping, headspace analysis in two variants - the classical and the relative, Rayleigh distillation, and circulation still",True,test_one,
j.jct.2004.11.005.xml,2005,15,KAKZBPTYRLMSJV-UHFFFAOYSA-N,AMQJEAYHLZJPGS-UHFFFAOYSA-N,"1,3-butadiene",1-pentanol,270.01,2.51,0.9202827531436923,Other,True,test_one,0.8456592479452804
j.jct.2004.11.005.xml,2005,15,KAKZBPTYRLMSJV-UHFFFAOYSA-N,AMQJEAYHLZJPGS-UHFFFAOYSA-N,"1,3-butadiene",1-pentanol,290.0,2.5,0.9162907318741552,Other,True,test_one,0.7473230441092931
j.jct.2004.11.005.xml,2005,15,KAKZBPTYRLMSJV-UHFFFAOYSA-N,AMQJEAYHLZJPGS-UHFFFAOYSA-N,"1,3-butadiene",1-pentanol,310.0,2.46,0.9001613499442714,Other,True,test_one,0.6614557315119349
j.jct.2004.11.005.xml,2005,15,KAKZBPTYRLMSJV-UHFFFAOYSA-N,AMQJEAYHLZJPGS-UHFFFAOYSA-N,"1,3-butadiene",1-pentanol,330.0,2.33,0.8458682675776092,Other,True,test_one,0.5877586451710558
j.jct.2004.11.005.xml,2005,47,KAKZBPTYRLMSJV-UHFFFAOYSA-N,AQIXEPGDORPWBJ-UHFFFAOYSA-N,"1,3-butadiene",3-pentanol,259.98,3.18,1.1568811967920856,Other,True,train,0.7692913174304999
j.jct.2004.11.005.xml,2005,47,KAKZBPTYRLMSJV-UHFFFAOYSA-N,AQIXEPGDORPWBJ-UHFFFAOYSA-N,"1,3-butadiene",3-pentanol,270.02,3.03,1.1085626195212777,Other,True,train,0.7186339143554163
j.jct.2004.11.005.xml,2005,47,KAKZBPTYRLMSJV-UHFFFAOYSA-N,AQIXEPGDORPWBJ-UHFFFAOYSA-N,"1,3-butadiene",3-pentanol,280.0,2.92,1.0715836162801904,Other,True,train,0.6710815108115397
j.jct.2004.11.005.xml,2005,47,KAKZBPTYRLMSJV-UHFFFAOYSA-N,AQIXEPGDORPWBJ-UHFFFAOYSA-N,"1,3-butadiene",3-pentanol,290.0,2.75,1.01160091167848,Other,True,train,0.626474321304732
j.jct.2004.11.005.xml,2005,47,KAKZBPTYRLMSJV-UHFFFAOYSA-N,AQIXEPGDORPWBJ-UHFFFAOYSA-N,"1,3-butadiene",3-pentanol,300.0,2.63,0.9669838461896731,Other,True,train,0.5850051664223475
j.jct.2003.08.018.xml,2004,15,KAKZBPTYRLMSJV-UHFFFAOYSA-N,BDERNNFJNOPAEC-UHFFFAOYSA-N,"1,3-butadiene",1-propanol,260.02,4.2,1.4350845252893227,Chromatography,True,train,1.256048973166558
j.jct.2003.08.018.xml,2004,15,KAKZBPTYRLMSJV-UHFFFAOYSA-N,BDERNNFJNOPAEC-UHFFFAOYSA-N,"1,3-butadiene",1-propanol,280.03,4.15,1.423108334242607,Chromatography,True,train,1.1419031752958333
j.jct.2003.08.018.xml,2004,15,KAKZBPTYRLMSJV-UHFFFAOYSA-N,BDERNNFJNOPAEC-UHFFFAOYSA-N,"1,3-butadiene",1-propanol,299.99,4.1,1.410986973710262,Chromatography,True,train,1.0362504799599326
j.jct.2003.08.018.xml,2004,15,KAKZBPTYRLMSJV-UHFFFAOYSA-N,BDERNNFJNOPAEC-UHFFFAOYSA-N,"1,3-butadiene",1-propanol,320.09,4.06,1.4011829736136412,Chromatography,True,train,0.940865131014574
j.jct.2003.08.018.xml,2004,15,KAKZBPTYRLMSJV-UHFFFAOYSA-N,BDERNNFJNOPAEC-UHFFFAOYSA-N,"1,3-butadiene",1-propanol,340.06,3.98,1.3812818192963463,Chromatography,True,train,0.8576418485253441
je050343i.xml,2005,41,KAKZBPTYRLMSJV-UHFFFAOYSA-N,CPJRRXSHAYUTGL-UHFFFAOYSA-N,"1,3-butadiene",3-methyl-3-buten-1-ol,270.04,2.69,0.9895411936137476,Chromatography,True,train,0.9152865711801826
je050343i.xml,2005,41,KAKZBPTYRLMSJV-UHFFFAOYSA-N,CPJRRXSHAYUTGL-UHFFFAOYSA-N,"1,3-butadiene",3-methyl-3-buten-1-ol,289.99,2.65,0.9745596399981308,Chromatography,True,train,0.8312029322956801
je050343i.xml,2005,41,KAKZBPTYRLMSJV-UHFFFAOYSA-N,CPJRRXSHAYUTGL-UHFFFAOYSA-N,"1,3-butadiene",3-methyl-3-buten-1-ol,309.99,2.56,0.9400072584914712,Chromatography,True,train,0.7563775034449552
je050343i.xml,2005,41,KAKZBPTYRLMSJV-UHFFFAOYSA-N,CPJRRXSHAYUTGL-UHFFFAOYSA-N,"1,3-butadiene",3-methyl-3-buten-1-ol,330.0,2.45,0.8960880245566357,Chromatography,True,train,0.6912658566405284
je060395n.xml,2007,101,KAKZBPTYRLMSJV-UHFFFAOYSA-N,CTQNGGLPUBDAKN-UHFFFAOYSA-N,"1,3-butadiene","1,2-dimethylbenzene",270.13,1.23,0.2070141693843261,calculated from henry's law constants,True,train,0.19519930652382608
je060395n.xml,2007,101,KAKZBPTYRLMSJV-UHFFFAOYSA-N,CTQNGGLPUBDAKN-UHFFFAOYSA-N,"1,3-butadiene","1,2-dimethylbenzene",289.99,1.22,0.1988508587451651,calculated from henry's law constants,True,train,0.17961565350919398
je060395n.xml,2007,101,KAKZBPTYRLMSJV-UHFFFAOYSA-N,CTQNGGLPUBDAKN-UHFFFAOYSA-N,"1,3-butadiene","1,2-dimethylbenzene",309.84,1.23,0.2070141693843261,calculated from henry's law constants,True,train,0.1659376017243931
je060395n.xml,2007,101,KAKZBPTYRLMSJV-UHFFFAOYSA-N,CTQNGGLPUBDAKN-UHFFFAOYSA-N,"1,3-butadiene","1,2-dimethylbenzene",329.99,1.22,0.1988508587451651,calculated from henry's law constants,True,train,0.15365463591229678
je700270d.xml,2007,17,KAKZBPTYRLMSJV-UHFFFAOYSA-N,DHXVGJBLRPWPCS-UHFFFAOYSA-N,"1,3-butadiene",tetrahydropyran,250.06,0.95,-0.0512932943875505,Chromatography,True,train,-0.28610746216973504
je700270d.xml,2007,17,KAKZBPTYRLMSJV-UHFFFAOYSA-N,DHXVGJBLRPWPCS-UHFFFAOYSA-N,"1,3-butadiene",tetrahydropyran,270.12,0.97,-0.0304592074847085,Chromatography,True,train,-0.24051686285793364
je700270d.xml,2007,17,KAKZBPTYRLMSJV-UHFFFAOYSA-N,DHXVGJBLRPWPCS-UHFFFAOYSA-N,"1,3-butadiene",tetrahydropyran,289.97,1.01,0.009950330853168,Chromatography,True,train,-0.20362929763183135
je700270d.xml,2007,17,KAKZBPTYRLMSJV-UHFFFAOYSA-N,DHXVGJBLRPWPCS-UHFFFAOYSA-N,"1,3-butadiene",tetrahydropyran,309.98,1.05,0.048790164169432,Chromatography,True,train,-0.17286087062147404
je700270d.xml,2007,17,KAKZBPTYRLMSJV-UHFFFAOYSA-N,DHXVGJBLRPWPCS-UHFFFAOYSA-N,"1,3-butadiene",tetrahydropyran,329.97,1.09,0.0861776962410524,Chromatography,True,train,-0.14719132342705285
je050343i.xml,2005,17,KAKZBPTYRLMSJV-UHFFFAOYSA-N,HNVRRHSXBLFLIG-UHFFFAOYSA-N,"1,3-butadiene","3-buten-2-ol, 2-methyl-",269.95,2.36,0.8586616190375187,Chromatography,True,train,0.8270439230799472
je050343i.xml,2005,17,KAKZBPTYRLMSJV-UHFFFAOYSA-N,HNVRRHSXBLFLIG-UHFFFAOYSA-N,"1,3-butadiene","3-buten-2-ol, 2-methyl-",289.99,2.22,0.7975071958841882,Chromatography,True,train,0.7416557233401062
je050343i.xml,2005,17,KAKZBPTYRLMSJV-UHFFFAOYSA-N,HNVRRHSXBLFLIG-UHFFFAOYSA-N,"1,3-butadiene","3-buten-2-ol, 2-methyl-",309.99,2.05,0.7178397931503168,Chromatography,True,train,0.6668169918105039
je050343i.xml,2005,17,KAKZBPTYRLMSJV-UHFFFAOYSA-N,HNVRRHSXBLFLIG-UHFFFAOYSA-N,"1,3-butadiene","3-buten-2-ol, 2-methyl-",330.0,1.88,0.6312717768418578,Chromatography,True,train,0.6023842686773103
je060395n.xml,2007,103,KAKZBPTYRLMSJV-UHFFFAOYSA-N,IVSZLXZYQVIEFR-UHFFFAOYSA-N,"1,3-butadiene","1,3-dimethylbenzene",270.1,1.15,0.1397619423751586,calculated from henry's law constants,True,train,0.18248877142741177
je060395n.xml,2007,103,KAKZBPTYRLMSJV-UHFFFAOYSA-N,IVSZLXZYQVIEFR-UHFFFAOYSA-N,"1,3-butadiene","1,3-dimethylbenzene",289.99,1.18,0.1655144384775733,calculated from henry's law constants,True,train,0.16653764714307107
je060395n.xml,2007,103,KAKZBPTYRLMSJV-UHFFFAOYSA-N,IVSZLXZYQVIEFR-UHFFFAOYSA-N,"1,3-butadiene","1,3-dimethylbenzene",309.84,1.18,0.1655144384775733,calculated from henry's law constants,True,train,0.1525903719682315
je060395n.xml,2007,103,KAKZBPTYRLMSJV-UHFFFAOYSA-N,IVSZLXZYQVIEFR-UHFFFAOYSA-N,"1,3-butadiene","1,3-dimethylbenzene",329.99,1.18,0.1655144384775733,calculated from henry's law constants,True,train,0.14009181615041782
je100529s.xml,2010,65,KAKZBPTYRLMSJV-UHFFFAOYSA-N,IWDCLRJOBJJRNH-UHFFFAOYSA-N,butadiene,4-methylphenol,309.99,3.26,1.181727195378616,Gas Stripping Method,True,train,0.7747607818834481
je100529s.xml,2010,65,KAKZBPTYRLMSJV-UHFFFAOYSA-N,IWDCLRJOBJJRNH-UHFFFAOYSA-N,butadiene,4-methylphenol,319.99,3.16,1.1505720275988207,Gas Stripping Method,True,train,0.7379167112475147
je100529s.xml,2010,65,KAKZBPTYRLMSJV-UHFFFAOYSA-N,IWDCLRJOBJJRNH-UHFFFAOYSA-N,butadiene,4-methylphenol,329.99,3.07,1.1216775615991057,Gas Stripping Method,True,train,0.7037606730786604
je100529s.xml,2010,65,KAKZBPTYRLMSJV-UHFFFAOYSA-N,IWDCLRJOBJJRNH-UHFFFAOYSA-N,butadiene,4-methylphenol,340.02,2.99,1.095273387402595,Gas Stripping Method,True,train,0.6720259769247142
j.jct.2004.11.005.xml,2005,31,KAKZBPTYRLMSJV-UHFFFAOYSA-N,JYVLIDXNZAXMDK-YFKPBYRVSA-N,"1,3-butadiene",2-pentanol,269.98,2.89,1.0612565021243408,Other,True,train,0.7097057394278072
j.jct.2004.11.005.xml,2005,31,KAKZBPTYRLMSJV-UHFFFAOYSA-N,JYVLIDXNZAXMDK-YFKPBYRVSA-N,"1,3-butadiene",2-pentanol,290.0,2.68,0.9858167945227654,Other,True,train,0.6222452467722331
j.jct.2004.11.005.xml,2005,31,KAKZBPTYRLMSJV-UHFFFAOYSA-N,JYVLIDXNZAXMDK-YFKPBYRVSA-N,"1,3-butadiene",2-pentanol,310.0,2.47,0.904218150639886,Other,True,train,0.5462249709731413
j.jct.2004.11.005.xml,2005,31,KAKZBPTYRLMSJV-UHFFFAOYSA-N,JYVLIDXNZAXMDK-YFKPBYRVSA-N,"1,3-butadiene",2-pentanol,330.0,2.27,0.8197798314933114,Other,True,train,0.4813968992290597
je0342116.xml,2004,14,KAKZBPTYRLMSJV-UHFFFAOYSA-N,KFZMGEQAYNKOFK-UHFFFAOYSA-N,"1,3-butadiene",2-propanol,270.03,3.8,1.33500106673234,Chromatography,True,train,1.2040346556336254
je0342116.xml,2004,14,KAKZBPTYRLMSJV-UHFFFAOYSA-N,KFZMGEQAYNKOFK-UHFFFAOYSA-N,"1,3-butadiene",2-propanol,290.0,3.7,1.308332819650179,Chromatography,True,train,1.0913604638524963
je0342116.xml,2004,14,KAKZBPTYRLMSJV-UHFFFAOYSA-N,KFZMGEQAYNKOFK-UHFFFAOYSA-N,"1,3-butadiene",2-propanol,310.0,3.5,1.252762968495368,Chromatography,True,train,0.989013897975766
je0342116.xml,2004,14,KAKZBPTYRLMSJV-UHFFFAOYSA-N,KFZMGEQAYNKOFK-UHFFFAOYSA-N,"1,3-butadiene",2-propanol,330.0,3.3,1.1939224684724346,Chromatography,True,train,0.8985608259342043
je034265f.xml,2004,15,KAKZBPTYRLMSJV-UHFFFAOYSA-N,LRHPLDYGYMQRHN-UHFFFAOYSA-N,"1,3-butadiene",1-butanol,250.01,3.0,1.0986122886681098,Other,True,train,1.0632363166507497
je034265f.xml,2004,15,KAKZBPTYRLMSJV-UHFFFAOYSA-N,LRHPLDYGYMQRHN-UHFFFAOYSA-N,"1,3-butadiene",1-butanol,270.04,2.9,1.0647107369924282,Other,True,train,0.9527257142157133
je034265f.xml,2004,15,KAKZBPTYRLMSJV-UHFFFAOYSA-N,LRHPLDYGYMQRHN-UHFFFAOYSA-N,"1,3-butadiene",1-butanol,290.01,2.9,1.0647107369924282,Other,True,train,0.8513451592131286
je034265f.xml,2004,15,KAKZBPTYRLMSJV-UHFFFAOYSA-N,LRHPLDYGYMQRHN-UHFFFAOYSA-N,"1,3-butadiene",1-butanol,310.01,2.9,1.0647107369924282,Other,True,train,0.7612201309917797
je034265f.xml,2004,15,KAKZBPTYRLMSJV-UHFFFAOYSA-N,LRHPLDYGYMQRHN-UHFFFAOYSA-N,"1,3-butadiene",1-butanol,330.0,2.8,1.029619417181158,Other,True,train,0.6829904558811081
j.fluid.2006.06.024.xml,2006,6,KAKZBPTYRLMSJV-UHFFFAOYSA-N,OKKJLVBELUTLKV-UHFFFAOYSA-N,"1,3-butadiene",methanol,374.0,5.0,1.6094379124341005,Chromatography,True,train,2.0311308963066104
j.fluid.2006.06.024.xml,2006,6,KAKZBPTYRLMSJV-UHFFFAOYSA-N,OKKJLVBELUTLKV-UHFFFAOYSA-N,"1,3-butadiene",methanol,393.3,4.7,1.547562508716013,Chromatography,True,train,1.91348276482706
j.fluid.2006.06.024.xml,2006,6,KAKZBPTYRLMSJV-UHFFFAOYSA-N,OKKJLVBELUTLKV-UHFFFAOYSA-N,"1,3-butadiene",methanol,412.5,4.2,1.4350845252893227,Chromatography,True,train,1.8079874920523347
je060395n.xml,2007,107,KAKZBPTYRLMSJV-UHFFFAOYSA-N,PPBRXRYQALVLMV-UHFFFAOYSA-N,"1,3-butadiene",styrene,270.07,2.09,0.7371640659767196,calculated from henry's law constants,True,train,0.23382294184832664
je060395n.xml,2007,107,KAKZBPTYRLMSJV-UHFFFAOYSA-N,PPBRXRYQALVLMV-UHFFFAOYSA-N,"1,3-butadiene",styrene,309.84,2.05,0.7178397931503168,calculated from henry's law constants,True,train,0.1940491788840054
je060395n.xml,2007,107,KAKZBPTYRLMSJV-UHFFFAOYSA-N,PPBRXRYQALVLMV-UHFFFAOYSA-N,"1,3-butadiene",styrene,329.99,2.02,0.7030975114131134,calculated from henry's law constants,True,train,0.17765763172279248
je100529s.xml,2010,17,KAKZBPTYRLMSJV-UHFFFAOYSA-N,QWVGKYWNOKOFNN-UHFFFAOYSA-N,butadiene,2-methylphenol,299.99,2.87,1.0543120297715298,Gas Stripping Method,True,train,0.7757403967485732
je100529s.xml,2010,17,KAKZBPTYRLMSJV-UHFFFAOYSA-N,QWVGKYWNOKOFNN-UHFFFAOYSA-N,butadiene,2-methylphenol,309.99,2.81,1.0331844833456545,Gas Stripping Method,True,train,0.7351579838505315
je100529s.xml,2010,17,KAKZBPTYRLMSJV-UHFFFAOYSA-N,QWVGKYWNOKOFNN-UHFFFAOYSA-N,butadiene,2-methylphenol,319.99,2.72,1.000631880307906,Gas Stripping Method,True,train,0.6975450449426398
je100529s.xml,2010,17,KAKZBPTYRLMSJV-UHFFFAOYSA-N,QWVGKYWNOKOFNN-UHFFFAOYSA-N,butadiene,2-methylphenol,329.99,2.63,0.9669838461896731,Gas Stripping Method,True,train,0.6627457374683203
je100529s.xml,2010,41,KAKZBPTYRLMSJV-UHFFFAOYSA-N,RLSSMJSEOOYNOY-UHFFFAOYSA-N,butadiene,3-methylphenol,289.98,3.32,1.199964782928397,Gas Stripping Method,True,train,0.8481292821714062
je100529s.xml,2010,41,KAKZBPTYRLMSJV-UHFFFAOYSA-N,RLSSMJSEOOYNOY-UHFFFAOYSA-N,butadiene,3-methylphenol,299.98,3.26,1.181727195378616,Gas Stripping Method,True,train,0.8049367959600737
je100529s.xml,2010,41,KAKZBPTYRLMSJV-UHFFFAOYSA-N,RLSSMJSEOOYNOY-UHFFFAOYSA-N,butadiene,3-methylphenol,309.99,3.22,1.169381359556317,Gas Stripping Method,True,train,0.7646989499215877
je100529s.xml,2010,41,KAKZBPTYRLMSJV-UHFFFAOYSA-N,RLSSMJSEOOYNOY-UHFFFAOYSA-N,butadiene,3-methylphenol,319.99,3.13,1.1410330045520618,Gas Stripping Method,True,train,0.7273941806423159
je100529s.xml,2010,41,KAKZBPTYRLMSJV-UHFFFAOYSA-N,RLSSMJSEOOYNOY-UHFFFAOYSA-N,butadiene,3-methylphenol,329.99,3.05,1.1151415906193205,Gas Stripping Method,True,train,0.6928309446198049
je060395n.xml,2007,97,KAKZBPTYRLMSJV-UHFFFAOYSA-N,UHOVQNZJYSORNB-UHFFFAOYSA-N,"1,3-butadiene",benzene,279.99,1.36,0.3074846997479607,calculated from henry's law constants,True,train,0.1334498522333516
je060395n.xml,2007,97,KAKZBPTYRLMSJV-UHFFFAOYSA-N,UHOVQNZJYSORNB-UHFFFAOYSA-N,"1,3-butadiene",benzene,289.99,1.35,0.3001045924503381,calculated from henry's law constants,True,train,0.12790233994214395
je060395n.xml,2007,97,KAKZBPTYRLMSJV-UHFFFAOYSA-N,UHOVQNZJYSORNB-UHFFFAOYSA-N,"1,3-butadiene",benzene,309.99,1.32,0.2776317365982795,calculated from henry's law constants,True,train,0.11792022909492138
je060395n.xml,2007,97,KAKZBPTYRLMSJV-UHFFFAOYSA-N,UHOVQNZJYSORNB-UHFFFAOYSA-N,"1,3-butadiene",benzene,329.99,1.29,0.2546422183735807,calculated from henry's law constants,True,train,0.10920951085697012
je060395n.xml,2007,105,KAKZBPTYRLMSJV-UHFFFAOYSA-N,URLKBWYHVLBVBO-UHFFFAOYSA-N,"1,3-butadiene","1,4-dimethylbenzene",289.99,1.16,0.1484200051182732,calculated from henry's law constants,True,test_one,0.16586979594187473
je060395n.xml,2007,105,KAKZBPTYRLMSJV-UHFFFAOYSA-N,URLKBWYHVLBVBO-UHFFFAOYSA-N,"1,3-butadiene","1,4-dimethylbenzene",299.99,1.15,0.1397619423751586,calculated from henry's law constants,True,test_one,0.15855107143164548
je060395n.xml,2007,105,KAKZBPTYRLMSJV-UHFFFAOYSA-N,URLKBWYHVLBVBO-UHFFFAOYSA-N,"1,3-butadiene","1,4-dimethylbenzene",309.85,1.16,0.1484200051182732,calculated from henry's law constants,True,test_one,0.1517857901501106
je060395n.xml,2007,105,KAKZBPTYRLMSJV-UHFFFAOYSA-N,URLKBWYHVLBVBO-UHFFFAOYSA-N,"1,3-butadiene","1,4-dimethylbenzene",319.99,1.15,0.1397619423751586,calculated from henry's law constants,True,test_one,0.14525265890138994
je060395n.xml,2007,105,KAKZBPTYRLMSJV-UHFFFAOYSA-N,URLKBWYHVLBVBO-UHFFFAOYSA-N,"1,3-butadiene","1,4-dimethylbenzene",329.99,1.15,0.1397619423751586,calculated from henry's law constants,True,test_one,0.13919363266718238
je0502647.xml,2005,15,KAKZBPTYRLMSJV-UHFFFAOYSA-N,XXROGKLTLUQVRX-UHFFFAOYSA-N,"1,3-butadiene",2-propenol,270.01,4.06,1.4011829736136412,gas stripping method,True,train,1.6175147536157763
je0502647.xml,2005,15,KAKZBPTYRLMSJV-UHFFFAOYSA-N,XXROGKLTLUQVRX-UHFFFAOYSA-N,"1,3-butadiene",2-propenol,289.99,4.02,1.3912819026309295,gas stripping method,True,train,1.4996865089642983
je0502647.xml,2005,15,KAKZBPTYRLMSJV-UHFFFAOYSA-N,XXROGKLTLUQVRX-UHFFFAOYSA-N,"1,3-butadiene",2-propenol,309.995,3.89,1.358409157630355,gas stripping method,True,train,1.3902370442231813
je0502647.xml,2005,15,KAKZBPTYRLMSJV-UHFFFAOYSA-N,XXROGKLTLUQVRX-UHFFFAOYSA-N,"1,3-butadiene",2-propenol,329.99,3.59,1.2781522025001877,gas stripping method,True,train,1.2914083021211837
je060395n.xml,2007,99,KAKZBPTYRLMSJV-UHFFFAOYSA-N,YXFVVABEGXRONW-UHFFFAOYSA-N,"1,3-butadiene",toluene,270.0,1.18,0.1655144384775733,calculated from henry's law constants,True,train,0.13555681311480924
je060395n.xml,2007,99,KAKZBPTYRLMSJV-UHFFFAOYSA-N,YXFVVABEGXRONW-UHFFFAOYSA-N,"1,3-butadiene",toluene,289.98,1.2,0.1823215567939546,calculated from henry's law constants,True,train,0.12483660392291314
je060395n.xml,2007,99,KAKZBPTYRLMSJV-UHFFFAOYSA-N,YXFVVABEGXRONW-UHFFFAOYSA-N,"1,3-butadiene",toluene,309.94,1.2,0.1823215567939546,calculated from henry's law constants,True,train,0.11543325028253941
je060395n.xml,2007,99,KAKZBPTYRLMSJV-UHFFFAOYSA-N,YXFVVABEGXRONW-UHFFFAOYSA-N,"1,3-butadiene",toluene,329.99,1.2,0.1823215567939546,calculated from henry's law constants,True,train,0.10707993910568868
j.jct.2012.06.009.xml,2012,81,KCXMKQUNVWSEMD-UHFFFAOYSA-N,IPCSVZSSVZVIGE-UHFFFAOYSA-N,.alpha.-chlorotoluene,hexadecanoic acid,348.01,1.62,0.4824261492442928,Chromatography,True,train,0.5591855110049556
j.jct.2012.06.009.xml,2012,81,KCXMKQUNVWSEMD-UHFFFAOYSA-N,IPCSVZSSVZVIGE-UHFFFAOYSA-N,.alpha.-chlorotoluene,hexadecanoic acid,358.22,1.569,0.4504384737508955,Chromatography,True,train,0.5204292598398291
j.jct.2012.12.009.xml,2013,57,KCXMKQUNVWSEMD-UHFFFAOYSA-N,OYHQOLUKZRVURQ-HZJYTTRNSA-N,benzyl chloride,linoleic acid,348.31,1.531,0.4259211166755466,Chromatography,True,train,0.4880623249948974
j.jct.2012.12.009.xml,2013,57,KCXMKQUNVWSEMD-UHFFFAOYSA-N,OYHQOLUKZRVURQ-HZJYTTRNSA-N,benzyl chloride,linoleic acid,348.28,1.54,0.4317824164255378,Chromatography,True,train,0.4881633390136805
j.jct.2012.12.009.xml,2013,57,KCXMKQUNVWSEMD-UHFFFAOYSA-N,OYHQOLUKZRVURQ-HZJYTTRNSA-N,benzyl chloride,linoleic acid,358.3,1.608,0.4749911707567746,Chromatography,True,train,0.45567568896349453
j.jct.2012.06.009.xml,2012,38,KCXMKQUNVWSEMD-UHFFFAOYSA-N,POULHZVOKOAJMA-UHFFFAOYSA-N,.alpha.-chlorotoluene,lauric acid,358.06,1.711,0.5370779949100565,Chromatography,True,train,0.4910795724922986
j.jct.2012.06.009.xml,2012,38,KCXMKQUNVWSEMD-UHFFFAOYSA-N,POULHZVOKOAJMA-UHFFFAOYSA-N,.alpha.-chlorotoluene,lauric acid,358.1,1.713,0.5382462193419829,Chromatography,True,train,0.4909407550900211
j.jct.2012.12.009.xml,2013,17,KCXMKQUNVWSEMD-UHFFFAOYSA-N,QIQXTHQIDYTFRH-UHFFFAOYSA-N,benzyl chloride,n-octadecanoic acid,349.47,1.559,0.4440445900756394,Chromatography,True,train,0.6538978101737334
j.jct.2012.12.009.xml,2013,17,KCXMKQUNVWSEMD-UHFFFAOYSA-N,QIQXTHQIDYTFRH-UHFFFAOYSA-N,benzyl chloride,n-octadecanoic acid,349.48,1.545,0.4350239103497087,Chromatography,True,train,0.6538534091649677
j.jct.2012.12.009.xml,2013,17,KCXMKQUNVWSEMD-UHFFFAOYSA-N,QIQXTHQIDYTFRH-UHFFFAOYSA-N,benzyl chloride,n-octadecanoic acid,358.39,1.486,0.3960879462955674,Chromatography,True,train,0.6155677287486929
j.jct.2012.12.009.xml,2013,17,KCXMKQUNVWSEMD-UHFFFAOYSA-N,QIQXTHQIDYTFRH-UHFFFAOYSA-N,benzyl chloride,n-octadecanoic acid,368.13,1.452,0.3729419164026043,Chromatography,True,train,0.576462373461237
j.jct.2012.06.009.xml,2012,60,KCXMKQUNVWSEMD-UHFFFAOYSA-N,TUNFSRHWOTWDNC-UHFFFAOYSA-N,.alpha.-chlorotoluene,tetradecanoic acid,333.26,1.615,0.4793349566746198,Chromatography,True,train,0.5855216148119553
j.jct.2012.06.009.xml,2012,60,KCXMKQUNVWSEMD-UHFFFAOYSA-N,TUNFSRHWOTWDNC-UHFFFAOYSA-N,.alpha.-chlorotoluene,tetradecanoic acid,333.38,1.605,0.4731237565819792,Chromatography,True,train,0.5850230674668129
j.jct.2012.06.009.xml,2012,60,KCXMKQUNVWSEMD-UHFFFAOYSA-N,TUNFSRHWOTWDNC-UHFFFAOYSA-N,.alpha.-chlorotoluene,tetradecanoic acid,353.25,1.569,0.4504384737508955,Chromatography,True,train,0.5087976368979262
j.jct.2012.06.009.xml,2012,60,KCXMKQUNVWSEMD-UHFFFAOYSA-N,TUNFSRHWOTWDNC-UHFFFAOYSA-N,.alpha.-chlorotoluene,tetradecanoic acid,353.3,1.548,0.4369637751675354,Chromatography,True,train,0.5086206429821875
j.jct.2012.12.009.xml,2013,70,KFZMGEQAYNKOFK-UHFFFAOYSA-N,DTOSIQBPPRVQHS-PDBXOOCHSA-N,isopropanol,"9,12,15-octadecatrienoic acid",313.25,1.081,0.0778865386570712,Chromatography,True,train,
j.jct.2012.12.009.xml,2013,70,KFZMGEQAYNKOFK-UHFFFAOYSA-N,DTOSIQBPPRVQHS-PDBXOOCHSA-N,isopropanol,"9,12,15-octadecatrienoic acid",323.26,1.121,0.1142211440900228,Chromatography,True,train,
j.jct.2012.06.009.xml,2012,11,KFZMGEQAYNKOFK-UHFFFAOYSA-N,GHVNFZFCNZKVNT-UHFFFAOYSA-N,2-propanol,capric acid,314.1,1.56,0.4446858212614457,Chromatography,True,train,0.3981530443063406
j.jct.2012.06.009.xml,2012,11,KFZMGEQAYNKOFK-UHFFFAOYSA-N,GHVNFZFCNZKVNT-UHFFFAOYSA-N,2-propanol,capric acid,314.24,1.581,0.4580575582273349,Chromatography,True,train,0.39787425892707956
j.jct.2012.06.009.xml,2012,11,KFZMGEQAYNKOFK-UHFFFAOYSA-N,GHVNFZFCNZKVNT-UHFFFAOYSA-N,2-propanol,capric acid,333.26,1.347,0.2978798974282269,Chromatography,True,train,0.36179754366892186
j.jct.2012.06.009.xml,2012,11,KFZMGEQAYNKOFK-UHFFFAOYSA-N,GHVNFZFCNZKVNT-UHFFFAOYSA-N,2-propanol,capric acid,333.38,1.357,0.305276380852732,Chromatography,True,train,0.3615813472928105
j.jct.2012.06.009.xml,2012,11,KFZMGEQAYNKOFK-UHFFFAOYSA-N,GHVNFZFCNZKVNT-UHFFFAOYSA-N,2-propanol,capric acid,353.25,1.198,0.1806534996932575,Chromatography,True,train,0.32771732168100914
j.jct.2012.06.009.xml,2012,11,KFZMGEQAYNKOFK-UHFFFAOYSA-N,GHVNFZFCNZKVNT-UHFFFAOYSA-N,2-propanol,capric acid,353.3,1.151,0.1406311297397456,Chromatography,True,train,0.3276368396324728
j.jct.2012.06.009.xml,2012,75,KFZMGEQAYNKOFK-UHFFFAOYSA-N,IPCSVZSSVZVIGE-UHFFFAOYSA-N,2-propanol,hexadecanoic acid,340.19,1.468,0.3839009301923238,Chromatography,True,train,0.7348046296562004
j.jct.2012.06.009.xml,2012,75,KFZMGEQAYNKOFK-UHFFFAOYSA-N,IPCSVZSSVZVIGE-UHFFFAOYSA-N,2-propanol,hexadecanoic acid,348.01,1.408,0.3421702577358506,Chromatography,True,train,0.7012461876248263
j.jct.2012.06.009.xml,2012,75,KFZMGEQAYNKOFK-UHFFFAOYSA-N,IPCSVZSSVZVIGE-UHFFFAOYSA-N,2-propanol,hexadecanoic acid,358.32,1.291,0.2554171118645054,Chromatography,True,train,0.6596863910907622
j.jct.2013.05.011.xml,2013,23,KFZMGEQAYNKOFK-UHFFFAOYSA-N,MTHSVFCYNBDYFN-UHFFFAOYSA-N,2-propanol,diethylene glycol,333.2,1.79,0.5822156198526637,Chromatography,True,test_one,0.3630657652380645
j.jct.2013.05.011.xml,2013,23,KFZMGEQAYNKOFK-UHFFFAOYSA-N,MTHSVFCYNBDYFN-UHFFFAOYSA-N,2-propanol,diethylene glycol,348.2,1.77,0.5709795465857378,Chromatography,True,test_one,0.35170062248226674
j.jct.2013.05.011.xml,2013,23,KFZMGEQAYNKOFK-UHFFFAOYSA-N,MTHSVFCYNBDYFN-UHFFFAOYSA-N,2-propanol,diethylene glycol,363.2,1.74,0.5538851132264376,Chromatography,True,test_one,0.34052704576473714
j.jct.2012.12.009.xml,2013,52,KFZMGEQAYNKOFK-UHFFFAOYSA-N,OYHQOLUKZRVURQ-HZJYTTRNSA-N,isopropanol,linoleic acid,338.28,1.134,0.1257512053055602,Chromatography,True,train,0.9707710111976958
j.jct.2012.12.009.xml,2013,52,KFZMGEQAYNKOFK-UHFFFAOYSA-N,OYHQOLUKZRVURQ-HZJYTTRNSA-N,isopropanol,linoleic acid,348.28,1.136,0.1275133202989595,Chromatography,True,train,0.920005963284137
j.jct.2012.12.009.xml,2013,52,KFZMGEQAYNKOFK-UHFFFAOYSA-N,OYHQOLUKZRVURQ-HZJYTTRNSA-N,isopropanol,linoleic acid,358.33,1.127,0.1195592350576392,Chromatography,True,train,0.8721270620581515
j.jct.2012.06.009.xml,2012,32,KFZMGEQAYNKOFK-UHFFFAOYSA-N,POULHZVOKOAJMA-UHFFFAOYSA-N,2-propanol,lauric acid,314.1,1.5,0.4054651081081644,Chromatography,True,train,0.6202218581028847
j.jct.2012.06.009.xml,2012,32,KFZMGEQAYNKOFK-UHFFFAOYSA-N,POULHZVOKOAJMA-UHFFFAOYSA-N,2-propanol,lauric acid,314.24,1.531,0.4259211166755466,Chromatography,True,train,0.6197889710862506
j.jct.2012.06.009.xml,2012,32,KFZMGEQAYNKOFK-UHFFFAOYSA-N,POULHZVOKOAJMA-UHFFFAOYSA-N,2-propanol,lauric acid,333.26,1.334,0.288181947493432,Chromatography,True,train,0.5640894080166404
j.jct.2012.06.009.xml,2012,32,KFZMGEQAYNKOFK-UHFFFAOYSA-N,POULHZVOKOAJMA-UHFFFAOYSA-N,2-propanol,lauric acid,333.38,1.37,0.3148107398400336,Chromatography,True,train,0.563757335474729
j.jct.2012.06.009.xml,2012,32,KFZMGEQAYNKOFK-UHFFFAOYSA-N,POULHZVOKOAJMA-UHFFFAOYSA-N,2-propanol,lauric acid,353.25,1.222,0.2004888607494035,Chromatography,True,train,0.511946471091862
j.jct.2012.06.009.xml,2012,32,KFZMGEQAYNKOFK-UHFFFAOYSA-N,POULHZVOKOAJMA-UHFFFAOYSA-N,2-propanol,lauric acid,353.3,1.238,0.2134971742624043,Chromatography,True,train,0.5118237664072695
j.jct.2012.12.009.xml,2013,11,KFZMGEQAYNKOFK-UHFFFAOYSA-N,QIQXTHQIDYTFRH-UHFFFAOYSA-N,isopropanol,n-octadecanoic acid,349.38,1.337,0.2904282981198061,Chromatography,True,train,0.8311897877238709
j.jct.2012.12.009.xml,2013,11,KFZMGEQAYNKOFK-UHFFFAOYSA-N,QIQXTHQIDYTFRH-UHFFFAOYSA-N,isopropanol,n-octadecanoic acid,358.46,1.262,0.2326977641190214,Chromatography,True,train,0.7891274518664125
j.jct.2012.12.009.xml,2013,11,KFZMGEQAYNKOFK-UHFFFAOYSA-N,QIQXTHQIDYTFRH-UHFFFAOYSA-N,isopropanol,n-octadecanoic acid,367.93,1.175,0.1612681475961223,Chromatography,True,train,0.7479525156975736
j.jct.2012.12.009.xml,2013,11,KFZMGEQAYNKOFK-UHFFFAOYSA-N,QIQXTHQIDYTFRH-UHFFFAOYSA-N,isopropanol,n-octadecanoic acid,368.19,1.142,0.1327811112338184,Chromatography,True,train,0.7468587860676783
j.jct.2013.02.006.xml,2013,44,KFZMGEQAYNKOFK-UHFFFAOYSA-N,SECXISVLQFMRJM-UHFFFAOYSA-N,isopropanol,1-methylpyrrolidone,333.2,0.627,-0.4668087383492164,Chromatography,True,train,-0.3675146331176486
j.jct.2013.02.006.xml,2013,44,KFZMGEQAYNKOFK-UHFFFAOYSA-N,SECXISVLQFMRJM-UHFFFAOYSA-N,isopropanol,1-methylpyrrolidone,348.2,0.639,-0.4478508246046022,Chromatography,True,train,-0.3164913033114745
j.jct.2013.02.006.xml,2013,44,KFZMGEQAYNKOFK-UHFFFAOYSA-N,SECXISVLQFMRJM-UHFFFAOYSA-N,isopropanol,1-methylpyrrolidone,363.2,0.632,-0.4588658848352796,Chromatography,True,train,-0.2777182123887018
j.jct.2012.06.009.xml,2012,54,KFZMGEQAYNKOFK-UHFFFAOYSA-N,TUNFSRHWOTWDNC-UHFFFAOYSA-N,2-propanol,tetradecanoic acid,314.1,1.394,0.3321773123383321,Chromatography,True,train,0.668168517191968
j.jct.2012.06.009.xml,2012,54,KFZMGEQAYNKOFK-UHFFFAOYSA-N,TUNFSRHWOTWDNC-UHFFFAOYSA-N,2-propanol,tetradecanoic acid,314.24,1.421,0.3513608491149636,Chromatography,True,train,0.6675831264519747
j.jct.2012.06.009.xml,2012,54,KFZMGEQAYNKOFK-UHFFFAOYSA-N,TUNFSRHWOTWDNC-UHFFFAOYSA-N,2-propanol,tetradecanoic acid,333.26,1.305,0.2662030407746567,Chromatography,True,train,0.5928971647462331
j.jct.2012.06.009.xml,2012,54,KFZMGEQAYNKOFK-UHFFFAOYSA-N,TUNFSRHWOTWDNC-UHFFFAOYSA-N,2-propanol,tetradecanoic acid,333.38,1.297,0.2600539053343068,Chromatography,True,train,0.592455745042338
j.jct.2012.06.009.xml,2012,54,KFZMGEQAYNKOFK-UHFFFAOYSA-N,TUNFSRHWOTWDNC-UHFFFAOYSA-N,2-propanol,tetradecanoic acid,353.25,1.194,0.1773090149704103,Chromatography,True,train,0.5241723530174581
j.jct.2012.06.009.xml,2012,54,KFZMGEQAYNKOFK-UHFFFAOYSA-N,TUNFSRHWOTWDNC-UHFFFAOYSA-N,2-propanol,tetradecanoic acid,353.3,1.187,0.171429115627531,Chromatography,True,train,0.5240120724984871
je600567z.xml,2007,0,KFZMGEQAYNKOFK-UHFFFAOYSA-N,XLYOFNOQVPJJNP-UHFFFAOYSA-N,2-propanol,water,283.15,5.37,1.6808279085207734,Relative Headspace Analysis,True,train,7.3613294404367275
je600567z.xml,2007,0,KFZMGEQAYNKOFK-UHFFFAOYSA-N,XLYOFNOQVPJJNP-UHFFFAOYSA-N,2-propanol,water,293.15,6.89,1.9300710850255671,Relative Headspace Analysis,True,train,7.236978636106983
je600567z.xml,2007,0,KFZMGEQAYNKOFK-UHFFFAOYSA-N,XLYOFNOQVPJJNP-UHFFFAOYSA-N,2-propanol,water,308.15,8.84,2.179286876649552,Relative Headspace Analysis,True,train,7.045859610485896
je600567z.xml,2007,1,KFZMGEQAYNKOFK-UHFFFAOYSA-N,XLYOFNOQVPJJNP-UHFFFAOYSA-N,2-propanol,water,333.15,11.8,2.468099531471619,Rayleigh distallation,True,train,6.7230160757852095
je600567z.xml,2007,2,KFZMGEQAYNKOFK-UHFFFAOYSA-N,XLYOFNOQVPJJNP-UHFFFAOYSA-N,2-propanol,water,353.15,12.5,2.525728644308256,circulation equilibrium still,True,train,6.467156713687203
je600567z.xml,2007,2,KFZMGEQAYNKOFK-UHFFFAOYSA-N,XLYOFNOQVPJJNP-UHFFFAOYSA-N,2-propanol,water,363.15,12.9,2.5572273113676265,circulation equilibrium still,True,train,6.341405176521861
je600567z.xml,2007,2,KFZMGEQAYNKOFK-UHFFFAOYSA-N,XLYOFNOQVPJJNP-UHFFFAOYSA-N,2-propanol,water,371.15,13.1,2.5726122302071057,circulation equilibrium still,True,train,6.24217310518449
j.jct.2013.05.011.xml,2013,46,KFZMGEQAYNKOFK-UHFFFAOYSA-N,ZIBGPFATKBEMQZ-UHFFFAOYSA-N,2-propanol,triethylene glycol,333.2,1.45,0.371563556432483,Chromatography,True,train,0.23228288316736612
j.jct.2013.05.011.xml,2013,46,KFZMGEQAYNKOFK-UHFFFAOYSA-N,ZIBGPFATKBEMQZ-UHFFFAOYSA-N,2-propanol,triethylene glycol,348.2,1.4,0.3364722366212129,Chromatography,True,train,0.21696569238133456
j.jct.2013.05.011.xml,2013,46,KFZMGEQAYNKOFK-UHFFFAOYSA-N,ZIBGPFATKBEMQZ-UHFFFAOYSA-N,2-propanol,triethylene glycol,363.2,1.38,0.3220834991691132,Chromatography,True,train,0.20252389569663098
j.fluid.2016.10.009.xml,2017,14,KNKRKFALVUDBJE-GSVOUGTGSA-N,JUJWROOIHBZHMG-UHFFFAOYSA-N,"1,2-dichloropropane",pyridine,298.15,0.93,-0.0725706928348353,Other,True,test_one,-0.00040693438229636445
j.jct.2016.10.013.xml,2017,12,KWKAKUADMBZCLK-UHFFFAOYSA-N,LYCAIKOWRPUZTN-UHFFFAOYSA-N,1-octene,ethylene glycol,303.15,962.0,6.8690144506657065,Other,True,train,8.5061535096186
j.jct.2016.10.013.xml,2017,12,KWKAKUADMBZCLK-UHFFFAOYSA-N,LYCAIKOWRPUZTN-UHFFFAOYSA-N,1-octene,ethylene glycol,313.15,819.0,6.70808408385307,Other,True,train,8.287370536003248
j.jct.2016.10.013.xml,2017,12,KWKAKUADMBZCLK-UHFFFAOYSA-N,LYCAIKOWRPUZTN-UHFFFAOYSA-N,1-octene,ethylene glycol,323.15,736.0,6.601230118728877,Other,True,train,8.072929715553567
j.jct.2016.10.013.xml,2017,23,KWKAKUADMBZCLK-UHFFFAOYSA-N,MTHSVFCYNBDYFN-UHFFFAOYSA-N,1-octene,diethylene glycol,304.15,126.0,4.836281906951478,Other,True,test_one,5.030313158752222
j.jct.2016.10.013.xml,2017,23,KWKAKUADMBZCLK-UHFFFAOYSA-N,MTHSVFCYNBDYFN-UHFFFAOYSA-N,1-octene,diethylene glycol,313.15,116.0,4.7535901911063645,Other,True,test_one,4.90570570423863
j.jct.2016.10.013.xml,2017,23,KWKAKUADMBZCLK-UHFFFAOYSA-N,MTHSVFCYNBDYFN-UHFFFAOYSA-N,1-octene,diethylene glycol,323.15,108.0,4.68213122712422,Other,True,test_one,4.771323226518661
j.jct.2013.05.011.xml,2013,12,KWKAKUADMBZCLK-UHFFFAOYSA-N,MTHSVFCYNBDYFN-UHFFFAOYSA-N,1-octene,diethylene glycol,333.2,100.9,4.614129927359564,Chromatography,True,test_one,4.641101421028588
j.jct.2013.05.011.xml,2013,12,KWKAKUADMBZCLK-UHFFFAOYSA-N,MTHSVFCYNBDYFN-UHFFFAOYSA-N,1-octene,diethylene glycol,348.2,93.51,4.538068382447356,Chromatography,True,test_one,4.456368675332469
j.jct.2013.05.011.xml,2013,12,KWKAKUADMBZCLK-UHFFFAOYSA-N,MTHSVFCYNBDYFN-UHFFFAOYSA-N,1-octene,diethylene glycol,363.2,82.61,4.414130738574414,Chromatography,True,test_one,4.2833883567279205
je200628n.xml,2011,8,KWKAKUADMBZCLK-UHFFFAOYSA-N,PWGJDPKCLMLPJW-UHFFFAOYSA-N,1-octene,"1,8-diaminooctane",328.15,3.937,1.3704190119616004,Chromatography,True,train,0.8896986782824461
je200628n.xml,2011,8,KWKAKUADMBZCLK-UHFFFAOYSA-N,PWGJDPKCLMLPJW-UHFFFAOYSA-N,1-octene,"1,8-diaminooctane",338.15,3.377,1.2169877414034307,Chromatography,True,train,0.8705689124040001
je200628n.xml,2011,8,KWKAKUADMBZCLK-UHFFFAOYSA-N,PWGJDPKCLMLPJW-UHFFFAOYSA-N,1-octene,"1,8-diaminooctane",343.15,3.159,1.1502555218199482,Chromatography,True,train,0.8611470034995607
je200628n.xml,2011,8,KWKAKUADMBZCLK-UHFFFAOYSA-N,PWGJDPKCLMLPJW-UHFFFAOYSA-N,1-octene,"1,8-diaminooctane",348.15,3.004,1.0999447339018884,Chromatography,True,train,0.8518199892851496
j.jct.2013.02.006.xml,2013,32,KWKAKUADMBZCLK-UHFFFAOYSA-N,SECXISVLQFMRJM-UHFFFAOYSA-N,1-octene,1-methylpyrrolidone,333.2,8.39,2.127040520479115,Chromatography,True,train,0.3424301430871924
j.jct.2013.02.006.xml,2013,32,KWKAKUADMBZCLK-UHFFFAOYSA-N,SECXISVLQFMRJM-UHFFFAOYSA-N,1-octene,1-methylpyrrolidone,348.2,7.6,2.028148247292285,Chromatography,True,train,0.36549247502457977
j.jct.2013.02.006.xml,2013,32,KWKAKUADMBZCLK-UHFFFAOYSA-N,SECXISVLQFMRJM-UHFFFAOYSA-N,1-octene,1-methylpyrrolidone,363.2,6.7,1.9021075263969205,Chromatography,True,train,0.3841582464402461
j.jct.2013.05.011.xml,2013,35,KWKAKUADMBZCLK-UHFFFAOYSA-N,ZIBGPFATKBEMQZ-UHFFFAOYSA-N,1-octene,triethylene glycol,333.2,55.9,4.023564380161053,Chromatography,True,train,3.242395364998038
j.jct.2013.05.011.xml,2013,35,KWKAKUADMBZCLK-UHFFFAOYSA-N,ZIBGPFATKBEMQZ-UHFFFAOYSA-N,1-octene,triethylene glycol,348.2,41.77,3.732178378509084,Chromatography,True,train,3.1046814715375874
j.jct.2013.05.011.xml,2013,35,KWKAKUADMBZCLK-UHFFFAOYSA-N,ZIBGPFATKBEMQZ-UHFFFAOYSA-N,1-octene,triethylene glycol,363.2,36.81,3.60576954739093,Chromatography,True,train,2.9766981684125713
j.jct.2005.08.004.xml,2006,65,LCGLNKUTAGEVQW-UHFFFAOYSA-N,AMQJEAYHLZJPGS-UHFFFAOYSA-N,methoxymethane,1-pentanol,270.06,1.79,0.5822156198526637,Chromatography,True,test_one,0.36421932724271516
j.jct.2005.08.004.xml,2006,65,LCGLNKUTAGEVQW-UHFFFAOYSA-N,AMQJEAYHLZJPGS-UHFFFAOYSA-N,methoxymethane,1-pentanol,290.0,1.61,0.4762341789963717,Chromatography,True,test_one,0.308982449153792
j.jct.2005.08.004.xml,2006,65,LCGLNKUTAGEVQW-UHFFFAOYSA-N,AMQJEAYHLZJPGS-UHFFFAOYSA-N,methoxymethane,1-pentanol,309.99,1.48,0.3920420877760237,Chromatography,True,test_one,0.26136447082689207
j.jct.2005.08.004.xml,2006,65,LCGLNKUTAGEVQW-UHFFFAOYSA-N,AMQJEAYHLZJPGS-UHFFFAOYSA-N,methoxymethane,1-pentanol,330.0,1.34,0.29266961396282,Chromatography,True,test_one,0.22112476555268196
j.jct.2005.08.004.xml,2006,73,LCGLNKUTAGEVQW-UHFFFAOYSA-N,AQIXEPGDORPWBJ-UHFFFAOYSA-N,methoxymethane,3-pentanol,259.98,1.32,0.2776317365982795,Chromatography,True,train,0.38713125816978883
j.jct.2005.08.004.xml,2006,73,LCGLNKUTAGEVQW-UHFFFAOYSA-N,AQIXEPGDORPWBJ-UHFFFAOYSA-N,methoxymethane,3-pentanol,270.03,1.25,0.2231435513142097,Chromatography,True,train,0.3584884820033393
j.jct.2005.08.004.xml,2006,73,LCGLNKUTAGEVQW-UHFFFAOYSA-N,AQIXEPGDORPWBJ-UHFFFAOYSA-N,methoxymethane,3-pentanol,290.0,1.13,0.1222176327242491,Chromatography,True,train,0.3067070666289208
j.jct.2005.08.004.xml,2006,73,LCGLNKUTAGEVQW-UHFFFAOYSA-N,AQIXEPGDORPWBJ-UHFFFAOYSA-N,methoxymethane,3-pentanol,309.99,1.05,0.048790164169432,Chromatography,True,train,0.2621104790527948
j.jct.2005.08.004.xml,2006,73,LCGLNKUTAGEVQW-UHFFFAOYSA-N,AQIXEPGDORPWBJ-UHFFFAOYSA-N,methoxymethane,3-pentanol,330.0,1.0,0.0,Chromatography,True,train,0.2244535398935087
j.jct.2005.08.004.xml,2006,11,LCGLNKUTAGEVQW-UHFFFAOYSA-N,BDERNNFJNOPAEC-UHFFFAOYSA-N,methoxymethane,1-propanol,259.93,2.11,0.7466879474879751,Chromatography,True,train,0.523695702569853
j.jct.2005.08.004.xml,2006,11,LCGLNKUTAGEVQW-UHFFFAOYSA-N,BDERNNFJNOPAEC-UHFFFAOYSA-N,methoxymethane,1-propanol,269.98,2.02,0.7030975114131134,Chromatography,True,train,0.49318208075774894
j.jct.2005.08.004.xml,2006,11,LCGLNKUTAGEVQW-UHFFFAOYSA-N,BDERNNFJNOPAEC-UHFFFAOYSA-N,methoxymethane,1-propanol,290.0,1.89,0.636576829071551,Chromatography,True,train,0.43533394367627964
j.jct.2005.08.004.xml,2006,11,LCGLNKUTAGEVQW-UHFFFAOYSA-N,BDERNNFJNOPAEC-UHFFFAOYSA-N,methoxymethane,1-propanol,309.99,1.75,0.5596157879354227,Chromatography,True,train,0.3832604732925904
j.jct.2005.08.004.xml,2006,11,LCGLNKUTAGEVQW-UHFFFAOYSA-N,BDERNNFJNOPAEC-UHFFFAOYSA-N,methoxymethane,1-propanol,330.0,1.61,0.4762341789963717,Chromatography,True,train,0.33776642171960825
je050343i.xml,2005,43,LCGLNKUTAGEVQW-UHFFFAOYSA-N,CPJRRXSHAYUTGL-UHFFFAOYSA-N,methoxymethane,3-methyl-3-buten-1-ol,269.95,1.23,0.2070141693843261,Chromatography,True,train,0.2613685724290921
je050343i.xml,2005,43,LCGLNKUTAGEVQW-UHFFFAOYSA-N,CPJRRXSHAYUTGL-UHFFFAOYSA-N,methoxymethane,3-methyl-3-buten-1-ol,289.9,1.2,0.1823215567939546,Chromatography,True,train,0.22866535488760556
je050343i.xml,2005,43,LCGLNKUTAGEVQW-UHFFFAOYSA-N,CPJRRXSHAYUTGL-UHFFFAOYSA-N,methoxymethane,3-methyl-3-buten-1-ol,309.99,1.17,0.1570037488096647,Chromatography,True,train,0.19977202620829723
je050343i.xml,2005,43,LCGLNKUTAGEVQW-UHFFFAOYSA-N,CPJRRXSHAYUTGL-UHFFFAOYSA-N,methoxymethane,3-methyl-3-buten-1-ol,330.0,1.15,0.1397619423751586,Chromatography,True,train,0.17536633361972714
je060395n.xml,2007,113,LCGLNKUTAGEVQW-UHFFFAOYSA-N,CTQNGGLPUBDAKN-UHFFFAOYSA-N,methoxymethane,"1,2-dimethylbenzene",250.05,1.23,0.2070141693843261,calculated from henry's law constants,True,train,0.3422110645233556
je060395n.xml,2007,113,LCGLNKUTAGEVQW-UHFFFAOYSA-N,CTQNGGLPUBDAKN-UHFFFAOYSA-N,methoxymethane,"1,2-dimethylbenzene",269.91,1.24,0.2151113796169455,calculated from henry's law constants,True,train,0.3183899343551077
je060395n.xml,2007,113,LCGLNKUTAGEVQW-UHFFFAOYSA-N,CTQNGGLPUBDAKN-UHFFFAOYSA-N,methoxymethane,"1,2-dimethylbenzene",289.97,1.25,0.2231435513142097,calculated from henry's law constants,True,train,0.29706234736119286
je060395n.xml,2007,113,LCGLNKUTAGEVQW-UHFFFAOYSA-N,CTQNGGLPUBDAKN-UHFFFAOYSA-N,methoxymethane,"1,2-dimethylbenzene",309.98,1.27,0.2390169004704999,calculated from henry's law constants,True,train,0.2779683872856775
je060395n.xml,2007,113,LCGLNKUTAGEVQW-UHFFFAOYSA-N,CTQNGGLPUBDAKN-UHFFFAOYSA-N,methoxymethane,"1,2-dimethylbenzene",329.99,1.27,0.2390169004704999,calculated from henry's law constants,True,train,0.26065022802357996
je700270d.xml,2007,19,LCGLNKUTAGEVQW-UHFFFAOYSA-N,DHXVGJBLRPWPCS-UHFFFAOYSA-N,methoxymethane,tetrahydropyran,250.0,1.29,0.2546422183735807,Chromatography,True,train,0.298339640651319
je700270d.xml,2007,19,LCGLNKUTAGEVQW-UHFFFAOYSA-N,DHXVGJBLRPWPCS-UHFFFAOYSA-N,methoxymethane,tetrahydropyran,270.07,1.26,0.2311117209633866,Chromatography,True,train,0.2775291690822348
je700270d.xml,2007,19,LCGLNKUTAGEVQW-UHFFFAOYSA-N,DHXVGJBLRPWPCS-UHFFFAOYSA-N,methoxymethane,tetrahydropyran,289.98,1.26,0.2311117209633866,Chromatography,True,train,0.25879278065978617
je700270d.xml,2007,19,LCGLNKUTAGEVQW-UHFFFAOYSA-N,DHXVGJBLRPWPCS-UHFFFAOYSA-N,methoxymethane,tetrahydropyran,309.98,1.26,0.2311117209633866,Chromatography,True,train,0.24168528841318865
je700270d.xml,2007,19,LCGLNKUTAGEVQW-UHFFFAOYSA-N,DHXVGJBLRPWPCS-UHFFFAOYSA-N,methoxymethane,tetrahydropyran,330.0,1.26,0.2311117209633866,Chromatography,True,train,0.22609662245284584
j.jct.2005.08.004.xml,2006,49,LCGLNKUTAGEVQW-UHFFFAOYSA-N,DKGAVHZHDRPRBM-UHFFFAOYSA-N,methoxymethane,2-methyl-2-propanol,300.0,1.1,0.0953101798043249,Chromatography,True,train,0.33253028733012835
j.jct.2005.08.004.xml,2006,49,LCGLNKUTAGEVQW-UHFFFAOYSA-N,DKGAVHZHDRPRBM-UHFFFAOYSA-N,methoxymethane,2-methyl-2-propanol,310.0,1.07,0.0676586484738148,Chromatography,True,train,0.31131971640249734
j.jct.2005.08.004.xml,2006,49,LCGLNKUTAGEVQW-UHFFFAOYSA-N,DKGAVHZHDRPRBM-UHFFFAOYSA-N,methoxymethane,2-methyl-2-propanol,320.0,1.06,0.0582689081239758,Chromatography,True,train,0.2916790599964382
j.jct.2005.08.004.xml,2006,49,LCGLNKUTAGEVQW-UHFFFAOYSA-N,DKGAVHZHDRPRBM-UHFFFAOYSA-N,methoxymethane,2-methyl-2-propanol,330.0,1.04,0.0392207131532813,Chromatography,True,train,0.2735756021537015
je050343i.xml,2005,19,LCGLNKUTAGEVQW-UHFFFAOYSA-N,HNVRRHSXBLFLIG-UHFFFAOYSA-N,methoxymethane,"3-buten-2-ol, 2-methyl-",250.01,0.62,-0.4780358009429998,Chromatography,True,train,0.2913102450983164
je050343i.xml,2005,19,LCGLNKUTAGEVQW-UHFFFAOYSA-N,HNVRRHSXBLFLIG-UHFFFAOYSA-N,methoxymethane,"3-buten-2-ol, 2-methyl-",269.96,0.67,-0.4004775665971252,Chromatography,True,train,0.2561234385145753
je050343i.xml,2005,19,LCGLNKUTAGEVQW-UHFFFAOYSA-N,HNVRRHSXBLFLIG-UHFFFAOYSA-N,methoxymethane,"3-buten-2-ol, 2-methyl-",289.99,0.7,-0.3566749439387324,Chromatography,True,train,0.22341159422829382
je050343i.xml,2005,19,LCGLNKUTAGEVQW-UHFFFAOYSA-N,HNVRRHSXBLFLIG-UHFFFAOYSA-N,methoxymethane,"3-buten-2-ol, 2-methyl-",309.99,0.72,-0.3285040669720361,Chromatography,True,train,0.19479098728960703
je050343i.xml,2005,19,LCGLNKUTAGEVQW-UHFFFAOYSA-N,HNVRRHSXBLFLIG-UHFFFAOYSA-N,methoxymethane,"3-buten-2-ol, 2-methyl-",330.0,0.74,-0.3011050927839216,Chromatography,True,train,0.1705633695896538
je060395n.xml,2007,115,LCGLNKUTAGEVQW-UHFFFAOYSA-N,IVSZLXZYQVIEFR-UHFFFAOYSA-N,methoxymethane,"1,3-dimethylbenzene",270.05,1.22,0.1988508587451651,calculated from henry's law constants,True,train,0.3525206262137537
je060395n.xml,2007,115,LCGLNKUTAGEVQW-UHFFFAOYSA-N,IVSZLXZYQVIEFR-UHFFFAOYSA-N,methoxymethane,"1,3-dimethylbenzene",289.98,1.21,0.1906203596086497,calculated from henry's law constants,True,train,0.3263938092623321
je060395n.xml,2007,115,LCGLNKUTAGEVQW-UHFFFAOYSA-N,IVSZLXZYQVIEFR-UHFFFAOYSA-N,methoxymethane,"1,3-dimethylbenzene",309.89,1.21,0.1906203596086497,calculated from henry's law constants,True,train,0.3029527541479333
je060395n.xml,2007,115,LCGLNKUTAGEVQW-UHFFFAOYSA-N,IVSZLXZYQVIEFR-UHFFFAOYSA-N,methoxymethane,"1,3-dimethylbenzene",329.99,1.21,0.1906203596086497,calculated from henry's law constants,True,train,0.28153675211831214
je100529s.xml,2010,67,LCGLNKUTAGEVQW-UHFFFAOYSA-N,IWDCLRJOBJJRNH-UHFFFAOYSA-N,methoxymethane,4-methylphenol,309.98,0.16,-1.8325814637483104,Gas Stripping Method,True,train,-0.19037378573938676
je100529s.xml,2010,67,LCGLNKUTAGEVQW-UHFFFAOYSA-N,IWDCLRJOBJJRNH-UHFFFAOYSA-N,methoxymethane,4-methylphenol,319.98,0.19,-1.6607312068216509,Gas Stripping Method,True,train,-0.17900742091542596
je100529s.xml,2010,67,LCGLNKUTAGEVQW-UHFFFAOYSA-N,IWDCLRJOBJJRNH-UHFFFAOYSA-N,methoxymethane,4-methylphenol,329.99,0.21,-1.5606477482646683,Gas Stripping Method,True,train,-0.16839451658923124
je100529s.xml,2010,67,LCGLNKUTAGEVQW-UHFFFAOYSA-N,IWDCLRJOBJJRNH-UHFFFAOYSA-N,methoxymethane,4-methylphenol,340.01,0.24,-1.4271163556401458,Gas Stripping Method,True,train,-0.1584260073565159
j.jct.2005.08.004.xml,2006,57,LCGLNKUTAGEVQW-UHFFFAOYSA-N,JYVLIDXNZAXMDK-YFKPBYRVSA-N,methoxymethane,2-pentanol,270.05,1.65,0.5007752879124892,Chromatography,True,train,0.43054320191439166
j.jct.2005.08.004.xml,2006,57,LCGLNKUTAGEVQW-UHFFFAOYSA-N,JYVLIDXNZAXMDK-YFKPBYRVSA-N,methoxymethane,2-pentanol,290.0,1.44,0.3646431135879092,Chromatography,True,train,0.37049376131453154
j.jct.2005.08.004.xml,2006,57,LCGLNKUTAGEVQW-UHFFFAOYSA-N,JYVLIDXNZAXMDK-YFKPBYRVSA-N,methoxymethane,2-pentanol,309.99,1.3,0.262364264467491,Chromatography,True,train,0.31861910919109904
j.jct.2005.08.004.xml,2006,57,LCGLNKUTAGEVQW-UHFFFAOYSA-N,JYVLIDXNZAXMDK-YFKPBYRVSA-N,methoxymethane,2-pentanol,330.01,1.16,0.1484200051182732,Chromatography,True,train,0.2745570531432643
j.jct.2005.08.004.xml,2006,19,LCGLNKUTAGEVQW-UHFFFAOYSA-N,KFZMGEQAYNKOFK-UHFFFAOYSA-N,methoxymethane,2-propanol,269.99,1.94,0.6626879730752367,Chromatography,True,train,0.49988792536592996
j.jct.2005.08.004.xml,2006,19,LCGLNKUTAGEVQW-UHFFFAOYSA-N,KFZMGEQAYNKOFK-UHFFFAOYSA-N,methoxymethane,2-propanol,289.99,1.77,0.5709795465857378,Chromatography,True,train,0.4434701233630461
j.jct.2005.08.004.xml,2006,19,LCGLNKUTAGEVQW-UHFFFAOYSA-N,KFZMGEQAYNKOFK-UHFFFAOYSA-N,methoxymethane,2-propanol,309.99,1.62,0.4824261492442928,Chromatography,True,train,0.3924184570287495
j.jct.2005.08.004.xml,2006,19,LCGLNKUTAGEVQW-UHFFFAOYSA-N,KFZMGEQAYNKOFK-UHFFFAOYSA-N,methoxymethane,2-propanol,330.0,1.46,0.378436435720245,Chromatography,True,train,0.34770190780689614
j.jct.2005.08.004.xml,2006,35,LCGLNKUTAGEVQW-UHFFFAOYSA-N,LRHPLDYGYMQRHN-UHFFFAOYSA-N,methoxymethane,1-butanol,269.94,1.84,0.6097655716208943,Chromatography,True,train,0.38601350786883104
j.jct.2005.08.004.xml,2006,35,LCGLNKUTAGEVQW-UHFFFAOYSA-N,LRHPLDYGYMQRHN-UHFFFAOYSA-N,methoxymethane,1-butanol,289.99,1.7,0.5306282510621704,Chromatography,True,train,0.3321534512589208
j.jct.2005.08.004.xml,2006,35,LCGLNKUTAGEVQW-UHFFFAOYSA-N,LRHPLDYGYMQRHN-UHFFFAOYSA-N,methoxymethane,1-butanol,309.99,1.58,0.4574248470388755,Chromatography,True,train,0.28510537238497397
j.jct.2005.08.004.xml,2006,35,LCGLNKUTAGEVQW-UHFFFAOYSA-N,LRHPLDYGYMQRHN-UHFFFAOYSA-N,methoxymethane,1-butanol,330.01,1.44,0.3646431135879092,Chromatography,True,train,0.2449108398605447
j.jct.2005.08.004.xml,2006,3,LCGLNKUTAGEVQW-UHFFFAOYSA-N,OKKJLVBELUTLKV-UHFFFAOYSA-N,methoxymethane,methanol,269.97,2.41,0.8796267475025636,Chromatography,True,train,1.5081189774818833
j.jct.2005.08.004.xml,2006,3,LCGLNKUTAGEVQW-UHFFFAOYSA-N,OKKJLVBELUTLKV-UHFFFAOYSA-N,methoxymethane,methanol,289.99,2.37,0.8628899551470398,Chromatography,True,train,1.4079964983176492
j.jct.2005.08.004.xml,2006,3,LCGLNKUTAGEVQW-UHFFFAOYSA-N,OKKJLVBELUTLKV-UHFFFAOYSA-N,methoxymethane,methanol,309.99,2.34,0.85015092936961,Chromatography,True,train,1.3102218973723851
j.jct.2005.08.004.xml,2006,3,LCGLNKUTAGEVQW-UHFFFAOYSA-N,OKKJLVBELUTLKV-UHFFFAOYSA-N,methoxymethane,methanol,330.0,2.27,0.8197798314933114,Chromatography,True,train,1.21820465044823
j.jct.2005.08.004.xml,2006,97,LCGLNKUTAGEVQW-UHFFFAOYSA-N,PHTQWCKDNZKARW-UHFFFAOYSA-N,methoxymethane,3-methyl-1-butanol,270.03,1.71,0.5364933705145685,Chromatography,True,train,0.33404627200392395
j.jct.2005.08.004.xml,2006,97,LCGLNKUTAGEVQW-UHFFFAOYSA-N,PHTQWCKDNZKARW-UHFFFAOYSA-N,methoxymethane,3-methyl-1-butanol,290.0,1.56,0.4446858212614457,Chromatography,True,train,0.2833498785504359
j.jct.2005.08.004.xml,2006,97,LCGLNKUTAGEVQW-UHFFFAOYSA-N,PHTQWCKDNZKARW-UHFFFAOYSA-N,methoxymethane,3-methyl-1-butanol,309.99,1.43,0.3576744442718159,Chromatography,True,train,0.2399347496187315
j.jct.2005.08.004.xml,2006,97,LCGLNKUTAGEVQW-UHFFFAOYSA-N,PHTQWCKDNZKARW-UHFFFAOYSA-N,methoxymethane,3-methyl-1-butanol,329.99,1.31,0.2700271372130602,Chromatography,True,train,0.20352504227109575
je060395n.xml,2007,119,LCGLNKUTAGEVQW-UHFFFAOYSA-N,PPBRXRYQALVLMV-UHFFFAOYSA-N,methoxymethane,styrene,250.04,0.97,-0.0304592074847085,calculated from henry's law constants,True,train,0.23611099092240287
je060395n.xml,2007,119,LCGLNKUTAGEVQW-UHFFFAOYSA-N,PPBRXRYQALVLMV-UHFFFAOYSA-N,methoxymethane,styrene,270.2,1.03,0.0295588022415444,calculated from henry's law constants,True,train,0.2243288569283671
je060395n.xml,2007,119,LCGLNKUTAGEVQW-UHFFFAOYSA-N,PPBRXRYQALVLMV-UHFFFAOYSA-N,methoxymethane,styrene,289.98,1.06,0.0582689081239758,calculated from henry's law constants,True,train,0.21324574244423108
je060395n.xml,2007,119,LCGLNKUTAGEVQW-UHFFFAOYSA-N,PPBRXRYQALVLMV-UHFFFAOYSA-N,methoxymethane,styrene,309.84,1.11,0.1043600153242428,calculated from henry's law constants,True,train,0.20256721161853272
je060395n.xml,2007,119,LCGLNKUTAGEVQW-UHFFFAOYSA-N,PPBRXRYQALVLMV-UHFFFAOYSA-N,methoxymethane,styrene,329.99,1.14,0.131028262406404,calculated from henry's law constants,True,train,0.19217410670962007
j.jct.2005.08.004.xml,2006,81,LCGLNKUTAGEVQW-UHFFFAOYSA-N,QPRQEDXDYOZYLA-YFKPBYRVSA-N,methoxymethane,2-methyl-1-butanol,270.01,1.65,0.5007752879124892,Chromatography,True,train,0.40764715907846205
j.jct.2005.08.004.xml,2006,81,LCGLNKUTAGEVQW-UHFFFAOYSA-N,QPRQEDXDYOZYLA-YFKPBYRVSA-N,methoxymethane,2-methyl-1-butanol,289.99,1.46,0.378436435720245,Chromatography,True,train,0.35207515223361074
j.jct.2005.08.004.xml,2006,81,LCGLNKUTAGEVQW-UHFFFAOYSA-N,QPRQEDXDYOZYLA-YFKPBYRVSA-N,methoxymethane,2-methyl-1-butanol,309.99,1.32,0.2776317365982795,Chromatography,True,train,0.30410569740800303
j.jct.2005.08.004.xml,2006,81,LCGLNKUTAGEVQW-UHFFFAOYSA-N,QPRQEDXDYOZYLA-YFKPBYRVSA-N,methoxymethane,2-methyl-1-butanol,330.0,1.21,0.1906203596086497,Chromatography,True,train,0.2634588754039992
je100529s.xml,2010,19,LCGLNKUTAGEVQW-UHFFFAOYSA-N,QWVGKYWNOKOFNN-UHFFFAOYSA-N,methoxymethane,2-methylphenol,299.99,0.1,-2.302585092994045,Gas Stripping Method,True,train,0.052459277669583644
je100529s.xml,2010,19,LCGLNKUTAGEVQW-UHFFFAOYSA-N,QWVGKYWNOKOFNN-UHFFFAOYSA-N,methoxymethane,2-methylphenol,309.98,0.12,-2.120263536200091,Gas Stripping Method,True,train,0.05246217029081726
je100529s.xml,2010,19,LCGLNKUTAGEVQW-UHFFFAOYSA-N,QWVGKYWNOKOFNN-UHFFFAOYSA-N,methoxymethane,2-methylphenol,319.98,0.14,-1.9661128563728327,Gas Stripping Method,True,train,0.052262381605051894
je100529s.xml,2010,19,LCGLNKUTAGEVQW-UHFFFAOYSA-N,QWVGKYWNOKOFNN-UHFFFAOYSA-N,methoxymethane,2-methylphenol,329.99,0.18,-1.7147984280919266,Gas Stripping Method,True,train,0.051973542803394286
je100529s.xml,2010,43,LCGLNKUTAGEVQW-UHFFFAOYSA-N,RLSSMJSEOOYNOY-UHFFFAOYSA-N,methoxymethane,3-methylphenol,289.97,0.11,-2.2072749131897207,Gas Stripping Method,True,train,-0.26366542482993144
je100529s.xml,2010,43,LCGLNKUTAGEVQW-UHFFFAOYSA-N,RLSSMJSEOOYNOY-UHFFFAOYSA-N,methoxymethane,3-methylphenol,299.98,0.13,-2.0402208285265546,Gas Stripping Method,True,train,-0.24420841124760037
je100529s.xml,2010,43,LCGLNKUTAGEVQW-UHFFFAOYSA-N,RLSSMJSEOOYNOY-UHFFFAOYSA-N,methoxymethane,3-methylphenol,309.98,0.15,-1.8971199848858813,Gas Stripping Method,True,train,-0.22661368419818914
je100529s.xml,2010,43,LCGLNKUTAGEVQW-UHFFFAOYSA-N,RLSSMJSEOOYNOY-UHFFFAOYSA-N,methoxymethane,3-methylphenol,319.99,0.18,-1.7147984280919266,Gas Stripping Method,True,train,-0.21053662150628683
je100529s.xml,2010,43,LCGLNKUTAGEVQW-UHFFFAOYSA-N,RLSSMJSEOOYNOY-UHFFFAOYSA-N,methoxymethane,3-methylphenol,329.99,0.2,-1.6094379124341005,Gas Stripping Method,True,train,-0.19577422070350498
je060395n.xml,2007,109,LCGLNKUTAGEVQW-UHFFFAOYSA-N,UHOVQNZJYSORNB-UHFFFAOYSA-N,methoxymethane,benzene,279.95,1.13,0.1222176327242491,calculated from henry's law constants,True,train,0.1310646272064744
je060395n.xml,2007,109,LCGLNKUTAGEVQW-UHFFFAOYSA-N,UHOVQNZJYSORNB-UHFFFAOYSA-N,methoxymethane,benzene,289.97,1.15,0.1397619423751586,calculated from henry's law constants,True,train,0.12939595059437056
je060395n.xml,2007,109,LCGLNKUTAGEVQW-UHFFFAOYSA-N,UHOVQNZJYSORNB-UHFFFAOYSA-N,methoxymethane,benzene,309.98,1.18,0.1655144384775733,calculated from henry's law constants,True,train,0.12604531618340983
je060395n.xml,2007,109,LCGLNKUTAGEVQW-UHFFFAOYSA-N,UHOVQNZJYSORNB-UHFFFAOYSA-N,methoxymethane,benzene,329.99,1.26,0.2311117209633866,calculated from henry's law constants,True,train,0.12265830333332398
je060395n.xml,2007,117,LCGLNKUTAGEVQW-UHFFFAOYSA-N,URLKBWYHVLBVBO-UHFFFAOYSA-N,methoxymethane,"1,4-dimethylbenzene",289.97,1.17,0.1570037488096647,calculated from henry's law constants,True,test_one,0.3373846344976053
je060395n.xml,2007,117,LCGLNKUTAGEVQW-UHFFFAOYSA-N,URLKBWYHVLBVBO-UHFFFAOYSA-N,methoxymethane,"1,4-dimethylbenzene",299.98,1.18,0.1655144384775733,calculated from henry's law constants,True,test_one,0.3244319114447186
je060395n.xml,2007,117,LCGLNKUTAGEVQW-UHFFFAOYSA-N,URLKBWYHVLBVBO-UHFFFAOYSA-N,methoxymethane,"1,4-dimethylbenzene",309.98,1.18,0.1655144384775733,calculated from henry's law constants,True,test_one,0.3121521780679706
je060395n.xml,2007,117,LCGLNKUTAGEVQW-UHFFFAOYSA-N,URLKBWYHVLBVBO-UHFFFAOYSA-N,methoxymethane,"1,4-dimethylbenzene",319.99,1.2,0.1823215567939546,calculated from henry's law constants,True,test_one,0.30046750288495094
je060395n.xml,2007,117,LCGLNKUTAGEVQW-UHFFFAOYSA-N,URLKBWYHVLBVBO-UHFFFAOYSA-N,methoxymethane,"1,4-dimethylbenzene",329.99,1.2,0.1823215567939546,calculated from henry's law constants,True,test_one,0.28935428516532924
je0502647.xml,2005,23,LCGLNKUTAGEVQW-UHFFFAOYSA-N,XXROGKLTLUQVRX-UHFFFAOYSA-N,methoxymethane,2-propenol,270.06,1.22,0.1988508587451651,gas stripping method,True,train,0.4947570463393181
je0502647.xml,2005,23,LCGLNKUTAGEVQW-UHFFFAOYSA-N,XXROGKLTLUQVRX-UHFFFAOYSA-N,methoxymethane,2-propenol,289.99,1.2,0.1823215567939546,gas stripping method,True,train,0.4563191753911741
je0502647.xml,2005,23,LCGLNKUTAGEVQW-UHFFFAOYSA-N,XXROGKLTLUQVRX-UHFFFAOYSA-N,methoxymethane,2-propenol,309.98,1.2,0.1823215567939546,gas stripping method,True,train,0.41941909158386814
je0502647.xml,2005,23,LCGLNKUTAGEVQW-UHFFFAOYSA-N,XXROGKLTLUQVRX-UHFFFAOYSA-N,methoxymethane,2-propenol,329.99,1.16,0.1484200051182732,gas stripping method,True,train,0.3859505147525441
je060395n.xml,2007,111,LCGLNKUTAGEVQW-UHFFFAOYSA-N,YXFVVABEGXRONW-UHFFFAOYSA-N,methoxymethane,toluene,250.04,1.07,0.0676586484738148,calculated from henry's law constants,True,train,0.22705855553007281
je060395n.xml,2007,111,LCGLNKUTAGEVQW-UHFFFAOYSA-N,YXFVVABEGXRONW-UHFFFAOYSA-N,methoxymethane,toluene,270.2,1.1,0.0953101798043249,calculated from henry's law constants,True,train,0.21409179066780634
je060395n.xml,2007,111,LCGLNKUTAGEVQW-UHFFFAOYSA-N,YXFVVABEGXRONW-UHFFFAOYSA-N,methoxymethane,toluene,289.98,1.13,0.1222176327242491,calculated from henry's law constants,True,train,0.20254853529295164
je060395n.xml,2007,111,LCGLNKUTAGEVQW-UHFFFAOYSA-N,YXFVVABEGXRONW-UHFFFAOYSA-N,methoxymethane,toluene,309.84,1.16,0.1484200051182732,calculated from henry's law constants,True,train,0.19188238203829416
je060395n.xml,2007,111,LCGLNKUTAGEVQW-UHFFFAOYSA-N,YXFVVABEGXRONW-UHFFFAOYSA-N,methoxymethane,toluene,329.99,1.17,0.1570037488096647,calculated from henry's law constants,True,train,0.18183253592323098
j.jct.2005.08.004.xml,2006,43,LCGLNKUTAGEVQW-UHFFFAOYSA-N,ZXEKIIBDNHEJCQ-UHFFFAOYSA-N,methoxymethane,2-methyl-1-propanol,270.01,1.68,0.5187937934151675,Chromatography,True,test_one,0.1456584546700908
j.jct.2005.08.004.xml,2006,43,LCGLNKUTAGEVQW-UHFFFAOYSA-N,ZXEKIIBDNHEJCQ-UHFFFAOYSA-N,methoxymethane,2-methyl-1-propanol,289.99,1.53,0.4252677354043441,Chromatography,True,test_one,0.11832497289655645
j.jct.2005.08.004.xml,2006,43,LCGLNKUTAGEVQW-UHFFFAOYSA-N,ZXEKIIBDNHEJCQ-UHFFFAOYSA-N,methoxymethane,2-methyl-1-propanol,309.99,1.41,0.3435897043900768,Chromatography,True,test_one,0.09423703052796616
j.jct.2005.08.004.xml,2006,43,LCGLNKUTAGEVQW-UHFFFAOYSA-N,ZXEKIIBDNHEJCQ-UHFFFAOYSA-N,methoxymethane,2-methyl-1-propanol,329.93,1.31,0.2700271372130602,Chromatography,True,test_one,0.07423710963075973
je1005517.xml,2011,26,LFQSCWFLJHTTHZ-UHFFFAOYSA-N,BTFJIXJJCSYFAL-UHFFFAOYSA-N,ethanol,1-eicosanol,338.15,0.1244,-2.084253098677058,GC,True,train,2.085803571356847
je1005517.xml,2011,26,LFQSCWFLJHTTHZ-UHFFFAOYSA-N,BTFJIXJJCSYFAL-UHFFFAOYSA-N,ethanol,1-eicosanol,343.15,0.1174,-2.142168371588141,GC,True,train,2.035852712231453
je1005517.xml,2011,26,LFQSCWFLJHTTHZ-UHFFFAOYSA-N,BTFJIXJJCSYFAL-UHFFFAOYSA-N,ethanol,1-eicosanol,348.15,0.1056,-2.248096907709976,GC,True,train,1.987427290567095
je1005517.xml,2011,26,LFQSCWFLJHTTHZ-UHFFFAOYSA-N,BTFJIXJJCSYFAL-UHFFFAOYSA-N,ethanol,1-eicosanol,353.15,0.095,-2.353878387381596,GC,True,train,1.9404727553291983
j.jct.2012.12.009.xml,2013,68,LFQSCWFLJHTTHZ-UHFFFAOYSA-N,DTOSIQBPPRVQHS-PDBXOOCHSA-N,ethanol,"9,12,15-octadecatrienoic acid",303.13,1.07,0.0676586484738148,Chromatography,True,train,
j.jct.2012.12.009.xml,2013,68,LFQSCWFLJHTTHZ-UHFFFAOYSA-N,DTOSIQBPPRVQHS-PDBXOOCHSA-N,ethanol,"9,12,15-octadecatrienoic acid",313.25,1.216,0.1955667835439752,Chromatography,True,train,
j.jct.2012.12.009.xml,2013,68,LFQSCWFLJHTTHZ-UHFFFAOYSA-N,DTOSIQBPPRVQHS-PDBXOOCHSA-N,ethanol,"9,12,15-octadecatrienoic acid",323.26,1.316,0.2745968329031255,Chromatography,True,train,
j.jct.2012.06.009.xml,2012,8,LFQSCWFLJHTTHZ-UHFFFAOYSA-N,GHVNFZFCNZKVNT-UHFFFAOYSA-N,ethyl alcohol,capric acid,314.1,2.115,0.7490548124982414,Chromatography,True,train,0.8809943377393263
j.jct.2012.06.009.xml,2012,8,LFQSCWFLJHTTHZ-UHFFFAOYSA-N,GHVNFZFCNZKVNT-UHFFFAOYSA-N,ethyl alcohol,capric acid,314.24,2.067,0.7260982806996313,Chromatography,True,train,0.8804231430073328
j.jct.2012.06.009.xml,2012,8,LFQSCWFLJHTTHZ-UHFFFAOYSA-N,GHVNFZFCNZKVNT-UHFFFAOYSA-N,ethyl alcohol,capric acid,333.26,1.728,0.5469646703818639,Chromatography,True,train,0.8064915271556911
j.jct.2012.06.009.xml,2012,8,LFQSCWFLJHTTHZ-UHFFFAOYSA-N,GHVNFZFCNZKVNT-UHFFFAOYSA-N,ethyl alcohol,capric acid,333.38,1.783,0.5782973388810033,Chromatography,True,train,0.8060481400404165
j.jct.2012.06.009.xml,2012,8,LFQSCWFLJHTTHZ-UHFFFAOYSA-N,GHVNFZFCNZKVNT-UHFFFAOYSA-N,ethyl alcohol,capric acid,353.3,1.478,0.39068982252601,Chromatography,True,train,0.7363342023903955
je1005517.xml,2011,4,LFQSCWFLJHTTHZ-UHFFFAOYSA-N,GLDOVTGHNKAZLK-UHFFFAOYSA-N,ethanol,1-octadecanol,333.15,0.0433,-3.139602643973693,GC,True,train,1.9650386753951978
je1005517.xml,2011,4,LFQSCWFLJHTTHZ-UHFFFAOYSA-N,GLDOVTGHNKAZLK-UHFFFAOYSA-N,ethanol,1-octadecanol,338.15,0.0396,-3.228926160721702,GC,True,train,1.9176451385709015
je1005517.xml,2011,4,LFQSCWFLJHTTHZ-UHFFFAOYSA-N,GLDOVTGHNKAZLK-UHFFFAOYSA-N,ethanol,1-octadecanol,343.15,0.0369,-3.299543727935656,GC,True,train,1.8716927313223475
je1005517.xml,2011,4,LFQSCWFLJHTTHZ-UHFFFAOYSA-N,GLDOVTGHNKAZLK-UHFFFAOYSA-N,ethanol,1-octadecanol,348.15,0.0343,-3.372609924810243,GC,True,train,1.8271340677137424
je1005517.xml,2011,4,LFQSCWFLJHTTHZ-UHFFFAOYSA-N,GLDOVTGHNKAZLK-UHFFFAOYSA-N,ethanol,1-octadecanol,353.15,0.032,-3.4420193761824103,GC,True,train,1.7839212836928973
j.jct.2012.06.009.xml,2012,72,LFQSCWFLJHTTHZ-UHFFFAOYSA-N,IPCSVZSSVZVIGE-UHFFFAOYSA-N,ethyl alcohol,hexadecanoic acid,340.19,1.927,0.6559643894322293,Chromatography,True,train,1.2155757118282784
j.jct.2012.06.009.xml,2012,72,LFQSCWFLJHTTHZ-UHFFFAOYSA-N,IPCSVZSSVZVIGE-UHFFFAOYSA-N,ethyl alcohol,hexadecanoic acid,348.01,1.802,0.5888971591861462,Chromatography,True,train,1.1656669499245067
j.jct.2012.06.009.xml,2012,72,LFQSCWFLJHTTHZ-UHFFFAOYSA-N,IPCSVZSSVZVIGE-UHFFFAOYSA-N,ethyl alcohol,hexadecanoic acid,358.23,1.624,0.4848922417394862,Chromatography,True,train,1.1041501361758312
j.jct.2013.05.011.xml,2013,21,LFQSCWFLJHTTHZ-UHFFFAOYSA-N,MTHSVFCYNBDYFN-UHFFFAOYSA-N,ethanol,diethylene glycol,333.2,1.47,0.3852624007906449,Chromatography,True,test_one,0.19363619178746014
j.jct.2013.05.011.xml,2013,21,LFQSCWFLJHTTHZ-UHFFFAOYSA-N,MTHSVFCYNBDYFN-UHFFFAOYSA-N,ethanol,diethylene glycol,348.2,1.46,0.378436435720245,Chromatography,True,test_one,0.18170618370085068
j.jct.2013.05.011.xml,2013,21,LFQSCWFLJHTTHZ-UHFFFAOYSA-N,MTHSVFCYNBDYFN-UHFFFAOYSA-N,ethanol,diethylene glycol,363.2,1.46,0.378436435720245,Chromatography,True,test_one,0.17050849743303656
j.jct.2012.12.009.xml,2013,49,LFQSCWFLJHTTHZ-UHFFFAOYSA-N,OYHQOLUKZRVURQ-HZJYTTRNSA-N,ethanol,linoleic acid,338.28,1.362,0.3089542077273207,Chromatography,True,train,1.4747015267207417
j.jct.2012.12.009.xml,2013,49,LFQSCWFLJHTTHZ-UHFFFAOYSA-N,OYHQOLUKZRVURQ-HZJYTTRNSA-N,ethanol,linoleic acid,348.28,1.222,0.2004888607494035,Chromatography,True,train,1.4023783444487483
j.jct.2012.12.009.xml,2013,49,LFQSCWFLJHTTHZ-UHFFFAOYSA-N,OYHQOLUKZRVURQ-HZJYTTRNSA-N,ethanol,linoleic acid,358.3,1.231,0.2078268472023165,Chromatography,True,train,1.334230825362236
j.jct.2012.06.009.xml,2012,29,LFQSCWFLJHTTHZ-UHFFFAOYSA-N,POULHZVOKOAJMA-UHFFFAOYSA-N,ethyl alcohol,lauric acid,314.1,1.924,0.6544063522435147,Chromatography,True,train,1.154140335528289
j.jct.2012.06.009.xml,2012,29,LFQSCWFLJHTTHZ-UHFFFAOYSA-N,POULHZVOKOAJMA-UHFFFAOYSA-N,ethyl alcohol,lauric acid,314.24,2.017,0.7016112589720747,Chromatography,True,train,1.1533868047554505
j.jct.2012.06.009.xml,2012,29,LFQSCWFLJHTTHZ-UHFFFAOYSA-N,POULHZVOKOAJMA-UHFFFAOYSA-N,ethyl alcohol,lauric acid,333.38,1.786,0.5799784824543073,Chromatography,True,train,1.0556230378419005
j.jct.2012.06.009.xml,2012,29,LFQSCWFLJHTTHZ-UHFFFAOYSA-N,POULHZVOKOAJMA-UHFFFAOYSA-N,ethyl alcohol,lauric acid,353.25,1.561,0.445326641533295,Chromatography,True,train,0.9647460614675798
j.jct.2012.06.009.xml,2012,29,LFQSCWFLJHTTHZ-UHFFFAOYSA-N,POULHZVOKOAJMA-UHFFFAOYSA-N,ethyl alcohol,lauric acid,353.3,1.566,0.4485245975686114,Chromatography,True,train,0.9645302545423379
je200628n.xml,2011,11,LFQSCWFLJHTTHZ-UHFFFAOYSA-N,PWGJDPKCLMLPJW-UHFFFAOYSA-N,ethanol,"1,8-diaminooctane",328.15,0.384,-0.95711272639441,Chromatography,True,train,0.07779739939795184
je200628n.xml,2011,11,LFQSCWFLJHTTHZ-UHFFFAOYSA-N,PWGJDPKCLMLPJW-UHFFFAOYSA-N,ethanol,"1,8-diaminooctane",338.15,0.407,-0.8989420935395421,Chromatography,True,train,0.09322596386547359
je200628n.xml,2011,11,LFQSCWFLJHTTHZ-UHFFFAOYSA-N,PWGJDPKCLMLPJW-UHFFFAOYSA-N,ethanol,"1,8-diaminooctane",343.15,0.42,-0.8675005677047231,Chromatography,True,train,0.09869159488468199
je200628n.xml,2011,11,LFQSCWFLJHTTHZ-UHFFFAOYSA-N,PWGJDPKCLMLPJW-UHFFFAOYSA-N,ethanol,"1,8-diaminooctane",348.15,0.435,-0.8324092478934529,Chromatography,True,train,0.10286888075109903
j.jct.2012.12.009.xml,2013,8,LFQSCWFLJHTTHZ-UHFFFAOYSA-N,QIQXTHQIDYTFRH-UHFFFAOYSA-N,ethanol,n-octadecanoic acid,349.48,1.811,0.5938791789012763,Chromatography,True,train,1.3181539207192217
j.jct.2012.12.009.xml,2013,8,LFQSCWFLJHTTHZ-UHFFFAOYSA-N,QIQXTHQIDYTFRH-UHFFFAOYSA-N,ethanol,n-octadecanoic acid,358.39,1.713,0.5382462193419829,Chromatography,True,train,1.2586292660816636
j.jct.2012.12.009.xml,2013,8,LFQSCWFLJHTTHZ-UHFFFAOYSA-N,QIQXTHQIDYTFRH-UHFFFAOYSA-N,ethanol,n-octadecanoic acid,368.13,1.549,0.4376095614347315,Chromatography,True,train,1.1973627976009562
j.jct.2013.02.006.xml,2013,42,LFQSCWFLJHTTHZ-UHFFFAOYSA-N,SECXISVLQFMRJM-UHFFFAOYSA-N,ethanol,1-methylpyrrolidone,333.2,0.606,-0.5008752929128226,Chromatography,True,train,-0.055683452090213276
j.jct.2013.02.006.xml,2013,42,LFQSCWFLJHTTHZ-UHFFFAOYSA-N,SECXISVLQFMRJM-UHFFFAOYSA-N,ethanol,1-methylpyrrolidone,348.2,0.605,-0.5025268209512956,Chromatography,True,train,-0.026488637455562316
j.jct.2013.02.006.xml,2013,42,LFQSCWFLJHTTHZ-UHFFFAOYSA-N,SECXISVLQFMRJM-UHFFFAOYSA-N,ethanol,1-methylpyrrolidone,363.2,0.618,-0.4812668215244463,Chromatography,True,train,-0.007378321581434153
j.jct.2012.06.009.xml,2012,51,LFQSCWFLJHTTHZ-UHFFFAOYSA-N,TUNFSRHWOTWDNC-UHFFFAOYSA-N,ethyl alcohol,tetradecanoic acid,314.1,1.82,0.598836501088704,Chromatography,True,train,1.1876123827750558
j.jct.2012.06.009.xml,2012,51,LFQSCWFLJHTTHZ-UHFFFAOYSA-N,TUNFSRHWOTWDNC-UHFFFAOYSA-N,ethyl alcohol,tetradecanoic acid,314.24,1.786,0.5799784824543073,Chromatography,True,train,1.1867001976004958
j.jct.2012.06.009.xml,2012,51,LFQSCWFLJHTTHZ-UHFFFAOYSA-N,TUNFSRHWOTWDNC-UHFFFAOYSA-N,ethyl alcohol,tetradecanoic acid,333.26,1.666,0.5104255437446509,Chromatography,True,train,1.0698060362003337
j.jct.2012.06.009.xml,2012,51,LFQSCWFLJHTTHZ-UHFFFAOYSA-N,TUNFSRHWOTWDNC-UHFFFAOYSA-N,ethyl alcohol,tetradecanoic acid,333.38,1.667,0.511025603768657,Chromatography,True,train,1.0691118875419419
j.jct.2012.06.009.xml,2012,51,LFQSCWFLJHTTHZ-UHFFFAOYSA-N,TUNFSRHWOTWDNC-UHFFFAOYSA-N,ethyl alcohol,tetradecanoic acid,353.25,1.533,0.427226599889677,Chromatography,True,train,0.9612192381942951
j.jct.2012.06.009.xml,2012,51,LFQSCWFLJHTTHZ-UHFFFAOYSA-N,TUNFSRHWOTWDNC-UHFFFAOYSA-N,ethyl alcohol,tetradecanoic acid,353.3,1.519,0.4180522236136357,Chromatography,True,train,0.9609647327817545
j.fluid.2005.08.018.xml,2005,3,LFQSCWFLJHTTHZ-UHFFFAOYSA-N,XLYOFNOQVPJJNP-UHFFFAOYSA-N,ethanol,water,273.35,2.54,0.9321640810304452,headspace analysis,True,train,4.690418018900532
j.fluid.2005.08.018.xml,2005,3,LFQSCWFLJHTTHZ-UHFFFAOYSA-N,XLYOFNOQVPJJNP-UHFFFAOYSA-N,ethanol,water,283.15,3.13,1.1410330045520618,headspace analysis,True,train,4.6393773808693695
je0495942.xml,2005,1,LFQSCWFLJHTTHZ-UHFFFAOYSA-N,XLYOFNOQVPJJNP-UHFFFAOYSA-N,ethanol,water,298.15,3.77,1.3270750014599193,Chromatography,True,train,4.551765019123202
j.fluid.2005.08.018.xml,2005,4,LFQSCWFLJHTTHZ-UHFFFAOYSA-N,XLYOFNOQVPJJNP-UHFFFAOYSA-N,ethanol,water,303.15,4.14,1.4206957878372228,comparative tensimetry,True,train,4.5205936842983
j.fluid.2005.08.018.xml,2005,4,LFQSCWFLJHTTHZ-UHFFFAOYSA-N,XLYOFNOQVPJJNP-UHFFFAOYSA-N,ethanol,water,308.15,4.43,1.4883995840570443,comparative tensimetry,True,train,4.488646660032574
j.fluid.2005.08.018.xml,2005,4,LFQSCWFLJHTTHZ-UHFFFAOYSA-N,XLYOFNOQVPJJNP-UHFFFAOYSA-N,ethanol,water,313.15,4.66,1.5390154481375546,comparative tensimetry,True,train,4.45603249373088
j.fluid.2005.08.018.xml,2005,4,LFQSCWFLJHTTHZ-UHFFFAOYSA-N,XLYOFNOQVPJJNP-UHFFFAOYSA-N,ethanol,water,318.15,4.85,1.5789787049493915,comparative tensimetry,True,train,4.422850319168772
j.fluid.2005.08.018.xml,2005,4,LFQSCWFLJHTTHZ-UHFFFAOYSA-N,XLYOFNOQVPJJNP-UHFFFAOYSA-N,ethanol,water,323.15,5.03,1.615419984111648,comparative tensimetry,True,train,4.3891906888989745
j.fluid.2016.08.030.xml,2016,0,LFQSCWFLJHTTHZ-UHFFFAOYSA-N,XLYOFNOQVPJJNP-UHFFFAOYSA-N,ethanol,water,323.15,5.17,1.6428726885203375,solid-phase micro extraction,True,train,4.3891906888989745
j.fluid.2005.08.018.xml,2005,4,LFQSCWFLJHTTHZ-UHFFFAOYSA-N,XLYOFNOQVPJJNP-UHFFFAOYSA-N,ethanol,water,328.15,5.2,1.6486586255873816,comparative tensimetry,True,train,4.355136315520563
j.fluid.2005.08.018.xml,2005,4,LFQSCWFLJHTTHZ-UHFFFAOYSA-N,XLYOFNOQVPJJNP-UHFFFAOYSA-N,ethanol,water,333.15,5.3,1.667706820558076,comparative tensimetry,True,train,4.320762732192938
j.fluid.2016.08.030.xml,2016,0,LFQSCWFLJHTTHZ-UHFFFAOYSA-N,XLYOFNOQVPJJNP-UHFFFAOYSA-N,ethanol,water,333.15,4.77,1.5623463049002495,solid-phase micro extraction,True,train,4.320762732192938
j.fluid.2016.08.030.xml,2016,0,LFQSCWFLJHTTHZ-UHFFFAOYSA-N,XLYOFNOQVPJJNP-UHFFFAOYSA-N,ethanol,water,343.15,4.37,1.4747630091074988,solid-phase micro extraction,True,train,4.251327637671909
j.fluid.2016.08.030.xml,2016,0,LFQSCWFLJHTTHZ-UHFFFAOYSA-N,XLYOFNOQVPJJNP-UHFFFAOYSA-N,ethanol,water,353.15,4.11,1.4134230285081433,solid-phase micro extraction,True,train,4.181367050199377
j.fluid.2005.08.018.xml,2005,5,LFQSCWFLJHTTHZ-UHFFFAOYSA-N,XLYOFNOQVPJJNP-UHFFFAOYSA-N,ethanol,water,358.15,5.9,1.7749523509116738,circulating still method,True,train,4.146317265818481
j.fluid.2005.08.018.xml,2005,5,LFQSCWFLJHTTHZ-UHFFFAOYSA-N,XLYOFNOQVPJJNP-UHFFFAOYSA-N,ethanol,water,363.15,6.0,1.791759469228055,circulating still method,True,train,4.111279977462369
j.fluid.2005.08.018.xml,2005,5,LFQSCWFLJHTTHZ-UHFFFAOYSA-N,XLYOFNOQVPJJNP-UHFFFAOYSA-N,ethanol,water,368.15,6.1,1.8082887711792648,circulating still method,True,train,4.076294158071412
j.fluid.2005.08.018.xml,2005,5,LFQSCWFLJHTTHZ-UHFFFAOYSA-N,XLYOFNOQVPJJNP-UHFFFAOYSA-N,ethanol,water,372.15,6.2,1.824549292051046,circulating still method,True,train,4.048366349766439
j.fluid.2007.09.021.xml,2008,2,LFQSCWFLJHTTHZ-UHFFFAOYSA-N,YNQLUTRBYVCPMQ-UHFFFAOYSA-N,ethanol,ethylbenzene,293.15,20.1,3.0007198150650303,Chromatography,True,train,2.1871507824642182
j.fluid.2007.09.021.xml,2008,2,LFQSCWFLJHTTHZ-UHFFFAOYSA-N,YNQLUTRBYVCPMQ-UHFFFAOYSA-N,ethanol,ethylbenzene,303.15,16.2,2.785011242238338,Chromatography,True,train,2.0287018621174413
j.fluid.2007.09.021.xml,2008,2,LFQSCWFLJHTTHZ-UHFFFAOYSA-N,YNQLUTRBYVCPMQ-UHFFFAOYSA-N,ethanol,ethylbenzene,313.15,13.7,2.617395832834079,Chromatography,True,train,1.8873949504509924
j.fluid.2007.09.021.xml,2008,2,LFQSCWFLJHTTHZ-UHFFFAOYSA-N,YNQLUTRBYVCPMQ-UHFFFAOYSA-N,ethanol,ethylbenzene,323.15,11.2,2.4159137783010487,Chromatography,True,train,1.7610367994238607
j.jct.2013.05.011.xml,2013,44,LFQSCWFLJHTTHZ-UHFFFAOYSA-N,ZIBGPFATKBEMQZ-UHFFFAOYSA-N,ethanol,triethylene glycol,333.2,1.18,0.1655144384775733,Chromatography,True,train,0.265533142849913
j.jct.2013.05.011.xml,2013,44,LFQSCWFLJHTTHZ-UHFFFAOYSA-N,ZIBGPFATKBEMQZ-UHFFFAOYSA-N,ethanol,triethylene glycol,348.2,1.15,0.1397619423751586,Chromatography,True,train,0.2405091060183427
j.jct.2013.05.011.xml,2013,44,LFQSCWFLJHTTHZ-UHFFFAOYSA-N,ZIBGPFATKBEMQZ-UHFFFAOYSA-N,ethanol,triethylene glycol,363.2,1.12,0.1133286853070032,Chromatography,True,train,0.21744437031322497
j.jct.2012.12.009.xml,2013,64,LIKMAJRDDDTEIG-UHFFFAOYSA-N,DTOSIQBPPRVQHS-PDBXOOCHSA-N,1-hexene,"9,12,15-octadecatrienoic acid",303.13,2.52,0.924258901523332,Chromatography,True,train,
j.jct.2012.12.009.xml,2013,64,LIKMAJRDDDTEIG-UHFFFAOYSA-N,DTOSIQBPPRVQHS-PDBXOOCHSA-N,1-hexene,"9,12,15-octadecatrienoic acid",313.24,2.123,0.7528301827211191,Chromatography,True,train,
j.jct.2012.12.009.xml,2013,64,LIKMAJRDDDTEIG-UHFFFAOYSA-N,DTOSIQBPPRVQHS-PDBXOOCHSA-N,1-hexene,"9,12,15-octadecatrienoic acid",313.25,2.187,0.7825307416946307,Chromatography,True,train,
j.jct.2012.12.009.xml,2013,64,LIKMAJRDDDTEIG-UHFFFAOYSA-N,DTOSIQBPPRVQHS-PDBXOOCHSA-N,1-hexene,"9,12,15-octadecatrienoic acid",323.26,2.454,0.8977193462887197,Chromatography,True,train,
j.jct.2012.06.009.xml,2012,3,LIKMAJRDDDTEIG-UHFFFAOYSA-N,GHVNFZFCNZKVNT-UHFFFAOYSA-N,1-hexene,capric acid,314.24,1.559,0.4440445900756394,Chromatography,True,train,0.5158527138180987
j.jct.2012.06.009.xml,2012,3,LIKMAJRDDDTEIG-UHFFFAOYSA-N,GHVNFZFCNZKVNT-UHFFFAOYSA-N,1-hexene,capric acid,333.26,1.496,0.4027948795522855,Chromatography,True,train,0.45845715406769477
j.jct.2012.06.009.xml,2012,3,LIKMAJRDDDTEIG-UHFFFAOYSA-N,GHVNFZFCNZKVNT-UHFFFAOYSA-N,1-hexene,capric acid,333.38,1.494,0.4014570867106256,Chromatography,True,train,0.45812466189449386
j.jct.2012.06.009.xml,2012,3,LIKMAJRDDDTEIG-UHFFFAOYSA-N,GHVNFZFCNZKVNT-UHFFFAOYSA-N,1-hexene,capric acid,353.3,1.428,0.3562748639173926,Chromatography,True,train,0.40742116427331315
j.jct.2012.06.009.xml,2012,67,LIKMAJRDDDTEIG-UHFFFAOYSA-N,IPCSVZSSVZVIGE-UHFFFAOYSA-N,1-hexene,hexadecanoic acid,340.17,1.17,0.1570037488096647,Chromatography,True,train,0.49953884389073283
j.jct.2012.06.009.xml,2012,67,LIKMAJRDDDTEIG-UHFFFAOYSA-N,IPCSVZSSVZVIGE-UHFFFAOYSA-N,1-hexene,hexadecanoic acid,348.01,1.178,0.1638180852293949,Chromatography,True,train,0.4765113837231839
j.jct.2012.06.009.xml,2012,67,LIKMAJRDDDTEIG-UHFFFAOYSA-N,IPCSVZSSVZVIGE-UHFFFAOYSA-N,1-hexene,hexadecanoic acid,358.22,1.2,0.1823215567939546,Chromatography,True,train,0.44839421721630646
j.jct.2016.10.013.xml,2017,10,LIKMAJRDDDTEIG-UHFFFAOYSA-N,LYCAIKOWRPUZTN-UHFFFAOYSA-N,1-hexene,ethylene glycol,303.15,330.0,5.799092654460526,Other,True,train,6.39192030052135
j.jct.2016.10.013.xml,2017,10,LIKMAJRDDDTEIG-UHFFFAOYSA-N,LYCAIKOWRPUZTN-UHFFFAOYSA-N,1-hexene,ethylene glycol,313.15,298.0,5.697093486505405,Other,True,train,6.230000355367846
j.jct.2016.10.013.xml,2017,10,LIKMAJRDDDTEIG-UHFFFAOYSA-N,LYCAIKOWRPUZTN-UHFFFAOYSA-N,1-hexene,ethylene glycol,323.15,272.0,5.605802066295998,Other,True,train,6.071240098342206
j.jct.2016.10.013.xml,2017,21,LIKMAJRDDDTEIG-UHFFFAOYSA-N,MTHSVFCYNBDYFN-UHFFFAOYSA-N,1-hexene,diethylene glycol,304.15,56.3,4.030694535145645,Other,True,test_one,3.716772436952637
j.jct.2016.10.013.xml,2017,21,LIKMAJRDDDTEIG-UHFFFAOYSA-N,MTHSVFCYNBDYFN-UHFFFAOYSA-N,1-hexene,diethylene glycol,313.15,52.4,3.958906591326997,Other,True,test_one,3.6242471998919745
j.jct.2016.10.013.xml,2017,21,LIKMAJRDDDTEIG-UHFFFAOYSA-N,MTHSVFCYNBDYFN-UHFFFAOYSA-N,1-hexene,diethylene glycol,323.15,50.2,3.9160150266976834,Other,True,test_one,3.5245306628996955
j.jct.2013.05.011.xml,2013,10,LIKMAJRDDDTEIG-UHFFFAOYSA-N,MTHSVFCYNBDYFN-UHFFFAOYSA-N,1-hexene,diethylene glycol,333.2,50.67,3.9253340194878175,Chromatography,True,test_one,3.4279779226799105
j.jct.2013.05.011.xml,2013,10,LIKMAJRDDDTEIG-UHFFFAOYSA-N,MTHSVFCYNBDYFN-UHFFFAOYSA-N,1-hexene,diethylene glycol,348.2,47.33,3.857144343918157,Chromatography,True,test_one,3.2911556293588564
j.jct.2013.05.011.xml,2013,10,LIKMAJRDDDTEIG-UHFFFAOYSA-N,MTHSVFCYNBDYFN-UHFFFAOYSA-N,1-hexene,diethylene glycol,363.2,38.87,3.660222744864132,Chromatography,True,test_one,3.1632142520603312
j.jct.2012.12.009.xml,2013,44,LIKMAJRDDDTEIG-UHFFFAOYSA-N,OYHQOLUKZRVURQ-HZJYTTRNSA-N,1-hexene,linoleic acid,338.28,1.726,0.5458065926612362,Chromatography,True,train,0.45962964399047807
j.jct.2012.12.009.xml,2013,44,LIKMAJRDDDTEIG-UHFFFAOYSA-N,OYHQOLUKZRVURQ-HZJYTTRNSA-N,1-hexene,linoleic acid,348.31,1.982,0.6841064359077962,Chromatography,True,train,0.4314567895038596
j.jct.2012.12.009.xml,2013,44,LIKMAJRDDDTEIG-UHFFFAOYSA-N,OYHQOLUKZRVURQ-HZJYTTRNSA-N,1-hexene,linoleic acid,348.28,2.003,0.6946460566836813,Chromatography,True,train,0.43153802703902183
j.jct.2012.12.009.xml,2013,44,LIKMAJRDDDTEIG-UHFFFAOYSA-N,OYHQOLUKZRVURQ-HZJYTTRNSA-N,1-hexene,linoleic acid,358.3,2.36,0.8586616190375187,Chromatography,True,train,0.405343007333713
j.jct.2012.06.009.xml,2012,24,LIKMAJRDDDTEIG-UHFFFAOYSA-N,POULHZVOKOAJMA-UHFFFAOYSA-N,1-hexene,lauric acid,329.2,1.389,0.3285840637722067,Chromatography,True,train,0.426620039409452
j.jct.2012.06.009.xml,2012,24,LIKMAJRDDDTEIG-UHFFFAOYSA-N,POULHZVOKOAJMA-UHFFFAOYSA-N,1-hexene,lauric acid,343.39,1.387,0.3271431413326945,Chromatography,True,train,0.38917243375115207
j.jct.2012.06.009.xml,2012,24,LIKMAJRDDDTEIG-UHFFFAOYSA-N,POULHZVOKOAJMA-UHFFFAOYSA-N,1-hexene,lauric acid,358.06,1.342,0.2941610385494901,Chromatography,True,train,0.3548618520219022
je200628n.xml,2011,6,LIKMAJRDDDTEIG-UHFFFAOYSA-N,PWGJDPKCLMLPJW-UHFFFAOYSA-N,1-hexene,"1,8-diaminooctane",328.15,3.18,1.1568811967920856,Chromatography,True,train,0.6833964373073271
je200628n.xml,2011,6,LIKMAJRDDDTEIG-UHFFFAOYSA-N,PWGJDPKCLMLPJW-UHFFFAOYSA-N,1-hexene,"1,8-diaminooctane",338.15,2.942,1.079089622179246,Chromatography,True,train,0.6651568980779702
je200628n.xml,2011,6,LIKMAJRDDDTEIG-UHFFFAOYSA-N,PWGJDPKCLMLPJW-UHFFFAOYSA-N,1-hexene,"1,8-diaminooctane",343.15,2.852,1.0480205025520497,Chromatography,True,train,0.6562604406126937
je200628n.xml,2011,6,LIKMAJRDDDTEIG-UHFFFAOYSA-N,PWGJDPKCLMLPJW-UHFFFAOYSA-N,1-hexene,"1,8-diaminooctane",348.15,2.774,1.0202903218926398,Chromatography,True,train,0.6475078254468832
j.jct.2012.12.009.xml,2013,3,LIKMAJRDDDTEIG-UHFFFAOYSA-N,QIQXTHQIDYTFRH-UHFFFAOYSA-N,1-hexene,n-octadecanoic acid,349.47,1.151,0.1406311297397456,Chromatography,True,train,0.4864662667585076
j.jct.2012.12.009.xml,2013,3,LIKMAJRDDDTEIG-UHFFFAOYSA-N,QIQXTHQIDYTFRH-UHFFFAOYSA-N,1-hexene,n-octadecanoic acid,358.4,1.134,0.1257512053055602,Chromatography,True,train,0.46050746144561455
j.jct.2012.12.009.xml,2013,3,LIKMAJRDDDTEIG-UHFFFAOYSA-N,QIQXTHQIDYTFRH-UHFFFAOYSA-N,1-hexene,n-octadecanoic acid,368.13,1.085,0.0815799869924228,Chromatography,True,train,0.4339355679895783
j.jct.2013.02.006.xml,2013,30,LIKMAJRDDDTEIG-UHFFFAOYSA-N,SECXISVLQFMRJM-UHFFFAOYSA-N,1-hexene,1-methylpyrrolidone,333.2,5.51,1.706564623164823,Chromatography,True,train,0.16122249042993936
j.jct.2013.02.006.xml,2013,30,LIKMAJRDDDTEIG-UHFFFAOYSA-N,SECXISVLQFMRJM-UHFFFAOYSA-N,1-hexene,1-methylpyrrolidone,348.2,5.44,1.6937790608678511,Chromatography,True,train,0.18297314149938768
j.jct.2013.02.006.xml,2013,30,LIKMAJRDDDTEIG-UHFFFAOYSA-N,SECXISVLQFMRJM-UHFFFAOYSA-N,1-hexene,1-methylpyrrolidone,363.2,5.57,1.717395053939193,Chromatography,True,train,0.20134863638705364
j.jct.2012.06.009.xml,2012,46,LIKMAJRDDDTEIG-UHFFFAOYSA-N,TUNFSRHWOTWDNC-UHFFFAOYSA-N,1-hexene,tetradecanoic acid,314.24,1.24,0.2151113796169455,Chromatography,True,train,0.614314644062892
j.jct.2012.06.009.xml,2012,46,LIKMAJRDDDTEIG-UHFFFAOYSA-N,TUNFSRHWOTWDNC-UHFFFAOYSA-N,1-hexene,tetradecanoic acid,333.26,1.224,0.2021241840901343,Chromatography,True,train,0.5507120180691092
j.jct.2012.06.009.xml,2012,46,LIKMAJRDDDTEIG-UHFFFAOYSA-N,TUNFSRHWOTWDNC-UHFFFAOYSA-N,1-hexene,tetradecanoic acid,333.38,1.207,0.1881379421153945,Chromatography,True,train,0.5503400384312993
j.jct.2012.06.009.xml,2012,46,LIKMAJRDDDTEIG-UHFFFAOYSA-N,TUNFSRHWOTWDNC-UHFFFAOYSA-N,1-hexene,tetradecanoic acid,353.3,1.182,0.1672079189839064,Chromatography,True,train,0.49299163100004134
j.jct.2013.05.011.xml,2013,33,LIKMAJRDDDTEIG-UHFFFAOYSA-N,ZIBGPFATKBEMQZ-UHFFFAOYSA-N,1-hexene,triethylene glycol,333.2,24.55,3.200711854240529,Chromatography,True,train,2.387927939918803
j.jct.2013.05.011.xml,2013,33,LIKMAJRDDDTEIG-UHFFFAOYSA-N,ZIBGPFATKBEMQZ-UHFFFAOYSA-N,1-hexene,triethylene glycol,348.2,22.73,3.123685637864452,Chromatography,True,train,2.2836477831135857
j.jct.2013.05.011.xml,2013,33,LIKMAJRDDDTEIG-UHFFFAOYSA-N,ZIBGPFATKBEMQZ-UHFFFAOYSA-N,1-hexene,triethylene glycol,363.2,20.35,3.013080911888604,Chromatography,True,train,2.186947180270245
j.jct.2012.12.009.xml,2013,24,LIKMAJRDDDTEIG-UHFFFAOYSA-N,ZQPPMHVWECSIRJ-KTKRTIGZSA-N,1-hexene,cis-9-octadecenoic acid,338.36,1.213,0.1930966299619131,Chromatography,True,train,0.44349694792394917
j.jct.2012.12.009.xml,2013,24,LIKMAJRDDDTEIG-UHFFFAOYSA-N,ZQPPMHVWECSIRJ-KTKRTIGZSA-N,1-hexene,cis-9-octadecenoic acid,348.29,1.205,0.1864795669426183,Chromatography,True,train,0.4155321486167678
j.jct.2012.12.009.xml,2013,24,LIKMAJRDDDTEIG-UHFFFAOYSA-N,ZQPPMHVWECSIRJ-KTKRTIGZSA-N,1-hexene,cis-9-octadecenoic acid,348.36,1.194,0.1773090149704103,Chromatography,True,train,0.41534220913373604
j.jct.2012.12.009.xml,2013,24,LIKMAJRDDDTEIG-UHFFFAOYSA-N,ZQPPMHVWECSIRJ-KTKRTIGZSA-N,1-hexene,cis-9-octadecenoic acid,358.28,1.152,0.1414995622736994,Chromatography,True,train,0.3893710630174065
j.jct.2010.04.011.xml,2010,13,LPIQUOYDBNQMRZ-UHFFFAOYSA-N,IAZDPXIOMUYVGZ-UHFFFAOYSA-N,cyclopentene,dimethyl sulfoxide,298.0,7.0,1.9459101490553128,Chromatography,True,test_one,0.8058451709728678
je1005517.xml,2011,28,LRHPLDYGYMQRHN-UHFFFAOYSA-N,BTFJIXJJCSYFAL-UHFFFAOYSA-N,butan-1-ol,1-eicosanol,338.15,0.431,-0.8416471888783893,GC,True,train,1.2135123823769014
je1005517.xml,2011,28,LRHPLDYGYMQRHN-UHFFFAOYSA-N,BTFJIXJJCSYFAL-UHFFFAOYSA-N,butan-1-ol,1-eicosanol,343.15,0.3868,-0.9498475154029978,GC,True,train,1.1827959154267618
je1005517.xml,2011,28,LRHPLDYGYMQRHN-UHFFFAOYSA-N,BTFJIXJJCSYFAL-UHFFFAOYSA-N,butan-1-ol,1-eicosanol,348.15,0.3521,-1.0438400528211302,GC,True,train,1.1530615318499633
je1005517.xml,2011,28,LRHPLDYGYMQRHN-UHFFFAOYSA-N,BTFJIXJJCSYFAL-UHFFFAOYSA-N,butan-1-ol,1-eicosanol,353.15,0.3162,-1.1513803542067655,GC,True,train,1.1242698807477804
j.jct.2012.06.009.xml,2012,10,LRHPLDYGYMQRHN-UHFFFAOYSA-N,GHVNFZFCNZKVNT-UHFFFAOYSA-N,1-butanol,capric acid,333.26,1.482,0.3933925268738951,Chromatography,True,train,0.15086020689418042
j.jct.2012.06.009.xml,2012,10,LRHPLDYGYMQRHN-UHFFFAOYSA-N,GHVNFZFCNZKVNT-UHFFFAOYSA-N,1-butanol,capric acid,333.35,1.53,0.4252677354043441,Chromatography,True,train,0.1507893497043391
j.jct.2012.06.009.xml,2012,10,LRHPLDYGYMQRHN-UHFFFAOYSA-N,GHVNFZFCNZKVNT-UHFFFAOYSA-N,1-butanol,capric acid,353.25,1.342,0.2941610385494901,Chromatography,True,train,0.13597599635004648
j.jct.2012.06.009.xml,2012,10,LRHPLDYGYMQRHN-UHFFFAOYSA-N,GHVNFZFCNZKVNT-UHFFFAOYSA-N,1-butanol,capric acid,353.3,1.321,0.2783890255401882,Chromatography,True,train,0.13594087464126717
je1005517.xml,2011,6,LRHPLDYGYMQRHN-UHFFFAOYSA-N,GLDOVTGHNKAZLK-UHFFFAOYSA-N,butan-1-ol,1-octadecanol,333.15,0.1537,-1.8727526284375868,GC,True,train,1.0993014492049447
je1005517.xml,2011,6,LRHPLDYGYMQRHN-UHFFFAOYSA-N,GLDOVTGHNKAZLK-UHFFFAOYSA-N,butan-1-ol,1-octadecanol,338.15,0.136,-1.995100393246085,GC,True,train,1.071184985967145
je1005517.xml,2011,6,LRHPLDYGYMQRHN-UHFFFAOYSA-N,GLDOVTGHNKAZLK-UHFFFAOYSA-N,butan-1-ol,1-octadecanol,343.15,0.1209,-2.11279152136139,GC,True,train,1.043968471990618
je1005517.xml,2011,6,LRHPLDYGYMQRHN-UHFFFAOYSA-N,GLDOVTGHNKAZLK-UHFFFAOYSA-N,butan-1-ol,1-octadecanol,348.15,0.1101,-2.206366235253503,GC,True,train,1.0176182940032508
je1005517.xml,2011,6,LRHPLDYGYMQRHN-UHFFFAOYSA-N,GLDOVTGHNKAZLK-UHFFFAOYSA-N,butan-1-ol,1-octadecanol,353.15,0.0992,-2.31061726469131,GC,True,train,0.992100951486112
je0302295.xml,2004,10,LRHPLDYGYMQRHN-UHFFFAOYSA-N,IMNFDUFMRHMDMM-UHFFFAOYSA-N,1-butanol,heptane,303.15,31.3,3.4436180975461075,Static method,True,train,1.7688345019040086
je0302295.xml,2004,10,LRHPLDYGYMQRHN-UHFFFAOYSA-N,IMNFDUFMRHMDMM-UHFFFAOYSA-N,1-butanol,heptane,313.15,24.5,3.198673117550681,Static method,True,train,1.6324015210311968
je0302295.xml,2004,10,LRHPLDYGYMQRHN-UHFFFAOYSA-N,IMNFDUFMRHMDMM-UHFFFAOYSA-N,1-butanol,heptane,323.15,19.3,2.96010509591084,Static method,True,train,1.5113716404916842
je0302295.xml,2004,10,LRHPLDYGYMQRHN-UHFFFAOYSA-N,IMNFDUFMRHMDMM-UHFFFAOYSA-N,1-butanol,heptane,333.15,14.6,2.681021528714291,Static method,True,train,1.4036322878613068
je0302295.xml,2004,10,LRHPLDYGYMQRHN-UHFFFAOYSA-N,IMNFDUFMRHMDMM-UHFFFAOYSA-N,1-butanol,heptane,343.15,11.6,2.451005098112319,Static method,True,train,1.307381885555803
j.jct.2012.06.009.xml,2012,74,LRHPLDYGYMQRHN-UHFFFAOYSA-N,IPCSVZSSVZVIGE-UHFFFAOYSA-N,1-butanol,hexadecanoic acid,340.19,1.647,0.4989554511955033,Chromatography,True,train,0.48344059921315286
j.jct.2012.06.009.xml,2012,74,LRHPLDYGYMQRHN-UHFFFAOYSA-N,IPCSVZSSVZVIGE-UHFFFAOYSA-N,1-butanol,hexadecanoic acid,348.01,1.555,0.4414755456311974,Chromatography,True,train,0.4598230043901731
j.jct.2012.06.009.xml,2012,74,LRHPLDYGYMQRHN-UHFFFAOYSA-N,IPCSVZSSVZVIGE-UHFFFAOYSA-N,1-butanol,hexadecanoic acid,358.32,1.43,0.3576744442718159,Chromatography,True,train,0.43066798176604926
j.jct.2012.12.009.xml,2013,51,LRHPLDYGYMQRHN-UHFFFAOYSA-N,OYHQOLUKZRVURQ-HZJYTTRNSA-N,n-butanol,linoleic acid,338.28,1.187,0.171429115627531,Chromatography,True,train,0.6976827954503827
j.jct.2012.12.009.xml,2013,51,LRHPLDYGYMQRHN-UHFFFAOYSA-N,OYHQOLUKZRVURQ-HZJYTTRNSA-N,n-butanol,linoleic acid,348.28,1.181,0.1663615372152252,Chromatography,True,train,0.6600332060471962
j.jct.2012.06.009.xml,2012,31,LRHPLDYGYMQRHN-UHFFFAOYSA-N,POULHZVOKOAJMA-UHFFFAOYSA-N,1-butanol,lauric acid,314.24,1.697,0.5288619862520894,Chromatography,True,train,0.3479990094507062
j.jct.2012.06.009.xml,2012,31,LRHPLDYGYMQRHN-UHFFFAOYSA-N,POULHZVOKOAJMA-UHFFFAOYSA-N,1-butanol,lauric acid,333.26,1.541,0.4324315563379786,Chromatography,True,train,0.3159538717758643
j.jct.2012.06.009.xml,2012,31,LRHPLDYGYMQRHN-UHFFFAOYSA-N,POULHZVOKOAJMA-UHFFFAOYSA-N,1-butanol,lauric acid,333.38,1.509,0.4114471797857117,Chromatography,True,train,0.315763206573391
j.jct.2012.06.009.xml,2012,31,LRHPLDYGYMQRHN-UHFFFAOYSA-N,POULHZVOKOAJMA-UHFFFAOYSA-N,1-butanol,lauric acid,353.25,1.343,0.2949059175411005,Chromatography,True,train,0.2860771836946501
j.jct.2012.06.009.xml,2012,31,LRHPLDYGYMQRHN-UHFFFAOYSA-N,POULHZVOKOAJMA-UHFFFAOYSA-N,1-butanol,lauric acid,353.3,1.356,0.3045391895182039,Chromatography,True,train,0.28600702240528336
je200628n.xml,2011,13,LRHPLDYGYMQRHN-UHFFFAOYSA-N,PWGJDPKCLMLPJW-UHFFFAOYSA-N,n-butyl alcohol,"1,8-diaminooctane",328.15,0.669,-0.4019712188539085,Chromatography,True,train,-0.5108294472101896
je200628n.xml,2011,13,LRHPLDYGYMQRHN-UHFFFAOYSA-N,PWGJDPKCLMLPJW-UHFFFAOYSA-N,n-butyl alcohol,"1,8-diaminooctane",338.15,0.675,-0.3930425881096072,Chromatography,True,train,-0.46527502987915376
je200628n.xml,2011,13,LRHPLDYGYMQRHN-UHFFFAOYSA-N,PWGJDPKCLMLPJW-UHFFFAOYSA-N,n-butyl alcohol,"1,8-diaminooctane",343.15,0.681,-0.3841929728326246,Chromatography,True,train,-0.4455000814717426
je200628n.xml,2011,13,LRHPLDYGYMQRHN-UHFFFAOYSA-N,PWGJDPKCLMLPJW-UHFFFAOYSA-N,n-butyl alcohol,"1,8-diaminooctane",348.15,0.692,-0.3681693233644675,Chromatography,True,train,-0.4274955667689749
j.jct.2012.12.009.xml,2013,10,LRHPLDYGYMQRHN-UHFFFAOYSA-N,QIQXTHQIDYTFRH-UHFFFAOYSA-N,n-butanol,n-octadecanoic acid,349.38,1.501,0.4061315526513248,Chromatography,True,train,0.5727710116784555
j.jct.2012.12.009.xml,2013,10,LRHPLDYGYMQRHN-UHFFFAOYSA-N,QIQXTHQIDYTFRH-UHFFFAOYSA-N,n-butanol,n-octadecanoic acid,349.48,1.481,0.3927175352856618,Chromatography,True,train,0.5724224860482606
j.jct.2012.12.009.xml,2013,10,LRHPLDYGYMQRHN-UHFFFAOYSA-N,QIQXTHQIDYTFRH-UHFFFAOYSA-N,n-butanol,n-octadecanoic acid,358.46,1.363,0.3096881527143955,Chromatography,True,train,0.5421267391208237
j.jct.2012.12.009.xml,2013,10,LRHPLDYGYMQRHN-UHFFFAOYSA-N,QIQXTHQIDYTFRH-UHFFFAOYSA-N,n-butanol,n-octadecanoic acid,367.93,1.307,0.2677344346420848,Chromatography,True,train,0.5122093899175096
j.jct.2012.12.009.xml,2013,10,LRHPLDYGYMQRHN-UHFFFAOYSA-N,QIQXTHQIDYTFRH-UHFFFAOYSA-N,n-butanol,n-octadecanoic acid,368.13,1.315,0.2738366656297278,Chromatography,True,train,0.5115987831313901
j.jct.2012.06.009.xml,2012,53,LRHPLDYGYMQRHN-UHFFFAOYSA-N,TUNFSRHWOTWDNC-UHFFFAOYSA-N,1-butanol,tetradecanoic acid,314.1,1.488,0.3974329364109001,Chromatography,True,train,0.4042980741731416
j.jct.2012.06.009.xml,2012,53,LRHPLDYGYMQRHN-UHFFFAOYSA-N,TUNFSRHWOTWDNC-UHFFFAOYSA-N,1-butanol,tetradecanoic acid,314.24,1.543,0.4337285733810237,Chromatography,True,train,0.40390690510636845
j.jct.2012.06.009.xml,2012,53,LRHPLDYGYMQRHN-UHFFFAOYSA-N,TUNFSRHWOTWDNC-UHFFFAOYSA-N,1-butanol,tetradecanoic acid,333.26,1.452,0.3729419164026043,Chromatography,True,train,0.35420970618099734
j.jct.2012.06.009.xml,2012,53,LRHPLDYGYMQRHN-UHFFFAOYSA-N,TUNFSRHWOTWDNC-UHFFFAOYSA-N,1-butanol,tetradecanoic acid,333.38,1.42,0.3506568716131693,Chromatography,True,train,0.35391729205425587
j.jct.2012.06.009.xml,2012,53,LRHPLDYGYMQRHN-UHFFFAOYSA-N,TUNFSRHWOTWDNC-UHFFFAOYSA-N,1-butanol,tetradecanoic acid,353.25,1.224,0.2021241840901343,Chromatography,True,train,0.30888751887687954
j.jct.2012.06.009.xml,2012,53,LRHPLDYGYMQRHN-UHFFFAOYSA-N,TUNFSRHWOTWDNC-UHFFFAOYSA-N,1-butanol,tetradecanoic acid,353.3,1.318,0.2761154360803155,Chromatography,True,train,0.30878231412380597
je0302295.xml,2004,11,LRHPLDYGYMQRHN-UHFFFAOYSA-N,TVMXDCGIABBOFY-UHFFFAOYSA-N,1-butanol,octane,303.15,32.1,3.4688560301359703,Static method,True,train,1.813647200183231
je0302295.xml,2004,11,LRHPLDYGYMQRHN-UHFFFAOYSA-N,TVMXDCGIABBOFY-UHFFFAOYSA-N,1-butanol,octane,313.15,23.9,3.173878458937465,Static method,True,train,1.6743489234318756
je0302295.xml,2004,11,LRHPLDYGYMQRHN-UHFFFAOYSA-N,TVMXDCGIABBOFY-UHFFFAOYSA-N,1-butanol,octane,323.15,18.4,2.91235066461494,Static method,True,train,1.5506419581346542
je0302295.xml,2004,11,LRHPLDYGYMQRHN-UHFFFAOYSA-N,TVMXDCGIABBOFY-UHFFFAOYSA-N,1-butanol,octane,333.15,14.5,2.6741486494265287,Static method,True,train,1.4403963178517907
je0302295.xml,2004,11,LRHPLDYGYMQRHN-UHFFFAOYSA-N,TVMXDCGIABBOFY-UHFFFAOYSA-N,1-butanol,octane,343.15,11.2,2.4159137783010487,Static method,True,train,1.3417950577100595
j.fluid.2005.08.018.xml,2005,9,LRHPLDYGYMQRHN-UHFFFAOYSA-N,XLYOFNOQVPJJNP-UHFFFAOYSA-N,1-butanol,water,273.35,32.6,3.484312288372662,headspace analysis,True,train,10.323866235759063
j.fluid.2005.08.018.xml,2005,9,LRHPLDYGYMQRHN-UHFFFAOYSA-N,XLYOFNOQVPJJNP-UHFFFAOYSA-N,1-butanol,water,283.15,40.4,3.698829784967104,headspace analysis,True,train,10.139392920350586
j.fluid.2005.08.018.xml,2005,9,LRHPLDYGYMQRHN-UHFFFAOYSA-N,XLYOFNOQVPJJNP-UHFFFAOYSA-N,1-butanol,water,293.15,48.4,3.879499813722586,headspace analysis,True,train,9.948323859926294
j.fluid.2005.08.018.xml,2005,10,LRHPLDYGYMQRHN-UHFFFAOYSA-N,XLYOFNOQVPJJNP-UHFFFAOYSA-N,1-butanol,water,303.15,53.4,3.977810745966149,comparative tensimetry,True,train,9.755761482493554
j.fluid.2015.01.010.xml,2015,0,LRHPLDYGYMQRHN-UHFFFAOYSA-N,XLYOFNOQVPJJNP-UHFFFAOYSA-N,1-butanol,water,303.15,52.0,3.951243718581428,Chromatography,True,train,9.755761482493554
j.fluid.2005.08.018.xml,2005,10,LRHPLDYGYMQRHN-UHFFFAOYSA-N,XLYOFNOQVPJJNP-UHFFFAOYSA-N,1-butanol,water,308.15,57.2,4.046553898385752,comparative tensimetry,True,train,9.659293314658582
j.fluid.2015.01.010.xml,2015,0,LRHPLDYGYMQRHN-UHFFFAOYSA-N,XLYOFNOQVPJJNP-UHFFFAOYSA-N,1-butanol,water,308.15,57.0,4.04305126783455,Chromatography,True,train,9.659293314658582
j.fluid.2005.08.018.xml,2005,10,LRHPLDYGYMQRHN-UHFFFAOYSA-N,XLYOFNOQVPJJNP-UHFFFAOYSA-N,1-butanol,water,313.15,58.9,4.075841090657541,comparative tensimetry,True,train,9.562876048175974
j.fluid.2015.01.010.xml,2015,0,LRHPLDYGYMQRHN-UHFFFAOYSA-N,XLYOFNOQVPJJNP-UHFFFAOYSA-N,1-butanol,water,313.15,58.0,4.060443010546419,Chromatography,True,train,9.562876048175974
j.fluid.2005.08.018.xml,2005,10,LRHPLDYGYMQRHN-UHFFFAOYSA-N,XLYOFNOQVPJJNP-UHFFFAOYSA-N,1-butanol,water,318.15,60.2,4.097672352314776,comparative tensimetry,True,train,9.466627984378782
j.fluid.2015.01.010.xml,2015,0,LRHPLDYGYMQRHN-UHFFFAOYSA-N,XLYOFNOQVPJJNP-UHFFFAOYSA-N,1-butanol,water,318.15,64.0,4.158883083359672,Chromatography,True,train,9.466627984378782
j.fluid.2005.08.018.xml,2005,9,LRHPLDYGYMQRHN-UHFFFAOYSA-N,XLYOFNOQVPJJNP-UHFFFAOYSA-N,1-butanol,water,323.15,58.7,4.072439726834051,headspace analysis,True,train,9.370657479097265
j.fluid.2005.08.018.xml,2005,9,LRHPLDYGYMQRHN-UHFFFAOYSA-N,XLYOFNOQVPJJNP-UHFFFAOYSA-N,1-butanol,water,323.15,59.4,4.084294226368599,headspace analysis,True,train,9.370657479097265
j.fluid.2005.08.018.xml,2005,10,LRHPLDYGYMQRHN-UHFFFAOYSA-N,XLYOFNOQVPJJNP-UHFFFAOYSA-N,1-butanol,water,323.15,61.5,4.119037174812473,comparative tensimetry,True,train,9.370657479097265
j.fluid.2015.01.010.xml,2015,0,LRHPLDYGYMQRHN-UHFFFAOYSA-N,XLYOFNOQVPJJNP-UHFFFAOYSA-N,1-butanol,water,323.15,69.0,4.23410650459726,Chromatography,True,train,9.370657479097265
j.fluid.2005.08.018.xml,2005,10,LRHPLDYGYMQRHN-UHFFFAOYSA-N,XLYOFNOQVPJJNP-UHFFFAOYSA-N,1-butanol,water,328.15,62.8,4.139955073474153,comparative tensimetry,True,train,9.275063508753929
j.fluid.2015.01.010.xml,2015,0,LRHPLDYGYMQRHN-UHFFFAOYSA-N,XLYOFNOQVPJJNP-UHFFFAOYSA-N,1-butanol,water,328.15,72.0,4.276666119016055,Chromatography,True,train,9.275063508753929
j.fluid.2005.08.018.xml,2005,10,LRHPLDYGYMQRHN-UHFFFAOYSA-N,XLYOFNOQVPJJNP-UHFFFAOYSA-N,1-butanol,water,333.15,63.4,4.14946386144318,comparative tensimetry,True,train,9.179936199791786
j.fluid.2015.01.010.xml,2015,0,LRHPLDYGYMQRHN-UHFFFAOYSA-N,XLYOFNOQVPJJNP-UHFFFAOYSA-N,1-butanol,water,333.15,80.0,4.382026634673881,Chromatography,True,train,9.179936199791786
j.fluid.2015.01.010.xml,2015,0,LRHPLDYGYMQRHN-UHFFFAOYSA-N,XLYOFNOQVPJJNP-UHFFFAOYSA-N,1-butanol,water,338.15,78.0,4.356708826689592,Chromatography,True,train,9.085357324095703
j.fluid.2005.08.018.xml,2005,11,LRHPLDYGYMQRHN-UHFFFAOYSA-N,XLYOFNOQVPJJNP-UHFFFAOYSA-N,1-butanol,water,372.15,56.1,4.027135812528651,circulating still method,True,train,8.461723972078294
j.fluid.2007.09.021.xml,2008,6,LRHPLDYGYMQRHN-UHFFFAOYSA-N,YNQLUTRBYVCPMQ-UHFFFAOYSA-N,1-butanol,ethylbenzene,303.15,11.8,2.468099531471619,Chromatography,True,train,1.2841603095195973
j.fluid.2007.09.021.xml,2008,6,LRHPLDYGYMQRHN-UHFFFAOYSA-N,YNQLUTRBYVCPMQ-UHFFFAOYSA-N,1-butanol,ethylbenzene,313.15,9.49,2.2502386126218363,Chromatography,True,train,1.1767710018263737
j.fluid.2007.09.021.xml,2008,6,LRHPLDYGYMQRHN-UHFFFAOYSA-N,YNQLUTRBYVCPMQ-UHFFFAOYSA-N,1-butanol,ethylbenzene,323.15,7.63,2.032087845296365,Chromatography,True,train,1.0825056707224834
j.fluid.2007.09.021.xml,2008,7,LRHPLDYGYMQRHN-UHFFFAOYSA-N,YNQLUTRBYVCPMQ-UHFFFAOYSA-N,1-butanol,ethylbenzene,398.15,2.55,0.9360933591703348,Differential ebulliometry,True,train,0.6435470244867091
j.fluid.2007.09.021.xml,2008,7,LRHPLDYGYMQRHN-UHFFFAOYSA-N,YNQLUTRBYVCPMQ-UHFFFAOYSA-N,1-butanol,ethylbenzene,409.15,2.24,0.8064758658669485,Differential ebulliometry,True,train,0.6041738912886261
j.jct.2012.12.009.xml,2013,75,LRHPLDYGYMQRHN-UHFFFAOYSA-N,ZQPPMHVWECSIRJ-KTKRTIGZSA-N,n-butanol,cis-9-octadecenoic acid,338.36,1.26,0.2311117209633866,Chromatography,True,train,0.7440484829756943
j.jct.2012.12.009.xml,2013,75,LRHPLDYGYMQRHN-UHFFFAOYSA-N,ZQPPMHVWECSIRJ-KTKRTIGZSA-N,n-butanol,cis-9-octadecenoic acid,348.36,1.226,0.2037568375140196,Chromatography,True,train,0.7061689519073749
j.jct.2012.12.009.xml,2013,75,LRHPLDYGYMQRHN-UHFFFAOYSA-N,ZQPPMHVWECSIRJ-KTKRTIGZSA-N,n-butanol,cis-9-octadecenoic acid,358.28,1.224,0.2021241840901343,Chromatography,True,train,0.670922986215858
je200628n.xml,2011,16,MLRVZFYXUZQSRU-UHFFFAOYSA-N,PWGJDPKCLMLPJW-UHFFFAOYSA-N,hexyl chloride,"1,8-diaminooctane",328.15,3.855,1.349371007015293,Chromatography,True,train,0.6218676712683401
je200628n.xml,2011,16,MLRVZFYXUZQSRU-UHFFFAOYSA-N,PWGJDPKCLMLPJW-UHFFFAOYSA-N,hexyl chloride,"1,8-diaminooctane",338.15,2.728,1.0035687399812157,Chromatography,True,train,0.6051010648604719
je200628n.xml,2011,16,MLRVZFYXUZQSRU-UHFFFAOYSA-N,PWGJDPKCLMLPJW-UHFFFAOYSA-N,hexyl chloride,"1,8-diaminooctane",343.15,2.378,0.8662597982685901,Chromatography,True,train,0.5969586638497606
je200628n.xml,2011,16,MLRVZFYXUZQSRU-UHFFFAOYSA-N,PWGJDPKCLMLPJW-UHFFFAOYSA-N,hexyl chloride,"1,8-diaminooctane",348.15,2.02,0.7030975114131134,Chromatography,True,train,0.5889696327269952
j.fluid.2015.01.010.xml,2015,4,MLUCVPSAIODCQM-NSCUHMNNSA-N,XLYOFNOQVPJJNP-UHFFFAOYSA-N,(E)-crotonaldehyde,water,298.15,39.0,3.6635616461296463,Chromatography,True,train,9.347885131082084
j.fluid.2015.01.010.xml,2015,4,MLUCVPSAIODCQM-NSCUHMNNSA-N,XLYOFNOQVPJJNP-UHFFFAOYSA-N,(E)-crotonaldehyde,water,308.15,42.8,3.756538102587751,Chromatography,True,train,9.140919406165942
j.fluid.2015.01.010.xml,2015,4,MLUCVPSAIODCQM-NSCUHMNNSA-N,XLYOFNOQVPJJNP-UHFFFAOYSA-N,(E)-crotonaldehyde,water,313.15,44.4,3.7932394694381792,Chromatography,True,train,9.037633291041542
j.fluid.2015.01.010.xml,2015,4,MLUCVPSAIODCQM-NSCUHMNNSA-N,XLYOFNOQVPJJNP-UHFFFAOYSA-N,(E)-crotonaldehyde,water,318.15,46.2,3.832979798087693,Chromatography,True,train,8.934720372761548
j.fluid.2015.01.010.xml,2015,4,MLUCVPSAIODCQM-NSCUHMNNSA-N,XLYOFNOQVPJJNP-UHFFFAOYSA-N,(E)-crotonaldehyde,water,323.15,47.0,3.8501476017100575,Chromatography,True,train,8.832338069129204
j.fluid.2015.01.010.xml,2015,4,MLUCVPSAIODCQM-NSCUHMNNSA-N,XLYOFNOQVPJJNP-UHFFFAOYSA-N,(E)-crotonaldehyde,water,328.15,47.3,3.856510295497887,Chromatography,True,train,8.730626190149913
j.fluid.2015.01.010.xml,2015,4,MLUCVPSAIODCQM-NSCUHMNNSA-N,XLYOFNOQVPJJNP-UHFFFAOYSA-N,(E)-crotonaldehyde,water,333.15,48.0,3.871201010907891,Chromatography,True,train,8.629708258712446
je901063s.xml,2010,5,MSXVEPNJUHWQHW-UHFFFAOYSA-N,XLYOFNOQVPJJNP-UHFFFAOYSA-N,tert-pentyl alcohol,water,273.35,18.3,2.9069010598473755,"inert gas stripping, headspace analysis in two variants - the classical and the relative, Rayleigh distillation, and circulation still",True,train,13.159321945278501
je901063s.xml,2010,5,MSXVEPNJUHWQHW-UHFFFAOYSA-N,XLYOFNOQVPJJNP-UHFFFAOYSA-N,tert-pentyl alcohol,water,283.15,24.5,3.198673117550681,"inert gas stripping, headspace analysis in two variants - the classical and the relative, Rayleigh distillation, and circulation still",True,train,12.90567011805486
je901063s.xml,2010,5,MSXVEPNJUHWQHW-UHFFFAOYSA-N,XLYOFNOQVPJJNP-UHFFFAOYSA-N,tert-pentyl alcohol,water,293.15,31.7,3.456316680883235,"inert gas stripping, headspace analysis in two variants - the classical and the relative, Rayleigh distillation, and circulation still",True,train,12.645545807518886
je901063s.xml,2010,5,MSXVEPNJUHWQHW-UHFFFAOYSA-N,XLYOFNOQVPJJNP-UHFFFAOYSA-N,tert-pentyl alcohol,water,293.15,34.6,3.543853682063679,"inert gas stripping, headspace analysis in two variants - the classical and the relative, Rayleigh distillation, and circulation still",True,train,12.645545807518886
je901063s.xml,2010,5,MSXVEPNJUHWQHW-UHFFFAOYSA-N,XLYOFNOQVPJJNP-UHFFFAOYSA-N,tert-pentyl alcohol,water,303.15,41.3,3.720862499966987,"inert gas stripping, headspace analysis in two variants - the classical and the relative, Rayleigh distillation, and circulation still",True,train,12.385575446236906
je901063s.xml,2010,5,MSXVEPNJUHWQHW-UHFFFAOYSA-N,XLYOFNOQVPJJNP-UHFFFAOYSA-N,tert-pentyl alcohol,water,303.15,39.2,3.6686767467964168,"inert gas stripping, headspace analysis in two variants - the classical and the relative, Rayleigh distillation, and circulation still",True,train,12.385575446236906
je901063s.xml,2010,5,MSXVEPNJUHWQHW-UHFFFAOYSA-N,XLYOFNOQVPJJNP-UHFFFAOYSA-N,tert-pentyl alcohol,water,313.15,49.0,3.8918202981106265,"inert gas stripping, headspace analysis in two variants - the classical and the relative, Rayleigh distillation, and circulation still",True,train,12.127019830655119
je901063s.xml,2010,5,MSXVEPNJUHWQHW-UHFFFAOYSA-N,XLYOFNOQVPJJNP-UHFFFAOYSA-N,tert-pentyl alcohol,water,313.15,46.5,3.8394523125933104,"inert gas stripping, headspace analysis in two variants - the classical and the relative, Rayleigh distillation, and circulation still",True,train,12.127019830655119
je901063s.xml,2010,5,MSXVEPNJUHWQHW-UHFFFAOYSA-N,XLYOFNOQVPJJNP-UHFFFAOYSA-N,tert-pentyl alcohol,water,323.15,52.3,3.956996371070877,"inert gas stripping, headspace analysis in two variants - the classical and the relative, Rayleigh distillation, and circulation still",True,train,11.87094682160156
je901063s.xml,2010,5,MSXVEPNJUHWQHW-UHFFFAOYSA-N,XLYOFNOQVPJJNP-UHFFFAOYSA-N,tert-pentyl alcohol,water,323.15,56.9,4.041295341132285,"inert gas stripping, headspace analysis in two variants - the classical and the relative, Rayleigh distillation, and circulation still",True,train,11.87094682160156
je901063s.xml,2010,5,MSXVEPNJUHWQHW-UHFFFAOYSA-N,XLYOFNOQVPJJNP-UHFFFAOYSA-N,tert-pentyl alcohol,water,333.15,59.3,4.08260930600368,"inert gas stripping, headspace analysis in two variants - the classical and the relative, Rayleigh distillation, and circulation still",True,train,11.618248574722122
je901063s.xml,2010,5,MSXVEPNJUHWQHW-UHFFFAOYSA-N,XLYOFNOQVPJJNP-UHFFFAOYSA-N,tert-pentyl alcohol,water,333.15,61.4,4.117409835153096,"inert gas stripping, headspace analysis in two variants - the classical and the relative, Rayleigh distillation, and circulation still",True,train,11.618248574722122
je901063s.xml,2010,5,MSXVEPNJUHWQHW-UHFFFAOYSA-N,XLYOFNOQVPJJNP-UHFFFAOYSA-N,tert-pentyl alcohol,water,343.15,64.2,4.162003210695915,"inert gas stripping, headspace analysis in two variants - the classical and the relative, Rayleigh distillation, and circulation still",True,train,11.369657420518429
je901063s.xml,2010,5,MSXVEPNJUHWQHW-UHFFFAOYSA-N,XLYOFNOQVPJJNP-UHFFFAOYSA-N,tert-pentyl alcohol,water,353.15,67.1,4.206184043977636,"inert gas stripping, headspace analysis in two variants - the classical and the relative, Rayleigh distillation, and circulation still",True,train,11.125761248505874
je901063s.xml,2010,5,MSXVEPNJUHWQHW-UHFFFAOYSA-N,XLYOFNOQVPJJNP-UHFFFAOYSA-N,tert-pentyl alcohol,water,361.25,75.4,4.32280727501391,"inert gas stripping, headspace analysis in two variants - the classical and the relative, Rayleigh distillation, and circulation still",True,train,10.931965740112666
je901063s.xml,2010,5,MSXVEPNJUHWQHW-UHFFFAOYSA-N,XLYOFNOQVPJJNP-UHFFFAOYSA-N,tert-pentyl alcohol,water,371.45,73.9,4.302712827954156,"inert gas stripping, headspace analysis in two variants - the classical and the relative, Rayleigh distillation, and circulation still",True,train,10.69302597354854
j.tca.2015.11.010.xml,2016,29,MVPPADPHJFYWMZ-UHFFFAOYSA-N,ATHHXGZTWNVVOU-UHFFFAOYSA-N,chlorobenzene,N-methylformamide,298.15,5.2,1.6486586255873816,Chromatography,True,train,0.8277809556013347
j.jct.2014.06.006.xml,2014,10,MVPPADPHJFYWMZ-UHFFFAOYSA-N,DNIAPMSPPWPWGF-UHFFFAOYSA-N,chlorobenzene,propylene glycol,298.0,13.6,2.6100697927420065,Chromatography,True,train,
j.jct.2012.06.009.xml,2012,15,MVPPADPHJFYWMZ-UHFFFAOYSA-N,GHVNFZFCNZKVNT-UHFFFAOYSA-N,monochlorobenzene,capric acid,333.26,1.163,0.1510028735365274,Chromatography,True,train,0.385993245289517
j.jct.2012.06.009.xml,2012,15,MVPPADPHJFYWMZ-UHFFFAOYSA-N,GHVNFZFCNZKVNT-UHFFFAOYSA-N,monochlorobenzene,capric acid,333.38,1.181,0.1663615372152252,Chromatography,True,train,0.38566744640559036
j.jct.2012.06.009.xml,2012,15,MVPPADPHJFYWMZ-UHFFFAOYSA-N,GHVNFZFCNZKVNT-UHFFFAOYSA-N,monochlorobenzene,capric acid,353.25,1.17,0.1570037488096647,Chromatography,True,train,0.3359157213620602
j.jct.2012.06.009.xml,2012,15,MVPPADPHJFYWMZ-UHFFFAOYSA-N,GHVNFZFCNZKVNT-UHFFFAOYSA-N,monochlorobenzene,capric acid,353.3,1.151,0.1406311297397456,Chromatography,True,train,0.33580041292586105
j.jct.2012.06.009.xml,2012,79,MVPPADPHJFYWMZ-UHFFFAOYSA-N,IPCSVZSSVZVIGE-UHFFFAOYSA-N,monochlorobenzene,hexadecanoic acid,340.19,0.974,-0.0263439753396019,Chromatography,True,train,0.528107491952163
j.jct.2012.06.009.xml,2012,79,MVPPADPHJFYWMZ-UHFFFAOYSA-N,IPCSVZSSVZVIGE-UHFFFAOYSA-N,monochlorobenzene,hexadecanoic acid,348.01,0.957,-0.0439518875291828,Chromatography,True,train,0.5017423855537464
j.jct.2012.06.009.xml,2012,79,MVPPADPHJFYWMZ-UHFFFAOYSA-N,IPCSVZSSVZVIGE-UHFFFAOYSA-N,monochlorobenzene,hexadecanoic acid,358.22,0.974,-0.0263439753396019,Chromatography,True,train,0.46942302411598436
j.fluid.2013.06.028.xml,2013,17,MVPPADPHJFYWMZ-UHFFFAOYSA-N,LYCAIKOWRPUZTN-UHFFFAOYSA-N,"benzene, chloro-","1,2-dihydroxyethane",298.0,40.0,3.688879454113936,Chromatography,True,train,4.245582221669666
j.jct.2012.12.009.xml,2013,55,MVPPADPHJFYWMZ-UHFFFAOYSA-N,OYHQOLUKZRVURQ-HZJYTTRNSA-N,"benzene, chloro-",linoleic acid,338.28,1.002,0.001998002662673,Chromatography,True,train,0.4754365825805568
j.jct.2012.12.009.xml,2013,55,MVPPADPHJFYWMZ-UHFFFAOYSA-N,OYHQOLUKZRVURQ-HZJYTTRNSA-N,"benzene, chloro-",linoleic acid,338.28,0.996,-0.0040080213975388,Chromatography,True,train,0.4754365825805568
j.jct.2012.12.009.xml,2013,55,MVPPADPHJFYWMZ-UHFFFAOYSA-N,OYHQOLUKZRVURQ-HZJYTTRNSA-N,"benzene, chloro-",linoleic acid,348.31,1.072,0.0695260626486103,Chromatography,True,train,0.4454123562954485
j.jct.2012.12.009.xml,2013,55,MVPPADPHJFYWMZ-UHFFFAOYSA-N,OYHQOLUKZRVURQ-HZJYTTRNSA-N,"benzene, chloro-",linoleic acid,348.28,1.069,0.0667236320429081,Chromatography,True,train,0.4454991197675482
j.jct.2012.12.009.xml,2013,55,MVPPADPHJFYWMZ-UHFFFAOYSA-N,OYHQOLUKZRVURQ-HZJYTTRNSA-N,"benzene, chloro-",linoleic acid,358.3,1.162,0.1501426584297194,Chromatography,True,train,0.4174699782932802
j.jct.2012.06.009.xml,2012,36,MVPPADPHJFYWMZ-UHFFFAOYSA-N,POULHZVOKOAJMA-UHFFFAOYSA-N,monochlorobenzene,lauric acid,314.1,1.108,0.1025565883250921,Chromatography,True,train,0.5065107994246008
j.jct.2012.06.009.xml,2012,36,MVPPADPHJFYWMZ-UHFFFAOYSA-N,POULHZVOKOAJMA-UHFFFAOYSA-N,monochlorobenzene,lauric acid,314.24,1.118,0.1115413747329075,Chromatography,True,train,0.5060084324793513
j.jct.2012.06.009.xml,2012,36,MVPPADPHJFYWMZ-UHFFFAOYSA-N,POULHZVOKOAJMA-UHFFFAOYSA-N,monochlorobenzene,lauric acid,333.26,1.081,0.0778865386570712,Chromatography,True,train,0.44267433544311297
j.jct.2012.06.009.xml,2012,36,MVPPADPHJFYWMZ-UHFFFAOYSA-N,POULHZVOKOAJMA-UHFFFAOYSA-N,monochlorobenzene,lauric acid,343.65,1.075,0.072320661579626,Chromatography,True,train,0.41186315105119464
j.jct.2012.06.009.xml,2012,36,MVPPADPHJFYWMZ-UHFFFAOYSA-N,POULHZVOKOAJMA-UHFFFAOYSA-N,monochlorobenzene,lauric acid,353.25,1.066,0.0639133257436528,Chromatography,True,train,0.38550414127903426
j.jct.2012.12.009.xml,2013,15,MVPPADPHJFYWMZ-UHFFFAOYSA-N,QIQXTHQIDYTFRH-UHFFFAOYSA-N,"benzene, chloro-",n-octadecanoic acid,349.47,0.954,-0.0470916075338505,Chromatography,True,train,0.5705738651813381
j.jct.2012.12.009.xml,2013,15,MVPPADPHJFYWMZ-UHFFFAOYSA-N,QIQXTHQIDYTFRH-UHFFFAOYSA-N,"benzene, chloro-",n-octadecanoic acid,358.4,0.936,-0.0661398025045449,Chromatography,True,train,0.538847817764718
j.jct.2012.12.009.xml,2013,15,MVPPADPHJFYWMZ-UHFFFAOYSA-N,QIQXTHQIDYTFRH-UHFFFAOYSA-N,"benzene, chloro-",n-octadecanoic acid,368.19,0.924,-0.0790432073404528,Chromatography,True,train,0.5061313226669835
j.jct.2012.06.009.xml,2012,58,MVPPADPHJFYWMZ-UHFFFAOYSA-N,TUNFSRHWOTWDNC-UHFFFAOYSA-N,monochlorobenzene,tetradecanoic acid,314.1,0.983,-0.0171461588349705,Chromatography,True,train,0.572608918506352
j.jct.2012.06.009.xml,2012,58,MVPPADPHJFYWMZ-UHFFFAOYSA-N,TUNFSRHWOTWDNC-UHFFFAOYSA-N,monochlorobenzene,tetradecanoic acid,314.24,0.998,-0.002002002670673,Chromatography,True,train,0.572084094047392
j.jct.2012.06.009.xml,2012,58,MVPPADPHJFYWMZ-UHFFFAOYSA-N,TUNFSRHWOTWDNC-UHFFFAOYSA-N,monochlorobenzene,tetradecanoic acid,333.26,0.996,-0.0040080213975388,Chromatography,True,train,0.5057125023853526
j.jct.2012.06.009.xml,2012,58,MVPPADPHJFYWMZ-UHFFFAOYSA-N,TUNFSRHWOTWDNC-UHFFFAOYSA-N,monochlorobenzene,tetradecanoic acid,333.38,0.982,-0.0181639706276711,Chromatography,True,train,0.5053229389371631
j.jct.2012.06.009.xml,2012,58,MVPPADPHJFYWMZ-UHFFFAOYSA-N,TUNFSRHWOTWDNC-UHFFFAOYSA-N,monochlorobenzene,tetradecanoic acid,353.25,0.979,-0.0212236364516266,Chromatography,True,train,0.4452560437417779
j.jct.2012.06.009.xml,2012,58,MVPPADPHJFYWMZ-UHFFFAOYSA-N,TUNFSRHWOTWDNC-UHFFFAOYSA-N,monochlorobenzene,tetradecanoic acid,353.3,0.961,-0.0397808700118446,Chromatography,True,train,0.44511530958815526
j.jct.2014.06.006.xml,2014,33,MVPPADPHJFYWMZ-UHFFFAOYSA-N,XNWFRZJHXBZDAG-UHFFFAOYSA-N,chlorobenzene,methyl cellosolve,298.0,2.9,1.0647107369924282,Chromatography,True,train,0.7624090468970348
j.jct.2013.05.006.xml,2013,11,MVPPADPHJFYWMZ-UHFFFAOYSA-N,ZHNUHDYFZUAESO-UHFFFAOYSA-N,chlorobenzene,formamide,298.0,94.0,4.543294782270004,Chromatography,True,train,6.474208923993795
je901063s.xml,2010,6,MXLMTQWGSQIYOW-RXMQYKEDSA-N,XLYOFNOQVPJJNP-UHFFFAOYSA-N,3-methyl-2-butanol,water,273.35,43.5,3.7727609380946383,"inert gas stripping, headspace analysis in two variants - the classical and the relative, Rayleigh distillation, and circulation still",True,train,13.637976209088317
je901063s.xml,2010,6,MXLMTQWGSQIYOW-RXMQYKEDSA-N,XLYOFNOQVPJJNP-UHFFFAOYSA-N,3-methyl-2-butanol,water,283.15,61.5,4.119037174812473,"inert gas stripping, headspace analysis in two variants - the classical and the relative, Rayleigh distillation, and circulation still",True,train,13.371854216053231
je901063s.xml,2010,6,MXLMTQWGSQIYOW-RXMQYKEDSA-N,XLYOFNOQVPJJNP-UHFFFAOYSA-N,3-methyl-2-butanol,water,293.15,73.9,4.302712827954156,"inert gas stripping, headspace analysis in two variants - the classical and the relative, Rayleigh distillation, and circulation still",True,train,13.099905661524174
je901063s.xml,2010,6,MXLMTQWGSQIYOW-RXMQYKEDSA-N,XLYOFNOQVPJJNP-UHFFFAOYSA-N,3-methyl-2-butanol,water,303.15,86.5,4.460144413937834,"inert gas stripping, headspace analysis in two variants - the classical and the relative, Rayleigh distillation, and circulation still",True,train,12.82891279397328
je901063s.xml,2010,6,MXLMTQWGSQIYOW-RXMQYKEDSA-N,XLYOFNOQVPJJNP-UHFFFAOYSA-N,3-methyl-2-butanol,water,313.15,96.6,4.570578741218473,"inert gas stripping, headspace analysis in two variants - the classical and the relative, Rayleigh distillation, and circulation still",True,train,12.56004263236563
je901063s.xml,2010,6,MXLMTQWGSQIYOW-RXMQYKEDSA-N,XLYOFNOQVPJJNP-UHFFFAOYSA-N,3-methyl-2-butanol,water,323.15,104.0,4.6443908991413725,"inert gas stripping, headspace analysis in two variants - the classical and the relative, Rayleigh distillation, and circulation still",True,train,12.294281927412191
je901063s.xml,2010,6,MXLMTQWGSQIYOW-RXMQYKEDSA-N,XLYOFNOQVPJJNP-UHFFFAOYSA-N,3-methyl-2-butanol,water,333.15,110.0,4.700480365792417,"inert gas stripping, headspace analysis in two variants - the classical and the relative, Rayleigh distillation, and circulation still",True,train,12.032452587635646
je901063s.xml,2010,6,MXLMTQWGSQIYOW-RXMQYKEDSA-N,XLYOFNOQVPJJNP-UHFFFAOYSA-N,3-methyl-2-butanol,water,343.15,111.0,4.709530201312334,"inert gas stripping, headspace analysis in two variants - the classical and the relative, Rayleigh distillation, and circulation still",True,train,11.775226027261798
je901063s.xml,2010,6,MXLMTQWGSQIYOW-RXMQYKEDSA-N,XLYOFNOQVPJJNP-UHFFFAOYSA-N,3-methyl-2-butanol,water,353.15,107.0,4.672828834461906,"inert gas stripping, headspace analysis in two variants - the classical and the relative, Rayleigh distillation, and circulation still",True,train,11.523137244287451
je901063s.xml,2010,6,MXLMTQWGSQIYOW-RXMQYKEDSA-N,XLYOFNOQVPJJNP-UHFFFAOYSA-N,3-methyl-2-butanol,water,371.15,108.0,4.68213122712422,"inert gas stripping, headspace analysis in two variants - the classical and the relative, Rayleigh distillation, and circulation still",True,train,11.08357216530408
j.fluid.2016.10.009.xml,2017,15,NAMYKGVDVNBCFQ-UHFFFAOYSA-N,JUJWROOIHBZHMG-UHFFFAOYSA-N,2-bromopropane,pyridine,298.15,1.35,0.3001045924503381,Other,True,train,0.29395805425320054
j.jct.2012.12.009.xml,2013,63,NHTMVDHEPJAVLT-UHFFFAOYSA-N,DTOSIQBPPRVQHS-PDBXOOCHSA-N,"2,2,4-trimethylpentane","9,12,15-octadecatrienoic acid",303.13,4.57,1.5195132049061133,Chromatography,True,train,
j.jct.2012.12.009.xml,2013,63,NHTMVDHEPJAVLT-UHFFFAOYSA-N,DTOSIQBPPRVQHS-PDBXOOCHSA-N,"2,2,4-trimethylpentane","9,12,15-octadecatrienoic acid",313.25,3.535,1.2627132993485362,Chromatography,True,train,
j.jct.2012.12.009.xml,2013,63,NHTMVDHEPJAVLT-UHFFFAOYSA-N,DTOSIQBPPRVQHS-PDBXOOCHSA-N,"2,2,4-trimethylpentane","9,12,15-octadecatrienoic acid",323.26,4.012,1.389289870099689,Chromatography,True,train,
j.jct.2012.06.009.xml,2012,2,NHTMVDHEPJAVLT-UHFFFAOYSA-N,GHVNFZFCNZKVNT-UHFFFAOYSA-N,isooctane,capric acid,314.1,2.018,0.7021069219314171,Chromatography,True,train,0.9290592409654971
j.jct.2012.06.009.xml,2012,2,NHTMVDHEPJAVLT-UHFFFAOYSA-N,GHVNFZFCNZKVNT-UHFFFAOYSA-N,isooctane,capric acid,314.24,1.983,0.6846108495376589,Chromatography,True,train,0.9284221593564072
j.jct.2012.06.009.xml,2012,2,NHTMVDHEPJAVLT-UHFFFAOYSA-N,GHVNFZFCNZKVNT-UHFFFAOYSA-N,isooctane,capric acid,333.26,1.914,0.6491952930307625,Chromatography,True,train,0.84817117934415
j.jct.2012.06.009.xml,2012,2,NHTMVDHEPJAVLT-UHFFFAOYSA-N,GHVNFZFCNZKVNT-UHFFFAOYSA-N,isooctane,capric acid,353.25,1.858,0.6195006403916469,Chromatography,True,train,0.7757486255654815
j.jct.2012.06.009.xml,2012,66,NHTMVDHEPJAVLT-UHFFFAOYSA-N,IPCSVZSSVZVIGE-UHFFFAOYSA-N,isooctane,hexadecanoic acid,340.19,1.499,0.4047982191204607,Chromatography,True,train,0.6612494964941328
j.jct.2012.06.009.xml,2012,66,NHTMVDHEPJAVLT-UHFFFAOYSA-N,IPCSVZSSVZVIGE-UHFFFAOYSA-N,isooctane,hexadecanoic acid,348.01,1.455,0.3750059006234559,Chromatography,True,train,0.6362667796442104
j.jct.2012.06.009.xml,2012,66,NHTMVDHEPJAVLT-UHFFFAOYSA-N,IPCSVZSSVZVIGE-UHFFFAOYSA-N,isooctane,hexadecanoic acid,358.32,1.416,0.347835995271528,Chromatography,True,train,0.6052853429544333
j.jct.2012.12.009.xml,2013,43,NHTMVDHEPJAVLT-UHFFFAOYSA-N,OYHQOLUKZRVURQ-HZJYTTRNSA-N,"2,2,4-trimethylpentane",linoleic acid,338.28,2.434,0.8895359945653355,Chromatography,True,train,0.5774936917695318
j.jct.2012.12.009.xml,2013,43,NHTMVDHEPJAVLT-UHFFFAOYSA-N,OYHQOLUKZRVURQ-HZJYTTRNSA-N,"2,2,4-trimethylpentane",linoleic acid,348.31,2.975,1.0902440389975931,Chromatography,True,train,0.5460802312164131
j.jct.2012.12.009.xml,2013,43,NHTMVDHEPJAVLT-UHFFFAOYSA-N,OYHQOLUKZRVURQ-HZJYTTRNSA-N,"2,2,4-trimethylpentane",linoleic acid,348.28,2.962,1.0858647158456072,Chromatography,True,train,0.5461708738247055
j.jct.2012.12.009.xml,2013,43,NHTMVDHEPJAVLT-UHFFFAOYSA-N,OYHQOLUKZRVURQ-HZJYTTRNSA-N,"2,2,4-trimethylpentane",linoleic acid,358.3,3.632,1.2897834607390468,Chromatography,True,train,0.5169249927718119
je900686n.xml,2010,7,NHTMVDHEPJAVLT-UHFFFAOYSA-N,PEDCQBHIVMGVHV-UHFFFAOYSA-N,"2,2,4-trimethylpentane",glycerol,303.15,635.76,6.454821133631924,Chromatography,True,test_one,8.767645761895022
je900686n.xml,2010,7,NHTMVDHEPJAVLT-UHFFFAOYSA-N,PEDCQBHIVMGVHV-UHFFFAOYSA-N,"2,2,4-trimethylpentane",glycerol,313.15,584.53,6.370808105514582,Chromatography,True,test_one,8.555908751155147
je900686n.xml,2010,7,NHTMVDHEPJAVLT-UHFFFAOYSA-N,PEDCQBHIVMGVHV-UHFFFAOYSA-N,"2,2,4-trimethylpentane",glycerol,323.15,496.94,6.208469294462782,Chromatography,True,test_one,8.34591895603498
je900686n.xml,2010,7,NHTMVDHEPJAVLT-UHFFFAOYSA-N,PEDCQBHIVMGVHV-UHFFFAOYSA-N,"2,2,4-trimethylpentane",glycerol,333.15,405.81,6.005885069769212,Chromatography,True,test_one,8.139233892145429
je900686n.xml,2010,7,NHTMVDHEPJAVLT-UHFFFAOYSA-N,PEDCQBHIVMGVHV-UHFFFAOYSA-N,"2,2,4-trimethylpentane",glycerol,343.15,328.93,5.795844962170038,Chromatography,True,test_one,7.937022017631696
j.jct.2012.06.009.xml,2012,23,NHTMVDHEPJAVLT-UHFFFAOYSA-N,POULHZVOKOAJMA-UHFFFAOYSA-N,isooctane,lauric acid,314.1,1.746,0.5573274574174104,Chromatography,True,train,0.7606733083160481
j.jct.2012.06.009.xml,2012,23,NHTMVDHEPJAVLT-UHFFFAOYSA-N,POULHZVOKOAJMA-UHFFFAOYSA-N,isooctane,lauric acid,314.24,1.771,0.5715443588006964,Chromatography,True,train,0.7601207096822812
j.jct.2012.06.009.xml,2012,23,NHTMVDHEPJAVLT-UHFFFAOYSA-N,POULHZVOKOAJMA-UHFFFAOYSA-N,isooctane,lauric acid,333.26,1.697,0.5288619862520894,Chromatography,True,train,0.6906121672917378
j.jct.2012.06.009.xml,2012,23,NHTMVDHEPJAVLT-UHFFFAOYSA-N,POULHZVOKOAJMA-UHFFFAOYSA-N,isooctane,lauric acid,333.38,1.718,0.5411608235620636,Chromatography,True,train,0.6902064444636111
j.jct.2012.06.009.xml,2012,23,NHTMVDHEPJAVLT-UHFFFAOYSA-N,POULHZVOKOAJMA-UHFFFAOYSA-N,isooctane,lauric acid,353.25,1.674,0.5152159720672835,Chromatography,True,train,0.6279593789293878
j.jct.2012.06.009.xml,2012,23,NHTMVDHEPJAVLT-UHFFFAOYSA-N,POULHZVOKOAJMA-UHFFFAOYSA-N,isooctane,lauric acid,353.3,1.688,0.5235443961737654,Chromatography,True,train,0.6278142400027017
j.jct.2012.12.009.xml,2013,2,NHTMVDHEPJAVLT-UHFFFAOYSA-N,QIQXTHQIDYTFRH-UHFFFAOYSA-N,"2,2,4-trimethylpentane",n-octadecanoic acid,349.47,1.419,0.3499523981779056,Chromatography,True,train,0.596978573454793
j.jct.2012.12.009.xml,2013,2,NHTMVDHEPJAVLT-UHFFFAOYSA-N,QIQXTHQIDYTFRH-UHFFFAOYSA-N,"2,2,4-trimethylpentane",n-octadecanoic acid,358.4,1.407,0.341459778132252,Chromatography,True,train,0.5706162680540974
j.jct.2012.12.009.xml,2013,2,NHTMVDHEPJAVLT-UHFFFAOYSA-N,QIQXTHQIDYTFRH-UHFFFAOYSA-N,"2,2,4-trimethylpentane",n-octadecanoic acid,368.19,1.365,0.311154428636923,Chromatography,True,train,0.5433703723296905
j.jct.2012.12.009.xml,2013,2,NHTMVDHEPJAVLT-UHFFFAOYSA-N,QIQXTHQIDYTFRH-UHFFFAOYSA-N,"2,2,4-trimethylpentane",n-octadecanoic acid,368.13,1.354,0.3030631744900833,Chromatography,True,train,0.5435324169251151
j.jct.2012.06.009.xml,2012,44,NHTMVDHEPJAVLT-UHFFFAOYSA-N,TUNFSRHWOTWDNC-UHFFFAOYSA-N,isooctane,tetradecanoic acid,338.27,1.534,0.4278787029450644,Chromatography,True,train,0.7954828909163831
j.jct.2012.06.009.xml,2012,44,NHTMVDHEPJAVLT-UHFFFAOYSA-N,TUNFSRHWOTWDNC-UHFFFAOYSA-N,isooctane,tetradecanoic acid,348.3,1.505,0.4087928982008389,Chromatography,True,train,0.7611891542367111
j.jct.2012.06.009.xml,2012,44,NHTMVDHEPJAVLT-UHFFFAOYSA-N,TUNFSRHWOTWDNC-UHFFFAOYSA-N,isooctane,tetradecanoic acid,358.33,1.448,0.3701832939635246,Chromatography,True,train,0.7291281898795755
j.jct.2012.12.009.xml,2013,23,NHTMVDHEPJAVLT-UHFFFAOYSA-N,ZQPPMHVWECSIRJ-KTKRTIGZSA-N,"2,2,4-trimethylpentane",cis-9-octadecenoic acid,338.36,1.627,0.4867378282369007,Chromatography,True,train,0.5114448132197296
j.jct.2012.12.009.xml,2013,23,NHTMVDHEPJAVLT-UHFFFAOYSA-N,ZQPPMHVWECSIRJ-KTKRTIGZSA-N,"2,2,4-trimethylpentane",cis-9-octadecenoic acid,348.29,1.519,0.4180522236136357,Chromatography,True,train,0.4826715662641128
j.jct.2012.12.009.xml,2013,23,NHTMVDHEPJAVLT-UHFFFAOYSA-N,ZQPPMHVWECSIRJ-KTKRTIGZSA-N,"2,2,4-trimethylpentane",cis-9-octadecenoic acid,348.36,1.544,0.4343764516025845,Chromatography,True,train,0.48247593442577796
j.jct.2012.12.009.xml,2013,23,NHTMVDHEPJAVLT-UHFFFAOYSA-N,ZQPPMHVWECSIRJ-KTKRTIGZSA-N,"2,2,4-trimethylpentane",cis-9-octadecenoic acid,358.28,1.477,0.3900130035492428,Chromatography,True,train,0.455699500413027
j.fluid.2007.08.013.xml,2007,6,NKDDWNXOKDWJAK-UHFFFAOYSA-N,XLYOFNOQVPJJNP-UHFFFAOYSA-N,dimethoxymethane,water,273.35,10.8,2.379546134130174,Chromatography,True,train,8.718152522304546
j.fluid.2007.08.013.xml,2007,6,NKDDWNXOKDWJAK-UHFFFAOYSA-N,XLYOFNOQVPJJNP-UHFFFAOYSA-N,dimethoxymethane,water,283.15,13.7,2.617395832834079,Chromatography,True,train,8.60343416770662
j.fluid.2007.08.013.xml,2007,6,NKDDWNXOKDWJAK-UHFFFAOYSA-N,XLYOFNOQVPJJNP-UHFFFAOYSA-N,dimethoxymethane,water,293.15,15.6,2.747270914255491,Chromatography,True,train,8.47338364951862
j.fluid.2007.08.013.xml,2007,6,NKDDWNXOKDWJAK-UHFFFAOYSA-N,XLYOFNOQVPJJNP-UHFFFAOYSA-N,dimethoxymethane,water,298.15,16.9,2.827313621929028,Chromatography,True,train,8.40453643818021
j.fluid.2007.08.013.xml,2007,6,NKDDWNXOKDWJAK-UHFFFAOYSA-N,XLYOFNOQVPJJNP-UHFFFAOYSA-N,dimethoxymethane,water,303.15,18.0,2.8903717578961645,Chromatography,True,train,8.333653742975434
j.fluid.2007.08.013.xml,2007,6,NKDDWNXOKDWJAK-UHFFFAOYSA-N,XLYOFNOQVPJJNP-UHFFFAOYSA-N,dimethoxymethane,water,313.15,19.9,2.990719731730447,Chromatography,True,train,8.187111426757362
j.fluid.2007.08.013.xml,2007,6,NKDDWNXOKDWJAK-UHFFFAOYSA-N,XLYOFNOQVPJJNP-UHFFFAOYSA-N,dimethoxymethane,water,323.15,22.0,3.091042453358316,Chromatography,True,train,8.03611122047091
j.fluid.2007.08.013.xml,2007,6,NKDDWNXOKDWJAK-UHFFFAOYSA-N,XLYOFNOQVPJJNP-UHFFFAOYSA-N,dimethoxymethane,water,333.15,23.9,3.173878458937465,Chromatography,True,train,7.8825723477904726
j.jct.2004.11.005.xml,2005,7,NNPPMTNAJDCUHE-UHFFFAOYSA-N,AMQJEAYHLZJPGS-UHFFFAOYSA-N,2-methylpropane,1-pentanol,270.01,3.59,1.2781522025001877,Other,True,test_one,1.2326948384065006
j.jct.2004.11.005.xml,2005,7,NNPPMTNAJDCUHE-UHFFFAOYSA-N,AMQJEAYHLZJPGS-UHFFFAOYSA-N,2-methylpropane,1-pentanol,290.0,3.56,1.269760544863939,Other,True,test_one,1.1314238860580623
j.jct.2004.11.005.xml,2005,7,NNPPMTNAJDCUHE-UHFFFAOYSA-N,AMQJEAYHLZJPGS-UHFFFAOYSA-N,2-methylpropane,1-pentanol,310.0,3.51,1.2556160374777745,Other,True,test_one,1.0405734445063495
j.jct.2004.11.005.xml,2005,7,NNPPMTNAJDCUHE-UHFFFAOYSA-N,AMQJEAYHLZJPGS-UHFFFAOYSA-N,2-methylpropane,1-pentanol,330.0,3.4,1.2237754316221157,Other,True,test_one,0.9604411210709448
j.jct.2004.11.005.xml,2005,39,NNPPMTNAJDCUHE-UHFFFAOYSA-N,AQIXEPGDORPWBJ-UHFFFAOYSA-N,2-methylpropane,3-pentanol,259.96,3.66,1.297463147413275,Other,True,train,1.141314401767906
j.jct.2004.11.005.xml,2005,39,NNPPMTNAJDCUHE-UHFFFAOYSA-N,AQIXEPGDORPWBJ-UHFFFAOYSA-N,2-methylpropane,3-pentanol,270.02,3.62,1.2864740258376797,Other,True,train,1.0865049129656017
j.jct.2004.11.005.xml,2005,39,NNPPMTNAJDCUHE-UHFFFAOYSA-N,AQIXEPGDORPWBJ-UHFFFAOYSA-N,2-methylpropane,3-pentanol,280.0,3.53,1.2612978709452054,Other,True,train,1.0343842545294522
j.jct.2004.11.005.xml,2005,39,NNPPMTNAJDCUHE-UHFFFAOYSA-N,AQIXEPGDORPWBJ-UHFFFAOYSA-N,2-methylpropane,3-pentanol,290.0,3.45,1.2383742310432684,Other,True,train,0.9847781081515596
j.jct.2004.11.005.xml,2005,39,NNPPMTNAJDCUHE-UHFFFAOYSA-N,AQIXEPGDORPWBJ-UHFFFAOYSA-N,2-methylpropane,3-pentanol,300.0,3.35,1.208960345836975,Other,True,train,0.937991694975209
j.jct.2004.11.005.xml,2005,39,NNPPMTNAJDCUHE-UHFFFAOYSA-N,AQIXEPGDORPWBJ-UHFFFAOYSA-N,2-methylpropane,3-pentanol,310.01,3.22,1.169381359556317,Other,True,train,0.8940486089474786
j.jct.2004.11.005.xml,2005,39,NNPPMTNAJDCUHE-UHFFFAOYSA-N,AQIXEPGDORPWBJ-UHFFFAOYSA-N,2-methylpropane,3-pentanol,320.0,3.09,1.128171090909654,Other,True,train,0.8530446356656799
j.jct.2004.11.005.xml,2005,39,NNPPMTNAJDCUHE-UHFFFAOYSA-N,AQIXEPGDORPWBJ-UHFFFAOYSA-N,2-methylpropane,3-pentanol,330.01,2.98,1.091923300517313,Other,True,train,0.8147160208385558
j.jct.2003.08.018.xml,2004,3,NNPPMTNAJDCUHE-UHFFFAOYSA-N,BDERNNFJNOPAEC-UHFFFAOYSA-N,2-methylpropane,1-propanol,259.98,5.48,1.7011051009599245,Chromatography,True,train,2.0173084286052156
j.jct.2003.08.018.xml,2004,3,NNPPMTNAJDCUHE-UHFFFAOYSA-N,BDERNNFJNOPAEC-UHFFFAOYSA-N,2-methylpropane,1-propanol,279.94,5.37,1.6808279085207734,Chromatography,True,train,1.8799799513104247
j.jct.2003.08.018.xml,2004,3,NNPPMTNAJDCUHE-UHFFFAOYSA-N,BDERNNFJNOPAEC-UHFFFAOYSA-N,2-methylpropane,1-propanol,300.16,5.24,1.6563214983329508,Chromatography,True,train,1.7483678473895137
j.jct.2003.08.018.xml,2004,3,NNPPMTNAJDCUHE-UHFFFAOYSA-N,BDERNNFJNOPAEC-UHFFFAOYSA-N,2-methylpropane,1-propanol,320.0,5.14,1.6370530794670737,Chromatography,True,train,1.6299935317399425
j.jct.2003.08.018.xml,2004,3,NNPPMTNAJDCUHE-UHFFFAOYSA-N,BDERNNFJNOPAEC-UHFFFAOYSA-N,2-methylpropane,1-propanol,339.92,5.05,1.6193882432872684,Chromatography,True,train,1.5228900684567919
je050343i.xml,2005,31,NNPPMTNAJDCUHE-UHFFFAOYSA-N,CPJRRXSHAYUTGL-UHFFFAOYSA-N,2-methylpropane,3-methyl-3-buten-1-ol,270.04,4.98,1.6054298910365616,Chromatography,True,train,1.8427135372289094
je050343i.xml,2005,31,NNPPMTNAJDCUHE-UHFFFAOYSA-N,CPJRRXSHAYUTGL-UHFFFAOYSA-N,2-methylpropane,3-methyl-3-buten-1-ol,289.99,4.73,1.5539252025038417,Chromatography,True,train,1.7067174372706078
je050343i.xml,2005,31,NNPPMTNAJDCUHE-UHFFFAOYSA-N,CPJRRXSHAYUTGL-UHFFFAOYSA-N,2-methylpropane,3-methyl-3-buten-1-ol,309.99,4.54,1.5129270120532563,Chromatography,True,train,1.5834727772629678
je050343i.xml,2005,31,NNPPMTNAJDCUHE-UHFFFAOYSA-N,CPJRRXSHAYUTGL-UHFFFAOYSA-N,2-methylpropane,3-methyl-3-buten-1-ol,330.0,4.29,1.4562867329399256,Chromatography,True,train,1.473433006484821
je060395n.xml,2007,41,NNPPMTNAJDCUHE-UHFFFAOYSA-N,CTQNGGLPUBDAKN-UHFFFAOYSA-N,2-methylpropane,"1,2-dimethylbenzene",270.13,2.25,0.8109302162163288,calculated from henry's law constants,True,train,0.526876820705902
je060395n.xml,2007,41,NNPPMTNAJDCUHE-UHFFFAOYSA-N,CTQNGGLPUBDAKN-UHFFFAOYSA-N,2-methylpropane,"1,2-dimethylbenzene",289.99,2.13,0.7561219797213337,calculated from henry's law constants,True,train,0.473534790766015
je060395n.xml,2007,41,NNPPMTNAJDCUHE-UHFFFAOYSA-N,CTQNGGLPUBDAKN-UHFFFAOYSA-N,2-methylpropane,"1,2-dimethylbenzene",309.84,2.04,0.712949807856125,calculated from henry's law constants,True,train,0.4276474990792376
je060395n.xml,2007,41,NNPPMTNAJDCUHE-UHFFFAOYSA-N,CTQNGGLPUBDAKN-UHFFFAOYSA-N,2-methylpropane,"1,2-dimethylbenzene",329.99,1.94,0.6626879730752367,calculated from henry's law constants,True,train,0.3873363818806347
je700270d.xml,2007,7,NNPPMTNAJDCUHE-UHFFFAOYSA-N,DHXVGJBLRPWPCS-UHFFFAOYSA-N,2-methylpropane,tetrahydropyran,250.06,2.14,0.7608058290337602,Chromatography,True,train,0.2091322285156935
je700270d.xml,2007,7,NNPPMTNAJDCUHE-UHFFFAOYSA-N,DHXVGJBLRPWPCS-UHFFFAOYSA-N,2-methylpropane,tetrahydropyran,270.12,2.04,0.712949807856125,Chromatography,True,train,0.20476380976017428
je700270d.xml,2007,7,NNPPMTNAJDCUHE-UHFFFAOYSA-N,DHXVGJBLRPWPCS-UHFFFAOYSA-N,2-methylpropane,tetrahydropyran,289.97,1.94,0.6626879730752367,Chromatography,True,train,0.19951552745361725
je700270d.xml,2007,7,NNPPMTNAJDCUHE-UHFFFAOYSA-N,DHXVGJBLRPWPCS-UHFFFAOYSA-N,2-methylpropane,tetrahydropyran,309.98,1.88,0.6312717768418578,Chromatography,True,train,0.19365523771868923
je700270d.xml,2007,7,NNPPMTNAJDCUHE-UHFFFAOYSA-N,DHXVGJBLRPWPCS-UHFFFAOYSA-N,2-methylpropane,tetrahydropyran,329.97,1.82,0.598836501088704,Chromatography,True,train,0.18748176483916218
je050343i.xml,2005,7,NNPPMTNAJDCUHE-UHFFFAOYSA-N,HNVRRHSXBLFLIG-UHFFFAOYSA-N,2-methylpropane,"3-buten-2-ol, 2-methyl-",269.95,3.42,1.229640551074514,Chromatography,True,train,1.600136532353527
je050343i.xml,2005,7,NNPPMTNAJDCUHE-UHFFFAOYSA-N,HNVRRHSXBLFLIG-UHFFFAOYSA-N,2-methylpropane,"3-buten-2-ol, 2-methyl-",289.99,3.27,1.184789984909162,Chromatography,True,train,1.4723432403180743
je050343i.xml,2005,7,NNPPMTNAJDCUHE-UHFFFAOYSA-N,HNVRRHSXBLFLIG-UHFFFAOYSA-N,2-methylpropane,"3-buten-2-ol, 2-methyl-",309.99,3.06,1.118414915964289,Chromatography,True,train,1.3577984903901492
je050343i.xml,2005,7,NNPPMTNAJDCUHE-UHFFFAOYSA-N,HNVRRHSXBLFLIG-UHFFFAOYSA-N,2-methylpropane,"3-buten-2-ol, 2-methyl-",330.0,2.83,1.0402767116551463,Chromatography,True,train,1.2562779912345985
je060395n.xml,2007,43,NNPPMTNAJDCUHE-UHFFFAOYSA-N,IVSZLXZYQVIEFR-UHFFFAOYSA-N,2-methylpropane,"1,3-dimethylbenzene",270.1,2.04,0.712949807856125,calculated from henry's law constants,True,train,0.39833423366204623
je060395n.xml,2007,43,NNPPMTNAJDCUHE-UHFFFAOYSA-N,IVSZLXZYQVIEFR-UHFFFAOYSA-N,2-methylpropane,"1,3-dimethylbenzene",289.99,1.97,0.6780335427498971,calculated from henry's law constants,True,train,0.35610311222096824
je060395n.xml,2007,43,NNPPMTNAJDCUHE-UHFFFAOYSA-N,IVSZLXZYQVIEFR-UHFFFAOYSA-N,2-methylpropane,"1,3-dimethylbenzene",309.84,1.89,0.636576829071551,calculated from henry's law constants,True,train,0.3200701106971328
je060395n.xml,2007,43,NNPPMTNAJDCUHE-UHFFFAOYSA-N,IVSZLXZYQVIEFR-UHFFFAOYSA-N,2-methylpropane,"1,3-dimethylbenzene",329.99,1.8,0.5877866649021191,calculated from henry's law constants,True,train,0.28858376994951995
je100529s.xml,2010,55,NNPPMTNAJDCUHE-UHFFFAOYSA-N,IWDCLRJOBJJRNH-UHFFFAOYSA-N,"propane, 2-methyl-",4-methylphenol,309.99,7.93,2.0706530356467567,Gas Stripping Method,True,train,1.652955908009575
je100529s.xml,2010,55,NNPPMTNAJDCUHE-UHFFFAOYSA-N,IWDCLRJOBJJRNH-UHFFFAOYSA-N,"propane, 2-methyl-",4-methylphenol,319.99,7.62,2.030776369698555,Gas Stripping Method,True,train,1.5864153037683706
je100529s.xml,2010,55,NNPPMTNAJDCUHE-UHFFFAOYSA-N,IWDCLRJOBJJRNH-UHFFFAOYSA-N,"propane, 2-methyl-",4-methylphenol,329.99,7.3,1.9878743481543453,Gas Stripping Method,True,train,1.5240367521739302
je100529s.xml,2010,55,NNPPMTNAJDCUHE-UHFFFAOYSA-N,IWDCLRJOBJJRNH-UHFFFAOYSA-N,"propane, 2-methyl-",4-methylphenol,340.02,7.03,1.9501867058225733,Gas Stripping Method,True,train,1.465380285597552
j.jct.2004.11.005.xml,2005,23,NNPPMTNAJDCUHE-UHFFFAOYSA-N,JYVLIDXNZAXMDK-YFKPBYRVSA-N,2-methylpropane,2-pentanol,250.01,3.66,1.297463147413275,Other,True,train,1.2380809857080834
j.jct.2004.11.005.xml,2005,23,NNPPMTNAJDCUHE-UHFFFAOYSA-N,JYVLIDXNZAXMDK-YFKPBYRVSA-N,2-methylpropane,2-pentanol,269.96,3.61,1.2837077723447896,Other,True,train,1.1307089122496699
j.jct.2004.11.005.xml,2005,23,NNPPMTNAJDCUHE-UHFFFAOYSA-N,JYVLIDXNZAXMDK-YFKPBYRVSA-N,2-methylpropane,2-pentanol,290.0,3.49,1.249901736214336,Other,True,train,1.030960635821941
j.jct.2004.11.005.xml,2005,23,NNPPMTNAJDCUHE-UHFFFAOYSA-N,JYVLIDXNZAXMDK-YFKPBYRVSA-N,2-methylpropane,2-pentanol,310.0,3.3,1.1939224684724346,Other,True,train,0.9419655837423082
j.jct.2004.11.005.xml,2005,23,NNPPMTNAJDCUHE-UHFFFAOYSA-N,JYVLIDXNZAXMDK-YFKPBYRVSA-N,2-methylpropane,2-pentanol,330.0,3.1,1.1314021114911006,Other,True,train,0.8638089470202974
je0342116.xml,2004,6,NNPPMTNAJDCUHE-UHFFFAOYSA-N,KFZMGEQAYNKOFK-UHFFFAOYSA-N,2-methylpropane,2-propanol,270.04,5.3,1.667706820558076,Chromatography,True,train,1.9537516425088737
je0342116.xml,2004,6,NNPPMTNAJDCUHE-UHFFFAOYSA-N,KFZMGEQAYNKOFK-UHFFFAOYSA-N,2-methylpropane,2-propanol,290.0,5.2,1.6486586255873816,Chromatography,True,train,1.8172015427609198
je0342116.xml,2004,6,NNPPMTNAJDCUHE-UHFFFAOYSA-N,KFZMGEQAYNKOFK-UHFFFAOYSA-N,2-methylpropane,2-propanol,310.0,5.0,1.6094379124341005,Chromatography,True,train,1.6901379311300275
je0342116.xml,2004,6,NNPPMTNAJDCUHE-UHFFFAOYSA-N,KFZMGEQAYNKOFK-UHFFFAOYSA-N,2-methylpropane,2-propanol,330.0,4.7,1.547562508716013,Chromatography,True,train,1.574907689500334
je034265f.xml,2004,7,NNPPMTNAJDCUHE-UHFFFAOYSA-N,LRHPLDYGYMQRHN-UHFFFAOYSA-N,2-methylpropane,1-butanol,250.01,4.4,1.4816045409242156,Other,True,train,1.6215599384142614
je034265f.xml,2004,7,NNPPMTNAJDCUHE-UHFFFAOYSA-N,LRHPLDYGYMQRHN-UHFFFAOYSA-N,2-methylpropane,1-butanol,270.04,4.4,1.4816045409242156,Other,True,train,1.4992811081111177
je034265f.xml,2004,7,NNPPMTNAJDCUHE-UHFFFAOYSA-N,LRHPLDYGYMQRHN-UHFFFAOYSA-N,2-methylpropane,1-butanol,290.01,4.3,1.4586150226995167,Other,True,train,1.38406434878932
je034265f.xml,2004,7,NNPPMTNAJDCUHE-UHFFFAOYSA-N,LRHPLDYGYMQRHN-UHFFFAOYSA-N,2-methylpropane,1-butanol,310.01,4.3,1.4586150226995167,Other,True,train,1.2789025761751087
je034265f.xml,2004,7,NNPPMTNAJDCUHE-UHFFFAOYSA-N,LRHPLDYGYMQRHN-UHFFFAOYSA-N,2-methylpropane,1-butanol,330.0,4.1,1.410986973710262,Other,True,train,1.1850424310113734
je060395n.xml,2007,47,NNPPMTNAJDCUHE-UHFFFAOYSA-N,PPBRXRYQALVLMV-UHFFFAOYSA-N,2-methylpropane,styrene,270.07,4.64,1.534714366238164,calculated from henry's law constants,True,train,0.6824823156658706
je060395n.xml,2007,47,NNPPMTNAJDCUHE-UHFFFAOYSA-N,PPBRXRYQALVLMV-UHFFFAOYSA-N,2-methylpropane,styrene,309.84,3.91,1.3635373739972745,calculated from henry's law constants,True,train,0.5459005816167051
je060395n.xml,2007,47,NNPPMTNAJDCUHE-UHFFFAOYSA-N,PPBRXRYQALVLMV-UHFFFAOYSA-N,2-methylpropane,styrene,329.99,3.6,1.2809338454620642,calculated from henry's law constants,True,train,0.4915287263991436
je100529s.xml,2010,7,NNPPMTNAJDCUHE-UHFFFAOYSA-N,QWVGKYWNOKOFNN-UHFFFAOYSA-N,"propane, 2-methyl-",2-methylphenol,299.99,7.92,2.069391205826334,Gas Stripping Method,True,train,1.7024842967442448
je100529s.xml,2010,7,NNPPMTNAJDCUHE-UHFFFAOYSA-N,QWVGKYWNOKOFNN-UHFFFAOYSA-N,"propane, 2-methyl-",2-methylphenol,309.99,7.57,2.0241930674493576,Gas Stripping Method,True,train,1.6218006868814185
je100529s.xml,2010,7,NNPPMTNAJDCUHE-UHFFFAOYSA-N,QWVGKYWNOKOFNN-UHFFFAOYSA-N,"propane, 2-methyl-",2-methylphenol,319.99,7.14,1.965712776351493,Gas Stripping Method,True,train,1.5464682858827123
je100529s.xml,2010,7,NNPPMTNAJDCUHE-UHFFFAOYSA-N,QWVGKYWNOKOFNN-UHFFFAOYSA-N,"propane, 2-methyl-",2-methylphenol,329.99,6.73,1.9065751436566365,Gas Stripping Method,True,train,1.4761701418934785
je100529s.xml,2010,31,NNPPMTNAJDCUHE-UHFFFAOYSA-N,RLSSMJSEOOYNOY-UHFFFAOYSA-N,"propane, 2-methyl-",3-methylphenol,289.98,8.35,2.122261538862764,Gas Stripping Method,True,train,1.788099548360016
je100529s.xml,2010,31,NNPPMTNAJDCUHE-UHFFFAOYSA-N,RLSSMJSEOOYNOY-UHFFFAOYSA-N,"propane, 2-methyl-",3-methylphenol,299.98,8.11,2.0930978681273213,Gas Stripping Method,True,train,1.7077201334949985
je100529s.xml,2010,31,NNPPMTNAJDCUHE-UHFFFAOYSA-N,RLSSMJSEOOYNOY-UHFFFAOYSA-N,"propane, 2-methyl-",3-methylphenol,309.99,7.87,2.063058062429312,Gas Stripping Method,True,train,1.63231557759579
je100529s.xml,2010,31,NNPPMTNAJDCUHE-UHFFFAOYSA-N,RLSSMJSEOOYNOY-UHFFFAOYSA-N,"propane, 2-methyl-",3-methylphenol,319.99,7.54,2.020222182019865,Gas Stripping Method,True,train,1.5618070135362059
je100529s.xml,2010,31,NNPPMTNAJDCUHE-UHFFFAOYSA-N,RLSSMJSEOOYNOY-UHFFFAOYSA-N,"propane, 2-methyl-",3-methylphenol,329.99,7.21,1.9754689512968573,Gas Stripping Method,True,train,1.4958430960070708
je060395n.xml,2007,37,NNPPMTNAJDCUHE-UHFFFAOYSA-N,UHOVQNZJYSORNB-UHFFFAOYSA-N,2-methylpropane,benzene,279.99,2.81,1.0331844833456545,calculated from henry's law constants,True,train,0.5944639414869923
je060395n.xml,2007,37,NNPPMTNAJDCUHE-UHFFFAOYSA-N,UHOVQNZJYSORNB-UHFFFAOYSA-N,2-methylpropane,benzene,289.99,2.64,0.9707789171582248,calculated from henry's law constants,True,train,0.5621130177142301
je060395n.xml,2007,37,NNPPMTNAJDCUHE-UHFFFAOYSA-N,UHOVQNZJYSORNB-UHFFFAOYSA-N,2-methylpropane,benzene,309.99,2.43,0.8878912573524571,calculated from henry's law constants,True,train,0.5048769066949659
je060395n.xml,2007,37,NNPPMTNAJDCUHE-UHFFFAOYSA-N,UHOVQNZJYSORNB-UHFFFAOYSA-N,2-methylpropane,benzene,329.99,2.19,0.7839015438284094,calculated from henry's law constants,True,train,0.4560200258248393
je060395n.xml,2007,45,NNPPMTNAJDCUHE-UHFFFAOYSA-N,URLKBWYHVLBVBO-UHFFFAOYSA-N,2-methylpropane,"1,4-dimethylbenzene",289.99,1.91,0.6471032420585384,calculated from henry's law constants,True,test_one,0.30894036542992487
je060395n.xml,2007,45,NNPPMTNAJDCUHE-UHFFFAOYSA-N,URLKBWYHVLBVBO-UHFFFAOYSA-N,2-methylpropane,"1,4-dimethylbenzene",299.99,1.86,0.62057648772511,calculated from henry's law constants,True,test_one,0.2923522763941084
je060395n.xml,2007,45,NNPPMTNAJDCUHE-UHFFFAOYSA-N,URLKBWYHVLBVBO-UHFFFAOYSA-N,2-methylpropane,"1,4-dimethylbenzene",309.85,1.83,0.6043159668533296,calculated from henry's law constants,True,test_one,0.2772183805765919
je060395n.xml,2007,45,NNPPMTNAJDCUHE-UHFFFAOYSA-N,URLKBWYHVLBVBO-UHFFFAOYSA-N,2-methylpropane,"1,4-dimethylbenzene",319.99,1.79,0.5822156198526637,calculated from henry's law constants,True,test_one,0.26279499366909664
je060395n.xml,2007,45,NNPPMTNAJDCUHE-UHFFFAOYSA-N,URLKBWYHVLBVBO-UHFFFAOYSA-N,2-methylpropane,"1,4-dimethylbenzene",329.99,1.74,0.5538851132264376,calculated from henry's law constants,True,test_one,0.24959362888145842
je0502647.xml,2005,7,NNPPMTNAJDCUHE-UHFFFAOYSA-N,XXROGKLTLUQVRX-UHFFFAOYSA-N,2-methylpropane,2-propenol,270.01,9.51,2.252343876557299,gas stripping method,True,train,3.1172984483285413
je0502647.xml,2005,7,NNPPMTNAJDCUHE-UHFFFAOYSA-N,XXROGKLTLUQVRX-UHFFFAOYSA-N,2-methylpropane,2-propenol,289.99,8.83,2.178155014615869,gas stripping method,True,train,2.9099125219563327
je0502647.xml,2005,7,NNPPMTNAJDCUHE-UHFFFAOYSA-N,XXROGKLTLUQVRX-UHFFFAOYSA-N,2-methylpropane,2-propenol,309.995,8.11,2.0930978681273213,gas stripping method,True,train,2.7179294880559417
je0502647.xml,2005,7,NNPPMTNAJDCUHE-UHFFFAOYSA-N,XXROGKLTLUQVRX-UHFFFAOYSA-N,2-methylpropane,2-propenol,329.99,7.14,1.965712776351493,gas stripping method,True,train,2.543327325294449
je060395n.xml,2007,39,NNPPMTNAJDCUHE-UHFFFAOYSA-N,YXFVVABEGXRONW-UHFFFAOYSA-N,2-methylpropane,toluene,270.0,2.25,0.8109302162163288,calculated from henry's law constants,True,train,0.5130734533624579
je060395n.xml,2007,39,NNPPMTNAJDCUHE-UHFFFAOYSA-N,YXFVVABEGXRONW-UHFFFAOYSA-N,2-methylpropane,toluene,289.98,2.12,0.7514160886839212,calculated from henry's law constants,True,train,0.459142986813913
je060395n.xml,2007,39,NNPPMTNAJDCUHE-UHFFFAOYSA-N,YXFVVABEGXRONW-UHFFFAOYSA-N,2-methylpropane,toluene,309.94,2.01,0.6981347220709843,calculated from henry's law constants,True,train,0.413181555059111
je060395n.xml,2007,39,NNPPMTNAJDCUHE-UHFFFAOYSA-N,YXFVVABEGXRONW-UHFFFAOYSA-N,2-methylpropane,toluene,329.99,1.91,0.6471032420585384,calculated from henry's law constants,True,train,0.3735263511561299
j.jct.2005.08.004.xml,2006,69,NPNPZTNLOVBDOC-UHFFFAOYSA-N,AMQJEAYHLZJPGS-UHFFFAOYSA-N,"1,1-difluoroethane",1-pentanol,270.06,5.76,1.7509374747078,Chromatography,True,test_one,0.8825875208049948
j.jct.2005.08.004.xml,2006,69,NPNPZTNLOVBDOC-UHFFFAOYSA-N,AMQJEAYHLZJPGS-UHFFFAOYSA-N,"1,1-difluoroethane",1-pentanol,290.0,5.2,1.6486586255873816,Chromatography,True,test_one,0.7772781074392763
j.jct.2005.08.004.xml,2006,69,NPNPZTNLOVBDOC-UHFFFAOYSA-N,AMQJEAYHLZJPGS-UHFFFAOYSA-N,"1,1-difluoroethane",1-pentanol,309.99,4.6,1.5260563034950492,Chromatography,True,test_one,0.6830507933128921
j.jct.2005.08.004.xml,2006,69,NPNPZTNLOVBDOC-UHFFFAOYSA-N,AMQJEAYHLZJPGS-UHFFFAOYSA-N,"1,1-difluoroethane",1-pentanol,330.0,4.05,1.3987168811184478,Chromatography,True,test_one,0.6004015343469206
j.jct.2005.08.004.xml,2006,77,NPNPZTNLOVBDOC-UHFFFAOYSA-N,AQIXEPGDORPWBJ-UHFFFAOYSA-N,"1,1-difluoroethane",3-pentanol,259.98,8.85,2.180417459019838,Chromatography,True,train,0.8613581655514289
j.jct.2005.08.004.xml,2006,77,NPNPZTNLOVBDOC-UHFFFAOYSA-N,AQIXEPGDORPWBJ-UHFFFAOYSA-N,"1,1-difluoroethane",3-pentanol,270.03,7.77,2.050270164379556,Chromatography,True,train,0.8073354985805604
j.jct.2005.08.004.xml,2006,77,NPNPZTNLOVBDOC-UHFFFAOYSA-N,AQIXEPGDORPWBJ-UHFFFAOYSA-N,"1,1-difluoroethane",3-pentanol,290.0,5.92,1.7783364488959144,Chromatography,True,train,0.7077094515537419
j.jct.2005.08.004.xml,2006,77,NPNPZTNLOVBDOC-UHFFFAOYSA-N,AQIXEPGDORPWBJ-UHFFFAOYSA-N,"1,1-difluoroethane",3-pentanol,309.99,4.57,1.5195132049061133,Chromatography,True,train,0.6196347972188863
j.jct.2005.08.004.xml,2006,77,NPNPZTNLOVBDOC-UHFFFAOYSA-N,AQIXEPGDORPWBJ-UHFFFAOYSA-N,"1,1-difluoroethane",3-pentanol,330.0,3.62,1.2864740258376797,Chromatography,True,train,0.5432148701217011
j.jct.2005.08.004.xml,2006,15,NPNPZTNLOVBDOC-UHFFFAOYSA-N,BDERNNFJNOPAEC-UHFFFAOYSA-N,"1,1-difluoroethane",1-propanol,259.93,5.61,1.724550719534605,Chromatography,True,train,0.920751233720384
j.jct.2005.08.004.xml,2006,15,NPNPZTNLOVBDOC-UHFFFAOYSA-N,BDERNNFJNOPAEC-UHFFFAOYSA-N,"1,1-difluoroethane",1-propanol,269.98,5.47,1.6992786164338898,Chromatography,True,train,0.8726507317054435
j.jct.2005.08.004.xml,2006,15,NPNPZTNLOVBDOC-UHFFFAOYSA-N,BDERNNFJNOPAEC-UHFFFAOYSA-N,"1,1-difluoroethane",1-propanol,290.0,5.17,1.6428726885203375,Chromatography,True,train,0.7793004107610619
j.jct.2005.08.004.xml,2006,15,NPNPZTNLOVBDOC-UHFFFAOYSA-N,BDERNNFJNOPAEC-UHFFFAOYSA-N,"1,1-difluoroethane",1-propanol,309.99,4.79,1.5665304114228238,Chromatography,True,train,0.6930147110484501
j.jct.2005.08.004.xml,2006,15,NPNPZTNLOVBDOC-UHFFFAOYSA-N,BDERNNFJNOPAEC-UHFFFAOYSA-N,"1,1-difluoroethane",1-propanol,330.0,4.36,1.472472057360943,Chromatography,True,train,0.6157078194379303
je050343i.xml,2005,47,NPNPZTNLOVBDOC-UHFFFAOYSA-N,CPJRRXSHAYUTGL-UHFFFAOYSA-N,"1,1-difluoroethane",3-methyl-3-buten-1-ol,269.95,4.53,1.5107219394949427,Chromatography,True,train,0.6840591011260275
je050343i.xml,2005,47,NPNPZTNLOVBDOC-UHFFFAOYSA-N,CPJRRXSHAYUTGL-UHFFFAOYSA-N,"1,1-difluoroethane",3-methyl-3-buten-1-ol,289.9,4.12,1.415853163361435,Chromatography,True,train,0.6039122063569328
je050343i.xml,2005,47,NPNPZTNLOVBDOC-UHFFFAOYSA-N,CPJRRXSHAYUTGL-UHFFFAOYSA-N,"1,1-difluoroethane",3-methyl-3-buten-1-ol,309.99,3.74,1.3190856114264409,Chromatography,True,train,0.5328452848405135
je050343i.xml,2005,47,NPNPZTNLOVBDOC-UHFFFAOYSA-N,CPJRRXSHAYUTGL-UHFFFAOYSA-N,"1,1-difluoroethane",3-methyl-3-buten-1-ol,330.0,3.5,1.252762968495368,Chromatography,True,train,0.47179922115321954
je060395n.xml,2007,137,NPNPZTNLOVBDOC-UHFFFAOYSA-N,CTQNGGLPUBDAKN-UHFFFAOYSA-N,"1,1-difluoroethane","1,2-dimethylbenzene",270.13,2.61,0.959350221334602,calculated from henry's law constants,True,train,0.6966361552256576
je060395n.xml,2007,137,NPNPZTNLOVBDOC-UHFFFAOYSA-N,CTQNGGLPUBDAKN-UHFFFAOYSA-N,"1,1-difluoroethane","1,2-dimethylbenzene",289.99,2.52,0.924258901523332,calculated from henry's law constants,True,train,0.6389000957708201
je060395n.xml,2007,137,NPNPZTNLOVBDOC-UHFFFAOYSA-N,CTQNGGLPUBDAKN-UHFFFAOYSA-N,"1,1-difluoroethane","1,2-dimethylbenzene",309.84,2.44,0.8919980393051105,calculated from henry's law constants,True,train,0.5882499535418064
je060395n.xml,2007,137,NPNPZTNLOVBDOC-UHFFFAOYSA-N,CTQNGGLPUBDAKN-UHFFFAOYSA-N,"1,1-difluoroethane","1,2-dimethylbenzene",329.99,2.31,0.8372475245337022,calculated from henry's law constants,True,train,0.54286025426623
je700270d.xml,2007,23,NPNPZTNLOVBDOC-UHFFFAOYSA-N,DHXVGJBLRPWPCS-UHFFFAOYSA-N,"1,1-difluoroethane",tetrahydropyran,250.06,1.57,0.4510756193602167,Chromatography,True,train,-0.2269481487447183
je700270d.xml,2007,23,NPNPZTNLOVBDOC-UHFFFAOYSA-N,DHXVGJBLRPWPCS-UHFFFAOYSA-N,"1,1-difluoroethane",tetrahydropyran,270.12,1.64,0.494696241836107,Chromatography,True,train,-0.14931916798990105
je700270d.xml,2007,23,NPNPZTNLOVBDOC-UHFFFAOYSA-N,DHXVGJBLRPWPCS-UHFFFAOYSA-N,"1,1-difluoroethane",tetrahydropyran,289.97,1.67,0.5128236264286637,Chromatography,True,train,-0.09118903865032449
je700270d.xml,2007,23,NPNPZTNLOVBDOC-UHFFFAOYSA-N,DHXVGJBLRPWPCS-UHFFFAOYSA-N,"1,1-difluoroethane",tetrahydropyran,309.98,1.69,0.5247285289349821,Chromatography,True,train,-0.04663644237206764
je700270d.xml,2007,23,NPNPZTNLOVBDOC-UHFFFAOYSA-N,DHXVGJBLRPWPCS-UHFFFAOYSA-N,"1,1-difluoroethane",tetrahydropyran,329.97,1.66,0.5068176023684519,Chromatography,True,train,-0.01273105741175012
j.jct.2005.08.004.xml,2006,53,NPNPZTNLOVBDOC-UHFFFAOYSA-N,DKGAVHZHDRPRBM-UHFFFAOYSA-N,"1,1-difluoroethane",2-methyl-2-propanol,300.0,4.31,1.4609379041156565,Chromatography,True,train,0.6471278507868836
j.jct.2005.08.004.xml,2006,53,NPNPZTNLOVBDOC-UHFFFAOYSA-N,DKGAVHZHDRPRBM-UHFFFAOYSA-N,"1,1-difluoroethane",2-methyl-2-propanol,309.99,3.79,1.332366019094335,Chromatography,True,train,0.6068392792598235
j.jct.2005.08.004.xml,2006,53,NPNPZTNLOVBDOC-UHFFFAOYSA-N,DKGAVHZHDRPRBM-UHFFFAOYSA-N,"1,1-difluoroethane",2-methyl-2-propanol,320.0,3.42,1.229640551074514,Chromatography,True,train,0.5691341804172338
j.jct.2005.08.004.xml,2006,53,NPNPZTNLOVBDOC-UHFFFAOYSA-N,DKGAVHZHDRPRBM-UHFFFAOYSA-N,"1,1-difluoroethane",2-methyl-2-propanol,330.0,3.13,1.1410330045520618,Chromatography,True,train,0.5340935141941172
je050343i.xml,2005,23,NPNPZTNLOVBDOC-UHFFFAOYSA-N,HNVRRHSXBLFLIG-UHFFFAOYSA-N,"1,1-difluoroethane","3-buten-2-ol, 2-methyl-",250.0,4.68,1.5432981099295553,Chromatography,True,train,0.8123193583365833
je050343i.xml,2005,23,NPNPZTNLOVBDOC-UHFFFAOYSA-N,HNVRRHSXBLFLIG-UHFFFAOYSA-N,"1,1-difluoroethane","3-buten-2-ol, 2-methyl-",269.96,3.99,1.383791230901772,Chromatography,True,train,0.7175122088895503
je050343i.xml,2005,23,NPNPZTNLOVBDOC-UHFFFAOYSA-N,HNVRRHSXBLFLIG-UHFFFAOYSA-N,"1,1-difluoroethane","3-buten-2-ol, 2-methyl-",289.99,3.39,1.220829921392359,Chromatography,True,train,0.6311921596279836
je050343i.xml,2005,23,NPNPZTNLOVBDOC-UHFFFAOYSA-N,HNVRRHSXBLFLIG-UHFFFAOYSA-N,"1,1-difluoroethane","3-buten-2-ol, 2-methyl-",309.99,2.89,1.0612565021243408,Chromatography,True,train,0.5555320367597847
je050343i.xml,2005,23,NPNPZTNLOVBDOC-UHFFFAOYSA-N,HNVRRHSXBLFLIG-UHFFFAOYSA-N,"1,1-difluoroethane","3-buten-2-ol, 2-methyl-",330.0,2.47,0.904218150639886,Chromatography,True,train,0.4903667647660919
je060395n.xml,2007,139,NPNPZTNLOVBDOC-UHFFFAOYSA-N,IVSZLXZYQVIEFR-UHFFFAOYSA-N,"1,1-difluoroethane","1,3-dimethylbenzene",270.1,2.46,0.9001613499442714,calculated from henry's law constants,True,train,0.6868331581577258
je060395n.xml,2007,139,NPNPZTNLOVBDOC-UHFFFAOYSA-N,IVSZLXZYQVIEFR-UHFFFAOYSA-N,"1,1-difluoroethane","1,3-dimethylbenzene",289.99,2.42,0.883767540168595,calculated from henry's law constants,True,train,0.6269023296028506
je060395n.xml,2007,139,NPNPZTNLOVBDOC-UHFFFAOYSA-N,IVSZLXZYQVIEFR-UHFFFAOYSA-N,"1,1-difluoroethane","1,3-dimethylbenzene",309.84,2.33,0.8458682675776092,calculated from henry's law constants,True,train,0.5746789218111709
je060395n.xml,2007,139,NPNPZTNLOVBDOC-UHFFFAOYSA-N,IVSZLXZYQVIEFR-UHFFFAOYSA-N,"1,1-difluoroethane","1,3-dimethylbenzene",329.99,2.23,0.8020015854720274,calculated from henry's law constants,True,train,0.528096091195826
je100529s.xml,2010,71,NPNPZTNLOVBDOC-UHFFFAOYSA-N,IWDCLRJOBJJRNH-UHFFFAOYSA-N,freon 152a,4-methylphenol,309.99,4.46,1.4951487660319729,Gas Stripping Method,True,train,0.7765948096091241
je100529s.xml,2010,71,NPNPZTNLOVBDOC-UHFFFAOYSA-N,IWDCLRJOBJJRNH-UHFFFAOYSA-N,freon 152a,4-methylphenol,319.99,4.26,1.449269160281279,Gas Stripping Method,True,train,0.7338706167224869
je100529s.xml,2010,71,NPNPZTNLOVBDOC-UHFFFAOYSA-N,IWDCLRJOBJJRNH-UHFFFAOYSA-N,freon 152a,4-methylphenol,329.99,4.07,1.4036429994545037,Gas Stripping Method,True,train,0.694419131586364
je100529s.xml,2010,71,NPNPZTNLOVBDOC-UHFFFAOYSA-N,IWDCLRJOBJJRNH-UHFFFAOYSA-N,freon 152a,4-methylphenol,340.02,3.88,1.355835153635182,Gas Stripping Method,True,train,0.6578945458422716
j.jct.2005.08.004.xml,2006,61,NPNPZTNLOVBDOC-UHFFFAOYSA-N,JYVLIDXNZAXMDK-YFKPBYRVSA-N,"1,1-difluoroethane",2-pentanol,270.05,7.28,1.9851308622085944,Chromatography,True,train,0.7030408216460173
j.jct.2005.08.004.xml,2006,61,NPNPZTNLOVBDOC-UHFFFAOYSA-N,JYVLIDXNZAXMDK-YFKPBYRVSA-N,"1,1-difluoroethane",2-pentanol,290.0,5.92,1.7783364488959144,Chromatography,True,train,0.6185992551826182
j.jct.2005.08.004.xml,2006,61,NPNPZTNLOVBDOC-UHFFFAOYSA-N,JYVLIDXNZAXMDK-YFKPBYRVSA-N,"1,1-difluoroethane",2-pentanol,309.99,4.76,1.5602476682433286,Chromatography,True,train,0.5426549580829486
j.jct.2005.08.004.xml,2006,61,NPNPZTNLOVBDOC-UHFFFAOYSA-N,JYVLIDXNZAXMDK-YFKPBYRVSA-N,"1,1-difluoroethane",2-pentanol,330.01,3.71,1.3110318766193438,Chromatography,True,train,0.47601749734632215
j.jct.2005.08.004.xml,2006,23,NPNPZTNLOVBDOC-UHFFFAOYSA-N,KFZMGEQAYNKOFK-UHFFFAOYSA-N,"1,1-difluoroethane",2-propanol,269.99,5.49,1.7029282555214391,Chromatography,True,train,0.8734679218392181
j.jct.2005.08.004.xml,2006,23,NPNPZTNLOVBDOC-UHFFFAOYSA-N,KFZMGEQAYNKOFK-UHFFFAOYSA-N,"1,1-difluoroethane",2-propanol,289.99,5.05,1.6193882432872684,Chromatography,True,train,0.7764024484191179
j.jct.2005.08.004.xml,2006,23,NPNPZTNLOVBDOC-UHFFFAOYSA-N,KFZMGEQAYNKOFK-UHFFFAOYSA-N,"1,1-difluoroethane",2-propanol,309.99,4.54,1.5129270120532563,Chromatography,True,train,0.6875005621573331
j.jct.2005.08.004.xml,2006,23,NPNPZTNLOVBDOC-UHFFFAOYSA-N,KFZMGEQAYNKOFK-UHFFFAOYSA-N,"1,1-difluoroethane",2-propanol,330.0,3.98,1.3812818192963463,Chromatography,True,train,0.608537356520276
j.jct.2005.08.004.xml,2006,39,NPNPZTNLOVBDOC-UHFFFAOYSA-N,LRHPLDYGYMQRHN-UHFFFAOYSA-N,"1,1-difluoroethane",1-butanol,269.94,5.59,1.7209792871670078,Chromatography,True,train,0.835874296406558
j.jct.2005.08.004.xml,2006,39,NPNPZTNLOVBDOC-UHFFFAOYSA-N,LRHPLDYGYMQRHN-UHFFFAOYSA-N,"1,1-difluoroethane",1-butanol,289.99,5.2,1.6486586255873816,Chromatography,True,train,0.7365275535251592
j.jct.2005.08.004.xml,2006,39,NPNPZTNLOVBDOC-UHFFFAOYSA-N,LRHPLDYGYMQRHN-UHFFFAOYSA-N,"1,1-difluoroethane",1-butanol,309.99,4.73,1.5539252025038417,Chromatography,True,train,0.6473557381760682
j.jct.2005.08.004.xml,2006,39,NPNPZTNLOVBDOC-UHFFFAOYSA-N,LRHPLDYGYMQRHN-UHFFFAOYSA-N,"1,1-difluoroethane",1-butanol,330.01,4.25,1.4469189829363254,Chromatography,True,train,0.5689633779397082
j.jct.2005.08.004.xml,2006,7,NPNPZTNLOVBDOC-UHFFFAOYSA-N,OKKJLVBELUTLKV-UHFFFAOYSA-N,"1,1-difluoroethane",methanol,269.97,4.43,1.4883995840570443,Chromatography,True,train,1.753960413244289
j.jct.2005.08.004.xml,2006,7,NPNPZTNLOVBDOC-UHFFFAOYSA-N,OKKJLVBELUTLKV-UHFFFAOYSA-N,"1,1-difluoroethane",methanol,289.99,4.53,1.5107219394949427,Chromatography,True,train,1.623580968815089
j.jct.2005.08.004.xml,2006,7,NPNPZTNLOVBDOC-UHFFFAOYSA-N,OKKJLVBELUTLKV-UHFFFAOYSA-N,"1,1-difluoroethane",methanol,300.0,4.56,1.5173226235262949,Chromatography,True,train,1.5591661305738753
j.jct.2005.08.004.xml,2006,7,NPNPZTNLOVBDOC-UHFFFAOYSA-N,OKKJLVBELUTLKV-UHFFFAOYSA-N,"1,1-difluoroethane",methanol,310.0,4.55,1.5151272329628591,Chromatography,True,train,1.496318261240431
j.jct.2005.08.004.xml,2006,7,NPNPZTNLOVBDOC-UHFFFAOYSA-N,OKKJLVBELUTLKV-UHFFFAOYSA-N,"1,1-difluoroethane",methanol,320.0,4.51,1.506297153514587,Chromatography,True,train,1.435486868951267
j.jct.2005.08.004.xml,2006,7,NPNPZTNLOVBDOC-UHFFFAOYSA-N,OKKJLVBELUTLKV-UHFFFAOYSA-N,"1,1-difluoroethane",methanol,330.0,4.42,1.4861396960896067,Chromatography,True,train,1.3770343508645415
j.jct.2005.08.004.xml,2006,101,NPNPZTNLOVBDOC-UHFFFAOYSA-N,PHTQWCKDNZKARW-UHFFFAOYSA-N,"1,1-difluoroethane",3-methyl-1-butanol,270.03,5.4,1.6863989535702288,Chromatography,True,train,0.9718962841045201
j.jct.2005.08.004.xml,2006,101,NPNPZTNLOVBDOC-UHFFFAOYSA-N,PHTQWCKDNZKARW-UHFFFAOYSA-N,"1,1-difluoroethane",3-methyl-1-butanol,290.0,4.91,1.5912739418064292,Chromatography,True,train,0.856973876420436
j.jct.2005.08.004.xml,2006,101,NPNPZTNLOVBDOC-UHFFFAOYSA-N,PHTQWCKDNZKARW-UHFFFAOYSA-N,"1,1-difluoroethane",3-methyl-1-butanol,309.99,4.38,1.4770487243883548,Chromatography,True,train,0.7546993550957022
j.jct.2005.08.004.xml,2006,101,NPNPZTNLOVBDOC-UHFFFAOYSA-N,PHTQWCKDNZKARW-UHFFFAOYSA-N,"1,1-difluoroethane",3-methyl-1-butanol,329.99,3.86,1.3506671834767394,Chromatography,True,train,0.6652531764843466
je060395n.xml,2007,143,NPNPZTNLOVBDOC-UHFFFAOYSA-N,PPBRXRYQALVLMV-UHFFFAOYSA-N,"1,1-difluoroethane",styrene,270.07,3.67,1.3001916620664788,calculated from henry's law constants,True,train,0.5867377054200813
je060395n.xml,2007,143,NPNPZTNLOVBDOC-UHFFFAOYSA-N,PPBRXRYQALVLMV-UHFFFAOYSA-N,"1,1-difluoroethane",styrene,309.84,3.5,1.252762968495368,calculated from henry's law constants,True,train,0.495722529943309
je060395n.xml,2007,143,NPNPZTNLOVBDOC-UHFFFAOYSA-N,PPBRXRYQALVLMV-UHFFFAOYSA-N,"1,1-difluoroethane",styrene,329.99,3.4,1.2237754316221157,calculated from henry's law constants,True,train,0.45798068364732025
j.jct.2005.08.004.xml,2006,85,NPNPZTNLOVBDOC-UHFFFAOYSA-N,QPRQEDXDYOZYLA-YFKPBYRVSA-N,"1,1-difluoroethane",2-methyl-1-butanol,270.01,6.59,1.885553348514416,Chromatography,True,train,0.7617043423099217
j.jct.2005.08.004.xml,2006,85,NPNPZTNLOVBDOC-UHFFFAOYSA-N,QPRQEDXDYOZYLA-YFKPBYRVSA-N,"1,1-difluoroethane",2-methyl-1-butanol,289.99,5.77,1.7526720805200082,Chromatography,True,train,0.6718560314105093
j.jct.2005.08.004.xml,2006,85,NPNPZTNLOVBDOC-UHFFFAOYSA-N,QPRQEDXDYOZYLA-YFKPBYRVSA-N,"1,1-difluoroethane",2-methyl-1-butanol,309.99,4.95,1.599387576580599,Chromatography,True,train,0.5915730081631912
j.jct.2005.08.004.xml,2006,85,NPNPZTNLOVBDOC-UHFFFAOYSA-N,QPRQEDXDYOZYLA-YFKPBYRVSA-N,"1,1-difluoroethane",2-methyl-1-butanol,330.0,4.19,1.4327007339340465,Chromatography,True,train,0.5213916009031605
je100529s.xml,2010,23,NPNPZTNLOVBDOC-UHFFFAOYSA-N,QWVGKYWNOKOFNN-UHFFFAOYSA-N,freon 152a,2-methylphenol,299.99,4.02,1.3912819026309295,Gas Stripping Method,True,train,0.7235350095086517
je100529s.xml,2010,23,NPNPZTNLOVBDOC-UHFFFAOYSA-N,QWVGKYWNOKOFNN-UHFFFAOYSA-N,freon 152a,2-methylphenol,309.99,3.84,1.3454723665996355,Gas Stripping Method,True,train,0.6839651820253043
je100529s.xml,2010,23,NPNPZTNLOVBDOC-UHFFFAOYSA-N,QWVGKYWNOKOFNN-UHFFFAOYSA-N,freon 152a,2-methylphenol,319.99,3.67,1.3001916620664788,Gas Stripping Method,True,train,0.6474774743598591
je100529s.xml,2010,23,NPNPZTNLOVBDOC-UHFFFAOYSA-N,QWVGKYWNOKOFNN-UHFFFAOYSA-N,freon 152a,2-methylphenol,329.99,3.49,1.249901736214336,Gas Stripping Method,True,train,0.6138680180632051
je100529s.xml,2010,47,NPNPZTNLOVBDOC-UHFFFAOYSA-N,RLSSMJSEOOYNOY-UHFFFAOYSA-N,freon 152a,3-methylphenol,289.98,4.79,1.5665304114228238,Gas Stripping Method,True,train,0.816763021737759
je100529s.xml,2010,47,NPNPZTNLOVBDOC-UHFFFAOYSA-N,RLSSMJSEOOYNOY-UHFFFAOYSA-N,freon 152a,3-methylphenol,299.98,4.59,1.5238800240724537,Gas Stripping Method,True,train,0.7702321105643578
je100529s.xml,2010,47,NPNPZTNLOVBDOC-UHFFFAOYSA-N,RLSSMJSEOOYNOY-UHFFFAOYSA-N,freon 152a,3-methylphenol,309.99,4.37,1.4747630091074988,Gas Stripping Method,True,train,0.7272107170154274
je100529s.xml,2010,47,NPNPZTNLOVBDOC-UHFFFAOYSA-N,RLSSMJSEOOYNOY-UHFFFAOYSA-N,freon 152a,3-methylphenol,319.99,4.16,1.425515074273172,Gas Stripping Method,True,train,0.6875826968491151
je100529s.xml,2010,47,NPNPZTNLOVBDOC-UHFFFAOYSA-N,RLSSMJSEOOYNOY-UHFFFAOYSA-N,freon 152a,3-methylphenol,329.99,3.98,1.3812818192963463,Gas Stripping Method,True,train,0.6510758720747406
je060395n.xml,2007,133,NPNPZTNLOVBDOC-UHFFFAOYSA-N,UHOVQNZJYSORNB-UHFFFAOYSA-N,"1,1-difluoroethane",benzene,279.99,2.42,0.883767540168595,calculated from henry's law constants,True,train,0.46436840202609364
je060395n.xml,2007,133,NPNPZTNLOVBDOC-UHFFFAOYSA-N,UHOVQNZJYSORNB-UHFFFAOYSA-N,"1,1-difluoroethane",benzene,289.99,2.37,0.8628899551470398,calculated from henry's law constants,True,train,0.44716094909009463
je060395n.xml,2007,133,NPNPZTNLOVBDOC-UHFFFAOYSA-N,UHOVQNZJYSORNB-UHFFFAOYSA-N,"1,1-difluoroethane",benzene,309.99,2.27,0.8197798314933114,calculated from henry's law constants,True,train,0.41600398922396115
je060395n.xml,2007,133,NPNPZTNLOVBDOC-UHFFFAOYSA-N,UHOVQNZJYSORNB-UHFFFAOYSA-N,"1,1-difluoroethane",benzene,329.99,2.2,0.7884573603642703,calculated from henry's law constants,True,train,0.3885555156805204
je060395n.xml,2007,141,NPNPZTNLOVBDOC-UHFFFAOYSA-N,URLKBWYHVLBVBO-UHFFFAOYSA-N,"1,1-difluoroethane","1,4-dimethylbenzene",289.99,2.36,0.8586616190375187,calculated from henry's law constants,True,test_one,0.6065381110661251
je060395n.xml,2007,141,NPNPZTNLOVBDOC-UHFFFAOYSA-N,URLKBWYHVLBVBO-UHFFFAOYSA-N,"1,1-difluoroethane","1,4-dimethylbenzene",299.99,2.29,0.8285518175661483,calculated from henry's law constants,True,test_one,0.5798379862848185
je060395n.xml,2007,141,NPNPZTNLOVBDOC-UHFFFAOYSA-N,URLKBWYHVLBVBO-UHFFFAOYSA-N,"1,1-difluoroethane","1,4-dimethylbenzene",309.85,2.27,0.8197798314933114,calculated from henry's law constants,True,test_one,0.5552234374991175
je060395n.xml,2007,141,NPNPZTNLOVBDOC-UHFFFAOYSA-N,URLKBWYHVLBVBO-UHFFFAOYSA-N,"1,1-difluoroethane","1,4-dimethylbenzene",319.99,2.23,0.8020015854720274,calculated from henry's law constants,True,test_one,0.5315226612618189
je060395n.xml,2007,141,NPNPZTNLOVBDOC-UHFFFAOYSA-N,URLKBWYHVLBVBO-UHFFFAOYSA-N,"1,1-difluoroethane","1,4-dimethylbenzene",329.99,2.18,0.7793248768009977,calculated from henry's law constants,True,test_one,0.5096097334776284
je0502647.xml,2005,21,NPNPZTNLOVBDOC-UHFFFAOYSA-N,XXROGKLTLUQVRX-UHFFFAOYSA-N,"1,1-difluoroethane",2-propenol,270.06,4.94,1.5973653311998313,gas stripping method,True,train,0.941802567032509
je0502647.xml,2005,21,NPNPZTNLOVBDOC-UHFFFAOYSA-N,XXROGKLTLUQVRX-UHFFFAOYSA-N,"1,1-difluoroethane",2-propenol,289.99,4.68,1.5432981099295553,gas stripping method,True,train,0.8541346123988846
je0502647.xml,2005,21,NPNPZTNLOVBDOC-UHFFFAOYSA-N,XXROGKLTLUQVRX-UHFFFAOYSA-N,"1,1-difluoroethane",2-propenol,309.98,4.39,1.47932922708708,gas stripping method,True,train,0.773433673081958
je0502647.xml,2005,21,NPNPZTNLOVBDOC-UHFFFAOYSA-N,XXROGKLTLUQVRX-UHFFFAOYSA-N,"1,1-difluoroethane",2-propenol,329.99,4.02,1.3912819026309295,gas stripping method,True,train,0.7016063669351503
je060395n.xml,2007,135,NPNPZTNLOVBDOC-UHFFFAOYSA-N,YXFVVABEGXRONW-UHFFFAOYSA-N,"1,1-difluoroethane",toluene,270.0,2.33,0.8458682675776092,calculated from henry's law constants,True,train,0.5739041538172697
je060395n.xml,2007,135,NPNPZTNLOVBDOC-UHFFFAOYSA-N,YXFVVABEGXRONW-UHFFFAOYSA-N,"1,1-difluoroethane",toluene,289.98,2.28,0.8241754429663494,calculated from henry's law constants,True,train,0.5274902308342232
je060395n.xml,2007,135,NPNPZTNLOVBDOC-UHFFFAOYSA-N,YXFVVABEGXRONW-UHFFFAOYSA-N,"1,1-difluoroethane",toluene,309.94,2.2,0.7884573603642703,calculated from henry's law constants,True,train,0.4869307717621034
je060395n.xml,2007,135,NPNPZTNLOVBDOC-UHFFFAOYSA-N,YXFVVABEGXRONW-UHFFFAOYSA-N,"1,1-difluoroethane",toluene,329.99,2.14,0.7608058290337602,calculated from henry's law constants,True,train,0.4510366796927537
j.jct.2005.08.004.xml,2006,103,NPNPZTNLOVBDOC-UHFFFAOYSA-N,ZXEKIIBDNHEJCQ-UHFFFAOYSA-N,"1,1-difluoroethane",2-methyl-1-propanol,270.01,6.07,1.803358605071407,Chromatography,True,test_one,1.0638142497743857
j.jct.2005.08.004.xml,2006,103,NPNPZTNLOVBDOC-UHFFFAOYSA-N,ZXEKIIBDNHEJCQ-UHFFFAOYSA-N,"1,1-difluoroethane",2-methyl-1-propanol,289.99,5.44,1.6937790608678511,Chromatography,True,test_one,0.9334467083621463
j.jct.2005.08.004.xml,2006,103,NPNPZTNLOVBDOC-UHFFFAOYSA-N,ZXEKIIBDNHEJCQ-UHFFFAOYSA-N,"1,1-difluoroethane",2-methyl-1-propanol,309.99,4.78,1.5644405465033646,Chromatography,True,test_one,0.8184836721932808
j.jct.2005.08.004.xml,2006,103,NPNPZTNLOVBDOC-UHFFFAOYSA-N,ZXEKIIBDNHEJCQ-UHFFFAOYSA-N,"1,1-difluoroethane",2-methyl-1-propanol,329.93,4.16,1.425515074273172,Chromatography,True,test_one,0.7191119538047885
j.fluid.2009.05.005.xml,2009,3,NQRYJNQNLNOLGT-UHFFFAOYSA-N,XLYOFNOQVPJJNP-UHFFFAOYSA-N,piperidine,water,333.15,11.9,2.476538400117484,"Rayleigh distillation, circulation still",True,train,12.40246800371175
j.fluid.2009.05.005.xml,2009,3,NQRYJNQNLNOLGT-UHFFFAOYSA-N,XLYOFNOQVPJJNP-UHFFFAOYSA-N,piperidine,water,343.15,14.7,2.6878474937846906,"Rayleigh distillation, circulation still",True,train,12.16685451005517
j.fluid.2009.05.005.xml,2009,3,NQRYJNQNLNOLGT-UHFFFAOYSA-N,XLYOFNOQVPJJNP-UHFFFAOYSA-N,piperidine,water,353.15,17.7,2.873564639579784,"Rayleigh distillation, circulation still",True,train,11.93262027138236
j.fluid.2009.05.005.xml,2009,3,NQRYJNQNLNOLGT-UHFFFAOYSA-N,XLYOFNOQVPJJNP-UHFFFAOYSA-N,piperidine,water,372.6,21.0,3.044522437723423,"Rayleigh distillation, circulation still",True,train,11.484164946885372
j.fluid.2014.05.023.xml,2014,4,OBNCKNCVKJNDBV-UHFFFAOYSA-N,XLYOFNOQVPJJNP-UHFFFAOYSA-N,ethyl butanoate,water,293.15,993.0,6.900730664045173,Chromatography,True,train,16.736050461101737
j.fluid.2014.05.023.xml,2014,4,OBNCKNCVKJNDBV-UHFFFAOYSA-N,XLYOFNOQVPJJNP-UHFFFAOYSA-N,ethyl butanoate,water,303.15,1091.0,6.994849985833071,Chromatography,True,train,16.367261363741946
j.fluid.2014.05.023.xml,2014,4,OBNCKNCVKJNDBV-UHFFFAOYSA-N,XLYOFNOQVPJJNP-UHFFFAOYSA-N,ethyl butanoate,water,313.15,1148.0,7.045776576879511,Chromatography,True,train,15.999222330484223
j.fluid.2014.05.023.xml,2014,4,OBNCKNCVKJNDBV-UHFFFAOYSA-N,XLYOFNOQVPJJNP-UHFFFAOYSA-N,ethyl butanoate,water,323.15,1176.0,7.069874128458572,Chromatography,True,train,15.634286924700676
j.fluid.2014.05.023.xml,2014,4,OBNCKNCVKJNDBV-UHFFFAOYSA-N,XLYOFNOQVPJJNP-UHFFFAOYSA-N,ethyl butanoate,water,333.15,1175.0,7.069023426578259,Chromatography,True,train,15.274325060047875
j.fluid.2014.05.023.xml,2014,4,OBNCKNCVKJNDBV-UHFFFAOYSA-N,XLYOFNOQVPJJNP-UHFFFAOYSA-N,ethyl butanoate,water,341.15,1108.0,7.010311867307229,Chromatography,True,train,14.990927446146685
j.fluid.2014.05.023.xml,2014,4,OBNCKNCVKJNDBV-UHFFFAOYSA-N,XLYOFNOQVPJJNP-UHFFFAOYSA-N,ethyl butanoate,water,351.15,1034.0,6.941190055068375,Chromatography,True,train,14.643350357606629
je1005517.xml,2011,22,OFBQJSOFQDEBGM-UHFFFAOYSA-N,BTFJIXJJCSYFAL-UHFFFAOYSA-N,pentane,1-eicosanol,338.15,0.0954,-2.349676700527896,GC,True,train,0.5962048075440715
je1005517.xml,2011,22,OFBQJSOFQDEBGM-UHFFFAOYSA-N,BTFJIXJJCSYFAL-UHFFFAOYSA-N,pentane,1-eicosanol,343.15,0.0801,-2.5244794249078235,GC,True,train,0.5778281587651422
je1005517.xml,2011,22,OFBQJSOFQDEBGM-UHFFFAOYSA-N,BTFJIXJJCSYFAL-UHFFFAOYSA-N,pentane,1-eicosanol,348.15,0.0668,-2.706052198439537,GC,True,train,0.5600399752895182
je1005517.xml,2011,22,OFBQJSOFQDEBGM-UHFFFAOYSA-N,BTFJIXJJCSYFAL-UHFFFAOYSA-N,pentane,1-eicosanol,353.15,0.0564,-2.875286120478124,GC,True,train,0.5428117310990113
je1005517.xml,2011,0,OFBQJSOFQDEBGM-UHFFFAOYSA-N,GLDOVTGHNKAZLK-UHFFFAOYSA-N,pentane,1-octadecanol,333.15,0.0292,-3.533586569707901,GC,True,train,0.5787180533694414
je1005517.xml,2011,0,OFBQJSOFQDEBGM-UHFFFAOYSA-N,GLDOVTGHNKAZLK-UHFFFAOYSA-N,pentane,1-octadecanol,338.15,0.0272,-3.6045383056801854,GC,True,train,0.5609508207410809
je1005517.xml,2011,0,OFBQJSOFQDEBGM-UHFFFAOYSA-N,GLDOVTGHNKAZLK-UHFFFAOYSA-N,pentane,1-octadecanol,343.15,0.0259,-3.653512310276645,GC,True,train,0.543775396166426
je1005517.xml,2011,0,OFBQJSOFQDEBGM-UHFFFAOYSA-N,GLDOVTGHNKAZLK-UHFFFAOYSA-N,pentane,1-octadecanol,348.15,0.0243,-3.7172789286356345,GC,True,train,0.5271621630455332
je1005517.xml,2011,0,OFBQJSOFQDEBGM-UHFFFAOYSA-N,GLDOVTGHNKAZLK-UHFFFAOYSA-N,pentane,1-octadecanol,353.15,0.0231,-3.767922661454389,GC,True,train,0.511083392089019
j.jct.2012.01.016.xml,2012,0,OFBQJSOFQDEBGM-UHFFFAOYSA-N,HYBBIBNJHNGZAN-UHFFFAOYSA-N,pentane,2-furaldehyde,298.15,20.8,3.0349529867072724,Headspace solid phase microextraction,True,test_one,3.206097563355819
j.jct.2012.01.016.xml,2012,0,OFBQJSOFQDEBGM-UHFFFAOYSA-N,HYBBIBNJHNGZAN-UHFFFAOYSA-N,pentane,2-furaldehyde,298.15,20.4,3.0155349008501706,Headspace solid phase microextraction,True,test_one,3.206097563355819
j.jct.2012.01.016.xml,2012,0,OFBQJSOFQDEBGM-UHFFFAOYSA-N,HYBBIBNJHNGZAN-UHFFFAOYSA-N,pentane,2-furaldehyde,308.15,17.9,2.884800712846709,Headspace solid phase microextraction,True,test_one,3.1260340390540597
j.jct.2012.01.016.xml,2012,0,OFBQJSOFQDEBGM-UHFFFAOYSA-N,HYBBIBNJHNGZAN-UHFFFAOYSA-N,pentane,2-furaldehyde,308.15,16.9,2.827313621929028,Headspace solid phase microextraction,True,test_one,3.1260340390540597
j.jct.2012.01.016.xml,2012,0,OFBQJSOFQDEBGM-UHFFFAOYSA-N,HYBBIBNJHNGZAN-UHFFFAOYSA-N,pentane,2-furaldehyde,318.15,16.8,2.8213788864092133,Headspace solid phase microextraction,True,test_one,3.0481954047716817
j.jct.2012.01.016.xml,2012,0,OFBQJSOFQDEBGM-UHFFFAOYSA-N,HYBBIBNJHNGZAN-UHFFFAOYSA-N,pentane,2-furaldehyde,318.15,15.0,2.70805020110221,Headspace solid phase microextraction,True,test_one,3.0481954047716817
j.jct.2016.10.013.xml,2017,4,OFBQJSOFQDEBGM-UHFFFAOYSA-N,LYCAIKOWRPUZTN-UHFFFAOYSA-N,n-pentane,ethylene glycol,303.15,436.0,6.077642243349034,Other,True,train,6.7767515856014935
j.jct.2016.10.013.xml,2017,4,OFBQJSOFQDEBGM-UHFFFAOYSA-N,LYCAIKOWRPUZTN-UHFFFAOYSA-N,n-pentane,ethylene glycol,313.15,389.0,5.963579343618446,Other,True,train,6.6179680206337475
j.jct.2016.10.013.xml,2017,4,OFBQJSOFQDEBGM-UHFFFAOYSA-N,LYCAIKOWRPUZTN-UHFFFAOYSA-N,n-pentane,ethylene glycol,323.15,338.0,5.823045895483019,Other,True,train,6.461816964328209
j.jct.2016.10.013.xml,2017,5,OFBQJSOFQDEBGM-UHFFFAOYSA-N,MTHSVFCYNBDYFN-UHFFFAOYSA-N,n-pentane,diethylene glycol,304.15,74.1,4.3054155323020415,Other,True,test_one,4.200757553246218
j.jct.2016.10.013.xml,2017,5,OFBQJSOFQDEBGM-UHFFFAOYSA-N,MTHSVFCYNBDYFN-UHFFFAOYSA-N,n-pentane,diethylene glycol,313.15,70.5,4.255612709818223,Other,True,test_one,4.105002121665509
j.jct.2016.10.013.xml,2017,5,OFBQJSOFQDEBGM-UHFFFAOYSA-N,MTHSVFCYNBDYFN-UHFFFAOYSA-N,n-pentane,diethylene glycol,323.15,66.4,4.1956970564823886,Other,True,test_one,4.001314334318228
j.jct.2013.05.011.xml,2013,4,OFBQJSOFQDEBGM-UHFFFAOYSA-N,MTHSVFCYNBDYFN-UHFFFAOYSA-N,n-pentane,diethylene glycol,333.2,70.18,4.2510633701550695,Chromatography,True,test_one,3.900367385830724
j.jct.2013.05.011.xml,2013,4,OFBQJSOFQDEBGM-UHFFFAOYSA-N,MTHSVFCYNBDYFN-UHFFFAOYSA-N,n-pentane,diethylene glycol,348.2,53.76,3.984529696214894,Chromatography,True,test_one,3.756269613612163
j.jct.2013.05.011.xml,2013,4,OFBQJSOFQDEBGM-UHFFFAOYSA-N,MTHSVFCYNBDYFN-UHFFFAOYSA-N,n-pentane,diethylene glycol,363.2,54.19,3.992496389578023,Chromatography,True,test_one,3.6202733581825357
je200628n.xml,2011,0,OFBQJSOFQDEBGM-UHFFFAOYSA-N,PWGJDPKCLMLPJW-UHFFFAOYSA-N,pentane,"1,8-diaminooctane",328.21,1.373,0.316998126785834,Chromatography,True,train,1.0155250696833094
je200628n.xml,2011,0,OFBQJSOFQDEBGM-UHFFFAOYSA-N,PWGJDPKCLMLPJW-UHFFFAOYSA-N,pentane,"1,8-diaminooctane",338.23,1.266,0.2358623237219844,Chromatography,True,train,0.9907775542602179
je200628n.xml,2011,0,OFBQJSOFQDEBGM-UHFFFAOYSA-N,PWGJDPKCLMLPJW-UHFFFAOYSA-N,pentane,"1,8-diaminooctane",343.19,1.215,0.1947440767925118,Chromatography,True,train,0.978774569518799
je200628n.xml,2011,0,OFBQJSOFQDEBGM-UHFFFAOYSA-N,PWGJDPKCLMLPJW-UHFFFAOYSA-N,pentane,"1,8-diaminooctane",348.25,1.163,0.1510028735365274,Chromatography,True,train,0.9666938598276662
j.jct.2013.02.006.xml,2013,24,OFBQJSOFQDEBGM-UHFFFAOYSA-N,SECXISVLQFMRJM-UHFFFAOYSA-N,pentane,1-methylpyrrolidone,333.2,8.32,2.1186622548331173,Chromatography,True,train,0.6421775843015999
j.jct.2013.02.006.xml,2013,24,OFBQJSOFQDEBGM-UHFFFAOYSA-N,SECXISVLQFMRJM-UHFFFAOYSA-N,pentane,1-methylpyrrolidone,348.2,8.11,2.0930978681273213,Chromatography,True,train,0.6506977832021539
j.jct.2013.02.006.xml,2013,24,OFBQJSOFQDEBGM-UHFFFAOYSA-N,SECXISVLQFMRJM-UHFFFAOYSA-N,pentane,1-methylpyrrolidone,363.2,7.54,2.020222182019865,Chromatography,True,train,0.6558145932667445
j.jct.2013.05.011.xml,2013,27,OFBQJSOFQDEBGM-UHFFFAOYSA-N,ZIBGPFATKBEMQZ-UHFFFAOYSA-N,n-pentane,triethylene glycol,333.2,33.71,3.5177945292459696,Chromatography,True,train,2.8651887011134223
j.jct.2013.05.011.xml,2013,27,OFBQJSOFQDEBGM-UHFFFAOYSA-N,ZIBGPFATKBEMQZ-UHFFFAOYSA-N,n-pentane,triethylene glycol,348.2,30.84,3.4288125486951286,Chromatography,True,train,2.7476472585890934
j.jct.2013.05.011.xml,2013,27,OFBQJSOFQDEBGM-UHFFFAOYSA-N,ZIBGPFATKBEMQZ-UHFFFAOYSA-N,n-pentane,triethylene glycol,363.2,23.18,3.1432898379116057,Chromatography,True,train,2.6375061664804216
je800517r.xml,2008,5,OHLUUHNLEMFGTQ-UHFFFAOYSA-N,XLYOFNOQVPJJNP-UHFFFAOYSA-N,N-methylacetamide,water,333.15,1.7,0.5306282510621704,"comparative ebulliometry, circulation still, and differential distillation method",True,test_one,5.848351516526532
je800517r.xml,2008,5,OHLUUHNLEMFGTQ-UHFFFAOYSA-N,XLYOFNOQVPJJNP-UHFFFAOYSA-N,N-methylacetamide,water,343.15,1.78,0.5766133643039938,"comparative ebulliometry, circulation still, and differential distillation method",True,test_one,5.726042506190315
je800517r.xml,2008,5,OHLUUHNLEMFGTQ-UHFFFAOYSA-N,XLYOFNOQVPJJNP-UHFFFAOYSA-N,N-methylacetamide,water,353.15,1.82,0.598836501088704,"comparative ebulliometry, circulation still, and differential distillation method",True,test_one,5.6078300396356
j.fluid.2010.05.010.xml,2010,2,OIFBSDVPJOWBCH-UHFFFAOYSA-N,XLYOFNOQVPJJNP-UHFFFAOYSA-N,diethyl carbonate,water,273.35,246.0,5.5053315359323625,Inert gas stripping,True,train,14.624337456363254
j.fluid.2010.05.010.xml,2010,2,OIFBSDVPJOWBCH-UHFFFAOYSA-N,XLYOFNOQVPJJNP-UHFFFAOYSA-N,diethyl carbonate,water,283.15,299.0,5.700443573390687,Inert gas stripping,True,train,14.354185261315722
j.fluid.2010.05.010.xml,2010,2,OIFBSDVPJOWBCH-UHFFFAOYSA-N,XLYOFNOQVPJJNP-UHFFFAOYSA-N,diethyl carbonate,water,293.15,353.0,5.8664680569332965,Inert gas stripping,True,train,14.067653978985204
j.fluid.2010.05.010.xml,2010,2,OIFBSDVPJOWBCH-UHFFFAOYSA-N,XLYOFNOQVPJJNP-UHFFFAOYSA-N,diethyl carbonate,water,298.15,374.0,5.924255797414532,Inert gas stripping,True,train,13.92160232646705
j.fluid.2010.05.010.xml,2010,2,OIFBSDVPJOWBCH-UHFFFAOYSA-N,XLYOFNOQVPJJNP-UHFFFAOYSA-N,diethyl carbonate,water,303.15,394.0,5.976350909297934,Inert gas stripping,True,train,13.774308416559435
j.fluid.2010.05.010.xml,2010,2,OIFBSDVPJOWBCH-UHFFFAOYSA-N,XLYOFNOQVPJJNP-UHFFFAOYSA-N,diethyl carbonate,water,313.15,408.0,6.0112671744041615,Inert gas stripping,True,train,13.477574090785446
j.fluid.2010.05.010.xml,2010,2,OIFBSDVPJOWBCH-UHFFFAOYSA-N,XLYOFNOQVPJJNP-UHFFFAOYSA-N,diethyl carbonate,water,323.15,394.0,5.976350909297934,Inert gas stripping,True,train,13.180223855396754
j.fluid.2010.05.010.xml,2010,2,OIFBSDVPJOWBCH-UHFFFAOYSA-N,XLYOFNOQVPJJNP-UHFFFAOYSA-N,diethyl carbonate,water,333.15,388.0,5.961005339623274,Inert gas stripping,True,train,12.884477139324911
je1005517.xml,2011,25,OKKJLVBELUTLKV-UHFFFAOYSA-N,BTFJIXJJCSYFAL-UHFFFAOYSA-N,methanol,1-eicosanol,338.15,0.1219,-2.104554242494911,GC,True,train,2.8525364620984126
je1005517.xml,2011,25,OKKJLVBELUTLKV-UHFFFAOYSA-N,BTFJIXJJCSYFAL-UHFFFAOYSA-N,methanol,1-eicosanol,343.15,0.0967,-2.3361418765228885,GC,True,train,2.787729829615395
je1005517.xml,2011,25,OKKJLVBELUTLKV-UHFFFAOYSA-N,BTFJIXJJCSYFAL-UHFFFAOYSA-N,methanol,1-eicosanol,348.15,0.0737,-2.6077524797868463,GC,True,train,2.7247935105336274
je1005517.xml,2011,25,OKKJLVBELUTLKV-UHFFFAOYSA-N,BTFJIXJJCSYFAL-UHFFFAOYSA-N,methanol,1-eicosanol,353.15,0.0574,-2.8577109756566164,GC,True,train,2.6636668180911953
j.jct.2012.12.009.xml,2013,67,OKKJLVBELUTLKV-UHFFFAOYSA-N,DTOSIQBPPRVQHS-PDBXOOCHSA-N,methyl alcohol,"9,12,15-octadecatrienoic acid",303.13,1.164,0.151862349309246,Chromatography,True,train,
j.jct.2012.12.009.xml,2013,67,OKKJLVBELUTLKV-UHFFFAOYSA-N,DTOSIQBPPRVQHS-PDBXOOCHSA-N,methyl alcohol,"9,12,15-octadecatrienoic acid",313.24,1.291,0.2554171118645054,Chromatography,True,train,
j.jct.2012.12.009.xml,2013,67,OKKJLVBELUTLKV-UHFFFAOYSA-N,DTOSIQBPPRVQHS-PDBXOOCHSA-N,methyl alcohol,"9,12,15-octadecatrienoic acid",323.26,1.357,0.305276380852732,Chromatography,True,train,
j.jct.2012.06.009.xml,2012,7,OKKJLVBELUTLKV-UHFFFAOYSA-N,GHVNFZFCNZKVNT-UHFFFAOYSA-N,methanol,capric acid,314.24,2.14,0.7608058290337602,Chromatography,True,train,1.7207688795428666
j.jct.2012.06.009.xml,2012,7,OKKJLVBELUTLKV-UHFFFAOYSA-N,GHVNFZFCNZKVNT-UHFFFAOYSA-N,methanol,capric acid,333.38,1.845,0.6124792774924905,Chromatography,True,train,1.583147047897833
j.jct.2012.06.009.xml,2012,7,OKKJLVBELUTLKV-UHFFFAOYSA-N,GHVNFZFCNZKVNT-UHFFFAOYSA-N,methanol,capric acid,353.08,1.462,0.3798053613275867,Chromatography,True,train,1.4549121380883099
j.jct.2012.06.009.xml,2012,7,OKKJLVBELUTLKV-UHFFFAOYSA-N,GHVNFZFCNZKVNT-UHFFFAOYSA-N,methanol,capric acid,353.3,1.569,0.4504384737508955,Chromatography,True,train,1.4535538004102944
je1005517.xml,2011,3,OKKJLVBELUTLKV-UHFFFAOYSA-N,GLDOVTGHNKAZLK-UHFFFAOYSA-N,methanol,1-octadecanol,333.15,0.0423,-3.1629681929299047,GC,True,train,2.736458461378809
je1005517.xml,2011,3,OKKJLVBELUTLKV-UHFFFAOYSA-N,GLDOVTGHNKAZLK-UHFFFAOYSA-N,methanol,1-octadecanol,338.15,0.0386,-3.254503002511352,GC,True,train,2.673987660332855
je1005517.xml,2011,3,OKKJLVBELUTLKV-UHFFFAOYSA-N,GLDOVTGHNKAZLK-UHFFFAOYSA-N,methanol,1-octadecanol,343.15,0.0357,-3.3326045901965435,GC,True,train,2.6133057209324044
je1005517.xml,2011,3,OKKJLVBELUTLKV-UHFFFAOYSA-N,GLDOVTGHNKAZLK-UHFFFAOYSA-N,methanol,1-octadecanol,348.15,0.033,-3.4112477175156566,GC,True,train,2.554359986716076
je1005517.xml,2011,3,OKKJLVBELUTLKV-UHFFFAOYSA-N,GLDOVTGHNKAZLK-UHFFFAOYSA-N,methanol,1-octadecanol,353.15,0.0306,-3.486755270023802,GC,True,train,2.4970966696126564
j.jct.2012.06.009.xml,2012,71,OKKJLVBELUTLKV-UHFFFAOYSA-N,IPCSVZSSVZVIGE-UHFFFAOYSA-N,methanol,hexadecanoic acid,340.17,2.088,0.7362066700203923,Chromatography,True,train,1.9635074564634654
j.jct.2012.06.009.xml,2012,71,OKKJLVBELUTLKV-UHFFFAOYSA-N,IPCSVZSSVZVIGE-UHFFFAOYSA-N,methanol,hexadecanoic acid,347.93,1.935,0.6601073264817452,Chromatography,True,train,1.8896216751581556
j.jct.2012.06.009.xml,2012,71,OKKJLVBELUTLKV-UHFFFAOYSA-N,IPCSVZSSVZVIGE-UHFFFAOYSA-N,methanol,hexadecanoic acid,358.23,1.798,0.5866749360494286,Chromatography,True,train,1.7967481644512737
j.jct.2013.05.011.xml,2013,20,OKKJLVBELUTLKV-UHFFFAOYSA-N,MTHSVFCYNBDYFN-UHFFFAOYSA-N,methanol,diethylene glycol,333.2,0.988,-0.0120725812342692,Chromatography,True,test_one,0.2725099495974045
j.jct.2013.05.011.xml,2013,20,OKKJLVBELUTLKV-UHFFFAOYSA-N,MTHSVFCYNBDYFN-UHFFFAOYSA-N,methanol,diethylene glycol,348.2,1.01,0.009950330853168,Chromatography,True,test_one,0.24735987523764397
j.jct.2013.05.011.xml,2013,20,OKKJLVBELUTLKV-UHFFFAOYSA-N,MTHSVFCYNBDYFN-UHFFFAOYSA-N,methanol,diethylene glycol,363.2,1.02,0.0198026272961797,Chromatography,True,test_one,0.22420098736315805
j.jct.2012.12.009.xml,2013,48,OKKJLVBELUTLKV-UHFFFAOYSA-N,OYHQOLUKZRVURQ-HZJYTTRNSA-N,methyl alcohol,linoleic acid,338.28,1.454,0.3743183791113276,Chromatography,True,train,2.2527482739368354
j.jct.2012.12.009.xml,2013,48,OKKJLVBELUTLKV-UHFFFAOYSA-N,OYHQOLUKZRVURQ-HZJYTTRNSA-N,methyl alcohol,linoleic acid,348.31,1.328,0.2836740510542421,Chromatography,True,train,2.1474135542624704
j.jct.2012.06.009.xml,2012,28,OKKJLVBELUTLKV-UHFFFAOYSA-N,POULHZVOKOAJMA-UHFFFAOYSA-N,methanol,lauric acid,314.1,1.811,0.5938791789012763,Chromatography,True,train,2.0435611995530674
j.jct.2012.06.009.xml,2012,28,OKKJLVBELUTLKV-UHFFFAOYSA-N,POULHZVOKOAJMA-UHFFFAOYSA-N,methanol,lauric acid,328.82,1.896,0.63974640383283,Chromatography,True,train,1.9156937189508922
j.jct.2012.06.009.xml,2012,28,OKKJLVBELUTLKV-UHFFFAOYSA-N,POULHZVOKOAJMA-UHFFFAOYSA-N,methanol,lauric acid,333.26,1.672,0.5140205146625099,Chromatography,True,train,1.879025949204691
j.jct.2012.06.009.xml,2012,28,OKKJLVBELUTLKV-UHFFFAOYSA-N,POULHZVOKOAJMA-UHFFFAOYSA-N,methanol,lauric acid,343.65,1.656,0.504405055963068,Chromatography,True,train,1.7965608487496818
j.jct.2012.06.009.xml,2012,28,OKKJLVBELUTLKV-UHFFFAOYSA-N,POULHZVOKOAJMA-UHFFFAOYSA-N,methanol,lauric acid,353.3,1.582,0.4586898693454622,Chromatography,True,train,1.7240206949895769
je200628n.xml,2011,10,OKKJLVBELUTLKV-UHFFFAOYSA-N,PWGJDPKCLMLPJW-UHFFFAOYSA-N,methanol,"1,8-diaminooctane",328.15,0.284,-1.258781040820931,Chromatography,True,train,0.5367487198277592
je200628n.xml,2011,10,OKKJLVBELUTLKV-UHFFFAOYSA-N,PWGJDPKCLMLPJW-UHFFFAOYSA-N,methanol,"1,8-diaminooctane",338.15,0.317,-1.1488535051048565,Chromatography,True,train,0.5321064827478194
je200628n.xml,2011,10,OKKJLVBELUTLKV-UHFFFAOYSA-N,PWGJDPKCLMLPJW-UHFFFAOYSA-N,methanol,"1,8-diaminooctane",343.15,0.34,-1.0788096613719298,Chromatography,True,train,0.5279826790212973
je200628n.xml,2011,10,OKKJLVBELUTLKV-UHFFFAOYSA-N,PWGJDPKCLMLPJW-UHFFFAOYSA-N,methanol,"1,8-diaminooctane",348.15,0.369,-0.99695863494161,Chromatography,True,train,0.5228604489663704
j.jct.2012.12.009.xml,2013,7,OKKJLVBELUTLKV-UHFFFAOYSA-N,QIQXTHQIDYTFRH-UHFFFAOYSA-N,methyl alcohol,n-octadecanoic acid,349.48,1.964,0.6749832099322741,Chromatography,True,train,2.0654709612719677
j.jct.2012.12.009.xml,2013,7,OKKJLVBELUTLKV-UHFFFAOYSA-N,QIQXTHQIDYTFRH-UHFFFAOYSA-N,methyl alcohol,n-octadecanoic acid,358.39,1.924,0.6544063522435147,Chromatography,True,train,1.97882569279187
j.jct.2012.12.009.xml,2013,7,OKKJLVBELUTLKV-UHFFFAOYSA-N,QIQXTHQIDYTFRH-UHFFFAOYSA-N,methyl alcohol,n-octadecanoic acid,368.13,1.751,0.5601870533037148,Chromatography,True,train,1.8892864582315796
j.jct.2013.02.006.xml,2013,41,OKKJLVBELUTLKV-UHFFFAOYSA-N,SECXISVLQFMRJM-UHFFFAOYSA-N,methyl alcohol,1-methylpyrrolidone,333.2,0.482,-0.7298111649315367,Chromatography,True,train,0.39459798675737284
j.jct.2013.02.006.xml,2013,41,OKKJLVBELUTLKV-UHFFFAOYSA-N,SECXISVLQFMRJM-UHFFFAOYSA-N,methyl alcohol,1-methylpyrrolidone,348.2,0.556,-0.5869869847315546,Chromatography,True,train,0.3974901504394354
j.jct.2013.02.006.xml,2013,41,OKKJLVBELUTLKV-UHFFFAOYSA-N,SECXISVLQFMRJM-UHFFFAOYSA-N,methyl alcohol,1-methylpyrrolidone,363.2,0.511,-0.6713856887784326,Chromatography,True,train,0.3924895920848086
j.jct.2012.06.009.xml,2012,50,OKKJLVBELUTLKV-UHFFFAOYSA-N,TUNFSRHWOTWDNC-UHFFFAOYSA-N,methanol,tetradecanoic acid,314.24,1.919,0.6518042170255629,Chromatography,True,train,2.018456849987585
j.jct.2012.06.009.xml,2012,50,OKKJLVBELUTLKV-UHFFFAOYSA-N,TUNFSRHWOTWDNC-UHFFFAOYSA-N,methanol,tetradecanoic acid,333.26,1.732,0.5492768101402434,Chromatography,True,train,1.8371972484415466
j.jct.2012.06.009.xml,2012,50,OKKJLVBELUTLKV-UHFFFAOYSA-N,TUNFSRHWOTWDNC-UHFFFAOYSA-N,methanol,tetradecanoic acid,333.38,1.709,0.5359084041334539,Chromatography,True,train,1.8361157469596323
j.jct.2012.06.009.xml,2012,50,OKKJLVBELUTLKV-UHFFFAOYSA-N,TUNFSRHWOTWDNC-UHFFFAOYSA-N,methanol,tetradecanoic acid,338.29,1.997,0.6916460544336782,Chromatography,True,train,1.7925116368832525
j.jct.2012.06.009.xml,2012,50,OKKJLVBELUTLKV-UHFFFAOYSA-N,TUNFSRHWOTWDNC-UHFFFAOYSA-N,methanol,tetradecanoic acid,353.3,1.564,0.4472466421231194,Chromatography,True,train,1.6667987556485608
j.jct.2012.06.009.xml,2012,50,OKKJLVBELUTLKV-UHFFFAOYSA-N,TUNFSRHWOTWDNC-UHFFFAOYSA-N,methanol,tetradecanoic acid,358.31,1.596,0.4675004990276171,Chromatography,True,train,1.6272708612800781
j.fluid.2005.08.018.xml,2005,0,OKKJLVBELUTLKV-UHFFFAOYSA-N,XLYOFNOQVPJJNP-UHFFFAOYSA-N,methanol,water,273.35,1.23,0.2070141693843261,headspace analysis,True,train,2.1370156058523464
j.fluid.2005.08.018.xml,2005,0,OKKJLVBELUTLKV-UHFFFAOYSA-N,XLYOFNOQVPJJNP-UHFFFAOYSA-N,methanol,water,283.15,1.4,0.3364722366212129,headspace analysis,True,train,2.1382978284480965
j.fluid.2005.08.018.xml,2005,0,OKKJLVBELUTLKV-UHFFFAOYSA-N,XLYOFNOQVPJJNP-UHFFFAOYSA-N,methanol,water,293.15,1.55,0.4382549309311553,headspace analysis,True,train,2.133713678124769
j.fluid.2005.08.018.xml,2005,1,OKKJLVBELUTLKV-UHFFFAOYSA-N,XLYOFNOQVPJJNP-UHFFFAOYSA-N,methanol,water,303.15,1.71,0.5364933705145685,comparative tensimetry,True,train,2.1242875574444358
j.fluid.2005.08.018.xml,2005,1,OKKJLVBELUTLKV-UHFFFAOYSA-N,XLYOFNOQVPJJNP-UHFFFAOYSA-N,methanol,water,308.15,1.8,0.5877866649021191,comparative tensimetry,True,train,2.118052017012092
j.fluid.2005.08.018.xml,2005,1,OKKJLVBELUTLKV-UHFFFAOYSA-N,XLYOFNOQVPJJNP-UHFFFAOYSA-N,methanol,water,313.15,1.88,0.6312717768418578,comparative tensimetry,True,train,2.1109363346963823
j.fluid.2005.08.018.xml,2005,1,OKKJLVBELUTLKV-UHFFFAOYSA-N,XLYOFNOQVPJJNP-UHFFFAOYSA-N,methanol,water,318.15,1.95,0.6678293725756554,comparative tensimetry,True,train,2.103030088482979
j.fluid.2005.08.018.xml,2005,1,OKKJLVBELUTLKV-UHFFFAOYSA-N,XLYOFNOQVPJJNP-UHFFFAOYSA-N,methanol,water,323.15,2.02,0.7030975114131134,comparative tensimetry,True,train,2.094414725684373
j.fluid.2005.08.018.xml,2005,1,OKKJLVBELUTLKV-UHFFFAOYSA-N,XLYOFNOQVPJJNP-UHFFFAOYSA-N,methanol,water,328.15,2.09,0.7371640659767196,comparative tensimetry,True,train,2.085164369637334
j.fluid.2005.08.018.xml,2005,1,OKKJLVBELUTLKV-UHFFFAOYSA-N,XLYOFNOQVPJJNP-UHFFFAOYSA-N,methanol,water,333.15,2.16,0.7701082216960737,comparative tensimetry,True,train,2.075346535089765
j.fluid.2005.08.018.xml,2005,2,OKKJLVBELUTLKV-UHFFFAOYSA-N,XLYOFNOQVPJJNP-UHFFFAOYSA-N,methanol,water,358.15,2.31,0.8372475245337022,circulation still method,True,train,2.019719718049639
j.fluid.2005.08.018.xml,2005,2,OKKJLVBELUTLKV-UHFFFAOYSA-N,XLYOFNOQVPJJNP-UHFFFAOYSA-N,methanol,water,363.15,2.38,0.8671004876833833,circulation still method,True,train,2.007616334966326
j.fluid.2005.08.018.xml,2005,2,OKKJLVBELUTLKV-UHFFFAOYSA-N,XLYOFNOQVPJJNP-UHFFFAOYSA-N,methanol,water,368.15,2.41,0.8796267475025636,circulation still method,True,train,1.9952783832188696
j.fluid.2005.08.018.xml,2005,2,OKKJLVBELUTLKV-UHFFFAOYSA-N,XLYOFNOQVPJJNP-UHFFFAOYSA-N,methanol,water,372.15,2.4,0.8754687373538999,circulation still method,True,train,1.9852610783264208
j.fluid.2007.09.021.xml,2008,0,OKKJLVBELUTLKV-UHFFFAOYSA-N,YNQLUTRBYVCPMQ-UHFFFAOYSA-N,methanol,ethylbenzene,293.15,26.2,3.265759410767051,Chromatography,True,train,3.1069909721998887
j.fluid.2007.09.021.xml,2008,0,OKKJLVBELUTLKV-UHFFFAOYSA-N,YNQLUTRBYVCPMQ-UHFFFAOYSA-N,methanol,ethylbenzene,303.15,21.4,3.0633909220278057,Chromatography,True,train,2.9087583537714927
j.fluid.2007.09.021.xml,2008,0,OKKJLVBELUTLKV-UHFFFAOYSA-N,YNQLUTRBYVCPMQ-UHFFFAOYSA-N,methanol,ethylbenzene,313.15,18.0,2.8903717578961645,Chromatography,True,train,2.7296168466310107
j.fluid.2007.09.021.xml,2008,0,OKKJLVBELUTLKV-UHFFFAOYSA-N,YNQLUTRBYVCPMQ-UHFFFAOYSA-N,methanol,ethylbenzene,323.15,15.0,2.70805020110221,Chromatography,True,train,2.5673414540569963
j.jct.2013.05.011.xml,2013,43,OKKJLVBELUTLKV-UHFFFAOYSA-N,ZIBGPFATKBEMQZ-UHFFFAOYSA-N,methanol,triethylene glycol,333.2,0.788,-0.2382571891242579,Chromatography,True,train,0.5388989391559043
j.jct.2013.05.011.xml,2013,43,OKKJLVBELUTLKV-UHFFFAOYSA-N,ZIBGPFATKBEMQZ-UHFFFAOYSA-N,methanol,triethylene glycol,348.2,0.787,-0.2395270305647338,Chromatography,True,train,0.49177220030934143
je050316s.xml,2006,31,PAFZNILMFXTMIY-UHFFFAOYSA-N,PAYRUJLWNCNPSJ-UHFFFAOYSA-N,cyclohexylamine,aniline,383.15,0.84,-0.1743533871447778,Differential ebulliometry,True,test_one,0.35218860637826377
je050316s.xml,2006,31,PAFZNILMFXTMIY-UHFFFAOYSA-N,PAYRUJLWNCNPSJ-UHFFFAOYSA-N,cyclohexylamine,aniline,393.15,0.94,-0.0618754037180875,Differential ebulliometry,True,test_one,0.3413638306963369
je050316s.xml,2006,31,PAFZNILMFXTMIY-UHFFFAOYSA-N,PAYRUJLWNCNPSJ-UHFFFAOYSA-N,cyclohexylamine,aniline,403.15,1.03,0.0295588022415444,Differential ebulliometry,True,test_one,0.33098068025508093
je050316s.xml,2006,25,PAFZNILMFXTMIY-UHFFFAOYSA-N,TVMXDCGIABBOFY-UHFFFAOYSA-N,cyclohexylamine,octane,353.15,1.61,0.4762341789963717,Differential ebulliometry,True,train,0.48147229869471103
je050316s.xml,2006,25,PAFZNILMFXTMIY-UHFFFAOYSA-N,TVMXDCGIABBOFY-UHFFFAOYSA-N,cyclohexylamine,octane,373.15,1.5,0.4054651081081644,Differential ebulliometry,True,train,0.4344853826435275
je050316s.xml,2006,25,PAFZNILMFXTMIY-UHFFFAOYSA-N,TVMXDCGIABBOFY-UHFFFAOYSA-N,cyclohexylamine,octane,393.15,1.42,0.3506568716131693,Differential ebulliometry,True,train,0.39407269250631854
je060136y.xml,2006,7,PAFZNILMFXTMIY-UHFFFAOYSA-N,XLYOFNOQVPJJNP-UHFFFAOYSA-N,cyclohexylamine,water,298.15,19.0,2.9444389791664403,headspace analysis,True,train,14.220826557091007
je060136y.xml,2006,7,PAFZNILMFXTMIY-UHFFFAOYSA-N,XLYOFNOQVPJJNP-UHFFFAOYSA-N,cyclohexylamine,water,313.15,29.1,3.370738174177447,headspace analysis,True,train,13.806629590236026
je060136y.xml,2006,5,PAFZNILMFXTMIY-UHFFFAOYSA-N,XLYOFNOQVPJJNP-UHFFFAOYSA-N,cyclohexylamine,water,333.15,36.7,3.6027767550605247,Rayleigh distillation method,True,train,13.250698086859902
je060136y.xml,2006,5,PAFZNILMFXTMIY-UHFFFAOYSA-N,XLYOFNOQVPJJNP-UHFFFAOYSA-N,cyclohexylamine,water,343.15,44.8,3.80220813942094,Rayleigh distillation method,True,train,12.97470659476484
je060136y.xml,2006,5,PAFZNILMFXTMIY-UHFFFAOYSA-N,XLYOFNOQVPJJNP-UHFFFAOYSA-N,cyclohexylamine,water,353.15,51.2,3.9357395320454622,Rayleigh distillation method,True,train,12.701632696001711
je060136y.xml,2006,6,PAFZNILMFXTMIY-UHFFFAOYSA-N,XLYOFNOQVPJJNP-UHFFFAOYSA-N,cyclohexylamine,water,372.65,64.5,4.166665223801727,circulation still method,True,train,12.180826033067964
je060136y.xml,2006,6,PAFZNILMFXTMIY-UHFFFAOYSA-N,XLYOFNOQVPJJNP-UHFFFAOYSA-N,cyclohexylamine,water,372.82,53.5,3.979681653901961,circulation still method,True,train,12.176364942009446
je060136y.xml,2006,6,PAFZNILMFXTMIY-UHFFFAOYSA-N,XLYOFNOQVPJJNP-UHFFFAOYSA-N,cyclohexylamine,water,372.82,64.6,4.168214410788556,circulation still method,True,train,12.176364942009446
je050316s.xml,2006,36,PAFZNILMFXTMIY-UHFFFAOYSA-N,YNQLUTRBYVCPMQ-UHFFFAOYSA-N,cyclohexylamine,ethylbenzene,353.15,1.13,0.1222176327242491,Differential ebulliometry,True,train,0.1258161032487283
je050316s.xml,2006,36,PAFZNILMFXTMIY-UHFFFAOYSA-N,YNQLUTRBYVCPMQ-UHFFFAOYSA-N,cyclohexylamine,ethylbenzene,373.15,1.09,0.0861776962410524,Differential ebulliometry,True,train,0.10865284125765082
je050316s.xml,2006,36,PAFZNILMFXTMIY-UHFFFAOYSA-N,YNQLUTRBYVCPMQ-UHFFFAOYSA-N,cyclohexylamine,ethylbenzene,393.15,1.06,0.0582689081239758,Differential ebulliometry,True,train,0.09476385272910705
je050316s.xml,2006,32,PAFZNILMFXTMIY-UHFFFAOYSA-N,YXFVVABEGXRONW-UHFFFAOYSA-N,cyclohexylamine,toluene,353.15,1.19,0.1739533071234379,Differential ebulliometry,True,train,0.12096711003166943
je050316s.xml,2006,32,PAFZNILMFXTMIY-UHFFFAOYSA-N,YXFVVABEGXRONW-UHFFFAOYSA-N,cyclohexylamine,toluene,373.15,1.12,0.1133286853070032,Differential ebulliometry,True,train,0.10272683085777032
je060136y.xml,2006,3,PAYRUJLWNCNPSJ-UHFFFAOYSA-N,XLYOFNOQVPJJNP-UHFFFAOYSA-N,aniline,water,298.15,145.0,4.976733742420574,headspace analysis,True,test_one,9.276789533497213
je060136y.xml,2006,4,PAYRUJLWNCNPSJ-UHFFFAOYSA-N,XLYOFNOQVPJJNP-UHFFFAOYSA-N,aniline,water,333.15,130.0,4.867534450455582,Rayleigh distillation method,True,test_one,8.548883051366888
je060136y.xml,2006,4,PAYRUJLWNCNPSJ-UHFFFAOYSA-N,XLYOFNOQVPJJNP-UHFFFAOYSA-N,aniline,water,343.15,121.0,4.795790545596741,Rayleigh distillation method,True,test_one,8.34330525718443
je060136y.xml,2006,4,PAYRUJLWNCNPSJ-UHFFFAOYSA-N,XLYOFNOQVPJJNP-UHFFFAOYSA-N,aniline,water,343.15,119.0,4.77912349311153,Rayleigh distillation method,True,test_one,8.34330525718443
je060136y.xml,2006,4,PAYRUJLWNCNPSJ-UHFFFAOYSA-N,XLYOFNOQVPJJNP-UHFFFAOYSA-N,aniline,water,353.15,111.0,4.709530201312334,Rayleigh distillation method,True,test_one,8.140680730013454
je060136y.xml,2006,2,PAYRUJLWNCNPSJ-UHFFFAOYSA-N,XLYOFNOQVPJJNP-UHFFFAOYSA-N,aniline,water,372.47,92.7,4.529368472571809,ciculation still method,True,test_one,7.760077995264009
j.fluid.2016.10.009.xml,2017,18,PGMYKACGEOXYJE-UHFFFAOYSA-N,JUJWROOIHBZHMG-UHFFFAOYSA-N,pentyl acetate,pyridine,298.15,1.12,0.1133286853070032,Other,True,train,0.36734288978392515
je901063s.xml,2010,4,PHTQWCKDNZKARW-UHFFFAOYSA-N,XLYOFNOQVPJJNP-UHFFFAOYSA-N,"1-butanol, 3-methyl-",water,273.35,94.9,4.552823705615882,"inert gas stripping, headspace analysis in two variants - the classical and the relative, Rayleigh distillation, and circulation still",True,train,13.158592409777233
je901063s.xml,2010,4,PHTQWCKDNZKARW-UHFFFAOYSA-N,XLYOFNOQVPJJNP-UHFFFAOYSA-N,"1-butanol, 3-methyl-",water,283.15,126.0,4.836281906951478,"inert gas stripping, headspace analysis in two variants - the classical and the relative, Rayleigh distillation, and circulation still",True,train,12.902445011061191
je901063s.xml,2010,4,PHTQWCKDNZKARW-UHFFFAOYSA-N,XLYOFNOQVPJJNP-UHFFFAOYSA-N,"1-butanol, 3-methyl-",water,293.15,148.0,4.997212273764115,"inert gas stripping, headspace analysis in two variants - the classical and the relative, Rayleigh distillation, and circulation still",True,train,12.63973193922192
je901063s.xml,2010,4,PHTQWCKDNZKARW-UHFFFAOYSA-N,XLYOFNOQVPJJNP-UHFFFAOYSA-N,"1-butanol, 3-methyl-",water,293.15,146.0,4.983606621708336,"inert gas stripping, headspace analysis in two variants - the classical and the relative, Rayleigh distillation, and circulation still",True,train,12.63973193922192
je901063s.xml,2010,4,PHTQWCKDNZKARW-UHFFFAOYSA-N,XLYOFNOQVPJJNP-UHFFFAOYSA-N,"1-butanol, 3-methyl-",water,303.15,161.0,5.081404364984463,"inert gas stripping, headspace analysis in two variants - the classical and the relative, Rayleigh distillation, and circulation still",True,train,12.377135692554612
je901063s.xml,2010,4,PHTQWCKDNZKARW-UHFFFAOYSA-N,XLYOFNOQVPJJNP-UHFFFAOYSA-N,"1-butanol, 3-methyl-",water,303.15,164.0,5.099866427824199,"inert gas stripping, headspace analysis in two variants - the classical and the relative, Rayleigh distillation, and circulation still",True,train,12.377135692554612
je901063s.xml,2010,4,PHTQWCKDNZKARW-UHFFFAOYSA-N,XLYOFNOQVPJJNP-UHFFFAOYSA-N,"1-butanol, 3-methyl-",water,313.15,173.0,5.153291594497779,"inert gas stripping, headspace analysis in two variants - the classical and the relative, Rayleigh distillation, and circulation still",True,train,12.115923210881656
je901063s.xml,2010,4,PHTQWCKDNZKARW-UHFFFAOYSA-N,XLYOFNOQVPJJNP-UHFFFAOYSA-N,"1-butanol, 3-methyl-",water,313.15,175.0,5.1647859739235145,"inert gas stripping, headspace analysis in two variants - the classical and the relative, Rayleigh distillation, and circulation still",True,train,12.115923210881656
je901063s.xml,2010,4,PHTQWCKDNZKARW-UHFFFAOYSA-N,XLYOFNOQVPJJNP-UHFFFAOYSA-N,"1-butanol, 3-methyl-",water,323.15,179.0,5.187385805840755,"inert gas stripping, headspace analysis in two variants - the classical and the relative, Rayleigh distillation, and circulation still",True,train,11.857168892154892
je901063s.xml,2010,4,PHTQWCKDNZKARW-UHFFFAOYSA-N,XLYOFNOQVPJJNP-UHFFFAOYSA-N,"1-butanol, 3-methyl-",water,323.15,184.0,5.214935757608986,"inert gas stripping, headspace analysis in two variants - the classical and the relative, Rayleigh distillation, and circulation still",True,train,11.857168892154892
je901063s.xml,2010,4,PHTQWCKDNZKARW-UHFFFAOYSA-N,XLYOFNOQVPJJNP-UHFFFAOYSA-N,"1-butanol, 3-methyl-",water,333.15,182.0,5.204006687076795,"inert gas stripping, headspace analysis in two variants - the classical and the relative, Rayleigh distillation, and circulation still",True,train,11.601771659460049
je901063s.xml,2010,4,PHTQWCKDNZKARW-UHFFFAOYSA-N,XLYOFNOQVPJJNP-UHFFFAOYSA-N,"1-butanol, 3-methyl-",water,333.15,178.0,5.181783550292085,"inert gas stripping, headspace analysis in two variants - the classical and the relative, Rayleigh distillation, and circulation still",True,train,11.601771659460049
je901063s.xml,2010,4,PHTQWCKDNZKARW-UHFFFAOYSA-N,XLYOFNOQVPJJNP-UHFFFAOYSA-N,"1-butanol, 3-methyl-",water,343.15,179.0,5.187385805840755,"inert gas stripping, headspace analysis in two variants - the classical and the relative, Rayleigh distillation, and circulation still",True,train,11.350470684844574
je901063s.xml,2010,4,PHTQWCKDNZKARW-UHFFFAOYSA-N,XLYOFNOQVPJJNP-UHFFFAOYSA-N,"1-butanol, 3-methyl-",water,353.15,164.0,5.099866427824199,"inert gas stripping, headspace analysis in two variants - the classical and the relative, Rayleigh distillation, and circulation still",True,train,11.103860634055248
je901063s.xml,2010,4,PHTQWCKDNZKARW-UHFFFAOYSA-N,XLYOFNOQVPJJNP-UHFFFAOYSA-N,"1-butanol, 3-methyl-",water,371.15,149.0,5.003946305945459,"inert gas stripping, headspace analysis in two variants - the classical and the relative, Rayleigh distillation, and circulation still",True,train,10.673195026369005
j.jct.2012.06.009.xml,2012,22,POULHZVOKOAJMA-UHFFFAOYSA-N,NHTMVDHEPJAVLT-UHFFFAOYSA-N,lauric acid,isooctane,314.1,1.746,0.5573274574174104,Chromatography,True,train,0.996576480750483
j.jct.2012.06.009.xml,2012,22,POULHZVOKOAJMA-UHFFFAOYSA-N,NHTMVDHEPJAVLT-UHFFFAOYSA-N,lauric acid,isooctane,314.24,1.771,0.5715443588006964,Chromatography,True,train,0.9953737362417477
j.jct.2012.06.009.xml,2012,22,POULHZVOKOAJMA-UHFFFAOYSA-N,NHTMVDHEPJAVLT-UHFFFAOYSA-N,lauric acid,isooctane,333.26,1.697,0.5288619862520894,Chromatography,True,train,0.8506805666439823
j.jct.2012.06.009.xml,2012,22,POULHZVOKOAJMA-UHFFFAOYSA-N,NHTMVDHEPJAVLT-UHFFFAOYSA-N,lauric acid,isooctane,333.38,1.718,0.5411608235620636,Chromatography,True,train,0.8498733990170015
j.jct.2012.06.009.xml,2012,22,POULHZVOKOAJMA-UHFFFAOYSA-N,NHTMVDHEPJAVLT-UHFFFAOYSA-N,lauric acid,isooctane,353.25,1.674,0.5152159720672835,Chromatography,True,train,0.7309695493065878
j.jct.2012.06.009.xml,2012,22,POULHZVOKOAJMA-UHFFFAOYSA-N,NHTMVDHEPJAVLT-UHFFFAOYSA-N,lauric acid,isooctane,353.3,1.688,0.5235443961737654,Chromatography,True,train,0.7307035772630329
je900686n.xml,2010,9,PPBRXRYQALVLMV-UHFFFAOYSA-N,PEDCQBHIVMGVHV-UHFFFAOYSA-N,styrene,glycerol,303.15,124.66,4.825590031380704,Chromatography,True,test_one,4.263584871692627
je900686n.xml,2010,9,PPBRXRYQALVLMV-UHFFFAOYSA-N,PEDCQBHIVMGVHV-UHFFFAOYSA-N,styrene,glycerol,313.15,102.51,4.62996035479531,Chromatography,True,test_one,4.1396652211550675
je900686n.xml,2010,9,PPBRXRYQALVLMV-UHFFFAOYSA-N,PEDCQBHIVMGVHV-UHFFFAOYSA-N,styrene,glycerol,323.15,81.69,4.4029315953537775,Chromatography,True,test_one,4.017706193953757
je900686n.xml,2010,9,PPBRXRYQALVLMV-UHFFFAOYSA-N,PEDCQBHIVMGVHV-UHFFFAOYSA-N,styrene,glycerol,333.15,61.53,4.119524860752399,Chromatography,True,test_one,3.8987080019413214
je900686n.xml,2010,9,PPBRXRYQALVLMV-UHFFFAOYSA-N,PEDCQBHIVMGVHV-UHFFFAOYSA-N,styrene,glycerol,343.15,44.46,3.7945899085360506,Chromatography,True,test_one,3.7833989999227104
j.jct.2010.04.011.xml,2010,1,PYGSKMBEVAICCR-UHFFFAOYSA-N,DCAYPVUWAIABOU-UHFFFAOYSA-N,"1,5-hexadiene",cetane,298.0,0.8,-0.2231435513142097,Chromatography,True,test_one,0.6201644549764916
j.jct.2010.04.011.xml,2010,0,PYGSKMBEVAICCR-UHFFFAOYSA-N,IAZDPXIOMUYVGZ-UHFFFAOYSA-N,"1,5-hexadiene",dimethyl sulfoxide,298.0,11.6,2.451005098112319,Chromatography,True,test_both,0.5678403870497195
j.tca.2015.11.010.xml,2016,27,PYLWMHQQBFSUBP-UHFFFAOYSA-N,ATHHXGZTWNVVOU-UHFFFAOYSA-N,fluorobenzene,N-methylformamide,298.15,4.0,1.3862943611198906,Other,True,train,0.5924562014102477
j.jct.2014.06.006.xml,2014,9,PYLWMHQQBFSUBP-UHFFFAOYSA-N,DNIAPMSPPWPWGF-UHFFFAOYSA-N,fluorobenzene,propylene glycol,298.0,8.5,2.1400661634962708,Chromatography,True,train,
j.fluid.2013.06.028.xml,2013,15,PYLWMHQQBFSUBP-UHFFFAOYSA-N,LYCAIKOWRPUZTN-UHFFFAOYSA-N,"benzene, fluoro-","1,2-dihydroxyethane",298.0,32.0,3.4657359027997265,Chromatography,True,train,3.6306879272456
j.jct.2014.06.006.xml,2014,32,PYLWMHQQBFSUBP-UHFFFAOYSA-N,XNWFRZJHXBZDAG-UHFFFAOYSA-N,fluorobenzene,methyl cellosolve,298.0,1.8,0.5877866649021191,Chromatography,True,train,0.5692227773706248
j.jct.2013.05.006.xml,2013,9,PYLWMHQQBFSUBP-UHFFFAOYSA-N,ZHNUHDYFZUAESO-UHFFFAOYSA-N,fluorobenzene,formamide,298.0,54.0,3.9889840465642745,Chromatography,True,train,5.571254939459581
j.tca.2015.11.010.xml,2016,31,QARVLSVVCXYDNA-UHFFFAOYSA-N,ATHHXGZTWNVVOU-UHFFFAOYSA-N,bromobenzene,N-methylformamide,298.15,6.3,1.840549633397487,Chromatography,True,train,0.8550451386470619
j.fluid.2013.06.028.xml,2013,19,QARVLSVVCXYDNA-UHFFFAOYSA-N,LYCAIKOWRPUZTN-UHFFFAOYSA-N,"benzene, bromo-","1,2-dihydroxyethane",298.0,45.0,3.80666248977032,Chromatography,True,train,4.4009118638311735
j.jct.2014.06.006.xml,2014,34,QARVLSVVCXYDNA-UHFFFAOYSA-N,XNWFRZJHXBZDAG-UHFFFAOYSA-N,bromobenzene,methyl cellosolve,298.0,3.5,1.252762968495368,Chromatography,True,train,0.7992969286666184
j.jct.2013.05.006.xml,2013,13,QARVLSVVCXYDNA-UHFFFAOYSA-N,ZHNUHDYFZUAESO-UHFFFAOYSA-N,bromobenzene,formamide,298.0,107.0,4.672828834461906,Chromatography,True,train,6.685067229862933
j.fluid.2010.03.027.xml,2010,6,QMMFVYPAHWMCMS-UHFFFAOYSA-N,FXNDIJDIPNCZQJ-UHFFFAOYSA-N,2-thiapropane,"2,4,4-trimethyl-1-pentene",288.15,1.5,0.4054651081081644,dilutor technique,True,train,0.6124693339981963
j.fluid.2010.03.027.xml,2010,6,QMMFVYPAHWMCMS-UHFFFAOYSA-N,FXNDIJDIPNCZQJ-UHFFFAOYSA-N,2-thiapropane,"2,4,4-trimethyl-1-pentene",298.15,1.45,0.371563556432483,dilutor technique,True,train,0.583961824995816
j.fluid.2010.03.027.xml,2010,6,QMMFVYPAHWMCMS-UHFFFAOYSA-N,FXNDIJDIPNCZQJ-UHFFFAOYSA-N,2-thiapropane,"2,4,4-trimethyl-1-pentene",303.15,1.4,0.3364722366212129,dilutor technique,True,train,0.5704414126914736
j.fluid.2010.03.027.xml,2010,4,QMMFVYPAHWMCMS-UHFFFAOYSA-N,LIKMAJRDDDTEIG-UHFFFAOYSA-N,2-thiapropane,1-hexene,288.15,1.77,0.5709795465857378,dilutor technique,True,train,0.3139267244046329
j.fluid.2010.03.027.xml,2010,4,QMMFVYPAHWMCMS-UHFFFAOYSA-N,LIKMAJRDDDTEIG-UHFFFAOYSA-N,2-thiapropane,1-hexene,298.15,1.71,0.5364933705145685,dilutor technique,True,train,0.2969853921573566
j.fluid.2010.03.027.xml,2010,4,QMMFVYPAHWMCMS-UHFFFAOYSA-N,LIKMAJRDDDTEIG-UHFFFAOYSA-N,2-thiapropane,1-hexene,303.15,1.64,0.494696241836107,dilutor technique,True,train,0.28894903393289484
j.fluid.2010.03.027.xml,2010,5,QMMFVYPAHWMCMS-UHFFFAOYSA-N,NHTMVDHEPJAVLT-UHFFFAOYSA-N,2-thiapropane,"2,2,4-trimethylpentane",288.15,1.77,0.5709795465857378,dilutor technique,True,train,0.7316216035820771
j.fluid.2010.03.027.xml,2010,5,QMMFVYPAHWMCMS-UHFFFAOYSA-N,NHTMVDHEPJAVLT-UHFFFAOYSA-N,2-thiapropane,"2,2,4-trimethylpentane",298.15,1.72,0.5423242908253617,dilutor technique,True,train,0.6947051450357034
j.fluid.2010.03.027.xml,2010,5,QMMFVYPAHWMCMS-UHFFFAOYSA-N,NHTMVDHEPJAVLT-UHFFFAOYSA-N,2-thiapropane,"2,2,4-trimethylpentane",303.15,1.67,0.5128236264286637,dilutor technique,True,train,0.6772900309294435
j.fluid.2010.03.027.xml,2010,3,QMMFVYPAHWMCMS-UHFFFAOYSA-N,VLKZOEOYAKHREP-UHFFFAOYSA-N,2-thiapropane,hexane,288.15,2.16,0.7701082216960737,dilutor technique,True,train,0.5703553356452363
j.fluid.2010.03.027.xml,2010,3,QMMFVYPAHWMCMS-UHFFFAOYSA-N,VLKZOEOYAKHREP-UHFFFAOYSA-N,2-thiapropane,hexane,293.15,2.04,0.712949807856125,dilutor technique,True,train,0.5535753630149728
j.fluid.2010.03.027.xml,2010,3,QMMFVYPAHWMCMS-UHFFFAOYSA-N,VLKZOEOYAKHREP-UHFFFAOYSA-N,2-thiapropane,hexane,298.15,1.95,0.6678293725756554,dilutor technique,True,train,0.5374707566901445
j.fluid.2010.03.027.xml,2010,3,QMMFVYPAHWMCMS-UHFFFAOYSA-N,VLKZOEOYAKHREP-UHFFFAOYSA-N,2-thiapropane,hexane,303.15,1.91,0.6471032420585384,dilutor technique,True,train,0.522005339097486
je0495942.xml,2005,15,QMMFVYPAHWMCMS-UHFFFAOYSA-N,XLYOFNOQVPJJNP-UHFFFAOYSA-N,2-thiapropane,water,298.01,175.0,5.1647859739235145,Chromatography,True,train,10.06523473864726
je0495942.xml,2005,15,QMMFVYPAHWMCMS-UHFFFAOYSA-N,XLYOFNOQVPJJNP-UHFFFAOYSA-N,2-thiapropane,water,298.03,170.0,5.135798437050262,Chromatography,True,train,10.064751356679157
je0495942.xml,2005,15,QMMFVYPAHWMCMS-UHFFFAOYSA-N,XLYOFNOQVPJJNP-UHFFFAOYSA-N,2-thiapropane,water,298.03,173.0,5.153291594497779,Chromatography,True,train,10.064751356679157
je0495942.xml,2005,15,QMMFVYPAHWMCMS-UHFFFAOYSA-N,XLYOFNOQVPJJNP-UHFFFAOYSA-N,2-thiapropane,water,298.01,173.0,5.153291594497779,Chromatography,True,train,10.06523473864726
je0495942.xml,2005,15,QMMFVYPAHWMCMS-UHFFFAOYSA-N,XLYOFNOQVPJJNP-UHFFFAOYSA-N,2-thiapropane,water,298.01,171.0,5.14166355650266,Chromatography,True,train,10.06523473864726
je0495942.xml,2005,15,QMMFVYPAHWMCMS-UHFFFAOYSA-N,XLYOFNOQVPJJNP-UHFFFAOYSA-N,2-thiapropane,water,298.07,178.0,5.181783550292085,Chromatography,True,train,10.063784644493728
je0495942.xml,2005,15,QMMFVYPAHWMCMS-UHFFFAOYSA-N,XLYOFNOQVPJJNP-UHFFFAOYSA-N,2-thiapropane,water,298.02,184.0,5.214935757608986,Chromatography,True,train,10.064993045502943
je0495942.xml,2005,15,QMMFVYPAHWMCMS-UHFFFAOYSA-N,XLYOFNOQVPJJNP-UHFFFAOYSA-N,2-thiapropane,water,298.02,185.0,5.220355825078324,Chromatography,True,train,10.064993045502943
je901063s.xml,2010,2,QPRQEDXDYOZYLA-YFKPBYRVSA-N,XLYOFNOQVPJJNP-UHFFFAOYSA-N,2-methyl-1-butanol,water,273.35,86.3,4.457829598089382,"inert gas stripping, headspace analysis in two variants - the classical and the relative, Rayleigh distillation, and circulation still",True,train,12.820276005139956
je901063s.xml,2010,2,QPRQEDXDYOZYLA-YFKPBYRVSA-N,XLYOFNOQVPJJNP-UHFFFAOYSA-N,2-methyl-1-butanol,water,283.15,117.0,4.762173934797756,"inert gas stripping, headspace analysis in two variants - the classical and the relative, Rayleigh distillation, and circulation still",True,train,12.581441519856753
je901063s.xml,2010,2,QPRQEDXDYOZYLA-YFKPBYRVSA-N,XLYOFNOQVPJJNP-UHFFFAOYSA-N,2-methyl-1-butanol,water,293.15,138.0,4.927253685157205,"inert gas stripping, headspace analysis in two variants - the classical and the relative, Rayleigh distillation, and circulation still",True,train,12.335308138099816
je901063s.xml,2010,2,QPRQEDXDYOZYLA-YFKPBYRVSA-N,XLYOFNOQVPJJNP-UHFFFAOYSA-N,2-methyl-1-butanol,water,293.15,134.0,4.897839799950911,"inert gas stripping, headspace analysis in two variants - the classical and the relative, Rayleigh distillation, and circulation still",True,train,12.335308138099816
je901063s.xml,2010,2,QPRQEDXDYOZYLA-YFKPBYRVSA-N,XLYOFNOQVPJJNP-UHFFFAOYSA-N,2-methyl-1-butanol,water,303.15,158.0,5.062595033026967,"inert gas stripping, headspace analysis in two variants - the classical and the relative, Rayleigh distillation, and circulation still",True,train,12.088285901289364
je901063s.xml,2010,2,QPRQEDXDYOZYLA-YFKPBYRVSA-N,XLYOFNOQVPJJNP-UHFFFAOYSA-N,2-methyl-1-butanol,water,303.15,151.0,5.017279836814924,"inert gas stripping, headspace analysis in two variants - the classical and the relative, Rayleigh distillation, and circulation still",True,train,12.088285901289364
je901063s.xml,2010,2,QPRQEDXDYOZYLA-YFKPBYRVSA-N,XLYOFNOQVPJJNP-UHFFFAOYSA-N,2-methyl-1-butanol,water,313.15,163.0,5.093750200806762,"inert gas stripping, headspace analysis in two variants - the classical and the relative, Rayleigh distillation, and circulation still",True,train,11.841722760927995
je901063s.xml,2010,2,QPRQEDXDYOZYLA-YFKPBYRVSA-N,XLYOFNOQVPJJNP-UHFFFAOYSA-N,2-methyl-1-butanol,water,313.15,173.0,5.153291594497779,"inert gas stripping, headspace analysis in two variants - the classical and the relative, Rayleigh distillation, and circulation still",True,train,11.841722760927995
je901063s.xml,2010,2,QPRQEDXDYOZYLA-YFKPBYRVSA-N,XLYOFNOQVPJJNP-UHFFFAOYSA-N,2-methyl-1-butanol,water,323.15,180.0,5.19295685089021,"inert gas stripping, headspace analysis in two variants - the classical and the relative, Rayleigh distillation, and circulation still",True,train,11.596764610603367
je901063s.xml,2010,2,QPRQEDXDYOZYLA-YFKPBYRVSA-N,XLYOFNOQVPJJNP-UHFFFAOYSA-N,2-methyl-1-butanol,water,323.15,173.0,5.153291594497779,"inert gas stripping, headspace analysis in two variants - the classical and the relative, Rayleigh distillation, and circulation still",True,train,11.596764610603367
je901063s.xml,2010,2,QPRQEDXDYOZYLA-YFKPBYRVSA-N,XLYOFNOQVPJJNP-UHFFFAOYSA-N,2-methyl-1-butanol,water,333.15,170.0,5.135798437050262,"inert gas stripping, headspace analysis in two variants - the classical and the relative, Rayleigh distillation, and circulation still",True,train,11.35437395947926
je901063s.xml,2010,2,QPRQEDXDYOZYLA-YFKPBYRVSA-N,XLYOFNOQVPJJNP-UHFFFAOYSA-N,2-methyl-1-butanol,water,333.15,179.0,5.187385805840755,"inert gas stripping, headspace analysis in two variants - the classical and the relative, Rayleigh distillation, and circulation still",True,train,11.35437395947926
je901063s.xml,2010,2,QPRQEDXDYOZYLA-YFKPBYRVSA-N,XLYOFNOQVPJJNP-UHFFFAOYSA-N,2-methyl-1-butanol,water,343.15,169.0,5.1298987149230735,"inert gas stripping, headspace analysis in two variants - the classical and the relative, Rayleigh distillation, and circulation still",True,train,11.115346942658505
je901063s.xml,2010,2,QPRQEDXDYOZYLA-YFKPBYRVSA-N,XLYOFNOQVPJJNP-UHFFFAOYSA-N,2-methyl-1-butanol,water,353.15,160.0,5.075173815233827,"inert gas stripping, headspace analysis in two variants - the classical and the relative, Rayleigh distillation, and circulation still",True,train,10.88032959386522
je901063s.xml,2010,2,QPRQEDXDYOZYLA-YFKPBYRVSA-N,XLYOFNOQVPJJNP-UHFFFAOYSA-N,2-methyl-1-butanol,water,363.15,162.0,5.087596335232384,"inert gas stripping, headspace analysis in two variants - the classical and the relative, Rayleigh distillation, and circulation still",True,train,10.64983370669655
j.jct.2004.11.005.xml,2005,3,QQONPFPTGQHPMA-UHFFFAOYSA-N,AMQJEAYHLZJPGS-UHFFFAOYSA-N,propene,1-pentanol,269.99,2.59,0.9516578757114464,Other,True,test_one,0.8062528573790224
j.jct.2004.11.005.xml,2005,3,QQONPFPTGQHPMA-UHFFFAOYSA-N,AMQJEAYHLZJPGS-UHFFFAOYSA-N,propene,1-pentanol,290.0,2.6,0.9555114450274363,Other,True,test_one,0.7136135421173379
j.jct.2004.11.005.xml,2005,3,QQONPFPTGQHPMA-UHFFFAOYSA-N,AMQJEAYHLZJPGS-UHFFFAOYSA-N,propene,1-pentanol,310.0,2.59,0.9516578757114464,Other,True,test_one,0.6329375787693783
j.jct.2004.11.005.xml,2005,3,QQONPFPTGQHPMA-UHFFFAOYSA-N,AMQJEAYHLZJPGS-UHFFFAOYSA-N,propene,1-pentanol,330.0,2.51,0.9202827531436923,Other,True,test_one,0.5635383210290223
j.jct.2004.11.005.xml,2005,35,QQONPFPTGQHPMA-UHFFFAOYSA-N,AQIXEPGDORPWBJ-UHFFFAOYSA-N,propene,3-pentanol,259.94,2.97,1.0885619528146082,Other,True,train,0.7547186785177451
j.jct.2004.11.005.xml,2005,35,QQONPFPTGQHPMA-UHFFFAOYSA-N,AQIXEPGDORPWBJ-UHFFFAOYSA-N,propene,3-pentanol,270.02,2.87,1.0543120297715298,Other,True,train,0.7064216811880732
j.jct.2004.11.005.xml,2005,35,QQONPFPTGQHPMA-UHFFFAOYSA-N,AQIXEPGDORPWBJ-UHFFFAOYSA-N,propene,3-pentanol,280.0,2.82,1.0367368849500225,Other,True,train,0.6613829128874579
j.jct.2004.11.005.xml,2005,35,QQONPFPTGQHPMA-UHFFFAOYSA-N,AQIXEPGDORPWBJ-UHFFFAOYSA-N,propene,3-pentanol,290.0,2.74,1.007957920399979,Other,True,train,0.6191660428239717
j.jct.2004.11.005.xml,2005,35,QQONPFPTGQHPMA-UHFFFAOYSA-N,AQIXEPGDORPWBJ-UHFFFAOYSA-N,propene,3-pentanol,300.0,2.63,0.9669838461896731,Other,True,train,0.5798941421936104
j.jct.2004.11.005.xml,2005,35,QQONPFPTGQHPMA-UHFFFAOYSA-N,AQIXEPGDORPWBJ-UHFFFAOYSA-N,propene,3-pentanol,310.01,2.53,0.9282193027394288,Other,True,train,0.5434790837713688
j.jct.2004.11.005.xml,2005,35,QQONPFPTGQHPMA-UHFFFAOYSA-N,AQIXEPGDORPWBJ-UHFFFAOYSA-N,propene,3-pentanol,320.0,2.42,0.883767540168595,Other,True,train,0.5099130448084142
j.jct.2004.11.005.xml,2005,35,QQONPFPTGQHPMA-UHFFFAOYSA-N,AQIXEPGDORPWBJ-UHFFFAOYSA-N,propene,3-pentanol,330.01,2.32,0.8415671856782185,Other,True,train,0.4789094172094223
j.jct.2003.08.018.xml,2004,11,QQONPFPTGQHPMA-UHFFFAOYSA-N,BDERNNFJNOPAEC-UHFFFAOYSA-N,propene,1-propanol,259.92,3.58,1.275362800412609,Chromatography,True,train,1.1327921246339416
j.jct.2003.08.018.xml,2004,11,QQONPFPTGQHPMA-UHFFFAOYSA-N,BDERNNFJNOPAEC-UHFFFAOYSA-N,propene,1-propanol,279.94,3.61,1.2837077723447896,Chromatography,True,train,1.030966725216676
j.jct.2003.08.018.xml,2004,11,QQONPFPTGQHPMA-UHFFFAOYSA-N,BDERNNFJNOPAEC-UHFFFAOYSA-N,propene,1-propanol,300.03,3.66,1.297463147413275,Chromatography,True,train,0.9366998138081483
j.jct.2003.08.018.xml,2004,11,QQONPFPTGQHPMA-UHFFFAOYSA-N,BDERNNFJNOPAEC-UHFFFAOYSA-N,propene,1-propanol,320.02,3.64,1.2919836816486494,Chromatography,True,train,0.852756607177682
j.jct.2003.08.018.xml,2004,11,QQONPFPTGQHPMA-UHFFFAOYSA-N,BDERNNFJNOPAEC-UHFFFAOYSA-N,propene,1-propanol,340.1,3.64,1.2919836816486494,Chromatography,True,train,0.7786549927568766
je050343i.xml,2005,27,QQONPFPTGQHPMA-UHFFFAOYSA-N,CPJRRXSHAYUTGL-UHFFFAOYSA-N,propene,3-methyl-3-buten-1-ol,270.04,3.04,1.1118575154181305,Chromatography,True,train,0.9134867207802675
je050343i.xml,2005,27,QQONPFPTGQHPMA-UHFFFAOYSA-N,CPJRRXSHAYUTGL-UHFFFAOYSA-N,propene,3-methyl-3-buten-1-ol,289.99,2.99,1.095273387402595,Chromatography,True,train,0.8293185205016251
je050343i.xml,2005,27,QQONPFPTGQHPMA-UHFFFAOYSA-N,CPJRRXSHAYUTGL-UHFFFAOYSA-N,propene,3-methyl-3-buten-1-ol,309.99,2.92,1.0715836162801904,Chromatography,True,train,0.7546026549821828
je050343i.xml,2005,27,QQONPFPTGQHPMA-UHFFFAOYSA-N,CPJRRXSHAYUTGL-UHFFFAOYSA-N,propene,3-methyl-3-buten-1-ol,330.0,2.8,1.029619417181158,Chromatography,True,train,0.6894068167287556
je060395n.xml,2007,17,QQONPFPTGQHPMA-UHFFFAOYSA-N,CTQNGGLPUBDAKN-UHFFFAOYSA-N,propene,"1,2-dimethylbenzene",270.13,1.56,0.4446858212614457,calculated from henry's law constants,True,train,0.33239750920207384
je060395n.xml,2007,17,QQONPFPTGQHPMA-UHFFFAOYSA-N,CTQNGGLPUBDAKN-UHFFFAOYSA-N,propene,"1,2-dimethylbenzene",289.99,1.55,0.4382549309311553,calculated from henry's law constants,True,train,0.3020913120213385
je060395n.xml,2007,17,QQONPFPTGQHPMA-UHFFFAOYSA-N,CTQNGGLPUBDAKN-UHFFFAOYSA-N,propene,"1,2-dimethylbenzene",309.84,1.53,0.4252677354043441,calculated from henry's law constants,True,train,0.2757080719204805
je060395n.xml,2007,17,QQONPFPTGQHPMA-UHFFFAOYSA-N,CTQNGGLPUBDAKN-UHFFFAOYSA-N,propene,"1,2-dimethylbenzene",329.99,1.51,0.412109650826833,calculated from henry's law constants,True,train,0.25219592392195095
je700270d.xml,2007,3,QQONPFPTGQHPMA-UHFFFAOYSA-N,DHXVGJBLRPWPCS-UHFFFAOYSA-N,propene,tetrahydropyran,250.06,1.42,0.3506568716131693,Chromatography,True,train,0.031060472579158897
je700270d.xml,2007,3,QQONPFPTGQHPMA-UHFFFAOYSA-N,DHXVGJBLRPWPCS-UHFFFAOYSA-N,propene,tetrahydropyran,270.12,1.42,0.3506568716131693,Chromatography,True,train,0.03494780681622271
je700270d.xml,2007,3,QQONPFPTGQHPMA-UHFFFAOYSA-N,DHXVGJBLRPWPCS-UHFFFAOYSA-N,propene,tetrahydropyran,289.97,1.43,0.3576744442718159,Chromatography,True,train,0.03768174738715579
je700270d.xml,2007,3,QQONPFPTGQHPMA-UHFFFAOYSA-N,DHXVGJBLRPWPCS-UHFFFAOYSA-N,propene,tetrahydropyran,309.98,1.44,0.3646431135879092,Chromatography,True,train,0.0396031830710106
je700270d.xml,2007,3,QQONPFPTGQHPMA-UHFFFAOYSA-N,DHXVGJBLRPWPCS-UHFFFAOYSA-N,propene,tetrahydropyran,329.97,1.44,0.3646431135879092,Chromatography,True,train,0.04088914734475853
je050343i.xml,2005,3,QQONPFPTGQHPMA-UHFFFAOYSA-N,HNVRRHSXBLFLIG-UHFFFAOYSA-N,propene,"3-buten-2-ol, 2-methyl-",269.95,2.38,0.8671004876833833,Chromatography,True,train,0.8244979484923782
je050343i.xml,2005,3,QQONPFPTGQHPMA-UHFFFAOYSA-N,HNVRRHSXBLFLIG-UHFFFAOYSA-N,propene,"3-buten-2-ol, 2-methyl-",289.99,2.3,0.8329091229351039,Chromatography,True,train,0.7420952563842513
je050343i.xml,2005,3,QQONPFPTGQHPMA-UHFFFAOYSA-N,HNVRRHSXBLFLIG-UHFFFAOYSA-N,propene,"3-buten-2-ol, 2-methyl-",309.99,2.17,0.7747271675523681,Chromatography,True,train,0.6697477370764637
je050343i.xml,2005,3,QQONPFPTGQHPMA-UHFFFAOYSA-N,HNVRRHSXBLFLIG-UHFFFAOYSA-N,propene,"3-buten-2-ol, 2-methyl-",330.0,2.05,0.7178397931503168,Chromatography,True,train,0.6070766531294592
je060395n.xml,2007,19,QQONPFPTGQHPMA-UHFFFAOYSA-N,IVSZLXZYQVIEFR-UHFFFAOYSA-N,propene,"1,3-dimethylbenzene",270.1,1.46,0.378436435720245,calculated from henry's law constants,True,train,0.3109938723886514
je060395n.xml,2007,19,QQONPFPTGQHPMA-UHFFFAOYSA-N,IVSZLXZYQVIEFR-UHFFFAOYSA-N,propene,"1,3-dimethylbenzene",289.99,1.47,0.3852624007906449,calculated from henry's law constants,True,train,0.28131312975032285
je060395n.xml,2007,19,QQONPFPTGQHPMA-UHFFFAOYSA-N,IVSZLXZYQVIEFR-UHFFFAOYSA-N,propene,"1,3-dimethylbenzene",309.84,1.46,0.378436435720245,calculated from henry's law constants,True,train,0.25550327379435317
je060395n.xml,2007,19,QQONPFPTGQHPMA-UHFFFAOYSA-N,IVSZLXZYQVIEFR-UHFFFAOYSA-N,propene,"1,3-dimethylbenzene",329.99,1.45,0.371563556432483,calculated from henry's law constants,True,train,0.23248860914439518
je100529s.xml,2010,51,QQONPFPTGQHPMA-UHFFFAOYSA-N,IWDCLRJOBJJRNH-UHFFFAOYSA-N,propene,4-methylphenol,309.99,4.07,1.4036429994545037,Gas Stripping Method,True,train,0.7311779605076595
je100529s.xml,2010,51,QQONPFPTGQHPMA-UHFFFAOYSA-N,IWDCLRJOBJJRNH-UHFFFAOYSA-N,propene,4-methylphenol,319.99,4.02,1.3912819026309295,Gas Stripping Method,True,train,0.6974625689981696
je100529s.xml,2010,51,QQONPFPTGQHPMA-UHFFFAOYSA-N,IWDCLRJOBJJRNH-UHFFFAOYSA-N,propene,4-methylphenol,329.99,3.92,1.366091653802371,Gas Stripping Method,True,train,0.6661121446938808
je100529s.xml,2010,51,QQONPFPTGQHPMA-UHFFFAOYSA-N,IWDCLRJOBJJRNH-UHFFFAOYSA-N,propene,4-methylphenol,340.02,3.84,1.3454723665996355,Gas Stripping Method,True,train,0.6368849190756251
j.jct.2004.11.005.xml,2005,19,QQONPFPTGQHPMA-UHFFFAOYSA-N,JYVLIDXNZAXMDK-YFKPBYRVSA-N,propene,2-pentanol,269.99,2.77,1.0188473201992472,Other,True,train,0.7258678855888794
j.jct.2004.11.005.xml,2005,19,QQONPFPTGQHPMA-UHFFFAOYSA-N,JYVLIDXNZAXMDK-YFKPBYRVSA-N,propene,2-pentanol,290.0,2.66,0.9783261227936078,Other,True,train,0.6394374154170761
j.jct.2004.11.005.xml,2005,19,QQONPFPTGQHPMA-UHFFFAOYSA-N,JYVLIDXNZAXMDK-YFKPBYRVSA-N,propene,2-pentanol,310.0,2.53,0.9282193027394288,Other,True,train,0.5643262081265443
j.jct.2004.11.005.xml,2005,19,QQONPFPTGQHPMA-UHFFFAOYSA-N,JYVLIDXNZAXMDK-YFKPBYRVSA-N,propene,2-pentanol,330.0,2.37,0.8628899551470398,Other,True,train,0.4999666197159153
je0342116.xml,2004,2,QQONPFPTGQHPMA-UHFFFAOYSA-N,KFZMGEQAYNKOFK-UHFFFAOYSA-N,propene,2-propanol,270.04,3.7,1.308332819650179,Chromatography,True,train,1.0824657950837495
je0342116.xml,2004,2,QQONPFPTGQHPMA-UHFFFAOYSA-N,KFZMGEQAYNKOFK-UHFFFAOYSA-N,propene,2-propanol,290.0,3.7,1.308332819650179,Chromatography,True,train,0.9843410728544947
je0342116.xml,2004,2,QQONPFPTGQHPMA-UHFFFAOYSA-N,KFZMGEQAYNKOFK-UHFFFAOYSA-N,propene,2-propanol,310.0,3.6,1.2809338454620642,Chromatography,True,train,0.8951875805978271
je0342116.xml,2004,2,QQONPFPTGQHPMA-UHFFFAOYSA-N,KFZMGEQAYNKOFK-UHFFFAOYSA-N,propene,2-propanol,330.0,3.4,1.2237754316221157,Chromatography,True,train,0.8162403568774546
je034265f.xml,2004,3,QQONPFPTGQHPMA-UHFFFAOYSA-N,LRHPLDYGYMQRHN-UHFFFAOYSA-N,propene,1-butanol,270.0,3.0,1.0986122886681098,Other,True,train,0.8811533983375908
je034265f.xml,2004,3,QQONPFPTGQHPMA-UHFFFAOYSA-N,LRHPLDYGYMQRHN-UHFFFAOYSA-N,propene,1-butanol,290.01,3.0,1.0986122886681098,Other,True,train,0.7885201596594877
je034265f.xml,2004,3,QQONPFPTGQHPMA-UHFFFAOYSA-N,LRHPLDYGYMQRHN-UHFFFAOYSA-N,propene,1-butanol,310.0,3.0,1.0986122886681098,Other,True,train,0.7065732890121861
je034265f.xml,2004,3,QQONPFPTGQHPMA-UHFFFAOYSA-N,LRHPLDYGYMQRHN-UHFFFAOYSA-N,propene,1-butanol,330.0,3.0,1.0986122886681098,Other,True,train,0.6352837459865004
je060395n.xml,2007,23,QQONPFPTGQHPMA-UHFFFAOYSA-N,PPBRXRYQALVLMV-UHFFFAOYSA-N,propene,styrene,270.07,2.75,1.01160091167848,calculated from henry's law constants,True,train,0.3581138976238308
je060395n.xml,2007,23,QQONPFPTGQHPMA-UHFFFAOYSA-N,PPBRXRYQALVLMV-UHFFFAOYSA-N,propene,styrene,309.84,2.61,0.959350221334602,calculated from henry's law constants,True,train,0.2948543981240442
je060395n.xml,2007,23,QQONPFPTGQHPMA-UHFFFAOYSA-N,PPBRXRYQALVLMV-UHFFFAOYSA-N,propene,styrene,329.99,2.58,0.947789398933526,calculated from henry's law constants,True,train,0.26874048908432874
je100529s.xml,2010,3,QQONPFPTGQHPMA-UHFFFAOYSA-N,QWVGKYWNOKOFNN-UHFFFAOYSA-N,propene,2-methylphenol,299.99,3.81,1.3376291891386096,Gas Stripping Method,True,train,0.7783247701550888
je100529s.xml,2010,3,QQONPFPTGQHPMA-UHFFFAOYSA-N,QWVGKYWNOKOFNN-UHFFFAOYSA-N,propene,2-methylphenol,309.99,3.71,1.3110318766193438,Gas Stripping Method,True,train,0.7388438037907078
je100529s.xml,2010,3,QQONPFPTGQHPMA-UHFFFAOYSA-N,QWVGKYWNOKOFNN-UHFFFAOYSA-N,propene,2-methylphenol,319.99,3.6,1.2809338454620642,Gas Stripping Method,True,train,0.7021481214034189
je100529s.xml,2010,3,QQONPFPTGQHPMA-UHFFFAOYSA-N,QWVGKYWNOKOFNN-UHFFFAOYSA-N,propene,2-methylphenol,329.99,3.48,1.247032293786383,Gas Stripping Method,True,train,0.6680823190823931
je100529s.xml,2010,27,QQONPFPTGQHPMA-UHFFFAOYSA-N,RLSSMJSEOOYNOY-UHFFFAOYSA-N,propene,3-methylphenol,289.98,4.1,1.410986973710262,Gas Stripping Method,True,train,0.7876233672280761
je100529s.xml,2010,27,QQONPFPTGQHPMA-UHFFFAOYSA-N,RLSSMJSEOOYNOY-UHFFFAOYSA-N,propene,3-methylphenol,299.98,4.13,1.4182774069729414,Gas Stripping Method,True,train,0.7491753809320885
je100529s.xml,2010,27,QQONPFPTGQHPMA-UHFFFAOYSA-N,RLSSMJSEOOYNOY-UHFFFAOYSA-N,propene,3-methylphenol,309.99,4.05,1.3987168811184478,Gas Stripping Method,True,train,0.713251778751039
je100529s.xml,2010,27,QQONPFPTGQHPMA-UHFFFAOYSA-N,RLSSMJSEOOYNOY-UHFFFAOYSA-N,propene,3-methylphenol,319.99,3.97,1.3787660946990992,Gas Stripping Method,True,train,0.6798350593046899
je100529s.xml,2010,27,QQONPFPTGQHPMA-UHFFFAOYSA-N,RLSSMJSEOOYNOY-UHFFFAOYSA-N,propene,3-methylphenol,329.99,3.88,1.355835153635182,Gas Stripping Method,True,train,0.6487598752910074
je060395n.xml,2007,13,QQONPFPTGQHPMA-UHFFFAOYSA-N,UHOVQNZJYSORNB-UHFFFAOYSA-N,propene,benzene,279.99,1.77,0.5709795465857378,calculated from henry's law constants,True,train,0.21867363794814543
je060395n.xml,2007,13,QQONPFPTGQHPMA-UHFFFAOYSA-N,UHOVQNZJYSORNB-UHFFFAOYSA-N,propene,benzene,289.99,1.74,0.5538851132264376,calculated from henry's law constants,True,train,0.20868313710436628
je060395n.xml,2007,13,QQONPFPTGQHPMA-UHFFFAOYSA-N,UHOVQNZJYSORNB-UHFFFAOYSA-N,propene,benzene,309.99,1.67,0.5128236264286637,calculated from henry's law constants,True,train,0.19079667944913123
je060395n.xml,2007,13,QQONPFPTGQHPMA-UHFFFAOYSA-N,UHOVQNZJYSORNB-UHFFFAOYSA-N,propene,benzene,329.99,1.66,0.5068176023684519,calculated from henry's law constants,True,train,0.17526822262543754
je060395n.xml,2007,21,QQONPFPTGQHPMA-UHFFFAOYSA-N,URLKBWYHVLBVBO-UHFFFAOYSA-N,propene,"1,4-dimethylbenzene",289.99,1.39,0.3293037471426003,calculated from henry's law constants,True,test_one,0.2772602839754174
je060395n.xml,2007,21,QQONPFPTGQHPMA-UHFFFAOYSA-N,URLKBWYHVLBVBO-UHFFFAOYSA-N,propene,"1,4-dimethylbenzene",299.99,1.39,0.3293037471426003,calculated from henry's law constants,True,test_one,0.26396701260700245
je060395n.xml,2007,21,QQONPFPTGQHPMA-UHFFFAOYSA-N,URLKBWYHVLBVBO-UHFFFAOYSA-N,propene,"1,4-dimethylbenzene",309.85,1.39,0.3293037471426003,calculated from henry's law constants,True,test_one,0.2517008140740853
je060395n.xml,2007,21,QQONPFPTGQHPMA-UHFFFAOYSA-N,URLKBWYHVLBVBO-UHFFFAOYSA-N,propene,"1,4-dimethylbenzene",319.99,1.39,0.3293037471426003,calculated from henry's law constants,True,test_one,0.23987543158623484
je060395n.xml,2007,21,QQONPFPTGQHPMA-UHFFFAOYSA-N,URLKBWYHVLBVBO-UHFFFAOYSA-N,propene,"1,4-dimethylbenzene",329.99,1.39,0.3293037471426003,calculated from henry's law constants,True,test_one,0.22892565021880007
je060395n.xml,2007,15,QQONPFPTGQHPMA-UHFFFAOYSA-N,YXFVVABEGXRONW-UHFFFAOYSA-N,propene,toluene,270.0,1.51,0.412109650826833,calculated from henry's law constants,True,train,0.25109392200617714
je060395n.xml,2007,15,QQONPFPTGQHPMA-UHFFFAOYSA-N,YXFVVABEGXRONW-UHFFFAOYSA-N,propene,toluene,289.98,1.51,0.412109650826833,calculated from henry's law constants,True,train,0.22800658004322488
je060395n.xml,2007,15,QQONPFPTGQHPMA-UHFFFAOYSA-N,YXFVVABEGXRONW-UHFFFAOYSA-N,propene,toluene,309.94,1.49,0.3987761199573678,calculated from henry's law constants,True,train,0.20798264780325196
je060395n.xml,2007,15,QQONPFPTGQHPMA-UHFFFAOYSA-N,YXFVVABEGXRONW-UHFFFAOYSA-N,propene,toluene,329.99,1.48,0.3920420877760237,calculated from henry's law constants,True,train,0.19036801397695943
je0495942.xml,2005,11,QQZOPKMRPOGIEB-UHFFFAOYSA-N,XLYOFNOQVPJJNP-UHFFFAOYSA-N,2-hexanone,water,297.85,319.0,5.765191102784844,Chromatography,True,train,15.479466244187295
je0495942.xml,2005,11,QQZOPKMRPOGIEB-UHFFFAOYSA-N,XLYOFNOQVPJJNP-UHFFFAOYSA-N,2-hexanone,water,298.15,265.0,5.579729825986222,Chromatography,True,train,15.468696875829751
je0495942.xml,2005,13,QSJXEFYPDANLFS-UHFFFAOYSA-N,XLYOFNOQVPJJNP-UHFFFAOYSA-N,"2,3-butanedione",water,298.1,13.3,2.5877640352277083,Chromatography,True,train,9.159260065545464
je0495942.xml,2005,13,QSJXEFYPDANLFS-UHFFFAOYSA-N,XLYOFNOQVPJJNP-UHFFFAOYSA-N,"2,3-butanedione",water,298.1,13.3,2.5877640352277083,Chromatography,True,train,9.159260065545464
je0495942.xml,2005,13,QSJXEFYPDANLFS-UHFFFAOYSA-N,XLYOFNOQVPJJNP-UHFFFAOYSA-N,"2,3-butanedione",water,298.1,13.2,2.580216829592325,Chromatography,True,train,9.159260065545464
je0495942.xml,2005,13,QSJXEFYPDANLFS-UHFFFAOYSA-N,XLYOFNOQVPJJNP-UHFFFAOYSA-N,"2,3-butanedione",water,298.17,13.2,2.580216829592325,Chromatography,True,train,9.157744446079663
je0495942.xml,2005,13,QSJXEFYPDANLFS-UHFFFAOYSA-N,XLYOFNOQVPJJNP-UHFFFAOYSA-N,"2,3-butanedione",water,298.17,13.1,2.5726122302071057,Chromatography,True,train,9.157744446079663
je0495942.xml,2005,13,QSJXEFYPDANLFS-UHFFFAOYSA-N,XLYOFNOQVPJJNP-UHFFFAOYSA-N,"2,3-butanedione",water,298.17,13.2,2.580216829592325,Chromatography,True,train,9.157744446079663
je049540s.xml,2005,12,QWVGKYWNOKOFNN-UHFFFAOYSA-N,BKIMMITUMNQMOS-UHFFFAOYSA-N,2-methylphenol,nonane,373.15,5.84,1.7647307968401356,Differential ebulliometry,True,test_one,1.1904946663470126
je049540s.xml,2005,12,QWVGKYWNOKOFNN-UHFFFAOYSA-N,BKIMMITUMNQMOS-UHFFFAOYSA-N,2-methylphenol,nonane,393.15,4.58,1.5216989981260935,Differential ebulliometry,True,test_one,1.0622392963721743
je049540s.xml,2005,12,QWVGKYWNOKOFNN-UHFFFAOYSA-N,BKIMMITUMNQMOS-UHFFFAOYSA-N,2-methylphenol,nonane,413.15,3.8,1.33500106673234,Differential ebulliometry,True,test_one,0.9546044431323666
je049540s.xml,2005,14,QWVGKYWNOKOFNN-UHFFFAOYSA-N,DIOQZVSQGTUSAI-UHFFFAOYSA-N,2-methylphenol,decane,393.15,4.15,1.423108334242607,Differential ebulliometry,True,train,1.079463488579123
je049540s.xml,2005,14,QWVGKYWNOKOFNN-UHFFFAOYSA-N,DIOQZVSQGTUSAI-UHFFFAOYSA-N,2-methylphenol,decane,413.15,3.49,1.249901736214336,Differential ebulliometry,True,train,0.9691989981074329
je049540s.xml,2005,14,QWVGKYWNOKOFNN-UHFFFAOYSA-N,DIOQZVSQGTUSAI-UHFFFAOYSA-N,2-methylphenol,decane,433.15,3.04,1.1118575154181305,Differential ebulliometry,True,train,0.8754223503449062
je049540s.xml,2005,16,QWVGKYWNOKOFNN-UHFFFAOYSA-N,RSJKGSCJYJTIGS-UHFFFAOYSA-N,2-methylphenol,undecane,393.15,4.47,1.4973884086254774,Differential ebulliometry,True,train,1.1005798549229204
je049540s.xml,2005,16,QWVGKYWNOKOFNN-UHFFFAOYSA-N,RSJKGSCJYJTIGS-UHFFFAOYSA-N,2-methylphenol,undecane,413.15,3.77,1.3270750014599193,Differential ebulliometry,True,train,0.9874138982323386
je049540s.xml,2005,16,QWVGKYWNOKOFNN-UHFFFAOYSA-N,RSJKGSCJYJTIGS-UHFFFAOYSA-N,2-methylphenol,undecane,433.15,2.85,1.0473189942805592,Differential ebulliometry,True,train,0.8910175967575803
j.jct.2012.06.009.xml,2012,19,RDOXTESZEPMUJZ-UHFFFAOYSA-N,GHVNFZFCNZKVNT-UHFFFAOYSA-N,"benzene, methoxy-",capric acid,353.25,1.432,0.3590720685384538,Chromatography,True,train,0.4612970222446442
j.jct.2012.06.009.xml,2012,19,RDOXTESZEPMUJZ-UHFFFAOYSA-N,GHVNFZFCNZKVNT-UHFFFAOYSA-N,"benzene, methoxy-",capric acid,353.3,1.449,0.3708736633385454,Chromatography,True,train,0.46112305899603845
j.jct.2012.06.009.xml,2012,84,RDOXTESZEPMUJZ-UHFFFAOYSA-N,IPCSVZSSVZVIGE-UHFFFAOYSA-N,"benzene, methoxy-",hexadecanoic acid,340.19,1.303,0.264669298142708,Chromatography,True,train,0.6592467409054416
j.jct.2012.06.009.xml,2012,84,RDOXTESZEPMUJZ-UHFFFAOYSA-N,IPCSVZSSVZVIGE-UHFFFAOYSA-N,"benzene, methoxy-",hexadecanoic acid,348.01,1.278,0.245296355955343,Chromatography,True,train,0.6236020201066146
j.jct.2012.06.009.xml,2012,84,RDOXTESZEPMUJZ-UHFFFAOYSA-N,IPCSVZSSVZVIGE-UHFFFAOYSA-N,"benzene, methoxy-",hexadecanoic acid,358.22,1.253,0.2255406759139311,Chromatography,True,train,0.580264187912784
j.jct.2012.12.009.xml,2013,60,RDOXTESZEPMUJZ-UHFFFAOYSA-N,OYHQOLUKZRVURQ-HZJYTTRNSA-N,methoxybenzene,linoleic acid,338.28,1.242,0.216722983511287,Chromatography,True,train,0.6185477138465083
j.jct.2012.12.009.xml,2013,60,RDOXTESZEPMUJZ-UHFFFAOYSA-N,OYHQOLUKZRVURQ-HZJYTTRNSA-N,methoxybenzene,linoleic acid,348.31,1.292,0.2561914053604101,Chromatography,True,train,0.578239469384098
j.jct.2012.12.009.xml,2013,60,RDOXTESZEPMUJZ-UHFFFAOYSA-N,OYHQOLUKZRVURQ-HZJYTTRNSA-N,methoxybenzene,linoleic acid,348.28,1.317,0.2753564227611439,Chromatography,True,train,0.5783554474534777
j.jct.2012.12.009.xml,2013,60,RDOXTESZEPMUJZ-UHFFFAOYSA-N,OYHQOLUKZRVURQ-HZJYTTRNSA-N,methoxybenzene,linoleic acid,358.3,1.369,0.3140805463063118,Chromatography,True,train,0.5410465561469107
j.jct.2012.06.009.xml,2012,41,RDOXTESZEPMUJZ-UHFFFAOYSA-N,POULHZVOKOAJMA-UHFFFAOYSA-N,"benzene, methoxy-",lauric acid,333.26,1.374,0.3177261938001576,Chromatography,True,train,0.6473404144162033
j.jct.2012.06.009.xml,2012,41,RDOXTESZEPMUJZ-UHFFFAOYSA-N,POULHZVOKOAJMA-UHFFFAOYSA-N,"benzene, methoxy-",lauric acid,343.65,1.347,0.2978798974282269,Chromatography,True,train,0.6002040983379572
j.jct.2012.06.009.xml,2012,41,RDOXTESZEPMUJZ-UHFFFAOYSA-N,POULHZVOKOAJMA-UHFFFAOYSA-N,"benzene, methoxy-",lauric acid,353.25,1.334,0.288181947493432,Chromatography,True,train,0.5602131511913553
j.jct.2012.06.009.xml,2012,41,RDOXTESZEPMUJZ-UHFFFAOYSA-N,POULHZVOKOAJMA-UHFFFAOYSA-N,"benzene, methoxy-",lauric acid,353.3,1.353,0.302324349188651,Chromatography,True,train,0.5600132291881075
j.jct.2012.12.009.xml,2013,20,RDOXTESZEPMUJZ-UHFFFAOYSA-N,QIQXTHQIDYTFRH-UHFFFAOYSA-N,methoxybenzene,n-octadecanoic acid,349.47,1.216,0.1955667835439752,Chromatography,True,train,0.7371110097267771
j.jct.2012.12.009.xml,2013,20,RDOXTESZEPMUJZ-UHFFFAOYSA-N,QIQXTHQIDYTFRH-UHFFFAOYSA-N,methoxybenzene,n-octadecanoic acid,349.48,1.224,0.2021241840901343,Chromatography,True,train,0.7370610281442672
j.jct.2012.12.009.xml,2013,20,RDOXTESZEPMUJZ-UHFFFAOYSA-N,QIQXTHQIDYTFRH-UHFFFAOYSA-N,methoxybenzene,n-octadecanoic acid,358.39,1.189,0.1731126177086448,Chromatography,True,train,0.6939855916868088
j.jct.2012.12.009.xml,2013,20,RDOXTESZEPMUJZ-UHFFFAOYSA-N,QIQXTHQIDYTFRH-UHFFFAOYSA-N,methoxybenzene,n-octadecanoic acid,358.4,1.194,0.1773090149704103,Chromatography,True,train,0.6939388364234108
j.jct.2012.12.009.xml,2013,20,RDOXTESZEPMUJZ-UHFFFAOYSA-N,QIQXTHQIDYTFRH-UHFFFAOYSA-N,methoxybenzene,n-octadecanoic acid,368.19,1.173,0.1595645696713384,Chromatography,True,train,0.649775576359607
j.jct.2012.12.009.xml,2013,20,RDOXTESZEPMUJZ-UHFFFAOYSA-N,QIQXTHQIDYTFRH-UHFFFAOYSA-N,methoxybenzene,n-octadecanoic acid,368.13,1.157,0.1458304482115395,Chromatography,True,train,0.650036741828001
j.jct.2012.06.009.xml,2012,63,RDOXTESZEPMUJZ-UHFFFAOYSA-N,TUNFSRHWOTWDNC-UHFFFAOYSA-N,"benzene, methoxy-",tetradecanoic acid,314.1,1.322,0.2791457414294946,Chromatography,True,train,0.7501873870426856
j.jct.2012.06.009.xml,2012,63,RDOXTESZEPMUJZ-UHFFFAOYSA-N,TUNFSRHWOTWDNC-UHFFFAOYSA-N,"benzene, methoxy-",tetradecanoic acid,314.24,1.3,0.262364264467491,Chromatography,True,train,0.7494089327778816
j.jct.2012.06.009.xml,2012,63,RDOXTESZEPMUJZ-UHFFFAOYSA-N,TUNFSRHWOTWDNC-UHFFFAOYSA-N,"benzene, methoxy-",tetradecanoic acid,333.26,1.286,0.2515366258154277,Chromatography,True,train,0.6518153102789082
j.jct.2012.06.009.xml,2012,63,RDOXTESZEPMUJZ-UHFFFAOYSA-N,TUNFSRHWOTWDNC-UHFFFAOYSA-N,"benzene, methoxy-",tetradecanoic acid,333.38,1.268,0.2374408560150342,Chromatography,True,train,0.6512477767387295
j.jct.2012.06.009.xml,2012,63,RDOXTESZEPMUJZ-UHFFFAOYSA-N,TUNFSRHWOTWDNC-UHFFFAOYSA-N,"benzene, methoxy-",tetradecanoic acid,353.25,1.238,0.2134971742624043,Chromatography,True,train,0.5645717930586113
j.jct.2012.06.009.xml,2012,63,RDOXTESZEPMUJZ-UHFFFAOYSA-N,TUNFSRHWOTWDNC-UHFFFAOYSA-N,"benzene, methoxy-",tetradecanoic acid,353.3,1.208,0.1889660995126231,Chromatography,True,train,0.5643707806132596
j.jct.2013.05.006.xml,2013,15,RFFLAFLAYFXFSW-UHFFFAOYSA-N,ZHNUHDYFZUAESO-UHFFFAOYSA-N,"1,2-dichlorobenzene",formamide,298.0,159.0,5.068904202220232,Chromatography,True,train,7.638340555007664
j.jct.2012.01.016.xml,2012,3,RGSFGYAAUTVSQA-UHFFFAOYSA-N,HYBBIBNJHNGZAN-UHFFFAOYSA-N,cyclopentane,2-furaldehyde,298.15,11.6,2.451005098112319,Headspace solid phase microextraction,True,test_one,2.8334133402354604
j.jct.2012.01.016.xml,2012,3,RGSFGYAAUTVSQA-UHFFFAOYSA-N,HYBBIBNJHNGZAN-UHFFFAOYSA-N,cyclopentane,2-furaldehyde,298.15,11.4,2.4336133554004498,Headspace solid phase microextraction,True,test_one,2.8334133402354604
j.jct.2012.01.016.xml,2012,3,RGSFGYAAUTVSQA-UHFFFAOYSA-N,HYBBIBNJHNGZAN-UHFFFAOYSA-N,cyclopentane,2-furaldehyde,308.15,10.7,2.3702437414678603,Headspace solid phase microextraction,True,test_one,2.7624866792043514
j.jct.2012.01.016.xml,2012,3,RGSFGYAAUTVSQA-UHFFFAOYSA-N,HYBBIBNJHNGZAN-UHFFFAOYSA-N,cyclopentane,2-furaldehyde,308.15,10.1,2.312535423847214,Headspace solid phase microextraction,True,test_one,2.7624866792043514
j.jct.2012.01.016.xml,2012,3,RGSFGYAAUTVSQA-UHFFFAOYSA-N,HYBBIBNJHNGZAN-UHFFFAOYSA-N,cyclopentane,2-furaldehyde,318.15,10.4,2.341805806147327,Headspace solid phase microextraction,True,test_one,2.6935434098445916
j.jct.2012.01.016.xml,2012,3,RGSFGYAAUTVSQA-UHFFFAOYSA-N,HYBBIBNJHNGZAN-UHFFFAOYSA-N,cyclopentane,2-furaldehyde,318.15,9.3,2.2300144001592104,Headspace solid phase microextraction,True,test_one,2.6935434098445916
j.jct.2016.10.013.xml,2017,14,RGSFGYAAUTVSQA-UHFFFAOYSA-N,LYCAIKOWRPUZTN-UHFFFAOYSA-N,cyclopentane,ethylene glycol,303.15,163.0,5.093750200806762,Other,True,train,6.013714837396645
j.jct.2016.10.013.xml,2017,14,RGSFGYAAUTVSQA-UHFFFAOYSA-N,LYCAIKOWRPUZTN-UHFFFAOYSA-N,cyclopentane,ethylene glycol,313.15,149.0,5.003946305945459,Other,True,train,5.87357515770152
j.jct.2016.10.013.xml,2017,14,RGSFGYAAUTVSQA-UHFFFAOYSA-N,LYCAIKOWRPUZTN-UHFFFAOYSA-N,cyclopentane,ethylene glycol,323.15,133.0,4.890349128221754,Other,True,train,5.735784694986827
j.jct.2016.10.013.xml,2017,25,RGSFGYAAUTVSQA-UHFFFAOYSA-N,MTHSVFCYNBDYFN-UHFFFAOYSA-N,cyclopentane,diethylene glycol,304.15,33.8,3.520460802488973,Other,True,test_one,3.733313465399543
j.jct.2016.10.013.xml,2017,25,RGSFGYAAUTVSQA-UHFFFAOYSA-N,MTHSVFCYNBDYFN-UHFFFAOYSA-N,cyclopentane,diethylene glycol,313.15,31.6,3.4531571205928664,Other,True,test_one,3.647229809649715
j.jct.2016.10.013.xml,2017,25,RGSFGYAAUTVSQA-UHFFFAOYSA-N,MTHSVFCYNBDYFN-UHFFFAOYSA-N,cyclopentane,diethylene glycol,323.15,30.1,3.40452517175483,Other,True,test_one,3.5540858650058915
j.jct.2013.05.011.xml,2013,16,RGSFGYAAUTVSQA-UHFFFAOYSA-N,MTHSVFCYNBDYFN-UHFFFAOYSA-N,cyclopentane,diethylene glycol,333.2,30.92,3.4314032237192214,Chromatography,True,test_one,3.4634628681773894
j.jct.2013.05.011.xml,2013,16,RGSFGYAAUTVSQA-UHFFFAOYSA-N,MTHSVFCYNBDYFN-UHFFFAOYSA-N,cyclopentane,diethylene glycol,348.2,27.6,3.317815772723105,Chromatography,True,test_one,3.334184634995828
j.jct.2013.05.011.xml,2013,16,RGSFGYAAUTVSQA-UHFFFAOYSA-N,MTHSVFCYNBDYFN-UHFFFAOYSA-N,cyclopentane,diethylene glycol,363.2,25.92,3.255014871484074,Chromatography,True,test_one,3.2122480372549282
j.jct.2013.02.006.xml,2013,37,RGSFGYAAUTVSQA-UHFFFAOYSA-N,SECXISVLQFMRJM-UHFFFAOYSA-N,cyclopentane,1-methylpyrrolidone,333.2,5.16,1.6409365794934714,Chromatography,True,train,0.5787279601769039
j.jct.2013.02.006.xml,2013,37,RGSFGYAAUTVSQA-UHFFFAOYSA-N,SECXISVLQFMRJM-UHFFFAOYSA-N,cyclopentane,1-methylpyrrolidone,348.2,4.68,1.5432981099295553,Chromatography,True,train,0.5848389222573706
j.jct.2013.02.006.xml,2013,37,RGSFGYAAUTVSQA-UHFFFAOYSA-N,SECXISVLQFMRJM-UHFFFAOYSA-N,cyclopentane,1-methylpyrrolidone,363.2,4.55,1.5151272329628591,Chromatography,True,train,0.5880487502815387
j.jct.2013.05.011.xml,2013,39,RGSFGYAAUTVSQA-UHFFFAOYSA-N,ZIBGPFATKBEMQZ-UHFFFAOYSA-N,cyclopentane,triethylene glycol,333.2,15.19,2.7206373166076814,Chromatography,True,train,2.5710320221172527
j.jct.2013.05.011.xml,2013,39,RGSFGYAAUTVSQA-UHFFFAOYSA-N,ZIBGPFATKBEMQZ-UHFFFAOYSA-N,cyclopentane,triethylene glycol,348.2,13.98,2.637627736805664,Chromatography,True,train,2.4625317938716895
j.jct.2013.05.011.xml,2013,39,RGSFGYAAUTVSQA-UHFFFAOYSA-N,ZIBGPFATKBEMQZ-UHFFFAOYSA-N,cyclopentane,triethylene glycol,363.2,12.69,2.540814281726296,Chromatography,True,train,2.3609713353481503
je049540s.xml,2005,18,RLSSMJSEOOYNOY-UHFFFAOYSA-N,BKIMMITUMNQMOS-UHFFFAOYSA-N,3-methylphenol,nonane,373.15,9.21,2.2202898502672155,Differential ebulliometry,True,test_one,1.3452781950745447
je049540s.xml,2005,18,RLSSMJSEOOYNOY-UHFFFAOYSA-N,BKIMMITUMNQMOS-UHFFFAOYSA-N,3-methylphenol,nonane,393.15,7.06,1.9544450515051504,Differential ebulliometry,True,test_one,1.2052492090413083
je049540s.xml,2005,18,RLSSMJSEOOYNOY-UHFFFAOYSA-N,BKIMMITUMNQMOS-UHFFFAOYSA-N,3-methylphenol,nonane,413.15,5.96,1.7850704810772584,Differential ebulliometry,True,test_one,1.0871188691500928
je049540s.xml,2005,20,RLSSMJSEOOYNOY-UHFFFAOYSA-N,DIOQZVSQGTUSAI-UHFFFAOYSA-N,3-methylphenol,decane,373.15,7.79,2.052840859882657,Differential ebulliometry,True,train,1.3665036932424923
je049540s.xml,2005,20,RLSSMJSEOOYNOY-UHFFFAOYSA-N,DIOQZVSQGTUSAI-UHFFFAOYSA-N,3-methylphenol,decane,403.15,5.37,1.6808279085207734,Differential ebulliometry,True,train,1.160686955431372
je049540s.xml,2005,20,RLSSMJSEOOYNOY-UHFFFAOYSA-N,DIOQZVSQGTUSAI-UHFFFAOYSA-N,3-methylphenol,decane,433.15,4.26,1.449269160281279,Differential ebulliometry,True,train,0.999569623180789
je049540s.xml,2005,21,RLSSMJSEOOYNOY-UHFFFAOYSA-N,RSJKGSCJYJTIGS-UHFFFAOYSA-N,3-methylphenol,undecane,393.15,6.25,1.8325814637483104,Differential ebulliometry,True,train,1.2456940479047345
je049540s.xml,2005,21,RLSSMJSEOOYNOY-UHFFFAOYSA-N,RSJKGSCJYJTIGS-UHFFFAOYSA-N,3-methylphenol,undecane,413.15,4.9,1.589235205116581,Differential ebulliometry,True,train,1.121996102670199
je049540s.xml,2005,21,RLSSMJSEOOYNOY-UHFFFAOYSA-N,RSJKGSCJYJTIGS-UHFFFAOYSA-N,3-methylphenol,undecane,433.15,3.93,1.3686394258811698,Differential ebulliometry,True,train,1.0161735582349278
j.tca.2015.11.010.xml,2016,10,RSJKGSCJYJTIGS-UHFFFAOYSA-N,ATHHXGZTWNVVOU-UHFFFAOYSA-N,n-undecane,N-methylformamide,298.15,318.3,5.762994334288047,Other,True,train,6.41670488421551
j.fluid.2016.10.009.xml,2017,4,RSJKGSCJYJTIGS-UHFFFAOYSA-N,JUJWROOIHBZHMG-UHFFFAOYSA-N,n-undecane,pyridine,298.15,10.2,2.322387720290225,Other,True,train,3.8714805874036498
j.jct.2014.06.006.xml,2014,17,RSJKGSCJYJTIGS-UHFFFAOYSA-N,XNWFRZJHXBZDAG-UHFFFAOYSA-N,n-undecane,methyl cellosolve,298.0,94.6,4.549657476057832,Chromatography,True,train,5.484214674245487
je1005517.xml,2011,43,RTZKZFJDLAIYFH-UHFFFAOYSA-N,BTFJIXJJCSYFAL-UHFFFAOYSA-N,"ethane, 1,1'-oxybis-",1-eicosanol,338.15,0.0652,-2.73029581004953,GC,True,train,0.46919995303030343
je1005517.xml,2011,43,RTZKZFJDLAIYFH-UHFFFAOYSA-N,BTFJIXJJCSYFAL-UHFFFAOYSA-N,"ethane, 1,1'-oxybis-",1-eicosanol,343.15,0.0624,-2.774190003606756,GC,True,train,0.454778879296964
je1005517.xml,2011,43,RTZKZFJDLAIYFH-UHFFFAOYSA-N,BTFJIXJJCSYFAL-UHFFFAOYSA-N,"ethane, 1,1'-oxybis-",1-eicosanol,348.15,0.0598,-2.816749618025551,GC,True,train,0.44082397519247696
je1005517.xml,2011,43,RTZKZFJDLAIYFH-UHFFFAOYSA-N,BTFJIXJJCSYFAL-UHFFFAOYSA-N,"ethane, 1,1'-oxybis-",1-eicosanol,353.15,0.0572,-2.861201380596385,GC,True,train,0.4273107612356928
je1005517.xml,2011,21,RTZKZFJDLAIYFH-UHFFFAOYSA-N,GLDOVTGHNKAZLK-UHFFFAOYSA-N,"ethane, 1,1'-oxybis-",1-octadecanol,333.15,0.0257,-3.661264287080963,GC,True,train,0.4173356677890831
je1005517.xml,2011,21,RTZKZFJDLAIYFH-UHFFFAOYSA-N,GLDOVTGHNKAZLK-UHFFFAOYSA-N,"ethane, 1,1'-oxybis-",1-octadecanol,338.15,0.0235,-3.750754857832024,GC,True,train,0.40414789130416795
je1005517.xml,2011,21,RTZKZFJDLAIYFH-UHFFFAOYSA-N,GLDOVTGHNKAZLK-UHFFFAOYSA-N,"ethane, 1,1'-oxybis-",1-octadecanol,343.15,0.0219,-3.8212686421596818,GC,True,train,0.3914113296353744
je1005517.xml,2011,21,RTZKZFJDLAIYFH-UHFFFAOYSA-N,GLDOVTGHNKAZLK-UHFFFAOYSA-N,"ethane, 1,1'-oxybis-",1-octadecanol,348.15,0.0204,-3.892220378131966,GC,True,train,0.37910129743428855
je1005517.xml,2011,21,RTZKZFJDLAIYFH-UHFFFAOYSA-N,GLDOVTGHNKAZLK-UHFFFAOYSA-N,"ethane, 1,1'-oxybis-",1-octadecanol,353.15,0.019,-3.963316299815697,GC,True,train,0.36719473945477415
je200628n.xml,2011,25,RTZKZFJDLAIYFH-UHFFFAOYSA-N,PWGJDPKCLMLPJW-UHFFFAOYSA-N,ethyl ether,"1,8-diaminooctane",328.15,3.517,1.2576083534918454,Chromatography,True,train,-0.03265606043172728
je200628n.xml,2011,25,RTZKZFJDLAIYFH-UHFFFAOYSA-N,PWGJDPKCLMLPJW-UHFFFAOYSA-N,ethyl ether,"1,8-diaminooctane",338.15,3.405,1.2252449396014755,Chromatography,True,train,0.04789544911269472
je200628n.xml,2011,25,RTZKZFJDLAIYFH-UHFFFAOYSA-N,PWGJDPKCLMLPJW-UHFFFAOYSA-N,ethyl ether,"1,8-diaminooctane",343.15,3.371,1.2152094362519237,Chromatography,True,train,0.07964117107607438
je200628n.xml,2011,25,RTZKZFJDLAIYFH-UHFFFAOYSA-N,PWGJDPKCLMLPJW-UHFFFAOYSA-N,ethyl ether,"1,8-diaminooctane",348.15,3.364,1.2131307421107016,Chromatography,True,train,0.10675450760805995
j.fluid.2007.08.013.xml,2007,0,RTZKZFJDLAIYFH-UHFFFAOYSA-N,XLYOFNOQVPJJNP-UHFFFAOYSA-N,diethyl ether,water,273.35,33.9,3.5234150143864045,Chromatography,True,train,14.43977437492641
j.fluid.2007.08.013.xml,2007,0,RTZKZFJDLAIYFH-UHFFFAOYSA-N,XLYOFNOQVPJJNP-UHFFFAOYSA-N,diethyl ether,water,278.15,41.2,3.7184382563554808,Chromatography,True,train,14.30438789013535
j.fluid.2007.08.013.xml,2007,0,RTZKZFJDLAIYFH-UHFFFAOYSA-N,XLYOFNOQVPJJNP-UHFFFAOYSA-N,diethyl ether,water,283.15,49.4,3.899950424193877,Chromatography,True,train,14.162265711914149
j.fluid.2007.08.013.xml,2007,0,RTZKZFJDLAIYFH-UHFFFAOYSA-N,XLYOFNOQVPJJNP-UHFFFAOYSA-N,diethyl ether,water,288.15,58.5,4.069026754237811,Chromatography,True,train,14.019359316776201
j.fluid.2007.08.013.xml,2007,0,RTZKZFJDLAIYFH-UHFFFAOYSA-N,XLYOFNOQVPJJNP-UHFFFAOYSA-N,diethyl ether,water,293.15,68.6,4.22829253473184,Chromatography,True,train,13.875976748856457
j.fluid.2007.08.013.xml,2007,0,RTZKZFJDLAIYFH-UHFFFAOYSA-N,XLYOFNOQVPJJNP-UHFFFAOYSA-N,diethyl ether,water,298.15,77.1,4.345103280569283,Chromatography,True,train,13.732398321770296
j.fluid.2007.08.013.xml,2007,0,RTZKZFJDLAIYFH-UHFFFAOYSA-N,XLYOFNOQVPJJNP-UHFFFAOYSA-N,diethyl ether,water,303.15,88.8,4.486386649998124,Chromatography,True,train,13.58887829999885
j.fluid.2007.08.013.xml,2007,0,RTZKZFJDLAIYFH-UHFFFAOYSA-N,XLYOFNOQVPJJNP-UHFFFAOYSA-N,diethyl ether,water,308.15,98.8,4.593097604753822,Chromatography,True,train,13.44564652355496
j.fluid.2007.08.013.xml,2007,0,RTZKZFJDLAIYFH-UHFFFAOYSA-N,XLYOFNOQVPJJNP-UHFFFAOYSA-N,diethyl ether,water,318.15,121.0,4.795790545596741,Chromatography,True,train,13.160854305164646
j.fluid.2007.08.013.xml,2007,0,RTZKZFJDLAIYFH-UHFFFAOYSA-N,XLYOFNOQVPJJNP-UHFFFAOYSA-N,diethyl ether,water,328.15,139.5,4.93806460126142,Chromatography,True,train,12.87943014583388
j.fluid.2007.08.013.xml,2007,16,RYHBNJHYFVUHQT-UHFFFAOYSA-N,XLYOFNOQVPJJNP-UHFFFAOYSA-N,"1,4-dioxane",water,273.35,3.53,1.2612978709452054,relative headspace analysis,True,train,9.753908892337831
j.fluid.2007.08.013.xml,2007,16,RYHBNJHYFVUHQT-UHFFFAOYSA-N,XLYOFNOQVPJJNP-UHFFFAOYSA-N,"1,4-dioxane",water,278.15,4.0,1.3862943611198906,relative headspace analysis,True,train,9.677473192452911
j.fluid.2007.08.013.xml,2007,16,RYHBNJHYFVUHQT-UHFFFAOYSA-N,XLYOFNOQVPJJNP-UHFFFAOYSA-N,"1,4-dioxane",water,288.15,4.75,1.55814461804655,relative headspace analysis,True,train,9.50976760119895
j.fluid.2007.08.013.xml,2007,17,RYHBNJHYFVUHQT-UHFFFAOYSA-N,XLYOFNOQVPJJNP-UHFFFAOYSA-N,"1,4-dioxane",water,288.15,5.17,1.6428726885203375,headspace analysis,True,train,9.50976760119895
j.fluid.2007.08.013.xml,2007,17,RYHBNJHYFVUHQT-UHFFFAOYSA-N,XLYOFNOQVPJJNP-UHFFFAOYSA-N,"1,4-dioxane",water,298.15,5.88,1.7715567619105357,headspace analysis,True,train,9.33350961884478
j.fluid.2007.08.013.xml,2007,16,RYHBNJHYFVUHQT-UHFFFAOYSA-N,XLYOFNOQVPJJNP-UHFFFAOYSA-N,"1,4-dioxane",water,308.15,6.15,1.8164520818184269,relative headspace analysis,True,train,9.151653733039076
j.fluid.2007.08.013.xml,2007,17,RYHBNJHYFVUHQT-UHFFFAOYSA-N,XLYOFNOQVPJJNP-UHFFFAOYSA-N,"1,4-dioxane",water,308.15,6.7,1.9021075263969205,headspace analysis,True,train,9.151653733039076
j.fluid.2007.08.013.xml,2007,16,RYHBNJHYFVUHQT-UHFFFAOYSA-N,XLYOFNOQVPJJNP-UHFFFAOYSA-N,"1,4-dioxane",water,318.15,6.82,1.9198594718553708,relative headspace analysis,True,train,8.966618961603789
j.fluid.2007.08.013.xml,2007,18,RYHBNJHYFVUHQT-UHFFFAOYSA-N,XLYOFNOQVPJJNP-UHFFFAOYSA-N,"1,4-dioxane",water,328.15,7.76,2.048982334195127,non steady state GLC,True,train,8.780368357430635
j.fluid.2007.08.013.xml,2007,18,RYHBNJHYFVUHQT-UHFFFAOYSA-N,XLYOFNOQVPJJNP-UHFFFAOYSA-N,"1,4-dioxane",water,338.15,8.27,2.1126345090356,non steady state GLC,True,train,8.594477944142529
j.fluid.2007.08.013.xml,2007,19,RYHBNJHYFVUHQT-UHFFFAOYSA-N,XLYOFNOQVPJJNP-UHFFFAOYSA-N,"1,4-dioxane",water,338.15,8.22,2.1065702090680887,Chromatography,True,train,8.594477944142529
j.fluid.2007.08.013.xml,2007,20,RYHBNJHYFVUHQT-UHFFFAOYSA-N,XLYOFNOQVPJJNP-UHFFFAOYSA-N,"1,4-dioxane",water,348.15,8.43,2.131796772013764,rayleigh distillation,True,train,8.410196696938081
j.fluid.2007.08.013.xml,2007,21,RYHBNJHYFVUHQT-UHFFFAOYSA-N,XLYOFNOQVPJJNP-UHFFFAOYSA-N,"1,4-dioxane",water,372.5,10.3,2.33214389523559,circulation still,True,train,7.973722594470484
j.fluid.2009.05.005.xml,2009,0,SECXISVLQFMRJM-UHFFFAOYSA-N,XLYOFNOQVPJJNP-UHFFFAOYSA-N,N-methyl-2-pyrrolidone,water,333.15,1.34,0.29266961396282,"differential distillation, circulation still",True,train,8.322336596891448
j.fluid.2009.05.005.xml,2009,0,SECXISVLQFMRJM-UHFFFAOYSA-N,XLYOFNOQVPJJNP-UHFFFAOYSA-N,N-methyl-2-pyrrolidone,water,343.15,1.56,0.4446858212614457,"differential distillation, circulation still",True,train,8.222688555122954
j.fluid.2009.05.005.xml,2009,0,SECXISVLQFMRJM-UHFFFAOYSA-N,XLYOFNOQVPJJNP-UHFFFAOYSA-N,N-methyl-2-pyrrolidone,water,353.15,1.75,0.5596157879354227,"differential distillation, circulation still",True,train,8.115711957586528
j.fluid.2009.05.005.xml,2009,0,SECXISVLQFMRJM-UHFFFAOYSA-N,XLYOFNOQVPJJNP-UHFFFAOYSA-N,N-methyl-2-pyrrolidone,water,372.85,2.07,0.7275486072772777,"differential distillation, circulation still",True,train,7.890075798333949
je1005517.xml,2011,30,SNMVRZFUUCLYTO-UHFFFAOYSA-N,BTFJIXJJCSYFAL-UHFFFAOYSA-N,"propane, 1-chloro-",1-eicosanol,338.15,0.0779,-2.5523293261054345,GC,True,train,0.7670944497793082
je1005517.xml,2011,30,SNMVRZFUUCLYTO-UHFFFAOYSA-N,BTFJIXJJCSYFAL-UHFFFAOYSA-N,"propane, 1-chloro-",1-eicosanol,343.15,0.0778,-2.553613847797791,GC,True,train,0.7412291365707211
je1005517.xml,2011,30,SNMVRZFUUCLYTO-UHFFFAOYSA-N,BTFJIXJJCSYFAL-UHFFFAOYSA-N,"propane, 1-chloro-",1-eicosanol,348.15,0.0778,-2.553613847797791,GC,True,train,0.7162837338869887
je1005517.xml,2011,30,SNMVRZFUUCLYTO-UHFFFAOYSA-N,BTFJIXJJCSYFAL-UHFFFAOYSA-N,"propane, 1-chloro-",1-eicosanol,353.15,0.0777,-2.554900021608536,GC,True,train,0.6922130362817787
je1005517.xml,2011,8,SNMVRZFUUCLYTO-UHFFFAOYSA-N,GLDOVTGHNKAZLK-UHFFFAOYSA-N,"propane, 1-chloro-",1-octadecanol,333.15,0.0331,-3.40822199659912,GC,True,train,0.7124680672267152
je1005517.xml,2011,8,SNMVRZFUUCLYTO-UHFFFAOYSA-N,GLDOVTGHNKAZLK-UHFFFAOYSA-N,"propane, 1-chloro-",1-octadecanol,338.15,0.0294,-3.5267606046375013,GC,True,train,0.6878421705202
je1005517.xml,2011,8,SNMVRZFUUCLYTO-UHFFFAOYSA-N,GLDOVTGHNKAZLK-UHFFFAOYSA-N,"propane, 1-chloro-",1-octadecanol,343.15,0.0269,-3.615628992374344,GC,True,train,0.6641266737910659
je1005517.xml,2011,8,SNMVRZFUUCLYTO-UHFFFAOYSA-N,GLDOVTGHNKAZLK-UHFFFAOYSA-N,"propane, 1-chloro-",1-octadecanol,348.15,0.0245,-3.709082161431456,GC,True,train,0.6412756258999297
je1005517.xml,2011,8,SNMVRZFUUCLYTO-UHFFFAOYSA-N,GLDOVTGHNKAZLK-UHFFFAOYSA-N,"propane, 1-chloro-",1-octadecanol,353.15,0.0225,-3.7942399697717626,GC,True,train,0.619245802392111
je200628n.xml,2011,15,SQCZQTSHSZLZIQ-UHFFFAOYSA-N,PWGJDPKCLMLPJW-UHFFFAOYSA-N,"pentane, 1-chloro-","1,8-diaminooctane",328.15,2.71,0.9969486348916096,Chromatography,True,test_one,0.49074640279806453
je200628n.xml,2011,15,SQCZQTSHSZLZIQ-UHFFFAOYSA-N,PWGJDPKCLMLPJW-UHFFFAOYSA-N,"pentane, 1-chloro-","1,8-diaminooctane",338.15,2.125,0.7537718023763802,Chromatography,True,test_one,0.4730157309463942
je200628n.xml,2011,15,SQCZQTSHSZLZIQ-UHFFFAOYSA-N,PWGJDPKCLMLPJW-UHFFFAOYSA-N,"pentane, 1-chloro-","1,8-diaminooctane",343.15,1.918,0.6512829764612464,Chromatography,True,test_one,0.464505929004894
je200628n.xml,2011,15,SQCZQTSHSZLZIQ-UHFFFAOYSA-N,PWGJDPKCLMLPJW-UHFFFAOYSA-N,"pentane, 1-chloro-","1,8-diaminooctane",348.15,1.732,0.5492768101402434,Chromatography,True,test_one,0.456220208761681
j.tca.2015.11.010.xml,2016,5,TVMXDCGIABBOFY-UHFFFAOYSA-N,ATHHXGZTWNVVOU-UHFFFAOYSA-N,n-octane,N-methylformamide,298.15,83.9,4.429625613473161,Chromatography,True,train,4.9012710045507815
je1005517.xml,2011,24,TVMXDCGIABBOFY-UHFFFAOYSA-N,BTFJIXJJCSYFAL-UHFFFAOYSA-N,octane,1-eicosanol,338.15,0.187,-1.6766466621275504,GC,True,train,0.4543199426801511
je1005517.xml,2011,24,TVMXDCGIABBOFY-UHFFFAOYSA-N,BTFJIXJJCSYFAL-UHFFFAOYSA-N,octane,1-eicosanol,343.15,0.1606,-1.828838477469476,GC,True,train,0.44036398990760406
je1005517.xml,2011,24,TVMXDCGIABBOFY-UHFFFAOYSA-N,BTFJIXJJCSYFAL-UHFFFAOYSA-N,octane,1-eicosanol,348.15,0.1381,-1.9797772185668907,GC,True,train,0.42690206273714254
je1005517.xml,2011,24,TVMXDCGIABBOFY-UHFFFAOYSA-N,BTFJIXJJCSYFAL-UHFFFAOYSA-N,octane,1-eicosanol,353.15,0.1204,-2.1169357461074165,GC,True,train,0.41390763614701714
j.jct.2015.12.034.xml,2016,8,TVMXDCGIABBOFY-UHFFFAOYSA-N,CSCPPACGZOOCGX-UHFFFAOYSA-N,n-octane,acetone,298.15,10.7,2.3702437414678603,Other,True,train,2.157559012117409
j.jct.2014.06.006.xml,2014,2,TVMXDCGIABBOFY-UHFFFAOYSA-N,DNIAPMSPPWPWGF-UHFFFAOYSA-N,n-octane,propylene glycol,298.0,150.0,5.010635294096256,Chromatography,True,train,
je1005517.xml,2011,2,TVMXDCGIABBOFY-UHFFFAOYSA-N,GLDOVTGHNKAZLK-UHFFFAOYSA-N,octane,1-octadecanol,333.15,0.0513,-2.9700645268054133,GC,True,train,0.46643621588461637
je1005517.xml,2011,2,TVMXDCGIABBOFY-UHFFFAOYSA-N,GLDOVTGHNKAZLK-UHFFFAOYSA-N,octane,1-octadecanol,338.15,0.0497,-3.001750345879554,GC,True,train,0.4523376928411754
je1005517.xml,2011,2,TVMXDCGIABBOFY-UHFFFAOYSA-N,GLDOVTGHNKAZLK-UHFFFAOYSA-N,octane,1-octadecanol,343.15,0.0485,-3.0261914810386994,GC,True,train,0.43876416872518226
je1005517.xml,2011,2,TVMXDCGIABBOFY-UHFFFAOYSA-N,GLDOVTGHNKAZLK-UHFFFAOYSA-N,octane,1-octadecanol,348.15,0.0473,-3.0512449834842497,GC,True,train,0.4256865610453572
je1005517.xml,2011,2,TVMXDCGIABBOFY-UHFFFAOYSA-N,GLDOVTGHNKAZLK-UHFFFAOYSA-N,octane,1-octadecanol,353.15,0.0461,-3.076942328979534,GC,True,train,0.4130777646012598
j.fluid.2013.02.008.xml,2013,7,TVMXDCGIABBOFY-UHFFFAOYSA-N,HLZKNKRTKFSKGZ-UHFFFAOYSA-N,octane,1-tetradecanol,353.0,1.87,0.6259384308664954,Chromatography,True,train,0.46832773980056913
j.fluid.2013.02.008.xml,2013,7,TVMXDCGIABBOFY-UHFFFAOYSA-N,HLZKNKRTKFSKGZ-UHFFFAOYSA-N,octane,1-tetradecanol,372.4,1.76,0.5653138090500605,Chromatography,True,train,0.4227660984485391
j.fluid.2013.02.008.xml,2013,7,TVMXDCGIABBOFY-UHFFFAOYSA-N,HLZKNKRTKFSKGZ-UHFFFAOYSA-N,octane,1-tetradecanol,391.9,1.69,0.5247285289349821,Chromatography,True,train,0.3827725411376974
j.fluid.2013.02.008.xml,2013,7,TVMXDCGIABBOFY-UHFFFAOYSA-N,HLZKNKRTKFSKGZ-UHFFFAOYSA-N,octane,1-tetradecanol,410.6,1.63,0.4885800148186709,Chromatography,True,train,0.3489063648831708
j.fluid.2013.02.008.xml,2013,7,TVMXDCGIABBOFY-UHFFFAOYSA-N,HLZKNKRTKFSKGZ-UHFFFAOYSA-N,octane,1-tetradecanol,430.6,1.61,0.4762341789963717,Chromatography,True,train,0.31672819218179166
je700139p.xml,2007,7,TVMXDCGIABBOFY-UHFFFAOYSA-N,HXJUTPCZVOIRIF-UHFFFAOYSA-N,octane,sulfolane,333.15,80.699,4.3907261836253975,Chromatography,True,test_one,2.7882745570779597
je700139p.xml,2007,7,TVMXDCGIABBOFY-UHFFFAOYSA-N,HXJUTPCZVOIRIF-UHFFFAOYSA-N,octane,sulfolane,343.15,70.45,4.254903238344689,Chromatography,True,test_one,2.7957030970521415
je700139p.xml,2007,7,TVMXDCGIABBOFY-UHFFFAOYSA-N,HXJUTPCZVOIRIF-UHFFFAOYSA-N,octane,sulfolane,353.15,61.712,4.122478401465872,Chromatography,True,test_one,2.797703715712348
je700139p.xml,2007,7,TVMXDCGIABBOFY-UHFFFAOYSA-N,HXJUTPCZVOIRIF-UHFFFAOYSA-N,octane,sulfolane,363.15,54.252,3.993639858100469,Chromatography,True,test_one,2.7949013315772753
je700139p.xml,2007,7,TVMXDCGIABBOFY-UHFFFAOYSA-N,HXJUTPCZVOIRIF-UHFFFAOYSA-N,octane,sulfolane,373.15,48.632,3.8842817504464215,Chromatography,True,test_one,2.787851564392306
j.fluid.2016.10.009.xml,2017,1,TVMXDCGIABBOFY-UHFFFAOYSA-N,JUJWROOIHBZHMG-UHFFFAOYSA-N,n-octane,pyridine,298.15,7.93,2.0706530356467567,Other,True,train,2.9390029334333696
j.fluid.2013.02.008.xml,2013,4,TVMXDCGIABBOFY-UHFFFAOYSA-N,LQZZUXJYWNFBMV-UHFFFAOYSA-N,octane,1-dodecanol,353.3,2.29,0.8285518175661483,Chromatography,True,train,0.565096738971992
j.fluid.2013.02.008.xml,2013,4,TVMXDCGIABBOFY-UHFFFAOYSA-N,LQZZUXJYWNFBMV-UHFFFAOYSA-N,octane,1-dodecanol,362.6,2.21,0.7929925155296614,Chromatography,True,train,0.5407186028842739
j.fluid.2013.02.008.xml,2013,4,TVMXDCGIABBOFY-UHFFFAOYSA-N,LQZZUXJYWNFBMV-UHFFFAOYSA-N,octane,1-dodecanol,372.4,2.16,0.7701082216960737,Chromatography,True,train,0.5167174811974591
j.fluid.2013.02.008.xml,2013,4,TVMXDCGIABBOFY-UHFFFAOYSA-N,LQZZUXJYWNFBMV-UHFFFAOYSA-N,octane,1-dodecanol,383.0,2.08,0.7323678937132266,Chromatography,True,train,0.4925078125867619
j.fluid.2013.02.008.xml,2013,4,TVMXDCGIABBOFY-UHFFFAOYSA-N,LQZZUXJYWNFBMV-UHFFFAOYSA-N,octane,1-dodecanol,411.1,1.9,0.6418538861723947,Chromatography,True,train,0.4357897363726938
j.fluid.2013.02.008.xml,2013,4,TVMXDCGIABBOFY-UHFFFAOYSA-N,LQZZUXJYWNFBMV-UHFFFAOYSA-N,octane,1-dodecanol,430.6,1.76,0.5653138090500605,Chromatography,True,train,0.4017072007412888
j.jct.2016.10.013.xml,2017,8,TVMXDCGIABBOFY-UHFFFAOYSA-N,LYCAIKOWRPUZTN-UHFFFAOYSA-N,n-octane,ethylene glycol,303.15,1960.0,7.580699752224563,Other,True,train,10.031052956236206
j.jct.2016.10.013.xml,2017,8,TVMXDCGIABBOFY-UHFFFAOYSA-N,LYCAIKOWRPUZTN-UHFFFAOYSA-N,n-octane,ethylene glycol,313.15,1600.0,7.377758908227872,Other,True,train,9.783552675823607
j.jct.2016.10.013.xml,2017,8,TVMXDCGIABBOFY-UHFFFAOYSA-N,LYCAIKOWRPUZTN-UHFFFAOYSA-N,n-octane,ethylene glycol,323.15,1340.0,7.200424892944957,Other,True,train,9.540708664638393
j.fluid.2013.02.008.xml,2013,10,TVMXDCGIABBOFY-UHFFFAOYSA-N,LYCAIKOWRPUZTN-UHFFFAOYSA-N,octane,"1,2-ethanediol",332.1,631.0,6.447305862541213,Chromatography,True,train,9.328265774367456
j.fluid.2013.02.008.xml,2013,10,TVMXDCGIABBOFY-UHFFFAOYSA-N,LYCAIKOWRPUZTN-UHFFFAOYSA-N,octane,"1,2-ethanediol",353.6,447.0,6.102558594613569,Chromatography,True,train,8.840181175636674
j.fluid.2013.02.008.xml,2013,10,TVMXDCGIABBOFY-UHFFFAOYSA-N,LYCAIKOWRPUZTN-UHFFFAOYSA-N,octane,"1,2-ethanediol",372.7,383.0,5.948034989180646,Chromatography,True,train,8.435390685872486
j.fluid.2013.02.008.xml,2013,10,TVMXDCGIABBOFY-UHFFFAOYSA-N,LYCAIKOWRPUZTN-UHFFFAOYSA-N,octane,"1,2-ethanediol",392.4,313.0,5.746203190540153,Chromatography,True,train,8.04690175265712
j.jct.2016.10.013.xml,2017,19,TVMXDCGIABBOFY-UHFFFAOYSA-N,MTHSVFCYNBDYFN-UHFFFAOYSA-N,n-octane,diethylene glycol,304.15,249.0,5.517452896464707,Other,True,test_one,6.239590889227538
j.jct.2016.10.013.xml,2017,19,TVMXDCGIABBOFY-UHFFFAOYSA-N,MTHSVFCYNBDYFN-UHFFFAOYSA-N,n-octane,diethylene glycol,313.15,223.0,5.407171771460119,Other,True,test_one,6.093114725781441
j.jct.2016.10.013.xml,2017,19,TVMXDCGIABBOFY-UHFFFAOYSA-N,MTHSVFCYNBDYFN-UHFFFAOYSA-N,n-octane,diethylene glycol,323.15,203.0,5.313205979041787,Other,True,test_one,5.934739907681632
j.jct.2013.05.011.xml,2013,7,TVMXDCGIABBOFY-UHFFFAOYSA-N,MTHSVFCYNBDYFN-UHFFFAOYSA-N,n-octane,diethylene glycol,333.2,187.6,5.234312036572124,Chromatography,True,test_one,5.780778168540073
j.jct.2013.05.011.xml,2013,7,TVMXDCGIABBOFY-UHFFFAOYSA-N,MTHSVFCYNBDYFN-UHFFFAOYSA-N,n-octane,diethylene glycol,348.2,168.0,5.123963979403259,Chromatography,True,test_one,5.561383513779549
j.jct.2013.05.011.xml,2013,7,TVMXDCGIABBOFY-UHFFFAOYSA-N,MTHSVFCYNBDYFN-UHFFFAOYSA-N,n-octane,diethylene glycol,363.2,145.6,4.980863135762585,Chromatography,True,test_one,5.354732422421352
j.fluid.2013.02.008.xml,2013,1,TVMXDCGIABBOFY-UHFFFAOYSA-N,MWKFXSUHUHTGQN-UHFFFAOYSA-N,octane,1-decanol,352.7,2.44,0.8919980393051105,Chromatography,True,test_one,0.7187070842824437
j.fluid.2013.02.008.xml,2013,1,TVMXDCGIABBOFY-UHFFFAOYSA-N,MWKFXSUHUHTGQN-UHFFFAOYSA-N,octane,1-decanol,372.2,2.28,0.8241754429663494,Chromatography,True,test_one,0.6624882821242914
j.fluid.2013.02.008.xml,2013,1,TVMXDCGIABBOFY-UHFFFAOYSA-N,MWKFXSUHUHTGQN-UHFFFAOYSA-N,octane,1-decanol,391.8,2.15,0.7654678421395714,Chromatography,True,test_one,0.612927877160152
je050316s.xml,2006,26,TVMXDCGIABBOFY-UHFFFAOYSA-N,PAFZNILMFXTMIY-UHFFFAOYSA-N,octane,cyclohexylamine,353.15,1.36,0.3074846997479607,Differential ebulliometry,True,train,0.7705651415523876
je050316s.xml,2006,26,TVMXDCGIABBOFY-UHFFFAOYSA-N,PAFZNILMFXTMIY-UHFFFAOYSA-N,octane,cyclohexylamine,373.15,1.29,0.2546422183735807,Differential ebulliometry,True,train,0.7253549571300048
je050316s.xml,2006,26,TVMXDCGIABBOFY-UHFFFAOYSA-N,PAFZNILMFXTMIY-UHFFFAOYSA-N,octane,cyclohexylamine,393.15,1.2,0.1823215567939546,Differential ebulliometry,True,train,0.6833016244978812
je900686n.xml,2010,2,TVMXDCGIABBOFY-UHFFFAOYSA-N,PEDCQBHIVMGVHV-UHFFFAOYSA-N,octane,glycerol,303.15,677.12,6.517848509789825,Chromatography,True,test_one,9.481738163645876
je900686n.xml,2010,2,TVMXDCGIABBOFY-UHFFFAOYSA-N,PEDCQBHIVMGVHV-UHFFFAOYSA-N,octane,glycerol,313.15,601.45,6.399343406440082,Chromatography,True,test_one,9.259765206516512
je900686n.xml,2010,2,TVMXDCGIABBOFY-UHFFFAOYSA-N,PEDCQBHIVMGVHV-UHFFFAOYSA-N,octane,glycerol,323.15,511.31,6.236976059884137,Chromatography,True,test_one,9.039235152786853
je900686n.xml,2010,2,TVMXDCGIABBOFY-UHFFFAOYSA-N,PEDCQBHIVMGVHV-UHFFFAOYSA-N,octane,glycerol,333.15,445.23,6.098591002575836,Chromatography,True,test_one,8.821766053400184
je900686n.xml,2010,2,TVMXDCGIABBOFY-UHFFFAOYSA-N,PEDCQBHIVMGVHV-UHFFFAOYSA-N,octane,glycerol,343.15,379.3,5.938327448694853,Chromatography,True,test_one,8.608579409435576
je200628n.xml,2011,3,TVMXDCGIABBOFY-UHFFFAOYSA-N,PWGJDPKCLMLPJW-UHFFFAOYSA-N,n-octane,"1,8-diaminooctane",328.15,4.726,1.553079178764716,Chromatography,True,train,1.3752758254527546
je200628n.xml,2011,3,TVMXDCGIABBOFY-UHFFFAOYSA-N,PWGJDPKCLMLPJW-UHFFFAOYSA-N,n-octane,"1,8-diaminooctane",338.15,4.396,1.480695036541375,Chromatography,True,train,1.3469910870594468
je200628n.xml,2011,3,TVMXDCGIABBOFY-UHFFFAOYSA-N,PWGJDPKCLMLPJW-UHFFFAOYSA-N,n-octane,"1,8-diaminooctane",343.15,4.241,1.4447990904924537,Chromatography,True,train,1.333042527992213
je200628n.xml,2011,3,TVMXDCGIABBOFY-UHFFFAOYSA-N,PWGJDPKCLMLPJW-UHFFFAOYSA-N,n-octane,"1,8-diaminooctane",348.15,4.129,1.418035246903953,Chromatography,True,train,1.3192230504442484
j.jct.2013.02.006.xml,2013,27,TVMXDCGIABBOFY-UHFFFAOYSA-N,SECXISVLQFMRJM-UHFFFAOYSA-N,n-octane,1-methylpyrrolidone,333.2,13.76,2.6217658325051976,Chromatography,True,train,0.9719658210245771
j.jct.2013.02.006.xml,2013,27,TVMXDCGIABBOFY-UHFFFAOYSA-N,SECXISVLQFMRJM-UHFFFAOYSA-N,n-octane,1-methylpyrrolidone,348.2,13.21,2.580974118534234,Chromatography,True,train,0.9790483117345958
j.jct.2013.02.006.xml,2013,27,TVMXDCGIABBOFY-UHFFFAOYSA-N,SECXISVLQFMRJM-UHFFFAOYSA-N,n-octane,1-methylpyrrolidone,363.2,10.59,2.359910159613315,Chromatography,True,train,0.9815411202709516
je020196d.xml,2003,29,TVMXDCGIABBOFY-UHFFFAOYSA-N,UWHCKJMYHZGTIT-UHFFFAOYSA-N,octane,tetraethylene glycol,333.15,68.0508,4.220254485090092,Chromatography,True,train,3.161835949373549
je020196d.xml,2003,29,TVMXDCGIABBOFY-UHFFFAOYSA-N,UWHCKJMYHZGTIT-UHFFFAOYSA-N,octane,tetraethylene glycol,353.15,49.5303,3.9025846035169938,Chromatography,True,train,2.966945825167083
je020196d.xml,2003,29,TVMXDCGIABBOFY-UHFFFAOYSA-N,UWHCKJMYHZGTIT-UHFFFAOYSA-N,octane,tetraethylene glycol,363.15,43.2492,3.766978736096988,Chromatography,True,train,2.8765405928173426
je020196d.xml,2003,29,TVMXDCGIABBOFY-UHFFFAOYSA-N,UWHCKJMYHZGTIT-UHFFFAOYSA-N,octane,tetraethylene glycol,373.15,37.5451,3.6255428770188014,Chromatography,True,train,2.790516517247051
je020196d.xml,2003,29,TVMXDCGIABBOFY-UHFFFAOYSA-N,UWHCKJMYHZGTIT-UHFFFAOYSA-N,octane,tetraethylene glycol,383.15,32.414,3.478590428235928,Chromatography,True,train,2.7086170305837913
je020196d.xml,2003,29,TVMXDCGIABBOFY-UHFFFAOYSA-N,UWHCKJMYHZGTIT-UHFFFAOYSA-N,octane,tetraethylene glycol,393.15,31.4054,3.446979852650577,Chromatography,True,train,2.630583579142807
je020196d.xml,2003,29,TVMXDCGIABBOFY-UHFFFAOYSA-N,UWHCKJMYHZGTIT-UHFFFAOYSA-N,octane,tetraethylene glycol,403.15,25.8207,3.251176495817853,Chromatography,True,train,2.556163910512935
j.jct.2015.12.034.xml,2016,12,TVMXDCGIABBOFY-UHFFFAOYSA-N,WEVYAHXRMPXWCK-UHFFFAOYSA-N,n-octane,acetonitrile,298.15,52.3,3.956996371070877,Other,True,train,6.04420038776393
j.jct.2014.06.006.xml,2014,14,TVMXDCGIABBOFY-UHFFFAOYSA-N,XNWFRZJHXBZDAG-UHFFFAOYSA-N,n-octane,methyl cellosolve,298.0,27.9,3.32862668882732,Chromatography,True,train,4.141730119712108
j.fluid.2013.02.008.xml,2013,13,TVMXDCGIABBOFY-UHFFFAOYSA-N,YPFDHNVEDLHUCE-UHFFFAOYSA-N,octane,"1,3-propanediol",312.1,314.0,5.749392985908253,Chromatography,True,train,5.845782390180171
j.fluid.2013.02.008.xml,2013,13,TVMXDCGIABBOFY-UHFFFAOYSA-N,YPFDHNVEDLHUCE-UHFFFAOYSA-N,octane,"1,3-propanediol",333.1,283.0,5.645446897643238,Chromatography,True,train,5.405739637462924
j.fluid.2013.02.008.xml,2013,13,TVMXDCGIABBOFY-UHFFFAOYSA-N,YPFDHNVEDLHUCE-UHFFFAOYSA-N,octane,"1,3-propanediol",352.1,224.0,5.41164605185504,Chromatography,True,train,5.039920889334652
j.fluid.2013.02.008.xml,2013,13,TVMXDCGIABBOFY-UHFFFAOYSA-N,YPFDHNVEDLHUCE-UHFFFAOYSA-N,octane,"1,3-propanediol",372.1,187.0,5.231108616854587,Chromatography,True,train,4.688683229265909
j.fluid.2013.02.008.xml,2013,13,TVMXDCGIABBOFY-UHFFFAOYSA-N,YPFDHNVEDLHUCE-UHFFFAOYSA-N,octane,"1,3-propanediol",391.1,148.0,4.997212273764115,Chromatography,True,train,4.385848797958941
je020196d.xml,2003,22,TVMXDCGIABBOFY-UHFFFAOYSA-N,ZIBGPFATKBEMQZ-UHFFFAOYSA-N,octane,triethylene glycol,323.15,129.3399,4.862443822862125,Chromatography,True,train,4.313737443023875
j.jct.2013.05.011.xml,2013,30,TVMXDCGIABBOFY-UHFFFAOYSA-N,ZIBGPFATKBEMQZ-UHFFFAOYSA-N,n-octane,triethylene glycol,333.2,103.2,4.636668853047462,Chromatography,True,train,4.19339571760075
je020196d.xml,2003,22,TVMXDCGIABBOFY-UHFFFAOYSA-N,ZIBGPFATKBEMQZ-UHFFFAOYSA-N,octane,triethylene glycol,333.15,113.0827,4.72811940944165,Chromatography,True,train,4.193982163269087
je020196d.xml,2003,22,TVMXDCGIABBOFY-UHFFFAOYSA-N,ZIBGPFATKBEMQZ-UHFFFAOYSA-N,octane,triethylene glycol,343.15,99.452,4.599675115706112,Chromatography,True,train,4.079147117185263
j.jct.2013.05.011.xml,2013,30,TVMXDCGIABBOFY-UHFFFAOYSA-N,ZIBGPFATKBEMQZ-UHFFFAOYSA-N,n-octane,triethylene glycol,348.2,73.96,4.303524406518924,Chromatography,True,train,4.02302288311304
je020196d.xml,2003,22,TVMXDCGIABBOFY-UHFFFAOYSA-N,ZIBGPFATKBEMQZ-UHFFFAOYSA-N,octane,triethylene glycol,353.15,86.864,4.464343677163095,Chromatography,True,train,3.9692122460170935
j.jct.2013.05.011.xml,2013,30,TVMXDCGIABBOFY-UHFFFAOYSA-N,ZIBGPFATKBEMQZ-UHFFFAOYSA-N,n-octane,triethylene glycol,363.2,62.86,4.140910031369422,Chromatography,True,train,3.8635500849673328
je020196d.xml,2003,22,TVMXDCGIABBOFY-UHFFFAOYSA-N,ZIBGPFATKBEMQZ-UHFFFAOYSA-N,octane,triethylene glycol,363.15,75.8312,4.328509817459056,Chromatography,True,train,3.864064074393202
je020196d.xml,2003,22,TVMXDCGIABBOFY-UHFFFAOYSA-N,ZIBGPFATKBEMQZ-UHFFFAOYSA-N,octane,triethylene glycol,373.15,68.7312,4.230203244605715,Chromatography,True,train,3.7635273080243583
je020196d.xml,2003,22,TVMXDCGIABBOFY-UHFFFAOYSA-N,ZIBGPFATKBEMQZ-UHFFFAOYSA-N,octane,triethylene glycol,383.15,60.537,4.103254748351857,Chromatography,True,train,3.6673889299152096
je020196d.xml,2003,22,TVMXDCGIABBOFY-UHFFFAOYSA-N,ZIBGPFATKBEMQZ-UHFFFAOYSA-N,octane,triethylene glycol,393.15,56.689,4.037580188385251,Chromatography,True,train,3.5754160379654936
j.jct.2010.04.011.xml,2010,14,UAEPNZWRGJTJPN-UHFFFAOYSA-N,IAZDPXIOMUYVGZ-UHFFFAOYSA-N,methylcyclohexane,dimethyl sulfoxide,298.0,49.2,3.8958936234982624,Chromatography,True,test_both,2.0493319495000586
j.jct.2016.10.013.xml,2017,16,UAEPNZWRGJTJPN-UHFFFAOYSA-N,LYCAIKOWRPUZTN-UHFFFAOYSA-N,methylcyclohexane,ethylene glycol,303.15,473.0,6.159095388491933,Other,True,test_one,7.9897290657440925
j.jct.2016.10.013.xml,2017,16,UAEPNZWRGJTJPN-UHFFFAOYSA-N,LYCAIKOWRPUZTN-UHFFFAOYSA-N,methylcyclohexane,ethylene glycol,313.15,407.0,6.008813185442595,Other,True,test_one,7.79548341355632
j.jct.2016.10.013.xml,2017,16,UAEPNZWRGJTJPN-UHFFFAOYSA-N,LYCAIKOWRPUZTN-UHFFFAOYSA-N,methylcyclohexane,ethylene glycol,323.15,370.0,5.91350300563827,Other,True,test_one,7.604948013439264
j.jct.2016.10.013.xml,2017,27,UAEPNZWRGJTJPN-UHFFFAOYSA-N,MTHSVFCYNBDYFN-UHFFFAOYSA-N,methylcyclohexane,diethylene glycol,304.15,77.2,4.3463994570307305,Other,True,test_both,4.9275942702767415
j.jct.2016.10.013.xml,2017,27,UAEPNZWRGJTJPN-UHFFFAOYSA-N,MTHSVFCYNBDYFN-UHFFFAOYSA-N,methylcyclohexane,diethylene glycol,313.15,71.1,4.264087336809195,Other,True,test_both,4.8119909639755
j.jct.2016.10.013.xml,2017,27,UAEPNZWRGJTJPN-UHFFFAOYSA-N,MTHSVFCYNBDYFN-UHFFFAOYSA-N,methylcyclohexane,diethylene glycol,323.15,66.0,4.189654742026425,Other,True,test_both,4.687078837508862
je900686n.xml,2010,6,UAEPNZWRGJTJPN-UHFFFAOYSA-N,PEDCQBHIVMGVHV-UHFFFAOYSA-N,methylcyclohexane,glycerol,303.15,281.27,5.639315062101466,Chromatography,True,test_both,7.4810542959822
je900686n.xml,2010,6,UAEPNZWRGJTJPN-UHFFFAOYSA-N,PEDCQBHIVMGVHV-UHFFFAOYSA-N,methylcyclohexane,glycerol,313.15,264.01,5.575986981216812,Chromatography,True,test_both,7.306086761967754
je900686n.xml,2010,6,UAEPNZWRGJTJPN-UHFFFAOYSA-N,PEDCQBHIVMGVHV-UHFFFAOYSA-N,methylcyclohexane,glycerol,323.15,239.12,5.476965517975683,Chromatography,True,test_both,7.13235258116432
je900686n.xml,2010,6,UAEPNZWRGJTJPN-UHFFFAOYSA-N,PEDCQBHIVMGVHV-UHFFFAOYSA-N,methylcyclohexane,glycerol,333.15,203.24,5.314387546725532,Chromatography,True,test_both,6.96112133442203
je900686n.xml,2010,6,UAEPNZWRGJTJPN-UHFFFAOYSA-N,PEDCQBHIVMGVHV-UHFFFAOYSA-N,methylcyclohexane,glycerol,343.15,182.73,5.208009653516503,Chromatography,True,test_both,6.793349915658767
j.jct.2014.06.006.xml,2014,20,UAEPNZWRGJTJPN-UHFFFAOYSA-N,XNWFRZJHXBZDAG-UHFFFAOYSA-N,methylcyclohexane,methyl cellosolve,298.0,14.7,2.6878474937846906,Chromatography,True,test_one,3.3410869486146453
j.tca.2015.11.010.xml,2016,32,UFWIBTONFRDIAS-UHFFFAOYSA-N,ATHHXGZTWNVVOU-UHFFFAOYSA-N,naphthalene,N-methylformamide,298.15,26.7,3.284663565406204,Chromatography,True,test_one,2.158561705892573
j.jct.2014.06.006.xml,2014,11,UFWIBTONFRDIAS-UHFFFAOYSA-N,DNIAPMSPPWPWGF-UHFFFAOYSA-N,naphthalene,propylene glycol,298.0,136.0,4.912654885736052,Chromatography,True,test_one,
j.fluid.2013.06.028.xml,2013,21,UFWIBTONFRDIAS-UHFFFAOYSA-N,LYCAIKOWRPUZTN-UHFFFAOYSA-N,naphthalene,"1,2-dihydroxyethane",298.0,238.0,5.472270673671475,Chromatography,True,test_one,6.195094544989544
j.jct.2014.06.006.xml,2014,35,UFWIBTONFRDIAS-UHFFFAOYSA-N,XNWFRZJHXBZDAG-UHFFFAOYSA-N,naphthalene,methyl cellosolve,298.0,11.0,2.3978952727983707,Chromatography,True,test_one,1.7861097284520298
j.jct.2013.05.006.xml,2013,16,UFWIBTONFRDIAS-UHFFFAOYSA-N,ZHNUHDYFZUAESO-UHFFFAOYSA-N,naphthalene,formamide,298.0,533.0,6.278521424165844,Chromatography,True,test_one,8.752058938872821
j.tca.2015.11.010.xml,2016,15,UHOVQNZJYSORNB-UHFFFAOYSA-N,ATHHXGZTWNVVOU-UHFFFAOYSA-N,benzene,N-methylformamide,298.15,4.8,1.5686159179138452,Chromatography,True,train,1.344362063113495
je020195l.xml,2003,1,UHOVQNZJYSORNB-UHFFFAOYSA-N,DHKHKXVYLBGOIT-UHFFFAOYSA-N,benzene,"1,1-diethoxyethane",293.21,0.64,-0.4462871026284195,Other,True,test_one,0.03350059517045113
je020195l.xml,2003,1,UHOVQNZJYSORNB-UHFFFAOYSA-N,DHKHKXVYLBGOIT-UHFFFAOYSA-N,benzene,"1,1-diethoxyethane",303.16,0.58,-0.5447271754416722,Other,True,test_one,0.03492476411130379
je020195l.xml,2003,1,UHOVQNZJYSORNB-UHFFFAOYSA-N,DHKHKXVYLBGOIT-UHFFFAOYSA-N,benzene,"1,1-diethoxyethane",313.11,0.56,-0.579818495252942,Other,True,test_one,0.03594089486322674
je020195l.xml,2003,1,UHOVQNZJYSORNB-UHFFFAOYSA-N,DHKHKXVYLBGOIT-UHFFFAOYSA-N,benzene,"1,1-diethoxyethane",323.13,0.62,-0.4780358009429998,Other,True,test_one,0.03662446355637244
j.jct.2014.06.006.xml,2014,3,UHOVQNZJYSORNB-UHFFFAOYSA-N,DNIAPMSPPWPWGF-UHFFFAOYSA-N,benzene,propylene glycol,298.0,11.8,2.468099531471619,Chromatography,True,train,
je700139p.xml,2007,0,UHOVQNZJYSORNB-UHFFFAOYSA-N,HXJUTPCZVOIRIF-UHFFFAOYSA-N,benzene,sulfolane,333.15,2.316,0.8398415597107487,Chromatography,True,test_one,-0.08344057089313922
je700139p.xml,2007,0,UHOVQNZJYSORNB-UHFFFAOYSA-N,HXJUTPCZVOIRIF-UHFFFAOYSA-N,benzene,sulfolane,343.15,2.297,0.8316039237069612,Chromatography,True,test_one,-0.05674940858395613
je700139p.xml,2007,0,UHOVQNZJYSORNB-UHFFFAOYSA-N,HXJUTPCZVOIRIF-UHFFFAOYSA-N,benzene,sulfolane,353.15,2.281,0.824613943302251,Chromatography,True,test_one,-0.03181778154181854
je700139p.xml,2007,0,UHOVQNZJYSORNB-UHFFFAOYSA-N,HXJUTPCZVOIRIF-UHFFFAOYSA-N,benzene,sulfolane,363.15,2.26,0.8153648132841944,Chromatography,True,test_one,-0.008548567630993091
je700139p.xml,2007,0,UHOVQNZJYSORNB-UHFFFAOYSA-N,HXJUTPCZVOIRIF-UHFFFAOYSA-N,benzene,sulfolane,373.15,2.249,0.8104856729771787,Chromatography,True,test_one,0.013149809569024224
j.jct.2012.01.016.xml,2012,5,UHOVQNZJYSORNB-UHFFFAOYSA-N,HYBBIBNJHNGZAN-UHFFFAOYSA-N,benzene,2-furaldehyde,298.15,2.61,0.959350221334602,Headspace solid phase microextraction,True,test_one,0.7113703816161503
j.jct.2012.01.016.xml,2012,5,UHOVQNZJYSORNB-UHFFFAOYSA-N,HYBBIBNJHNGZAN-UHFFFAOYSA-N,benzene,2-furaldehyde,298.15,2.45,0.8960880245566357,Headspace solid phase microextraction,True,test_one,0.7113703816161503
j.jct.2012.01.016.xml,2012,5,UHOVQNZJYSORNB-UHFFFAOYSA-N,HYBBIBNJHNGZAN-UHFFFAOYSA-N,benzene,2-furaldehyde,308.15,2.93,1.075002423028976,Headspace solid phase microextraction,True,test_one,0.6914574352519214
j.jct.2012.01.016.xml,2012,5,UHOVQNZJYSORNB-UHFFFAOYSA-N,HYBBIBNJHNGZAN-UHFFFAOYSA-N,benzene,2-furaldehyde,308.15,2.4,0.8754687373538999,Headspace solid phase microextraction,True,test_one,0.6914574352519214
j.jct.2012.01.016.xml,2012,5,UHOVQNZJYSORNB-UHFFFAOYSA-N,HYBBIBNJHNGZAN-UHFFFAOYSA-N,benzene,2-furaldehyde,318.15,3.87,1.3532545070416904,Headspace solid phase microextraction,True,test_one,0.6726287374737427
j.jct.2012.01.016.xml,2012,5,UHOVQNZJYSORNB-UHFFFAOYSA-N,HYBBIBNJHNGZAN-UHFFFAOYSA-N,benzene,2-furaldehyde,318.15,2.89,1.0612565021243408,Headspace solid phase microextraction,True,test_one,0.6726287374737427
je030122h.xml,2003,38,UHOVQNZJYSORNB-UHFFFAOYSA-N,IAZDPXIOMUYVGZ-UHFFFAOYSA-N,benzene,methyl sulfoxide,298.15,3.05,1.1151415906193205,Chromatography,True,test_one,0.016885369514722293
j.fluid.2013.06.028.xml,2013,7,UHOVQNZJYSORNB-UHFFFAOYSA-N,LYCAIKOWRPUZTN-UHFFFAOYSA-N,benzene,"1,2-dihydroxyethane",298.0,32.0,3.4657359027997265,Chromatography,True,train,3.9348060052823572
j.jct.2013.05.011.xml,2013,24,UHOVQNZJYSORNB-UHFFFAOYSA-N,MTHSVFCYNBDYFN-UHFFFAOYSA-N,benzene,diethylene glycol,333.2,7.33,1.99197551589856,Chromatography,True,test_one,1.8102207734656712
j.jct.2013.05.011.xml,2013,24,UHOVQNZJYSORNB-UHFFFAOYSA-N,MTHSVFCYNBDYFN-UHFFFAOYSA-N,benzene,diethylene glycol,348.2,7.21,1.9754689512968573,Chromatography,True,test_one,1.7181407282902348
j.jct.2013.05.011.xml,2013,24,UHOVQNZJYSORNB-UHFFFAOYSA-N,MTHSVFCYNBDYFN-UHFFFAOYSA-N,benzene,diethylene glycol,363.2,7.05,1.9530276168241767,Chromatography,True,test_one,1.6338586654253937
je900686n.xml,2010,10,UHOVQNZJYSORNB-UHFFFAOYSA-N,PEDCQBHIVMGVHV-UHFFFAOYSA-N,benzene,glycerol,303.15,60.11,4.09617621705107,Chromatography,True,test_one,3.4488019559804206
je900686n.xml,2010,10,UHOVQNZJYSORNB-UHFFFAOYSA-N,PEDCQBHIVMGVHV-UHFFFAOYSA-N,benzene,glycerol,313.15,55.86,4.022848560517031,Chromatography,True,test_one,3.3462963202939573
je900686n.xml,2010,10,UHOVQNZJYSORNB-UHFFFAOYSA-N,PEDCQBHIVMGVHV-UHFFFAOYSA-N,benzene,glycerol,323.15,51.09,3.9335887833427066,Chromatography,True,test_one,3.2459215863983917
je900686n.xml,2010,10,UHOVQNZJYSORNB-UHFFFAOYSA-N,PEDCQBHIVMGVHV-UHFFFAOYSA-N,benzene,glycerol,333.15,45.11,3.8091039514203047,Chromatography,True,test_one,3.1483642257252478
je900686n.xml,2010,10,UHOVQNZJYSORNB-UHFFFAOYSA-N,PEDCQBHIVMGVHV-UHFFFAOYSA-N,benzene,glycerol,343.15,37.87,3.634159241913703,Chromatography,True,test_one,3.054114504414386
je200628n.xml,2011,22,UHOVQNZJYSORNB-UHFFFAOYSA-N,PWGJDPKCLMLPJW-UHFFFAOYSA-N,benzene,"1,8-diaminooctane",328.15,1.801,0.588342066193819,Chromatography,True,train,0.5191511402765953
je200628n.xml,2011,22,UHOVQNZJYSORNB-UHFFFAOYSA-N,PWGJDPKCLMLPJW-UHFFFAOYSA-N,benzene,"1,8-diaminooctane",338.15,1.669,0.5122246446796981,Chromatography,True,train,0.4820655241016509
je200628n.xml,2011,22,UHOVQNZJYSORNB-UHFFFAOYSA-N,PWGJDPKCLMLPJW-UHFFFAOYSA-N,benzene,"1,8-diaminooctane",343.15,1.623,0.4842762885324541,Chromatography,True,train,0.4646396201132678
je200628n.xml,2011,22,UHOVQNZJYSORNB-UHFFFAOYSA-N,PWGJDPKCLMLPJW-UHFFFAOYSA-N,benzene,"1,8-diaminooctane",348.15,1.586,0.4612151232126563,Chromatography,True,train,0.44791069418914564
j.jct.2013.02.006.xml,2013,45,UHOVQNZJYSORNB-UHFFFAOYSA-N,SECXISVLQFMRJM-UHFFFAOYSA-N,benzene,1-methylpyrrolidone,333.2,1.1,0.0953101798043249,Chromatography,True,train,-0.5920032585880017
j.jct.2013.02.006.xml,2013,45,UHOVQNZJYSORNB-UHFFFAOYSA-N,SECXISVLQFMRJM-UHFFFAOYSA-N,benzene,1-methylpyrrolidone,348.2,1.14,0.131028262406404,Chromatography,True,train,-0.5514853357621426
j.jct.2013.02.006.xml,2013,45,UHOVQNZJYSORNB-UHFFFAOYSA-N,SECXISVLQFMRJM-UHFFFAOYSA-N,benzene,1-methylpyrrolidone,363.2,1.1,0.0953101798043249,Chromatography,True,train,-0.5141904567170309
je020196d.xml,2003,25,UHOVQNZJYSORNB-UHFFFAOYSA-N,UWHCKJMYHZGTIT-UHFFFAOYSA-N,benzene,tetraethylene glycol,333.15,2.9879,1.0945707995083895,Chromatography,True,train,0.908284624833625
je020196d.xml,2003,25,UHOVQNZJYSORNB-UHFFFAOYSA-N,UWHCKJMYHZGTIT-UHFFFAOYSA-N,benzene,tetraethylene glycol,353.15,2.7258,1.0027619630112756,Chromatography,True,train,0.8271784030841098
je020196d.xml,2003,25,UHOVQNZJYSORNB-UHFFFAOYSA-N,UWHCKJMYHZGTIT-UHFFFAOYSA-N,benzene,tetraethylene glycol,363.15,2.6546,0.9762939842099648,Chromatography,True,train,0.790674805685228
je020196d.xml,2003,25,UHOVQNZJYSORNB-UHFFFAOYSA-N,UWHCKJMYHZGTIT-UHFFFAOYSA-N,benzene,tetraethylene glycol,373.15,2.5004,0.9164507190755202,Chromatography,True,train,0.7566147998726374
je020196d.xml,2003,25,UHOVQNZJYSORNB-UHFFFAOYSA-N,UWHCKJMYHZGTIT-UHFFFAOYSA-N,benzene,tetraethylene glycol,383.15,2.4147,0.8815750557856608,Chromatography,True,train,0.72480463492966
je020196d.xml,2003,25,UHOVQNZJYSORNB-UHFFFAOYSA-N,UWHCKJMYHZGTIT-UHFFFAOYSA-N,benzene,tetraethylene glycol,393.15,2.3738,0.8644920466402678,Chromatography,True,train,0.6950569607453466
je020196d.xml,2003,25,UHOVQNZJYSORNB-UHFFFAOYSA-N,UWHCKJMYHZGTIT-UHFFFAOYSA-N,benzene,tetraethylene glycol,403.15,2.275,0.8219800524029137,Chromatography,True,train,0.6671945689205251
j.jct.2014.06.006.xml,2014,25,UHOVQNZJYSORNB-UHFFFAOYSA-N,XNWFRZJHXBZDAG-UHFFFAOYSA-N,benzene,methyl cellosolve,298.0,2.4,0.8754687373538999,Chromatography,True,train,1.1014914911734146
j.jct.2013.05.006.xml,2013,4,UHOVQNZJYSORNB-UHFFFAOYSA-N,ZHNUHDYFZUAESO-UHFFFAOYSA-N,benzene,formamide,298.0,53.0,3.970291913552122,Chromatography,True,train,5.441927033240448
je020196d.xml,2003,18,UHOVQNZJYSORNB-UHFFFAOYSA-N,ZIBGPFATKBEMQZ-UHFFFAOYSA-N,benzene,triethylene glycol,323.15,4.6238,1.5312168778395,Chromatography,True,train,1.2264798930518677
j.jct.2013.05.011.xml,2013,47,UHOVQNZJYSORNB-UHFFFAOYSA-N,ZIBGPFATKBEMQZ-UHFFFAOYSA-N,benzene,triethylene glycol,333.2,3.91,1.3635373739972745,Chromatography,True,train,1.1768773638434673
je020196d.xml,2003,18,UHOVQNZJYSORNB-UHFFFAOYSA-N,ZIBGPFATKBEMQZ-UHFFFAOYSA-N,benzene,triethylene glycol,333.15,4.3759,1.4761122129390096,Chromatography,True,train,1.1771164332901933
je020196d.xml,2003,18,UHOVQNZJYSORNB-UHFFFAOYSA-N,ZIBGPFATKBEMQZ-UHFFFAOYSA-N,benzene,triethylene glycol,343.15,4.2634,1.450066964016957,Chromatography,True,train,1.1308119766401832
j.jct.2013.05.011.xml,2013,47,UHOVQNZJYSORNB-UHFFFAOYSA-N,ZIBGPFATKBEMQZ-UHFFFAOYSA-N,benzene,triethylene glycol,348.2,3.86,1.3506671834767394,Chromatography,True,train,1.108560458252319
je020196d.xml,2003,18,UHOVQNZJYSORNB-UHFFFAOYSA-N,ZIBGPFATKBEMQZ-UHFFFAOYSA-N,benzene,triethylene glycol,353.15,4.1021,1.4114990377050651,Chromatography,True,train,1.0874654485168922
j.jct.2013.05.011.xml,2013,47,UHOVQNZJYSORNB-UHFFFAOYSA-N,ZIBGPFATKBEMQZ-UHFFFAOYSA-N,benzene,triethylene glycol,363.2,3.36,1.2119409739751128,Chromatography,True,train,1.0467384451333805
je020196d.xml,2003,18,UHOVQNZJYSORNB-UHFFFAOYSA-N,ZIBGPFATKBEMQZ-UHFFFAOYSA-N,benzene,triethylene glycol,363.15,3.9713,1.379093497016506,Chromatography,True,train,1.0469343014400023
je020196d.xml,2003,18,UHOVQNZJYSORNB-UHFFFAOYSA-N,ZIBGPFATKBEMQZ-UHFFFAOYSA-N,benzene,triethylene glycol,373.15,3.9159,1.3650451880807168,Chromatography,True,train,1.0090511031742844
je020196d.xml,2003,18,UHOVQNZJYSORNB-UHFFFAOYSA-N,ZIBGPFATKBEMQZ-UHFFFAOYSA-N,benzene,triethylene glycol,383.15,3.8227,1.3409569792312843,Chromatography,True,train,0.9736360375669819
je020196d.xml,2003,18,UHOVQNZJYSORNB-UHFFFAOYSA-N,ZIBGPFATKBEMQZ-UHFFFAOYSA-N,benzene,triethylene glycol,393.15,3.755,1.323088285216098,Chromatography,True,train,0.9405059929772872
j.jct.2010.04.011.xml,2010,4,UMIPWJGWASORKV-UHFFFAOYSA-N,IAZDPXIOMUYVGZ-UHFFFAOYSA-N,1-octyne,dimethyl sulfoxide,298.0,10.2,2.322387720290225,Chromatography,True,test_one,-0.09068384222419752
j.jct.2013.05.011.xml,2013,15,UMIPWJGWASORKV-UHFFFAOYSA-N,MTHSVFCYNBDYFN-UHFFFAOYSA-N,1-octyne,diethylene glycol,333.2,29.89,3.3975239762958465,Chromatography,True,test_one,3.1238853519656393
j.jct.2013.05.011.xml,2013,15,UMIPWJGWASORKV-UHFFFAOYSA-N,MTHSVFCYNBDYFN-UHFFFAOYSA-N,1-octyne,diethylene glycol,348.2,29.72,3.391820219849558,Chromatography,True,test_one,2.9919165032518826
j.jct.2013.05.011.xml,2013,15,UMIPWJGWASORKV-UHFFFAOYSA-N,MTHSVFCYNBDYFN-UHFFFAOYSA-N,1-octyne,diethylene glycol,363.2,27.04,3.297317251174764,Chromatography,True,test_one,2.8692391380461912
j.jct.2013.02.006.xml,2013,36,UMIPWJGWASORKV-UHFFFAOYSA-N,SECXISVLQFMRJM-UHFFFAOYSA-N,1-octyne,1-methylpyrrolidone,333.2,2.07,0.7275486072772777,Chromatography,True,train,-1.019351943428781
j.jct.2013.02.006.xml,2013,36,UMIPWJGWASORKV-UHFFFAOYSA-N,SECXISVLQFMRJM-UHFFFAOYSA-N,1-octyne,1-methylpyrrolidone,348.2,2.15,0.7654678421395714,Chromatography,True,train,-0.9274796757891958
j.jct.2013.02.006.xml,2013,36,UMIPWJGWASORKV-UHFFFAOYSA-N,SECXISVLQFMRJM-UHFFFAOYSA-N,1-octyne,1-methylpyrrolidone,363.2,2.16,0.7701082216960737,Chromatography,True,train,-0.8448129705095215
j.jct.2013.05.011.xml,2013,38,UMIPWJGWASORKV-UHFFFAOYSA-N,ZIBGPFATKBEMQZ-UHFFFAOYSA-N,1-octyne,triethylene glycol,333.2,14.37,2.6651427000909336,Chromatography,True,train,1.978743678837367
j.jct.2013.05.011.xml,2013,38,UMIPWJGWASORKV-UHFFFAOYSA-N,ZIBGPFATKBEMQZ-UHFFFAOYSA-N,1-octyne,triethylene glycol,348.2,12.75,2.545531271604435,Chromatography,True,train,1.8907434963460121
j.jct.2013.05.011.xml,2013,38,UMIPWJGWASORKV-UHFFFAOYSA-N,ZIBGPFATKBEMQZ-UHFFFAOYSA-N,1-octyne,triethylene glycol,363.2,12.19,2.5006159434931803,Chromatography,True,train,1.8097999174646877
j.tca.2015.11.010.xml,2016,24,URLKBWYHVLBVBO-UHFFFAOYSA-N,ATHHXGZTWNVVOU-UHFFFAOYSA-N,p-xylene,N-methylformamide,298.15,10.4,2.341805806147327,Chromatography,True,test_one,2.4581100242164347
j.jct.2014.06.006.xml,2014,8,URLKBWYHVLBVBO-UHFFFAOYSA-N,DNIAPMSPPWPWGF-UHFFFAOYSA-N,p-xylene,propylene glycol,298.0,26.7,3.284663565406204,Chromatography,True,test_one,
je700139p.xml,2007,5,URLKBWYHVLBVBO-UHFFFAOYSA-N,HXJUTPCZVOIRIF-UHFFFAOYSA-N,"1,4-dimethylbenzene",sulfolane,333.15,5.508,1.7062015808664084,Chromatography,True,test_both,0.5447228283644385
je700139p.xml,2007,5,URLKBWYHVLBVBO-UHFFFAOYSA-N,HXJUTPCZVOIRIF-UHFFFAOYSA-N,"1,4-dimethylbenzene",sulfolane,343.15,5.249,1.6580375822701627,Chromatography,True,test_both,0.5722862341244399
je700139p.xml,2007,5,URLKBWYHVLBVBO-UHFFFAOYSA-N,HXJUTPCZVOIRIF-UHFFFAOYSA-N,"1,4-dimethylbenzene",sulfolane,353.15,5.105,1.630220451616629,Chromatography,True,test_both,0.5968783617490546
je700139p.xml,2007,5,URLKBWYHVLBVBO-UHFFFAOYSA-N,HXJUTPCZVOIRIF-UHFFFAOYSA-N,"1,4-dimethylbenzene",sulfolane,363.15,4.877,1.5845302767279157,Chromatography,True,test_both,0.6187379026400754
je700139p.xml,2007,5,URLKBWYHVLBVBO-UHFFFAOYSA-N,HXJUTPCZVOIRIF-UHFFFAOYSA-N,"1,4-dimethylbenzene",sulfolane,373.15,4.761,1.5604577302123817,Chromatography,True,test_both,0.6380829753723609
j.fluid.2016.10.009.xml,2017,10,URLKBWYHVLBVBO-UHFFFAOYSA-N,JUJWROOIHBZHMG-UHFFFAOYSA-N,p-xylene,pyridine,298.15,1.56,0.4446858212614457,Other,True,test_one,0.6368405467079775
je900686n.xml,2010,15,URLKBWYHVLBVBO-UHFFFAOYSA-N,PEDCQBHIVMGVHV-UHFFFAOYSA-N,"1,4-dimethylbenzene",glycerol,303.15,155.15,5.044392390894389,Chromatography,True,test_both,5.526087756850484
je900686n.xml,2010,15,URLKBWYHVLBVBO-UHFFFAOYSA-N,PEDCQBHIVMGVHV-UHFFFAOYSA-N,"1,4-dimethylbenzene",glycerol,313.15,131.32,4.877637092633392,Chromatography,True,test_both,5.376492338117044
je900686n.xml,2010,15,URLKBWYHVLBVBO-UHFFFAOYSA-N,PEDCQBHIVMGVHV-UHFFFAOYSA-N,"1,4-dimethylbenzene",glycerol,323.15,115.48,4.749097354794734,Chromatography,True,test_both,5.229071236687779
je900686n.xml,2010,15,URLKBWYHVLBVBO-UHFFFAOYSA-N,PEDCQBHIVMGVHV-UHFFFAOYSA-N,"1,4-dimethylbenzene",glycerol,333.15,100.1,4.606169686321175,Chromatography,True,test_both,5.084905814809988
je900686n.xml,2010,15,URLKBWYHVLBVBO-UHFFFAOYSA-N,PEDCQBHIVMGVHV-UHFFFAOYSA-N,"1,4-dimethylbenzene",glycerol,343.15,85.04,4.443121734033692,Chromatography,True,test_both,4.944788740195553
j.jct.2014.06.006.xml,2014,30,URLKBWYHVLBVBO-UHFFFAOYSA-N,XNWFRZJHXBZDAG-UHFFFAOYSA-N,p-xylene,methyl cellosolve,298.0,5.2,1.6486586255873816,Chromatography,True,test_one,1.9609510586035308
je1005517.xml,2011,31,VFWCMGCRMGJXDK-UHFFFAOYSA-N,BTFJIXJJCSYFAL-UHFFFAOYSA-N,1-chlorobutane,1-eicosanol,338.15,0.0991,-2.311625837646195,GC,True,train,0.600317521721224
je1005517.xml,2011,31,VFWCMGCRMGJXDK-UHFFFAOYSA-N,BTFJIXJJCSYFAL-UHFFFAOYSA-N,1-chlorobutane,1-eicosanol,343.15,0.0954,-2.349676700527896,GC,True,train,0.5788587534692476
je1005517.xml,2011,31,VFWCMGCRMGJXDK-UHFFFAOYSA-N,BTFJIXJJCSYFAL-UHFFFAOYSA-N,1-chlorobutane,1-eicosanol,348.15,0.0919,-2.387054249620496,GC,True,train,0.5581964246096248
je1005517.xml,2011,31,VFWCMGCRMGJXDK-UHFFFAOYSA-N,BTFJIXJJCSYFAL-UHFFFAOYSA-N,1-chlorobutane,1-eicosanol,353.15,0.0886,-2.4236234213711016,GC,True,train,0.5382898514281422
je1005517.xml,2011,9,VFWCMGCRMGJXDK-UHFFFAOYSA-N,GLDOVTGHNKAZLK-UHFFFAOYSA-N,1-chlorobutane,1-octadecanol,333.15,0.0389,-3.2467610283577364,GC,True,train,0.5555924166285997
je1005517.xml,2011,9,VFWCMGCRMGJXDK-UHFFFAOYSA-N,GLDOVTGHNKAZLK-UHFFFAOYSA-N,1-chlorobutane,1-octadecanol,338.15,0.036,-3.324236340526028,GC,True,train,0.5351569805077621
je1005517.xml,2011,9,VFWCMGCRMGJXDK-UHFFFAOYSA-N,GLDOVTGHNKAZLK-UHFFFAOYSA-N,1-chlorobutane,1-octadecanol,343.15,0.0338,-3.387294476493164,GC,True,train,0.5155153356776118
je1005517.xml,2011,9,VFWCMGCRMGJXDK-UHFFFAOYSA-N,GLDOVTGHNKAZLK-UHFFFAOYSA-N,1-chlorobutane,1-octadecanol,348.15,0.0321,-3.438899248846167,GC,True,train,0.49662571870872946
je1005517.xml,2011,9,VFWCMGCRMGJXDK-UHFFFAOYSA-N,GLDOVTGHNKAZLK-UHFFFAOYSA-N,1-chlorobutane,1-octadecanol,353.15,0.03,-3.506557897319982,GC,True,train,0.4784489141395631
j.fluid.2016.10.009.xml,2017,13,VFWCMGCRMGJXDK-UHFFFAOYSA-N,JUJWROOIHBZHMG-UHFFFAOYSA-N,1-chlorobutane,pyridine,298.15,1.54,0.4317824164255378,Other,True,train,0.5567000996187051
je200628n.xml,2011,14,VFWCMGCRMGJXDK-UHFFFAOYSA-N,PWGJDPKCLMLPJW-UHFFFAOYSA-N,butyl chloride,"1,8-diaminooctane",328.15,1.881,0.6318035503188933,Chromatography,True,train,0.4477148176218979
je200628n.xml,2011,14,VFWCMGCRMGJXDK-UHFFFAOYSA-N,PWGJDPKCLMLPJW-UHFFFAOYSA-N,butyl chloride,"1,8-diaminooctane",338.15,1.649,0.5001690435774618,Chromatography,True,train,0.4272648265083613
je200628n.xml,2011,14,VFWCMGCRMGJXDK-UHFFFAOYSA-N,PWGJDPKCLMLPJW-UHFFFAOYSA-N,butyl chloride,"1,8-diaminooctane",343.15,1.546,0.4356709501652302,Chromatography,True,train,0.4175116564914976
je200628n.xml,2011,14,VFWCMGCRMGJXDK-UHFFFAOYSA-N,PWGJDPKCLMLPJW-UHFFFAOYSA-N,butyl chloride,"1,8-diaminooctane",348.15,1.475,0.3886579897917832,Chromatography,True,train,0.4080549785731317
j.tca.2015.11.010.xml,2016,0,VLKZOEOYAKHREP-UHFFFAOYSA-N,ATHHXGZTWNVVOU-UHFFFAOYSA-N,n-hexane,N-methylformamide,298.15,38.6,3.653252276470785,Chromatography,True,train,3.8383368826777473
je1005517.xml,2011,23,VLKZOEOYAKHREP-UHFFFAOYSA-N,BTFJIXJJCSYFAL-UHFFFAOYSA-N,n-hexane,1-eicosanol,338.15,0.1288,-2.049494465311884,GC,True,train,0.5273201050108228
je1005517.xml,2011,23,VLKZOEOYAKHREP-UHFFFAOYSA-N,BTFJIXJJCSYFAL-UHFFFAOYSA-N,n-hexane,1-eicosanol,343.15,0.1239,-2.0882804903470404,GC,True,train,0.510968972050208
je1005517.xml,2011,23,VLKZOEOYAKHREP-UHFFFAOYSA-N,BTFJIXJJCSYFAL-UHFFFAOYSA-N,n-hexane,1-eicosanol,348.15,0.1193,-2.1261139498782664,GC,True,train,0.49515894834613533
je1005517.xml,2011,23,VLKZOEOYAKHREP-UHFFFAOYSA-N,BTFJIXJJCSYFAL-UHFFFAOYSA-N,n-hexane,1-eicosanol,353.15,0.1148,-2.164563795096671,GC,True,train,0.4798628502309837
je700270d.xml,2007,25,VLKZOEOYAKHREP-UHFFFAOYSA-N,DHXVGJBLRPWPCS-UHFFFAOYSA-N,hexane,tetrahydropyran,290.0,1.76,0.5653138090500605,Chromatography,True,train,0.32357026574658054
je700270d.xml,2007,25,VLKZOEOYAKHREP-UHFFFAOYSA-N,DHXVGJBLRPWPCS-UHFFFAOYSA-N,hexane,tetrahydropyran,299.89,1.71,0.5364933705145685,Chromatography,True,train,0.31671167351732116
je700270d.xml,2007,25,VLKZOEOYAKHREP-UHFFFAOYSA-N,DHXVGJBLRPWPCS-UHFFFAOYSA-N,hexane,tetrahydropyran,309.98,1.67,0.5128236264286637,Chromatography,True,train,0.3097089250180653
je700270d.xml,2007,25,VLKZOEOYAKHREP-UHFFFAOYSA-N,DHXVGJBLRPWPCS-UHFFFAOYSA-N,hexane,tetrahydropyran,319.99,1.65,0.5007752879124892,Chromatography,True,train,0.30279120853157965
je700270d.xml,2007,25,VLKZOEOYAKHREP-UHFFFAOYSA-N,DHXVGJBLRPWPCS-UHFFFAOYSA-N,hexane,tetrahydropyran,330.02,1.61,0.4762341789963717,Chromatography,True,train,0.29591709953791206
j.jct.2014.06.006.xml,2014,0,VLKZOEOYAKHREP-UHFFFAOYSA-N,DNIAPMSPPWPWGF-UHFFFAOYSA-N,n-hexane,propylene glycol,298.0,63.0,4.143134726391533,Chromatography,True,train,
j.jct.2012.12.009.xml,2013,61,VLKZOEOYAKHREP-UHFFFAOYSA-N,DTOSIQBPPRVQHS-PDBXOOCHSA-N,n-hexane,"9,12,15-octadecatrienoic acid",303.13,3.699,1.308062512850317,Chromatography,True,train,
j.jct.2012.12.009.xml,2013,61,VLKZOEOYAKHREP-UHFFFAOYSA-N,DTOSIQBPPRVQHS-PDBXOOCHSA-N,n-hexane,"9,12,15-octadecatrienoic acid",313.25,2.911,1.068496664763486,Chromatography,True,train,
j.jct.2012.12.009.xml,2013,61,VLKZOEOYAKHREP-UHFFFAOYSA-N,DTOSIQBPPRVQHS-PDBXOOCHSA-N,n-hexane,"9,12,15-octadecatrienoic acid",323.26,3.306,1.1957389993988323,Chromatography,True,train,
j.jct.2012.06.009.xml,2012,0,VLKZOEOYAKHREP-UHFFFAOYSA-N,GHVNFZFCNZKVNT-UHFFFAOYSA-N,n-hexane,capric acid,314.1,1.752,0.5607579925141997,Chromatography,True,train,0.886149530668712
j.jct.2012.06.009.xml,2012,0,VLKZOEOYAKHREP-UHFFFAOYSA-N,GHVNFZFCNZKVNT-UHFFFAOYSA-N,n-hexane,capric acid,314.24,1.774,0.5732368838873878,Chromatography,True,train,0.8855358707888534
j.jct.2012.06.009.xml,2012,0,VLKZOEOYAKHREP-UHFFFAOYSA-N,GHVNFZFCNZKVNT-UHFFFAOYSA-N,n-hexane,capric acid,333.26,1.731,0.5486992761940722,Chromatography,True,train,0.8077930749033786
j.jct.2012.06.009.xml,2012,0,VLKZOEOYAKHREP-UHFFFAOYSA-N,GHVNFZFCNZKVNT-UHFFFAOYSA-N,n-hexane,capric acid,333.38,1.696,0.5282725373697112,Chromatography,True,train,0.8073360497673895
j.jct.2012.06.009.xml,2012,0,VLKZOEOYAKHREP-UHFFFAOYSA-N,GHVNFZFCNZKVNT-UHFFFAOYSA-N,n-hexane,capric acid,353.3,1.653,0.5025918188388871,Chromatography,True,train,0.7366090718619273
je1005517.xml,2011,1,VLKZOEOYAKHREP-UHFFFAOYSA-N,GLDOVTGHNKAZLK-UHFFFAOYSA-N,n-hexane,1-octadecanol,333.15,0.0551,-2.8986055628232683,GC,True,train,0.5195140140384117
je1005517.xml,2011,1,VLKZOEOYAKHREP-UHFFFAOYSA-N,GLDOVTGHNKAZLK-UHFFFAOYSA-N,n-hexane,1-octadecanol,338.15,0.0468,-3.061872076058536,GC,True,train,0.5035325727892912
je1005517.xml,2011,1,VLKZOEOYAKHREP-UHFFFAOYSA-N,GLDOVTGHNKAZLK-UHFFFAOYSA-N,n-hexane,1-octadecanol,343.15,0.0411,-3.191747157479948,GC,True,train,0.4881042424008486
je1005517.xml,2011,1,VLKZOEOYAKHREP-UHFFFAOYSA-N,GLDOVTGHNKAZLK-UHFFFAOYSA-N,n-hexane,1-octadecanol,348.15,0.0359,-3.327017983487904,GC,True,train,0.47320029310675327
je1005517.xml,2011,1,VLKZOEOYAKHREP-UHFFFAOYSA-N,GLDOVTGHNKAZLK-UHFFFAOYSA-N,n-hexane,1-octadecanol,353.15,0.0315,-3.4577677331505496,GC,True,train,0.45879387246353037
j.fluid.2013.02.008.xml,2013,6,VLKZOEOYAKHREP-UHFFFAOYSA-N,HLZKNKRTKFSKGZ-UHFFFAOYSA-N,hexane,1-tetradecanol,331.8,1.69,0.5247285289349821,Chromatography,True,train,0.5157889245275279
j.fluid.2013.02.008.xml,2013,6,VLKZOEOYAKHREP-UHFFFAOYSA-N,HLZKNKRTKFSKGZ-UHFFFAOYSA-N,hexane,1-tetradecanol,353.0,1.6,0.4700036292457356,Chromatography,True,train,0.4562005825496851
j.jct.2012.01.016.xml,2012,1,VLKZOEOYAKHREP-UHFFFAOYSA-N,HYBBIBNJHNGZAN-UHFFFAOYSA-N,n-hexane,2-furaldehyde,298.15,25.6,3.242592351485517,Headspace solid phase microextraction,True,test_one,3.7067663888419116
j.jct.2012.01.016.xml,2012,1,VLKZOEOYAKHREP-UHFFFAOYSA-N,HYBBIBNJHNGZAN-UHFFFAOYSA-N,n-hexane,2-furaldehyde,298.15,25.3,3.2308043957334744,Headspace solid phase microextraction,True,test_one,3.7067663888419116
j.jct.2012.01.016.xml,2012,1,VLKZOEOYAKHREP-UHFFFAOYSA-N,HYBBIBNJHNGZAN-UHFFFAOYSA-N,n-hexane,2-furaldehyde,308.15,23.6,3.1612467120315646,Headspace solid phase microextraction,True,test_one,3.6131931833633897
j.jct.2012.01.016.xml,2012,1,VLKZOEOYAKHREP-UHFFFAOYSA-N,HYBBIBNJHNGZAN-UHFFFAOYSA-N,n-hexane,2-furaldehyde,308.15,22.8,3.126760535960395,Headspace solid phase microextraction,True,test_one,3.6131931833633897
j.jct.2012.01.016.xml,2012,1,VLKZOEOYAKHREP-UHFFFAOYSA-N,HYBBIBNJHNGZAN-UHFFFAOYSA-N,n-hexane,2-furaldehyde,318.15,22.2,3.100092288878234,Headspace solid phase microextraction,True,test_one,3.522265500466506
j.jct.2012.01.016.xml,2012,1,VLKZOEOYAKHREP-UHFFFAOYSA-N,HYBBIBNJHNGZAN-UHFFFAOYSA-N,n-hexane,2-furaldehyde,318.15,21.2,3.054001181677967,Headspace solid phase microextraction,True,test_one,3.522265500466506
j.jct.2012.06.009.xml,2012,64,VLKZOEOYAKHREP-UHFFFAOYSA-N,IPCSVZSSVZVIGE-UHFFFAOYSA-N,n-hexane,hexadecanoic acid,340.19,1.293,0.2569650997897204,Chromatography,True,train,0.7612919874900276
j.jct.2012.06.009.xml,2012,64,VLKZOEOYAKHREP-UHFFFAOYSA-N,IPCSVZSSVZVIGE-UHFFFAOYSA-N,n-hexane,hexadecanoic acid,348.01,1.299,0.2615947376884624,Chromatography,True,train,0.732812318840811
j.jct.2012.06.009.xml,2012,64,VLKZOEOYAKHREP-UHFFFAOYSA-N,IPCSVZSSVZVIGE-UHFFFAOYSA-N,n-hexane,hexadecanoic acid,358.22,1.301,0.2631331995303682,Chromatography,True,train,0.6976632935615505
j.fluid.2013.02.008.xml,2013,3,VLKZOEOYAKHREP-UHFFFAOYSA-N,LQZZUXJYWNFBMV-UHFFFAOYSA-N,hexane,1-dodecanol,312.7,2.03,0.7080357930536959,Chromatography,True,train,0.6306130214482756
j.fluid.2013.02.008.xml,2013,3,VLKZOEOYAKHREP-UHFFFAOYSA-N,LQZZUXJYWNFBMV-UHFFFAOYSA-N,hexane,1-dodecanol,332.1,1.98,0.6830968447064438,Chromatography,True,train,0.5671314134637817
j.fluid.2013.02.008.xml,2013,3,VLKZOEOYAKHREP-UHFFFAOYSA-N,LQZZUXJYWNFBMV-UHFFFAOYSA-N,hexane,1-dodecanol,353.2,1.86,0.62057648772511,Chromatography,True,train,0.5078627496059593
j.jct.2016.10.013.xml,2017,6,VLKZOEOYAKHREP-UHFFFAOYSA-N,LYCAIKOWRPUZTN-UHFFFAOYSA-N,n-hexane,ethylene glycol,303.15,716.0,6.573680166960646,Other,True,train,7.869176029413902
j.jct.2016.10.013.xml,2017,6,VLKZOEOYAKHREP-UHFFFAOYSA-N,LYCAIKOWRPUZTN-UHFFFAOYSA-N,n-hexane,ethylene glycol,323.15,543.0,6.297109319933935,Other,True,train,7.496316794227758
j.fluid.2013.02.008.xml,2013,9,VLKZOEOYAKHREP-UHFFFAOYSA-N,LYCAIKOWRPUZTN-UHFFFAOYSA-N,hexane,"1,2-ethanediol",332.1,88.1,4.478472532942134,Chromatography,True,train,7.33448356738259
j.fluid.2013.02.008.xml,2013,9,VLKZOEOYAKHREP-UHFFFAOYSA-N,LYCAIKOWRPUZTN-UHFFFAOYSA-N,hexane,"1,2-ethanediol",353.5,80.6,4.389498649512583,Chromatography,True,train,6.963775600705625
j.jct.2016.10.013.xml,2017,17,VLKZOEOYAKHREP-UHFFFAOYSA-N,MTHSVFCYNBDYFN-UHFFFAOYSA-N,n-hexane,diethylene glycol,304.15,112.0,4.718498871295094,Other,True,test_one,4.873189368282305
j.jct.2016.10.013.xml,2017,17,VLKZOEOYAKHREP-UHFFFAOYSA-N,MTHSVFCYNBDYFN-UHFFFAOYSA-N,n-hexane,diethylene glycol,313.15,102.0,4.624972813284271,Other,True,test_one,4.761209465428414
j.jct.2016.10.013.xml,2017,17,VLKZOEOYAKHREP-UHFFFAOYSA-N,MTHSVFCYNBDYFN-UHFFFAOYSA-N,n-hexane,diethylene glycol,323.15,94.2,4.545420181582317,Other,True,test_one,4.640006104289782
j.jct.2013.05.011.xml,2013,5,VLKZOEOYAKHREP-UHFFFAOYSA-N,MTHSVFCYNBDYFN-UHFFFAOYSA-N,n-hexane,diethylene glycol,333.2,95.73,4.561531728958262,Chromatography,True,test_one,4.522061150778744
j.jct.2013.05.011.xml,2013,5,VLKZOEOYAKHREP-UHFFFAOYSA-N,MTHSVFCYNBDYFN-UHFFFAOYSA-N,n-hexane,diethylene glycol,348.2,84.01,4.430935839376756,Chromatography,True,test_one,4.353796957125487
j.jct.2013.05.011.xml,2013,5,VLKZOEOYAKHREP-UHFFFAOYSA-N,MTHSVFCYNBDYFN-UHFFFAOYSA-N,n-hexane,diethylene glycol,363.2,82.36,4.411099882159589,Chromatography,True,test_one,4.195104022549849
j.fluid.2013.02.008.xml,2013,0,VLKZOEOYAKHREP-UHFFFAOYSA-N,MWKFXSUHUHTGQN-UHFFFAOYSA-N,hexane,1-decanol,312.6,2.21,0.7929925155296614,Chromatography,True,test_one,0.7296446517438722
j.fluid.2013.02.008.xml,2013,0,VLKZOEOYAKHREP-UHFFFAOYSA-N,MWKFXSUHUHTGQN-UHFFFAOYSA-N,hexane,1-decanol,331.7,2.14,0.7608058290337602,Chromatography,True,test_one,0.6643598205441055
j.fluid.2013.02.008.xml,2013,0,VLKZOEOYAKHREP-UHFFFAOYSA-N,MWKFXSUHUHTGQN-UHFFFAOYSA-N,hexane,1-decanol,352.9,2.02,0.7030975114131134,Chromatography,True,test_one,0.6020230200720925
j.jct.2012.12.009.xml,2013,41,VLKZOEOYAKHREP-UHFFFAOYSA-N,OYHQOLUKZRVURQ-HZJYTTRNSA-N,n-hexane,linoleic acid,338.28,2.196,0.7866375236472842,Chromatography,True,train,0.7269243869602684
j.jct.2012.12.009.xml,2013,41,VLKZOEOYAKHREP-UHFFFAOYSA-N,OYHQOLUKZRVURQ-HZJYTTRNSA-N,n-hexane,linoleic acid,348.31,2.556,0.9384435365152884,Chromatography,True,train,0.6894054761602156
j.jct.2012.12.009.xml,2013,41,VLKZOEOYAKHREP-UHFFFAOYSA-N,OYHQOLUKZRVURQ-HZJYTTRNSA-N,n-hexane,linoleic acid,348.28,2.524,0.9258449446789668,Chromatography,True,train,0.6895140423672854
j.jct.2012.12.009.xml,2013,41,VLKZOEOYAKHREP-UHFFFAOYSA-N,OYHQOLUKZRVURQ-HZJYTTRNSA-N,n-hexane,linoleic acid,358.3,2.932,1.075684784024405,Chromatography,True,train,0.654393246306687
je900686n.xml,2010,0,VLKZOEOYAKHREP-UHFFFAOYSA-N,PEDCQBHIVMGVHV-UHFFFAOYSA-N,hexane,glycerol,303.15,413.74,6.025237757214903,Chromatography,True,test_one,7.413202189199357
je900686n.xml,2010,0,VLKZOEOYAKHREP-UHFFFAOYSA-N,PEDCQBHIVMGVHV-UHFFFAOYSA-N,hexane,glycerol,313.15,382.52,5.946780939481342,Chromatography,True,test_one,7.244484327183694
je900686n.xml,2010,0,VLKZOEOYAKHREP-UHFFFAOYSA-N,PEDCQBHIVMGVHV-UHFFFAOYSA-N,hexane,glycerol,323.15,340.01,5.828975028942396,Chromatography,True,test_one,7.076589274164773
je900686n.xml,2010,0,VLKZOEOYAKHREP-UHFFFAOYSA-N,PEDCQBHIVMGVHV-UHFFFAOYSA-N,hexane,glycerol,333.15,315.78,5.755045768593742,Chromatography,True,test_one,6.910793781679098
je900686n.xml,2010,0,VLKZOEOYAKHREP-UHFFFAOYSA-N,PEDCQBHIVMGVHV-UHFFFAOYSA-N,hexane,glycerol,343.15,268.43,5.592590172323767,Chromatography,True,test_one,6.748065547137821
j.jct.2012.06.009.xml,2012,20,VLKZOEOYAKHREP-UHFFFAOYSA-N,POULHZVOKOAJMA-UHFFFAOYSA-N,n-hexane,lauric acid,314.24,1.574,0.4536201499952115,Chromatography,True,train,0.7862685931816502
j.jct.2012.06.009.xml,2012,20,VLKZOEOYAKHREP-UHFFFAOYSA-N,POULHZVOKOAJMA-UHFFFAOYSA-N,n-hexane,lauric acid,333.26,1.532,0.4265740713183996,Chromatography,True,train,0.7141967833956009
j.jct.2012.06.009.xml,2012,20,VLKZOEOYAKHREP-UHFFFAOYSA-N,POULHZVOKOAJMA-UHFFFAOYSA-N,n-hexane,lauric acid,333.38,1.538,0.4304828710834522,Chromatography,True,train,0.7137730431292088
j.jct.2012.06.009.xml,2012,20,VLKZOEOYAKHREP-UHFFFAOYSA-N,POULHZVOKOAJMA-UHFFFAOYSA-N,n-hexane,lauric acid,353.25,1.499,0.4047982191204607,Chromatography,True,train,0.6483007575788953
je200628n.xml,2011,1,VLKZOEOYAKHREP-UHFFFAOYSA-N,PWGJDPKCLMLPJW-UHFFFAOYSA-N,n-hexane,"1,8-diaminooctane",328.15,4.031,1.3940144841350286,Chromatography,True,train,1.118953505579627
je200628n.xml,2011,1,VLKZOEOYAKHREP-UHFFFAOYSA-N,PWGJDPKCLMLPJW-UHFFFAOYSA-N,n-hexane,"1,8-diaminooctane",338.15,3.832,1.343386860108614,Chromatography,True,train,1.094026590248865
je200628n.xml,2011,1,VLKZOEOYAKHREP-UHFFFAOYSA-N,PWGJDPKCLMLPJW-UHFFFAOYSA-N,n-hexane,"1,8-diaminooctane",343.15,3.755,1.323088285216098,Chromatography,True,train,1.0817730547275939
je200628n.xml,2011,1,VLKZOEOYAKHREP-UHFFFAOYSA-N,PWGJDPKCLMLPJW-UHFFFAOYSA-N,n-hexane,"1,8-diaminooctane",348.15,3.72,1.3137236682850553,Chromatography,True,train,1.069657297976752
j.jct.2012.12.009.xml,2013,0,VLKZOEOYAKHREP-UHFFFAOYSA-N,QIQXTHQIDYTFRH-UHFFFAOYSA-N,n-hexane,n-octadecanoic acid,349.47,1.258,0.2295231582782488,Chromatography,True,train,0.7233573576777704
j.jct.2012.12.009.xml,2013,0,VLKZOEOYAKHREP-UHFFFAOYSA-N,QIQXTHQIDYTFRH-UHFFFAOYSA-N,n-hexane,n-octadecanoic acid,358.4,1.239,0.2143046026470055,Chromatography,True,train,0.6921157481818669
j.jct.2012.12.009.xml,2013,0,VLKZOEOYAKHREP-UHFFFAOYSA-N,QIQXTHQIDYTFRH-UHFFFAOYSA-N,n-hexane,n-octadecanoic acid,368.13,1.186,0.1705863005755336,Chromatography,True,train,0.6598943012583774
j.jct.2013.02.006.xml,2013,25,VLKZOEOYAKHREP-UHFFFAOYSA-N,SECXISVLQFMRJM-UHFFFAOYSA-N,n-hexane,1-methylpyrrolidone,333.2,9.51,2.252343876557299,Chromatography,True,train,0.7455820457644786
j.jct.2013.02.006.xml,2013,25,VLKZOEOYAKHREP-UHFFFAOYSA-N,SECXISVLQFMRJM-UHFFFAOYSA-N,n-hexane,1-methylpyrrolidone,348.2,9.19,2.2181159363675955,Chromatography,True,train,0.7546164129136552
j.jct.2013.02.006.xml,2013,25,VLKZOEOYAKHREP-UHFFFAOYSA-N,SECXISVLQFMRJM-UHFFFAOYSA-N,n-hexane,1-methylpyrrolidone,363.2,8.51,2.1412419425852827,Chromatography,True,train,0.7597700636746967
j.jct.2012.06.009.xml,2012,42,VLKZOEOYAKHREP-UHFFFAOYSA-N,TUNFSRHWOTWDNC-UHFFFAOYSA-N,n-hexane,tetradecanoic acid,338.27,1.345,0.2963940130538024,Chromatography,True,train,0.8564815608001384
j.jct.2012.06.009.xml,2012,42,VLKZOEOYAKHREP-UHFFFAOYSA-N,TUNFSRHWOTWDNC-UHFFFAOYSA-N,n-hexane,tetradecanoic acid,348.3,1.329,0.2844267797311082,Chromatography,True,train,0.8191304862004714
j.jct.2012.06.009.xml,2012,42,VLKZOEOYAKHREP-UHFFFAOYSA-N,TUNFSRHWOTWDNC-UHFFFAOYSA-N,n-hexane,tetradecanoic acid,358.33,1.335,0.2889312918522128,Chromatography,True,train,0.7840345963905286
j.jct.2014.06.006.xml,2014,12,VLKZOEOYAKHREP-UHFFFAOYSA-N,XNWFRZJHXBZDAG-UHFFFAOYSA-N,n-hexane,methyl cellosolve,298.0,16.3,2.791165107812717,Chromatography,True,train,3.2188458187984255
j.fluid.2013.02.008.xml,2013,12,VLKZOEOYAKHREP-UHFFFAOYSA-N,YPFDHNVEDLHUCE-UHFFFAOYSA-N,hexane,"1,3-propanediol",312.1,77.2,4.3463994570307305,Chromatography,True,train,4.5642044357301845
j.fluid.2013.02.008.xml,2013,12,VLKZOEOYAKHREP-UHFFFAOYSA-N,YPFDHNVEDLHUCE-UHFFFAOYSA-N,hexane,"1,3-propanediol",333.1,72.9,4.289088639014612,Chromatography,True,train,4.227901431302724
j.fluid.2013.02.008.xml,2013,12,VLKZOEOYAKHREP-UHFFFAOYSA-N,YPFDHNVEDLHUCE-UHFFFAOYSA-N,hexane,"1,3-propanediol",352.1,52.4,3.958906591326997,Chromatography,True,train,3.947965874030198
j.jct.2013.05.011.xml,2013,28,VLKZOEOYAKHREP-UHFFFAOYSA-N,ZIBGPFATKBEMQZ-UHFFFAOYSA-N,n-hexane,triethylene glycol,333.2,45.84,3.825157072406484,Chromatography,True,train,3.2955925922805926
j.jct.2013.05.011.xml,2013,28,VLKZOEOYAKHREP-UHFFFAOYSA-N,ZIBGPFATKBEMQZ-UHFFFAOYSA-N,n-hexane,triethylene glycol,348.2,40.27,3.695606774863363,Chromatography,True,train,3.1616852202717998
j.jct.2013.05.011.xml,2013,28,VLKZOEOYAKHREP-UHFFFAOYSA-N,ZIBGPFATKBEMQZ-UHFFFAOYSA-N,n-hexane,triethylene glycol,363.2,35.15,3.5596246182566738,Chromatography,True,train,3.036241243870137
j.jct.2012.12.009.xml,2013,21,VLKZOEOYAKHREP-UHFFFAOYSA-N,ZQPPMHVWECSIRJ-KTKRTIGZSA-N,n-hexane,cis-9-octadecenoic acid,338.36,1.401,0.3371862673548699,Chromatography,True,train,0.6668520089662641
j.jct.2012.12.009.xml,2013,21,VLKZOEOYAKHREP-UHFFFAOYSA-N,ZQPPMHVWECSIRJ-KTKRTIGZSA-N,n-hexane,cis-9-octadecenoic acid,348.29,1.329,0.2844267797311082,Chromatography,True,train,0.6320304516416032
j.jct.2012.12.009.xml,2013,21,VLKZOEOYAKHREP-UHFFFAOYSA-N,ZQPPMHVWECSIRJ-KTKRTIGZSA-N,n-hexane,cis-9-octadecenoic acid,348.36,1.341,0.2934156042995414,Chromatography,True,train,0.6317929484341636
j.jct.2012.12.009.xml,2013,21,VLKZOEOYAKHREP-UHFFFAOYSA-N,ZQPPMHVWECSIRJ-KTKRTIGZSA-N,n-hexane,cis-9-octadecenoic acid,358.28,1.302,0.2639015437863775,Chromatography,True,train,0.599190123845045
j.jct.2004.11.005.xml,2005,11,VQTUBCCKSQIDNK-UHFFFAOYSA-N,AMQJEAYHLZJPGS-UHFFFAOYSA-N,2-methylpropene,1-pentanol,270.01,2.84,1.043804052173115,Other,True,test_one,0.8842994469719787
j.jct.2004.11.005.xml,2005,11,VQTUBCCKSQIDNK-UHFFFAOYSA-N,AMQJEAYHLZJPGS-UHFFFAOYSA-N,2-methylpropene,1-pentanol,290.0,2.82,1.0367368849500225,Other,True,test_one,0.7847386135377103
j.jct.2004.11.005.xml,2005,11,VQTUBCCKSQIDNK-UHFFFAOYSA-N,AMQJEAYHLZJPGS-UHFFFAOYSA-N,2-methylpropene,1-pentanol,310.0,2.76,1.0152306797290584,Other,True,test_one,0.6978573592854942
j.jct.2004.11.005.xml,2005,11,VQTUBCCKSQIDNK-UHFFFAOYSA-N,AMQJEAYHLZJPGS-UHFFFAOYSA-N,2-methylpropene,1-pentanol,330.0,2.63,0.9669838461896731,Other,True,test_one,0.6233271225568212
j.jct.2004.11.005.xml,2005,43,VQTUBCCKSQIDNK-UHFFFAOYSA-N,AQIXEPGDORPWBJ-UHFFFAOYSA-N,2-methylpropene,3-pentanol,259.96,3.25,1.1786549963416462,Other,True,train,0.8039205851618804
j.jct.2004.11.005.xml,2005,43,VQTUBCCKSQIDNK-UHFFFAOYSA-N,AQIXEPGDORPWBJ-UHFFFAOYSA-N,2-methylpropene,3-pentanol,270.02,3.15,1.1474024528375415,Other,True,train,0.752258731225405
j.jct.2004.11.005.xml,2005,43,VQTUBCCKSQIDNK-UHFFFAOYSA-N,AQIXEPGDORPWBJ-UHFFFAOYSA-N,2-methylpropene,3-pentanol,280.0,3.04,1.1118575154181305,Other,True,train,0.7038097775985828
j.jct.2004.11.005.xml,2005,43,VQTUBCCKSQIDNK-UHFFFAOYSA-N,AQIXEPGDORPWBJ-UHFFFAOYSA-N,2-methylpropene,3-pentanol,290.0,2.93,1.075002423028976,Other,True,train,0.6583172421139547
j.jct.2004.11.005.xml,2005,43,VQTUBCCKSQIDNK-UHFFFAOYSA-N,AQIXEPGDORPWBJ-UHFFFAOYSA-N,2-methylpropene,3-pentanol,300.0,2.82,1.0367368849500225,Other,True,train,0.6159865163347764
j.jct.2004.11.005.xml,2005,43,VQTUBCCKSQIDNK-UHFFFAOYSA-N,AQIXEPGDORPWBJ-UHFFFAOYSA-N,2-methylpropene,3-pentanol,310.01,2.69,0.9895411936137476,Other,True,train,0.5767704359607575
j.jct.2004.11.005.xml,2005,43,VQTUBCCKSQIDNK-UHFFFAOYSA-N,AQIXEPGDORPWBJ-UHFFFAOYSA-N,2-methylpropene,3-pentanol,320.0,2.56,0.9400072584914712,Other,True,train,0.5406888541338584
j.jct.2004.11.005.xml,2005,43,VQTUBCCKSQIDNK-UHFFFAOYSA-N,AQIXEPGDORPWBJ-UHFFFAOYSA-N,2-methylpropene,3-pentanol,330.01,2.43,0.8878912573524571,Other,True,train,0.5074476233534468
j.jct.2003.08.018.xml,2004,7,VQTUBCCKSQIDNK-UHFFFAOYSA-N,BDERNNFJNOPAEC-UHFFFAOYSA-N,2-methylpropene,1-propanol,259.91,4.09,1.4085449700547104,Chromatography,True,train,1.4369729754152754
j.jct.2003.08.018.xml,2004,7,VQTUBCCKSQIDNK-UHFFFAOYSA-N,BDERNNFJNOPAEC-UHFFFAOYSA-N,2-methylpropene,1-propanol,279.95,4.08,1.4060969884160703,Chromatography,True,train,1.3106175592519371
j.jct.2003.08.018.xml,2004,7,VQTUBCCKSQIDNK-UHFFFAOYSA-N,BDERNNFJNOPAEC-UHFFFAOYSA-N,2-methylpropene,1-propanol,299.94,4.04,1.396244691973059,Chromatography,True,train,1.1939847827718204
j.jct.2003.08.018.xml,2004,7,VQTUBCCKSQIDNK-UHFFFAOYSA-N,BDERNNFJNOPAEC-UHFFFAOYSA-N,2-methylpropene,1-propanol,320.06,4.0,1.3862943611198906,Chromatography,True,train,1.0887686704645259
j.jct.2003.08.018.xml,2004,7,VQTUBCCKSQIDNK-UHFFFAOYSA-N,BDERNNFJNOPAEC-UHFFFAOYSA-N,2-methylpropene,1-propanol,340.16,3.94,1.3711807233098423,Chromatography,True,train,0.9963627599196534
je050343i.xml,2005,35,VQTUBCCKSQIDNK-UHFFFAOYSA-N,CPJRRXSHAYUTGL-UHFFFAOYSA-N,2-methylpropene,3-methyl-3-buten-1-ol,270.04,3.41,1.2267122912954254,Chromatography,True,train,1.0712937900113508
je050343i.xml,2005,35,VQTUBCCKSQIDNK-UHFFFAOYSA-N,CPJRRXSHAYUTGL-UHFFFAOYSA-N,2-methylpropene,3-methyl-3-buten-1-ol,289.99,3.32,1.199964782928397,Chromatography,True,train,0.9757746384471117
je050343i.xml,2005,35,VQTUBCCKSQIDNK-UHFFFAOYSA-N,CPJRRXSHAYUTGL-UHFFFAOYSA-N,2-methylpropene,3-methyl-3-buten-1-ol,309.99,3.21,1.1662709371419244,Chromatography,True,train,0.8906469179392069
je050343i.xml,2005,35,VQTUBCCKSQIDNK-UHFFFAOYSA-N,CPJRRXSHAYUTGL-UHFFFAOYSA-N,2-methylpropene,3-methyl-3-buten-1-ol,330.0,3.04,1.1118575154181305,Chromatography,True,train,0.8163150326075028
je060395n.xml,2007,65,VQTUBCCKSQIDNK-UHFFFAOYSA-N,CTQNGGLPUBDAKN-UHFFFAOYSA-N,2-methylpropene,"1,2-dimethylbenzene",270.13,1.54,0.4317824164255378,calculated from henry's law constants,True,train,0.18286244016586178
je060395n.xml,2007,65,VQTUBCCKSQIDNK-UHFFFAOYSA-N,CTQNGGLPUBDAKN-UHFFFAOYSA-N,2-methylpropene,"1,2-dimethylbenzene",289.99,1.51,0.412109650826833,calculated from henry's law constants,True,train,0.16620222505506793
je060395n.xml,2007,65,VQTUBCCKSQIDNK-UHFFFAOYSA-N,CTQNGGLPUBDAKN-UHFFFAOYSA-N,2-methylpropene,"1,2-dimethylbenzene",309.84,1.5,0.4054651081081644,calculated from henry's law constants,True,train,0.15172494714097814
je060395n.xml,2007,65,VQTUBCCKSQIDNK-UHFFFAOYSA-N,CTQNGGLPUBDAKN-UHFFFAOYSA-N,2-methylpropene,"1,2-dimethylbenzene",329.99,1.47,0.3852624007906449,calculated from henry's law constants,True,train,0.13885420992035147
je700270d.xml,2007,11,VQTUBCCKSQIDNK-UHFFFAOYSA-N,DHXVGJBLRPWPCS-UHFFFAOYSA-N,2-methylpropene,tetrahydropyran,250.06,1.39,0.3293037471426003,Chromatography,True,train,-0.07351642391666567
je700270d.xml,2007,11,VQTUBCCKSQIDNK-UHFFFAOYSA-N,DHXVGJBLRPWPCS-UHFFFAOYSA-N,2-methylpropene,tetrahydropyran,270.12,1.39,0.3293037471426003,Chromatography,True,train,-0.061307575259229675
je700270d.xml,2007,11,VQTUBCCKSQIDNK-UHFFFAOYSA-N,DHXVGJBLRPWPCS-UHFFFAOYSA-N,2-methylpropene,tetrahydropyran,289.97,1.38,0.3220834991691132,Chromatography,True,train,-0.05108224318674613
je700270d.xml,2007,11,VQTUBCCKSQIDNK-UHFFFAOYSA-N,DHXVGJBLRPWPCS-UHFFFAOYSA-N,2-methylpropene,tetrahydropyran,309.98,1.38,0.3220834991691132,Chromatography,True,train,-0.042305060858819
je700270d.xml,2007,11,VQTUBCCKSQIDNK-UHFFFAOYSA-N,DHXVGJBLRPWPCS-UHFFFAOYSA-N,2-methylpropene,tetrahydropyran,329.97,1.37,0.3148107398400336,Chromatography,True,train,-0.03480726062397139
je050343i.xml,2005,11,VQTUBCCKSQIDNK-UHFFFAOYSA-N,HNVRRHSXBLFLIG-UHFFFAOYSA-N,2-methylpropene,"3-buten-2-ol, 2-methyl-",269.95,2.61,0.959350221334602,Chromatography,True,train,0.9360132564353606
je050343i.xml,2005,11,VQTUBCCKSQIDNK-UHFFFAOYSA-N,HNVRRHSXBLFLIG-UHFFFAOYSA-N,2-methylpropene,"3-buten-2-ol, 2-methyl-",289.99,2.47,0.904218150639886,Chromatography,True,train,0.8436667562722614
je050343i.xml,2005,11,VQTUBCCKSQIDNK-UHFFFAOYSA-N,HNVRRHSXBLFLIG-UHFFFAOYSA-N,2-methylpropene,"3-buten-2-ol, 2-methyl-",309.99,2.31,0.8372475245337022,Chromatography,True,train,0.7622956312476289
je050343i.xml,2005,11,VQTUBCCKSQIDNK-UHFFFAOYSA-N,HNVRRHSXBLFLIG-UHFFFAOYSA-N,2-methylpropene,"3-buten-2-ol, 2-methyl-",330.0,2.15,0.7654678421395714,Chromatography,True,train,0.6918153921848308
je060395n.xml,2007,67,VQTUBCCKSQIDNK-UHFFFAOYSA-N,IVSZLXZYQVIEFR-UHFFFAOYSA-N,2-methylpropene,"1,3-dimethylbenzene",270.1,1.43,0.3576744442718159,calculated from henry's law constants,True,train,0.1572214440917045
je060395n.xml,2007,67,VQTUBCCKSQIDNK-UHFFFAOYSA-N,IVSZLXZYQVIEFR-UHFFFAOYSA-N,2-methylpropene,"1,3-dimethylbenzene",289.99,1.43,0.3576744442718159,calculated from henry's law constants,True,train,0.14203894666414363
je060395n.xml,2007,67,VQTUBCCKSQIDNK-UHFFFAOYSA-N,IVSZLXZYQVIEFR-UHFFFAOYSA-N,2-methylpropene,"1,3-dimethylbenzene",309.84,1.41,0.3435897043900768,calculated from henry's law constants,True,train,0.12886310853333163
je060395n.xml,2007,67,VQTUBCCKSQIDNK-UHFFFAOYSA-N,IVSZLXZYQVIEFR-UHFFFAOYSA-N,2-methylpropene,"1,3-dimethylbenzene",329.99,1.39,0.3293037471426003,calculated from henry's law constants,True,train,0.11713930414708526
je100529s.xml,2010,59,VQTUBCCKSQIDNK-UHFFFAOYSA-N,IWDCLRJOBJJRNH-UHFFFAOYSA-N,2-methylpropene,4-methylphenol,309.99,4.44,1.4906543764441336,Gas Stripping Method,True,train,0.803319558517644
je100529s.xml,2010,59,VQTUBCCKSQIDNK-UHFFFAOYSA-N,IWDCLRJOBJJRNH-UHFFFAOYSA-N,2-methylpropene,4-methylphenol,319.99,4.34,1.4678743481123135,Gas Stripping Method,True,train,0.7669832518700204
je100529s.xml,2010,59,VQTUBCCKSQIDNK-UHFFFAOYSA-N,IWDCLRJOBJJRNH-UHFFFAOYSA-N,2-methylpropene,4-methylphenol,329.99,4.2,1.4350845252893227,Gas Stripping Method,True,train,0.7332320777016473
je100529s.xml,2010,59,VQTUBCCKSQIDNK-UHFFFAOYSA-N,IWDCLRJOBJJRNH-UHFFFAOYSA-N,2-methylpropene,4-methylphenol,340.02,4.07,1.4036429994545037,Gas Stripping Method,True,train,0.7018162327512956
j.jct.2004.11.005.xml,2005,27,VQTUBCCKSQIDNK-UHFFFAOYSA-N,JYVLIDXNZAXMDK-YFKPBYRVSA-N,2-methylpropene,2-pentanol,269.98,2.99,1.095273387402595,Other,True,train,0.7858034281402128
j.jct.2004.11.005.xml,2005,27,VQTUBCCKSQIDNK-UHFFFAOYSA-N,JYVLIDXNZAXMDK-YFKPBYRVSA-N,2-methylpropene,2-pentanol,290.0,2.82,1.0367368849500225,Other,True,train,0.6921696321622343
j.jct.2004.11.005.xml,2005,27,VQTUBCCKSQIDNK-UHFFFAOYSA-N,JYVLIDXNZAXMDK-YFKPBYRVSA-N,2-methylpropene,2-pentanol,310.0,2.63,0.9669838461896731,Other,True,train,0.6107969052135056
j.jct.2004.11.005.xml,2005,27,VQTUBCCKSQIDNK-UHFFFAOYSA-N,JYVLIDXNZAXMDK-YFKPBYRVSA-N,2-methylpropene,2-pentanol,330.0,2.45,0.8960880245566357,Other,True,train,0.541314681913815
je0342116.xml,2004,10,VQTUBCCKSQIDNK-UHFFFAOYSA-N,KFZMGEQAYNKOFK-UHFFFAOYSA-N,2-methylpropene,2-propanol,270.03,4.3,1.4586150226995167,Chromatography,True,train,1.3675428747796254
je0342116.xml,2004,10,VQTUBCCKSQIDNK-UHFFFAOYSA-N,KFZMGEQAYNKOFK-UHFFFAOYSA-N,2-methylpropene,2-propanol,290.0,4.2,1.4350845252893227,Chromatography,True,train,1.2458791868928023
je0342116.xml,2004,10,VQTUBCCKSQIDNK-UHFFFAOYSA-N,KFZMGEQAYNKOFK-UHFFFAOYSA-N,2-methylpropene,2-propanol,310.0,4.0,1.3862943611198906,Chromatography,True,train,1.1350906506885898
je0342116.xml,2004,10,VQTUBCCKSQIDNK-UHFFFAOYSA-N,KFZMGEQAYNKOFK-UHFFFAOYSA-N,2-methylpropene,2-propanol,330.0,3.8,1.33500106673234,Chromatography,True,train,1.0368234403029064
je034265f.xml,2004,11,VQTUBCCKSQIDNK-UHFFFAOYSA-N,LRHPLDYGYMQRHN-UHFFFAOYSA-N,2-methylpropene,1-butanol,250.01,3.4,1.2237754316221157,Other,True,train,1.1650561046671415
je034265f.xml,2004,11,VQTUBCCKSQIDNK-UHFFFAOYSA-N,LRHPLDYGYMQRHN-UHFFFAOYSA-N,2-methylpropene,1-butanol,270.04,3.4,1.2237754316221157,Other,True,train,1.0485103888198806
je034265f.xml,2004,11,VQTUBCCKSQIDNK-UHFFFAOYSA-N,LRHPLDYGYMQRHN-UHFFFAOYSA-N,2-methylpropene,1-butanol,290.01,3.4,1.2237754316221157,Other,True,train,0.9416410122814419
je034265f.xml,2004,11,VQTUBCCKSQIDNK-UHFFFAOYSA-N,LRHPLDYGYMQRHN-UHFFFAOYSA-N,2-methylpropene,1-butanol,310.01,3.3,1.1939224684724346,Other,True,train,0.846576697144816
je034265f.xml,2004,11,VQTUBCCKSQIDNK-UHFFFAOYSA-N,LRHPLDYGYMQRHN-UHFFFAOYSA-N,2-methylpropene,1-butanol,330.0,3.2,1.1631508098056809,Other,True,train,0.7639366393687386
j.fluid.2006.06.024.xml,2006,2,VQTUBCCKSQIDNK-UHFFFAOYSA-N,OKKJLVBELUTLKV-UHFFFAOYSA-N,2-methylpropene,methanol,374.0,6.5,1.871802176901592,Chromatography,True,train,2.3357564027818007
j.fluid.2006.06.024.xml,2006,2,VQTUBCCKSQIDNK-UHFFFAOYSA-N,OKKJLVBELUTLKV-UHFFFAOYSA-N,2-methylpropene,methanol,393.3,6.0,1.791759469228055,Chromatography,True,train,2.2029691369809066
j.fluid.2006.06.024.xml,2006,2,VQTUBCCKSQIDNK-UHFFFAOYSA-N,OKKJLVBELUTLKV-UHFFFAOYSA-N,2-methylpropene,methanol,412.5,5.4,1.6863989535702288,Chromatography,True,train,2.0835474483509437
je060395n.xml,2007,71,VQTUBCCKSQIDNK-UHFFFAOYSA-N,PPBRXRYQALVLMV-UHFFFAOYSA-N,2-methylpropene,styrene,270.07,2.79,1.0260415958332745,calculated from henry's law constants,True,train,0.24801078325920062
je060395n.xml,2007,71,VQTUBCCKSQIDNK-UHFFFAOYSA-N,PPBRXRYQALVLMV-UHFFFAOYSA-N,2-methylpropene,styrene,309.84,2.58,0.947789398933526,calculated from henry's law constants,True,train,0.20323656723512357
je060395n.xml,2007,71,VQTUBCCKSQIDNK-UHFFFAOYSA-N,PPBRXRYQALVLMV-UHFFFAOYSA-N,2-methylpropene,styrene,329.99,2.52,0.924258901523332,calculated from henry's law constants,True,train,0.18491792588151762
je100529s.xml,2010,11,VQTUBCCKSQIDNK-UHFFFAOYSA-N,QWVGKYWNOKOFNN-UHFFFAOYSA-N,2-methylpropene,2-methylphenol,299.99,4.11,1.4134230285081433,Gas Stripping Method,True,train,0.8536841656585326
je100529s.xml,2010,11,VQTUBCCKSQIDNK-UHFFFAOYSA-N,QWVGKYWNOKOFNN-UHFFFAOYSA-N,2-methylpropene,2-methylphenol,309.99,3.98,1.3812818192963463,Gas Stripping Method,True,train,0.809668723952261
je100529s.xml,2010,11,VQTUBCCKSQIDNK-UHFFFAOYSA-N,QWVGKYWNOKOFNN-UHFFFAOYSA-N,2-methylpropene,2-methylphenol,319.99,3.84,1.3454723665996355,Gas Stripping Method,True,train,0.7687973448531753
je100529s.xml,2010,11,VQTUBCCKSQIDNK-UHFFFAOYSA-N,QWVGKYWNOKOFNN-UHFFFAOYSA-N,2-methylpropene,2-methylphenol,329.99,3.7,1.308332819650179,Gas Stripping Method,True,train,0.730914054179966
je100529s.xml,2010,35,VQTUBCCKSQIDNK-UHFFFAOYSA-N,RLSSMJSEOOYNOY-UHFFFAOYSA-N,2-methylpropene,3-methylphenol,289.98,4.66,1.5390154481375546,Gas Stripping Method,True,train,0.8634069915295104
je100529s.xml,2010,35,VQTUBCCKSQIDNK-UHFFFAOYSA-N,RLSSMJSEOOYNOY-UHFFFAOYSA-N,2-methylpropene,3-methylphenol,299.98,4.56,1.5173226235262949,Gas Stripping Method,True,train,0.8213762696016114
je100529s.xml,2010,35,VQTUBCCKSQIDNK-UHFFFAOYSA-N,RLSSMJSEOOYNOY-UHFFFAOYSA-N,2-methylpropene,3-methylphenol,309.99,4.42,1.4861396960896067,Gas Stripping Method,True,train,0.7820923259229567
je100529s.xml,2010,35,VQTUBCCKSQIDNK-UHFFFAOYSA-N,RLSSMJSEOOYNOY-UHFFFAOYSA-N,2-methylpropene,3-methylphenol,319.99,4.3,1.4586150226995167,Gas Stripping Method,True,train,0.7455712418408885
je100529s.xml,2010,35,VQTUBCCKSQIDNK-UHFFFAOYSA-N,RLSSMJSEOOYNOY-UHFFFAOYSA-N,2-methylpropene,3-methylphenol,329.99,4.16,1.425515074273172,Gas Stripping Method,True,train,0.7116527690304533
je060395n.xml,2007,61,VQTUBCCKSQIDNK-UHFFFAOYSA-N,UHOVQNZJYSORNB-UHFFFAOYSA-N,2-methylpropene,benzene,279.99,1.77,0.5709795465857378,calculated from henry's law constants,True,train,0.1809444214539324
je060395n.xml,2007,61,VQTUBCCKSQIDNK-UHFFFAOYSA-N,UHOVQNZJYSORNB-UHFFFAOYSA-N,2-methylpropene,benzene,289.99,1.74,0.5538851132264376,calculated from henry's law constants,True,train,0.17219607888620136
je060395n.xml,2007,61,VQTUBCCKSQIDNK-UHFFFAOYSA-N,UHOVQNZJYSORNB-UHFFFAOYSA-N,2-methylpropene,benzene,309.99,1.66,0.5068176023684519,calculated from henry's law constants,True,train,0.1566425394237505
je060395n.xml,2007,61,VQTUBCCKSQIDNK-UHFFFAOYSA-N,UHOVQNZJYSORNB-UHFFFAOYSA-N,2-methylpropene,benzene,329.99,1.61,0.4762341789963717,calculated from henry's law constants,True,train,0.1432739110176919
je060395n.xml,2007,69,VQTUBCCKSQIDNK-UHFFFAOYSA-N,URLKBWYHVLBVBO-UHFFFAOYSA-N,2-methylpropene,"1,4-dimethylbenzene",289.99,1.37,0.3148107398400336,calculated from henry's law constants,True,test_one,0.13614013251662702
je060395n.xml,2007,69,VQTUBCCKSQIDNK-UHFFFAOYSA-N,URLKBWYHVLBVBO-UHFFFAOYSA-N,2-methylpropene,"1,4-dimethylbenzene",299.99,1.37,0.3148107398400336,calculated from henry's law constants,True,test_one,0.12952912839295488
je060395n.xml,2007,69,VQTUBCCKSQIDNK-UHFFFAOYSA-N,URLKBWYHVLBVBO-UHFFFAOYSA-N,2-methylpropene,"1,4-dimethylbenzene",309.85,1.36,0.3074846997479607,calculated from henry's law constants,True,test_one,0.1234342248659661
je060395n.xml,2007,69,VQTUBCCKSQIDNK-UHFFFAOYSA-N,URLKBWYHVLBVBO-UHFFFAOYSA-N,2-methylpropene,"1,4-dimethylbenzene",319.99,1.36,0.3074846997479607,calculated from henry's law constants,True,test_one,0.11756348940631244
je060395n.xml,2007,69,VQTUBCCKSQIDNK-UHFFFAOYSA-N,URLKBWYHVLBVBO-UHFFFAOYSA-N,2-methylpropene,"1,4-dimethylbenzene",329.99,1.36,0.3074846997479607,calculated from henry's law constants,True,test_one,0.11213218340463689
je060395n.xml,2007,63,VQTUBCCKSQIDNK-UHFFFAOYSA-N,YXFVVABEGXRONW-UHFFFAOYSA-N,2-methylpropene,toluene,270.0,1.52,0.418710334858185,calculated from henry's law constants,True,train,0.14853360449304875
je060395n.xml,2007,63,VQTUBCCKSQIDNK-UHFFFAOYSA-N,YXFVVABEGXRONW-UHFFFAOYSA-N,2-methylpropene,toluene,289.98,1.49,0.3987761199573678,calculated from henry's law constants,True,train,0.13471374305869466
je060395n.xml,2007,63,VQTUBCCKSQIDNK-UHFFFAOYSA-N,YXFVVABEGXRONW-UHFFFAOYSA-N,2-methylpropene,toluene,309.94,1.46,0.378436435720245,calculated from henry's law constants,True,train,0.12280283719863937
je060395n.xml,2007,63,VQTUBCCKSQIDNK-UHFFFAOYSA-N,YXFVVABEGXRONW-UHFFFAOYSA-N,2-methylpropene,toluene,329.99,1.44,0.3646431135879092,calculated from henry's law constants,True,train,0.11239847377180133
j.jct.2004.11.005.xml,2005,9,VXNZUUAINFGPBY-UHFFFAOYSA-N,AMQJEAYHLZJPGS-UHFFFAOYSA-N,1-butene,1-pentanol,269.99,2.87,1.0543120297715298,Other,True,test_both,0.9028208107407907
j.jct.2004.11.005.xml,2005,9,VXNZUUAINFGPBY-UHFFFAOYSA-N,AMQJEAYHLZJPGS-UHFFFAOYSA-N,1-butene,1-pentanol,290.0,2.82,1.0367368849500225,Other,True,test_both,0.80550801915609
j.jct.2004.11.005.xml,2005,9,VXNZUUAINFGPBY-UHFFFAOYSA-N,AMQJEAYHLZJPGS-UHFFFAOYSA-N,1-butene,1-pentanol,310.0,2.78,1.0224509277025455,Other,True,test_both,0.7203519975560875
j.jct.2004.11.005.xml,2005,9,VXNZUUAINFGPBY-UHFFFAOYSA-N,AMQJEAYHLZJPGS-UHFFFAOYSA-N,1-butene,1-pentanol,330.0,2.7,0.9932517730102834,Other,True,test_both,0.6470486869312173
j.jct.2004.11.005.xml,2005,41,VXNZUUAINFGPBY-UHFFFAOYSA-N,AQIXEPGDORPWBJ-UHFFFAOYSA-N,1-butene,3-pentanol,259.96,3.27,1.184789984909162,Other,True,test_one,0.8216605335842455
j.jct.2004.11.005.xml,2005,41,VXNZUUAINFGPBY-UHFFFAOYSA-N,AQIXEPGDORPWBJ-UHFFFAOYSA-N,1-butene,3-pentanol,270.02,3.16,1.1505720275988207,Other,True,test_one,0.7711324535294325
j.jct.2004.11.005.xml,2005,41,VXNZUUAINFGPBY-UHFFFAOYSA-N,AQIXEPGDORPWBJ-UHFFFAOYSA-N,1-butene,3-pentanol,280.0,3.05,1.1151415906193205,Other,True,test_one,0.7236385841311475
j.jct.2004.11.005.xml,2005,41,VXNZUUAINFGPBY-UHFFFAOYSA-N,AQIXEPGDORPWBJ-UHFFFAOYSA-N,1-butene,3-pentanol,290.0,2.96,1.085189268335969,Other,True,test_one,0.6789534295538009
j.jct.2004.11.005.xml,2005,41,VXNZUUAINFGPBY-UHFFFAOYSA-N,AQIXEPGDORPWBJ-UHFFFAOYSA-N,1-butene,3-pentanol,300.0,2.86,1.0508216248317612,Other,True,test_one,0.6372978642581587
j.jct.2004.11.005.xml,2005,41,VXNZUUAINFGPBY-UHFFFAOYSA-N,AQIXEPGDORPWBJ-UHFFFAOYSA-N,1-butene,3-pentanol,310.01,2.72,1.000631880307906,Other,True,test_one,0.5986407822005355
j.jct.2004.11.005.xml,2005,41,VXNZUUAINFGPBY-UHFFFAOYSA-N,AQIXEPGDORPWBJ-UHFFFAOYSA-N,1-butene,3-pentanol,320.0,2.61,0.959350221334602,Other,True,test_one,0.5630143198322005
j.jct.2004.11.005.xml,2005,41,VXNZUUAINFGPBY-UHFFFAOYSA-N,AQIXEPGDORPWBJ-UHFFFAOYSA-N,1-butene,3-pentanol,330.0,2.49,0.9122827104766164,Other,True,test_one,0.530169905663444
j.jct.2003.08.018.xml,2004,5,VXNZUUAINFGPBY-UHFFFAOYSA-N,BDERNNFJNOPAEC-UHFFFAOYSA-N,1-butene,1-propanol,260.03,4.13,1.4182774069729414,Chromatography,True,test_one,1.4635710440237415
j.jct.2003.08.018.xml,2004,5,VXNZUUAINFGPBY-UHFFFAOYSA-N,BDERNNFJNOPAEC-UHFFFAOYSA-N,1-butene,1-propanol,280.04,4.12,1.415853163361435,Chromatography,True,test_one,1.3397059938314082
j.jct.2003.08.018.xml,2004,5,VXNZUUAINFGPBY-UHFFFAOYSA-N,BDERNNFJNOPAEC-UHFFFAOYSA-N,1-butene,1-propanol,299.98,4.11,1.4134230285081433,Chromatography,True,test_one,1.2249626923569736
j.jct.2003.08.018.xml,2004,5,VXNZUUAINFGPBY-UHFFFAOYSA-N,BDERNNFJNOPAEC-UHFFFAOYSA-N,1-butene,1-propanol,320.03,4.05,1.3987168811184478,Chromatography,True,test_one,1.1211315111105413
j.jct.2003.08.018.xml,2004,5,VXNZUUAINFGPBY-UHFFFAOYSA-N,BDERNNFJNOPAEC-UHFFFAOYSA-N,1-butene,1-propanol,340.0,4.01,1.3887912413184778,Chromatography,True,test_one,1.0298384720275826
je050343i.xml,2005,33,VXNZUUAINFGPBY-UHFFFAOYSA-N,CPJRRXSHAYUTGL-UHFFFAOYSA-N,1-butene,3-methyl-3-buten-1-ol,270.04,3.47,1.244154593958768,Chromatography,True,test_one,1.1338477790953783
je050343i.xml,2005,33,VXNZUUAINFGPBY-UHFFFAOYSA-N,CPJRRXSHAYUTGL-UHFFFAOYSA-N,1-butene,3-methyl-3-buten-1-ol,289.99,3.4,1.2237754316221157,Chromatography,True,test_one,1.03671588676563
je050343i.xml,2005,33,VXNZUUAINFGPBY-UHFFFAOYSA-N,CPJRRXSHAYUTGL-UHFFFAOYSA-N,1-butene,3-methyl-3-buten-1-ol,309.99,3.28,1.1878434223960523,Chromatography,True,test_one,0.9498802144938654
je050343i.xml,2005,33,VXNZUUAINFGPBY-UHFFFAOYSA-N,CPJRRXSHAYUTGL-UHFFFAOYSA-N,1-butene,3-methyl-3-buten-1-ol,330.0,3.13,1.1410330045520618,Chromatography,True,test_one,0.8737844700589045
je060395n.xml,2007,53,VXNZUUAINFGPBY-UHFFFAOYSA-N,CTQNGGLPUBDAKN-UHFFFAOYSA-N,1-butene,"1,2-dimethylbenzene",270.13,1.55,0.4382549309311553,calculated from henry's law constants,True,test_one,0.21211236295370334
je060395n.xml,2007,53,VXNZUUAINFGPBY-UHFFFAOYSA-N,CTQNGGLPUBDAKN-UHFFFAOYSA-N,1-butene,"1,2-dimethylbenzene",289.99,1.52,0.418710334858185,calculated from henry's law constants,True,test_one,0.19354064538892096
je060395n.xml,2007,53,VXNZUUAINFGPBY-UHFFFAOYSA-N,CTQNGGLPUBDAKN-UHFFFAOYSA-N,1-butene,"1,2-dimethylbenzene",309.84,1.51,0.412109650826833,calculated from henry's law constants,True,test_one,0.17743438237754047
je060395n.xml,2007,53,VXNZUUAINFGPBY-UHFFFAOYSA-N,CTQNGGLPUBDAKN-UHFFFAOYSA-N,1-butene,"1,2-dimethylbenzene",329.99,1.46,0.378436435720245,calculated from henry's law constants,True,test_one,0.16314577003646089
je700270d.xml,2007,9,VXNZUUAINFGPBY-UHFFFAOYSA-N,DHXVGJBLRPWPCS-UHFFFAOYSA-N,1-butene,tetrahydropyran,250.06,1.39,0.3293037471426003,Gas Stripping Method,True,test_one,-0.0679241128129646
je700270d.xml,2007,9,VXNZUUAINFGPBY-UHFFFAOYSA-N,DHXVGJBLRPWPCS-UHFFFAOYSA-N,1-butene,tetrahydropyran,270.12,1.39,0.3293037471426003,Gas Stripping Method,True,test_one,-0.053848265235393086
je700270d.xml,2007,9,VXNZUUAINFGPBY-UHFFFAOYSA-N,DHXVGJBLRPWPCS-UHFFFAOYSA-N,1-butene,tetrahydropyran,289.97,1.38,0.3220834991691132,Gas Stripping Method,True,test_one,-0.04225331156322977
je700270d.xml,2007,9,VXNZUUAINFGPBY-UHFFFAOYSA-N,DHXVGJBLRPWPCS-UHFFFAOYSA-N,1-butene,tetrahydropyran,309.98,1.38,0.3220834991691132,Gas Stripping Method,True,test_one,-0.03245157958348585
je700270d.xml,2007,9,VXNZUUAINFGPBY-UHFFFAOYSA-N,DHXVGJBLRPWPCS-UHFFFAOYSA-N,1-butene,tetrahydropyran,329.97,1.38,0.3220834991691132,Gas Stripping Method,True,test_one,-0.024197319588227725
je050343i.xml,2005,9,VXNZUUAINFGPBY-UHFFFAOYSA-N,HNVRRHSXBLFLIG-UHFFFAOYSA-N,1-butene,"3-buten-2-ol, 2-methyl-",269.95,2.65,0.9745596399981308,Chromatography,True,test_one,0.9886785468624836
je050343i.xml,2005,9,VXNZUUAINFGPBY-UHFFFAOYSA-N,HNVRRHSXBLFLIG-UHFFFAOYSA-N,1-butene,"3-buten-2-ol, 2-methyl-",289.99,2.52,0.924258901523332,Chromatography,True,test_one,0.8954845576395235
je050343i.xml,2005,9,VXNZUUAINFGPBY-UHFFFAOYSA-N,HNVRRHSXBLFLIG-UHFFFAOYSA-N,1-butene,"3-buten-2-ol, 2-methyl-",309.99,2.37,0.8628899551470398,Chromatography,True,test_one,0.8131022630894618
je050343i.xml,2005,9,VXNZUUAINFGPBY-UHFFFAOYSA-N,HNVRRHSXBLFLIG-UHFFFAOYSA-N,1-butene,"3-buten-2-ol, 2-methyl-",330.0,2.2,0.7884573603642703,Chromatography,True,test_one,0.741491487593678
je060395n.xml,2007,55,VXNZUUAINFGPBY-UHFFFAOYSA-N,IVSZLXZYQVIEFR-UHFFFAOYSA-N,1-butene,"1,3-dimethylbenzene",270.1,1.44,0.3646431135879092,calculated from henry's law constants,True,test_one,0.17799606413520266
je060395n.xml,2007,55,VXNZUUAINFGPBY-UHFFFAOYSA-N,IVSZLXZYQVIEFR-UHFFFAOYSA-N,1-butene,"1,3-dimethylbenzene",289.99,1.43,0.3576744442718159,calculated from henry's law constants,True,test_one,0.16155898394424986
je060395n.xml,2007,55,VXNZUUAINFGPBY-UHFFFAOYSA-N,IVSZLXZYQVIEFR-UHFFFAOYSA-N,1-butene,"1,3-dimethylbenzene",309.84,1.42,0.3506568716131693,calculated from henry's law constants,True,test_one,0.1473282415702061
je060395n.xml,2007,55,VXNZUUAINFGPBY-UHFFFAOYSA-N,IVSZLXZYQVIEFR-UHFFFAOYSA-N,1-butene,"1,3-dimethylbenzene",329.99,1.38,0.3220834991691132,calculated from henry's law constants,True,test_one,0.13469591197817898
je100529s.xml,2010,57,VXNZUUAINFGPBY-UHFFFAOYSA-N,IWDCLRJOBJJRNH-UHFFFAOYSA-N,1-butylene,4-methylphenol,309.99,4.66,1.5390154481375546,Gas Stripping Method,True,test_one,0.8792712480750114
je100529s.xml,2010,57,VXNZUUAINFGPBY-UHFFFAOYSA-N,IWDCLRJOBJJRNH-UHFFFAOYSA-N,1-butylene,4-methylphenol,319.99,4.55,1.5151272329628591,Gas Stripping Method,True,test_one,0.8407862466587411
je100529s.xml,2010,57,VXNZUUAINFGPBY-UHFFFAOYSA-N,IWDCLRJOBJJRNH-UHFFFAOYSA-N,1-butylene,4-methylphenol,329.99,4.4,1.4816045409242156,Gas Stripping Method,True,test_one,0.8049851093923933
je100529s.xml,2010,57,VXNZUUAINFGPBY-UHFFFAOYSA-N,IWDCLRJOBJJRNH-UHFFFAOYSA-N,1-butylene,4-methylphenol,340.02,4.26,1.449269160281279,Gas Stripping Method,True,test_one,0.7716051492724546
j.jct.2004.11.005.xml,2005,25,VXNZUUAINFGPBY-UHFFFAOYSA-N,JYVLIDXNZAXMDK-YFKPBYRVSA-N,1-butene,2-pentanol,269.99,3.03,1.1085626195212777,Other,True,test_one,0.8041059289071572
j.jct.2004.11.005.xml,2005,25,VXNZUUAINFGPBY-UHFFFAOYSA-N,JYVLIDXNZAXMDK-YFKPBYRVSA-N,1-butene,2-pentanol,290.0,2.86,1.0508216248317612,Other,True,test_one,0.7126716693971763
j.jct.2004.11.005.xml,2005,25,VXNZUUAINFGPBY-UHFFFAOYSA-N,JYVLIDXNZAXMDK-YFKPBYRVSA-N,1-butene,2-pentanol,310.0,2.69,0.9895411936137476,Other,True,test_one,0.6328459580907874
j.jct.2004.11.005.xml,2005,25,VXNZUUAINFGPBY-UHFFFAOYSA-N,JYVLIDXNZAXMDK-YFKPBYRVSA-N,1-butene,2-pentanol,330.0,2.5,0.9162907318741552,Other,True,test_one,0.564439956628663
je0342116.xml,2004,8,VXNZUUAINFGPBY-UHFFFAOYSA-N,KFZMGEQAYNKOFK-UHFFFAOYSA-N,1-butene,2-propanol,270.03,4.4,1.4816045409242156,Chromatography,True,test_one,1.3990853450774638
je0342116.xml,2004,8,VXNZUUAINFGPBY-UHFFFAOYSA-N,KFZMGEQAYNKOFK-UHFFFAOYSA-N,1-butene,2-propanol,290.0,4.3,1.4586150226995167,Chromatography,True,test_one,1.2791047307006789
je0342116.xml,2004,8,VXNZUUAINFGPBY-UHFFFAOYSA-N,KFZMGEQAYNKOFK-UHFFFAOYSA-N,1-butene,2-propanol,310.0,4.1,1.410986973710262,Chromatography,True,test_one,1.1694069551231154
je0342116.xml,2004,8,VXNZUUAINFGPBY-UHFFFAOYSA-N,KFZMGEQAYNKOFK-UHFFFAOYSA-N,1-butene,2-propanol,330.0,3.9,1.3609765531356006,Chromatography,True,test_one,1.0717595856028557
je034265f.xml,2004,9,VXNZUUAINFGPBY-UHFFFAOYSA-N,LRHPLDYGYMQRHN-UHFFFAOYSA-N,1-butene,1-butanol,250.01,3.5,1.252762968495368,Other,True,test_one,1.1866369385145197
je034265f.xml,2004,9,VXNZUUAINFGPBY-UHFFFAOYSA-N,LRHPLDYGYMQRHN-UHFFFAOYSA-N,1-butene,1-butanol,270.0,3.4,1.2237754316221157,Other,True,test_one,1.0729337314502367
je034265f.xml,2004,9,VXNZUUAINFGPBY-UHFFFAOYSA-N,LRHPLDYGYMQRHN-UHFFFAOYSA-N,1-butene,1-butanol,290.01,3.4,1.2237754316221157,Other,True,test_one,0.9677166141070229
je034265f.xml,2004,9,VXNZUUAINFGPBY-UHFFFAOYSA-N,LRHPLDYGYMQRHN-UHFFFAOYSA-N,1-butene,1-butanol,310.0,3.3,1.1939224684724346,Other,True,test_one,0.87398422377663
je034265f.xml,2004,9,VXNZUUAINFGPBY-UHFFFAOYSA-N,LRHPLDYGYMQRHN-UHFFFAOYSA-N,1-butene,1-butanol,330.0,3.2,1.1631508098056809,Other,True,test_one,0.7921234324318177
j.fluid.2006.06.024.xml,2006,0,VXNZUUAINFGPBY-UHFFFAOYSA-N,OKKJLVBELUTLKV-UHFFFAOYSA-N,1-butene,methanol,374.0,7.0,1.9459101490553128,Chromatography,True,test_one,2.392001474087323
j.fluid.2006.06.024.xml,2006,0,VXNZUUAINFGPBY-UHFFFAOYSA-N,OKKJLVBELUTLKV-UHFFFAOYSA-N,1-butene,methanol,394.8,6.1,1.8082887711792648,Chromatography,True,test_one,2.2483392277245478
j.fluid.2006.06.024.xml,2006,0,VXNZUUAINFGPBY-UHFFFAOYSA-N,OKKJLVBELUTLKV-UHFFFAOYSA-N,1-butene,methanol,412.5,5.6,1.7227665977411035,Chromatography,True,test_one,2.137588008532463
je060395n.xml,2007,59,VXNZUUAINFGPBY-UHFFFAOYSA-N,PPBRXRYQALVLMV-UHFFFAOYSA-N,1-butene,styrene,270.07,2.76,1.0152306797290584,calculated from henry's law constants,True,test_one,0.28733909341023556
je060395n.xml,2007,59,VXNZUUAINFGPBY-UHFFFAOYSA-N,PPBRXRYQALVLMV-UHFFFAOYSA-N,1-butene,styrene,309.84,2.58,0.947789398933526,calculated from henry's law constants,True,test_one,0.236118451171988
je060395n.xml,2007,59,VXNZUUAINFGPBY-UHFFFAOYSA-N,PPBRXRYQALVLMV-UHFFFAOYSA-N,1-butene,styrene,329.99,2.52,0.924258901523332,calculated from henry's law constants,True,test_one,0.21526942264111845
je100529s.xml,2010,9,VXNZUUAINFGPBY-UHFFFAOYSA-N,QWVGKYWNOKOFNN-UHFFFAOYSA-N,1-butylene,2-methylphenol,299.99,4.29,1.4562867329399256,Gas Stripping Method,True,test_one,0.9313858393614656
je100529s.xml,2010,9,VXNZUUAINFGPBY-UHFFFAOYSA-N,QWVGKYWNOKOFNN-UHFFFAOYSA-N,1-butylene,2-methylphenol,309.99,4.15,1.423108334242607,Gas Stripping Method,True,test_one,0.88461301770739
je100529s.xml,2010,9,VXNZUUAINFGPBY-UHFFFAOYSA-N,QWVGKYWNOKOFNN-UHFFFAOYSA-N,1-butylene,2-methylphenol,319.99,4.03,1.3937663759585917,Gas Stripping Method,True,test_one,0.841141137008082
je100529s.xml,2010,9,VXNZUUAINFGPBY-UHFFFAOYSA-N,QWVGKYWNOKOFNN-UHFFFAOYSA-N,1-butylene,2-methylphenol,329.99,3.87,1.3532545070416904,Gas Stripping Method,True,test_one,0.8008020849326988
je100529s.xml,2010,33,VXNZUUAINFGPBY-UHFFFAOYSA-N,RLSSMJSEOOYNOY-UHFFFAOYSA-N,1-butylene,3-methylphenol,289.98,4.86,1.5810384379124025,Gas Stripping Method,True,test_one,0.9479747057448974
je100529s.xml,2010,33,VXNZUUAINFGPBY-UHFFFAOYSA-N,RLSSMJSEOOYNOY-UHFFFAOYSA-N,1-butylene,3-methylphenol,299.98,4.75,1.55814461804655,Gas Stripping Method,True,test_one,0.9030076851846647
je100529s.xml,2010,33,VXNZUUAINFGPBY-UHFFFAOYSA-N,RLSSMJSEOOYNOY-UHFFFAOYSA-N,1-butylene,3-methylphenol,309.99,4.62,1.5303947050936475,Gas Stripping Method,True,test_one,0.8609518776456199
je100529s.xml,2010,33,VXNZUUAINFGPBY-UHFFFAOYSA-N,RLSSMJSEOOYNOY-UHFFFAOYSA-N,1-butylene,3-methylphenol,319.99,4.48,1.4996230464268938,Gas Stripping Method,True,test_one,0.8218147846527954
je100529s.xml,2010,33,VXNZUUAINFGPBY-UHFFFAOYSA-N,RLSSMJSEOOYNOY-UHFFFAOYSA-N,1-butylene,3-methylphenol,329.99,4.36,1.472472057360943,Gas Stripping Method,True,test_one,0.7854209835465131
je060395n.xml,2007,49,VXNZUUAINFGPBY-UHFFFAOYSA-N,UHOVQNZJYSORNB-UHFFFAOYSA-N,1-butene,benzene,279.99,1.76,0.5653138090500605,calculated from henry's law constants,True,test_one,0.21053483165182385
je060395n.xml,2007,49,VXNZUUAINFGPBY-UHFFFAOYSA-N,UHOVQNZJYSORNB-UHFFFAOYSA-N,1-butene,benzene,289.99,1.73,0.5481214085096876,calculated from henry's law constants,True,test_one,0.20025282785885756
je060395n.xml,2007,49,VXNZUUAINFGPBY-UHFFFAOYSA-N,UHOVQNZJYSORNB-UHFFFAOYSA-N,1-butene,benzene,309.99,1.65,0.5007752879124892,calculated from henry's law constants,True,test_one,0.18199861470550774
je060395n.xml,2007,49,VXNZUUAINFGPBY-UHFFFAOYSA-N,UHOVQNZJYSORNB-UHFFFAOYSA-N,1-butene,benzene,329.99,1.59,0.4637340162321402,calculated from henry's law constants,True,test_one,0.16633902718012852
je060395n.xml,2007,57,VXNZUUAINFGPBY-UHFFFAOYSA-N,URLKBWYHVLBVBO-UHFFFAOYSA-N,1-butene,"1,4-dimethylbenzene",289.99,1.37,0.3148107398400336,calculated from henry's law constants,True,test_both,0.1537990825966772
je060395n.xml,2007,57,VXNZUUAINFGPBY-UHFFFAOYSA-N,URLKBWYHVLBVBO-UHFFFAOYSA-N,1-butene,"1,4-dimethylbenzene",299.99,1.35,0.3001045924503381,calculated from henry's law constants,True,test_both,0.14673969630640105
je060395n.xml,2007,57,VXNZUUAINFGPBY-UHFFFAOYSA-N,URLKBWYHVLBVBO-UHFFFAOYSA-N,1-butene,"1,4-dimethylbenzene",309.85,1.36,0.3074846997479607,calculated from henry's law constants,True,test_both,0.14023931438694492
je060395n.xml,2007,57,VXNZUUAINFGPBY-UHFFFAOYSA-N,URLKBWYHVLBVBO-UHFFFAOYSA-N,1-butene,"1,4-dimethylbenzene",319.99,1.35,0.3001045924503381,calculated from henry's law constants,True,test_both,0.13398552744858558
je060395n.xml,2007,57,VXNZUUAINFGPBY-UHFFFAOYSA-N,URLKBWYHVLBVBO-UHFFFAOYSA-N,1-butene,"1,4-dimethylbenzene",329.99,1.34,0.29266961396282,calculated from henry's law constants,True,test_both,0.12820669775127772
je0502647.xml,2005,9,VXNZUUAINFGPBY-UHFFFAOYSA-N,XXROGKLTLUQVRX-UHFFFAOYSA-N,1-butene,2-propenol,270.01,5.85,1.766441661243765,gas stripping method,True,test_one,2.019327163314739
je0502647.xml,2005,9,VXNZUUAINFGPBY-UHFFFAOYSA-N,XXROGKLTLUQVRX-UHFFFAOYSA-N,1-butene,2-propenol,289.99,5.62,1.7263316639055997,gas stripping method,True,test_one,1.875357375269127
je0502647.xml,2005,9,VXNZUUAINFGPBY-UHFFFAOYSA-N,XXROGKLTLUQVRX-UHFFFAOYSA-N,1-butene,2-propenol,309.995,5.35,1.6770965609079151,gas stripping method,True,test_one,1.7420229396030025
je0502647.xml,2005,9,VXNZUUAINFGPBY-UHFFFAOYSA-N,XXROGKLTLUQVRX-UHFFFAOYSA-N,1-butene,2-propenol,329.99,5.04,1.6174060820832772,gas stripping method,True,test_one,1.6214868083740575
je060395n.xml,2007,51,VXNZUUAINFGPBY-UHFFFAOYSA-N,YXFVVABEGXRONW-UHFFFAOYSA-N,1-butene,toluene,270.0,1.5,0.4054651081081644,calculated from henry's law constants,True,test_one,0.176305954435058
je060395n.xml,2007,51,VXNZUUAINFGPBY-UHFFFAOYSA-N,YXFVVABEGXRONW-UHFFFAOYSA-N,1-butene,toluene,289.98,1.47,0.3852624007906449,calculated from henry's law constants,True,test_one,0.1601850597292048
je060395n.xml,2007,51,VXNZUUAINFGPBY-UHFFFAOYSA-N,YXFVVABEGXRONW-UHFFFAOYSA-N,1-butene,toluene,309.94,1.44,0.3646431135879092,calculated from henry's law constants,True,test_one,0.14632924053087426
je060395n.xml,2007,51,VXNZUUAINFGPBY-UHFFFAOYSA-N,YXFVVABEGXRONW-UHFFFAOYSA-N,1-butene,toluene,329.99,1.42,0.3506568716131693,calculated from henry's law constants,True,test_one,0.13426022609389465
je1005517.xml,2011,33,VZGDMQKNWNREIO-UHFFFAOYSA-N,BTFJIXJJCSYFAL-UHFFFAOYSA-N,carbon tetrachloride,1-eicosanol,338.15,0.0862,-2.451085101312489,GC,True,test_one,0.39054278751644644
je1005517.xml,2011,33,VZGDMQKNWNREIO-UHFFFAOYSA-N,BTFJIXJJCSYFAL-UHFFFAOYSA-N,carbon tetrachloride,1-eicosanol,343.15,0.081,-2.513306124309698,GC,True,test_one,0.37632309684814547
je1005517.xml,2011,33,VZGDMQKNWNREIO-UHFFFAOYSA-N,BTFJIXJJCSYFAL-UHFFFAOYSA-N,carbon tetrachloride,1-eicosanol,348.15,0.076,-2.577021938695806,GC,True,test_one,0.3625373673257362
je1005517.xml,2011,33,VZGDMQKNWNREIO-UHFFFAOYSA-N,BTFJIXJJCSYFAL-UHFFFAOYSA-N,carbon tetrachloride,1-eicosanol,353.15,0.0714,-2.639457409636598,GC,True,test_one,0.3491655886101631
je1005517.xml,2011,11,VZGDMQKNWNREIO-UHFFFAOYSA-N,GLDOVTGHNKAZLK-UHFFFAOYSA-N,carbon tetrachloride,1-octadecanol,333.15,0.0288,-3.547379891840237,GC,True,test_one,0.3608441604175011
je1005517.xml,2011,11,VZGDMQKNWNREIO-UHFFFAOYSA-N,GLDOVTGHNKAZLK-UHFFFAOYSA-N,carbon tetrachloride,1-octadecanol,338.15,0.0285,-3.5578511917075324,GC,True,test_one,0.3475656804460073
je1005517.xml,2011,11,VZGDMQKNWNREIO-UHFFFAOYSA-N,GLDOVTGHNKAZLK-UHFFFAOYSA-N,carbon tetrachloride,1-octadecanol,343.15,0.0283,-3.564893474332945,GC,True,test_one,0.3347115371247692
je1005517.xml,2011,11,VZGDMQKNWNREIO-UHFFFAOYSA-N,GLDOVTGHNKAZLK-UHFFFAOYSA-N,carbon tetrachloride,1-octadecanol,348.15,0.028,-3.575550768806933,GC,True,test_one,0.322261391550268
je1005517.xml,2011,11,VZGDMQKNWNREIO-UHFFFAOYSA-N,GLDOVTGHNKAZLK-UHFFFAOYSA-N,carbon tetrachloride,1-octadecanol,353.15,0.0278,-3.582719258285546,GC,True,test_one,0.31019608660808373
je200628n.xml,2011,18,VZGDMQKNWNREIO-UHFFFAOYSA-N,PWGJDPKCLMLPJW-UHFFFAOYSA-N,carbon tetrachloride,"1,8-diaminooctane",328.15,2.065,0.7251302264129961,Chromatography,True,test_one,0.30610548178968605
je200628n.xml,2011,18,VZGDMQKNWNREIO-UHFFFAOYSA-N,PWGJDPKCLMLPJW-UHFFFAOYSA-N,carbon tetrachloride,"1,8-diaminooctane",338.15,1.662,0.5080216964332565,Chromatography,True,test_one,0.3034308931617518
je200628n.xml,2011,18,VZGDMQKNWNREIO-UHFFFAOYSA-N,PWGJDPKCLMLPJW-UHFFFAOYSA-N,carbon tetrachloride,"1,8-diaminooctane",343.15,1.509,0.4114471797857117,Chromatography,True,test_one,0.3019889277536171
je200628n.xml,2011,18,VZGDMQKNWNREIO-UHFFFAOYSA-N,PWGJDPKCLMLPJW-UHFFFAOYSA-N,carbon tetrachloride,"1,8-diaminooctane",348.15,1.374,0.3177261938001576,Chromatography,True,test_one,0.30048291276257916
j.fluid.2016.10.009.xml,2017,11,WEVYAHXRMPXWCK-UHFFFAOYSA-N,JUJWROOIHBZHMG-UHFFFAOYSA-N,acetonitrile,pyridine,298.15,1.46,0.378436435720245,Other,True,train,0.6661393228583229
j.fluid.2008.09.011.xml,2009,0,WEVYAHXRMPXWCK-UHFFFAOYSA-N,XLYOFNOQVPJJNP-UHFFFAOYSA-N,acetonitrile,water,298.15,12.04,2.488234439880675,inert gas stripping,True,train,2.847758144581508
j.fluid.2008.09.011.xml,2009,0,WEVYAHXRMPXWCK-UHFFFAOYSA-N,XLYOFNOQVPJJNP-UHFFFAOYSA-N,acetonitrile,water,298.15,11.81,2.468946630209271,inert gas stripping,True,train,2.847758144581508
j.fluid.2008.09.011.xml,2009,2,WEVYAHXRMPXWCK-UHFFFAOYSA-N,XMGQYMWWDOXHJM-JTQLQIEISA-N,acetonitrile,(R)-(+)-limonene,298.15,22.18,3.099190981922221,inert gas stripping,True,train,2.5604258415976173
j.tca.2015.11.010.xml,2016,12,WJTCGQSWYFHTAC-UHFFFAOYSA-N,ATHHXGZTWNVVOU-UHFFFAOYSA-N,cyclooctane,N-methylformamide,298.15,42.3,3.744787086052232,Other,True,train,4.560090001328673
j.jct.2010.04.011.xml,2010,12,WJTCGQSWYFHTAC-UHFFFAOYSA-N,DCAYPVUWAIABOU-UHFFFAOYSA-N,cyclooctane,cetane,298.0,0.96,-0.0408219945202551,Chromatography,True,train,0.17359373162637648
j.jct.2010.04.011.xml,2010,11,WJTCGQSWYFHTAC-UHFFFAOYSA-N,IAZDPXIOMUYVGZ-UHFFFAOYSA-N,cyclooctane,dimethyl sulfoxide,298.0,63.3,4.147885329150131,Chromatography,True,test_one,2.372588180885803
j.jct.2013.05.011.xml,2013,19,WJTCGQSWYFHTAC-UHFFFAOYSA-N,MTHSVFCYNBDYFN-UHFFFAOYSA-N,cyclooctane,diethylene glycol,333.2,70.67,4.258021154702763,Chromatography,True,test_one,5.160592697419554
j.jct.2013.05.011.xml,2013,19,WJTCGQSWYFHTAC-UHFFFAOYSA-N,MTHSVFCYNBDYFN-UHFFFAOYSA-N,cyclooctane,diethylene glycol,348.2,61.34,4.116432158686106,Chromatography,True,test_one,4.9637079663499835
j.jct.2013.05.011.xml,2013,19,WJTCGQSWYFHTAC-UHFFFAOYSA-N,MTHSVFCYNBDYFN-UHFFFAOYSA-N,cyclooctane,diethylene glycol,363.2,52.21,3.955274047422461,Chromatography,True,test_one,4.77868171286794
j.jct.2013.02.006.xml,2013,40,WJTCGQSWYFHTAC-UHFFFAOYSA-N,SECXISVLQFMRJM-UHFFFAOYSA-N,cyclooctane,1-methylpyrrolidone,333.2,8.23,2.1077860146889784,Chromatography,True,train,0.9714047483553525
j.jct.2013.02.006.xml,2013,40,WJTCGQSWYFHTAC-UHFFFAOYSA-N,SECXISVLQFMRJM-UHFFFAOYSA-N,cyclooctane,1-methylpyrrolidone,348.2,7.62,2.030776369698555,Chromatography,True,train,0.9741596436031187
j.jct.2013.02.006.xml,2013,40,WJTCGQSWYFHTAC-UHFFFAOYSA-N,SECXISVLQFMRJM-UHFFFAOYSA-N,cyclooctane,1-methylpyrrolidone,363.2,6.06,1.801709800081223,Chromatography,True,train,0.9731930992269494
j.jct.2014.06.006.xml,2014,21,WJTCGQSWYFHTAC-UHFFFAOYSA-N,XNWFRZJHXBZDAG-UHFFFAOYSA-N,cyclooctane,methyl cellosolve,298.0,20.1,3.0007198150650303,Chromatography,True,train,3.8306017667547336
j.jct.2013.05.011.xml,2013,42,WJTCGQSWYFHTAC-UHFFFAOYSA-N,ZIBGPFATKBEMQZ-UHFFFAOYSA-N,cyclooctane,triethylene glycol,333.2,35.31,3.564166209940295,Chromatography,True,train,3.7397231145823704
j.jct.2013.05.011.xml,2013,42,WJTCGQSWYFHTAC-UHFFFAOYSA-N,ZIBGPFATKBEMQZ-UHFFFAOYSA-N,cyclooctane,triethylene glycol,348.2,27.17,3.3021134234382563,Chromatography,True,train,3.5856471477408696
j.jct.2013.05.011.xml,2013,42,WJTCGQSWYFHTAC-UHFFFAOYSA-N,ZIBGPFATKBEMQZ-UHFFFAOYSA-N,cyclooctane,triethylene glycol,363.2,23.89,3.173459961337718,Chromatography,True,train,3.4418107583563957
j.fluid.2007.08.013.xml,2007,15,WNXJIVFYUVYPPR-UHFFFAOYSA-N,XLYOFNOQVPJJNP-UHFFFAOYSA-N,"1,3-dioxolane",water,273.35,8.13,2.0955609235597192,relative headspace analysis,True,test_one,7.3968053636255755
j.fluid.2007.08.013.xml,2007,15,WNXJIVFYUVYPPR-UHFFFAOYSA-N,XLYOFNOQVPJJNP-UHFFFAOYSA-N,"1,3-dioxolane",water,278.15,8.48,2.137710449803812,relative headspace analysis,True,test_one,7.34365175241959
j.fluid.2007.08.013.xml,2007,15,WNXJIVFYUVYPPR-UHFFFAOYSA-N,XLYOFNOQVPJJNP-UHFFFAOYSA-N,"1,3-dioxolane",water,288.15,9.12,2.21046980408624,relative headspace analysis,True,test_one,7.22468598008393
j.fluid.2007.08.013.xml,2007,15,WNXJIVFYUVYPPR-UHFFFAOYSA-N,XLYOFNOQVPJJNP-UHFFFAOYSA-N,"1,3-dioxolane",water,298.15,9.71,2.2731562823032334,relative headspace analysis,True,test_one,7.097211828624397
j.fluid.2007.08.013.xml,2007,15,WNXJIVFYUVYPPR-UHFFFAOYSA-N,XLYOFNOQVPJJNP-UHFFFAOYSA-N,"1,3-dioxolane",water,308.15,10.2,2.322387720290225,relative headspace analysis,True,test_one,6.9638966847347135
j.fluid.2007.08.013.xml,2007,14,WNXJIVFYUVYPPR-UHFFFAOYSA-N,XLYOFNOQVPJJNP-UHFFFAOYSA-N,"1,3-dioxolane",water,318.15,10.6,2.360854001118021,Chromatography,True,test_one,6.826920728270745
j.fluid.2007.08.013.xml,2007,14,WNXJIVFYUVYPPR-UHFFFAOYSA-N,XLYOFNOQVPJJNP-UHFFFAOYSA-N,"1,3-dioxolane",water,328.15,10.9,2.388762789235098,Chromatography,True,test_one,6.688052387353604
j.fluid.2007.08.013.xml,2007,13,WNXJIVFYUVYPPR-UHFFFAOYSA-N,XLYOFNOQVPJJNP-UHFFFAOYSA-N,"1,3-dioxolane",water,338.15,11.0,2.3978952727983707,non steady state GLC,True,test_one,6.5487127654275765
j.fluid.2007.08.013.xml,2007,13,WNXJIVFYUVYPPR-UHFFFAOYSA-N,XLYOFNOQVPJJNP-UHFFFAOYSA-N,"1,3-dioxolane",water,338.15,11.4,2.4336133554004498,non steady state GLC,True,test_one,6.5487127654275765
j.fluid.2007.08.013.xml,2007,12,WNXJIVFYUVYPPR-UHFFFAOYSA-N,XLYOFNOQVPJJNP-UHFFFAOYSA-N,"1,3-dioxolane",water,348.15,11.3,2.424802725718295,Rayleigh distillation,True,test_one,6.410030948860769
j.fluid.2007.08.013.xml,2007,11,WNXJIVFYUVYPPR-UHFFFAOYSA-N,XLYOFNOQVPJJNP-UHFFFAOYSA-N,"1,3-dioxolane",water,372.55,11.2,2.4159137783010487,circulation still,True,test_one,6.079454583589715
je050171p.xml,2005,1,WRMNZCZEMHIOCP-UHFFFAOYSA-N,XLYOFNOQVPJJNP-UHFFFAOYSA-N,2-phenylethanol,water,373.15,167.0,5.117993812416755,Differential ebulliometry,True,train,10.88983172487266
j.jct.2012.12.009.xml,2013,72,WSLDOOZREJYCGB-UHFFFAOYSA-N,DTOSIQBPPRVQHS-PDBXOOCHSA-N,"1,2-dichloroethane","9,12,15-octadecatrienoic acid",303.13,1.053,0.0516432331518383,Chromatography,True,train,
j.jct.2012.12.009.xml,2013,72,WSLDOOZREJYCGB-UHFFFAOYSA-N,DTOSIQBPPRVQHS-PDBXOOCHSA-N,"1,2-dichloroethane","9,12,15-octadecatrienoic acid",313.24,1.035,0.0344014267173323,Chromatography,True,train,
j.jct.2012.12.009.xml,2013,72,WSLDOOZREJYCGB-UHFFFAOYSA-N,DTOSIQBPPRVQHS-PDBXOOCHSA-N,"1,2-dichloroethane","9,12,15-octadecatrienoic acid",313.25,1.02,0.0198026272961797,Chromatography,True,train,
j.jct.2012.12.009.xml,2013,72,WSLDOOZREJYCGB-UHFFFAOYSA-N,DTOSIQBPPRVQHS-PDBXOOCHSA-N,"1,2-dichloroethane","9,12,15-octadecatrienoic acid",323.26,0.996,-0.0040080213975388,Chromatography,True,train,
j.jct.2012.12.009.xml,2013,56,WSLDOOZREJYCGB-UHFFFAOYSA-N,OYHQOLUKZRVURQ-HZJYTTRNSA-N,"1,2-dichloroethane",linoleic acid,338.28,1.048,0.0468835858988504,Chromatography,True,train,0.6882281264294017
j.jct.2012.12.009.xml,2013,56,WSLDOOZREJYCGB-UHFFFAOYSA-N,OYHQOLUKZRVURQ-HZJYTTRNSA-N,"1,2-dichloroethane",linoleic acid,338.28,1.057,0.0554347068881005,Chromatography,True,train,0.6882281264294017
j.jct.2012.12.009.xml,2013,56,WSLDOOZREJYCGB-UHFFFAOYSA-N,OYHQOLUKZRVURQ-HZJYTTRNSA-N,"1,2-dichloroethane",linoleic acid,348.31,1.055,0.0535407669280297,Chromatography,True,train,0.646659100940487
j.jct.2012.12.009.xml,2013,56,WSLDOOZREJYCGB-UHFFFAOYSA-N,OYHQOLUKZRVURQ-HZJYTTRNSA-N,"1,2-dichloroethane",linoleic acid,348.28,1.082,0.0788111804242898,Chromatography,True,train,0.6467795201893527
j.jct.2012.12.009.xml,2013,56,WSLDOOZREJYCGB-UHFFFAOYSA-N,OYHQOLUKZRVURQ-HZJYTTRNSA-N,"1,2-dichloroethane",linoleic acid,358.3,1.112,0.1061601958283907,Chromatography,True,train,0.6077922453003497
j.jct.2012.12.009.xml,2013,16,WSLDOOZREJYCGB-UHFFFAOYSA-N,QIQXTHQIDYTFRH-UHFFFAOYSA-N,"1,2-dichloroethane",n-octadecanoic acid,349.47,1.157,0.1458304482115395,Chromatography,True,train,0.7758645254014016
j.jct.2012.12.009.xml,2013,16,WSLDOOZREJYCGB-UHFFFAOYSA-N,QIQXTHQIDYTFRH-UHFFFAOYSA-N,"1,2-dichloroethane",n-octadecanoic acid,349.48,1.142,0.1327811112338184,Chromatography,True,train,0.7758158331908406
j.jct.2012.12.009.xml,2013,16,WSLDOOZREJYCGB-UHFFFAOYSA-N,QIQXTHQIDYTFRH-UHFFFAOYSA-N,"1,2-dichloroethane",n-octadecanoic acid,358.39,1.102,0.0971267107307228,Chromatography,True,train,0.7336157405055351
j.jct.2012.12.009.xml,2013,16,WSLDOOZREJYCGB-UHFFFAOYSA-N,QIQXTHQIDYTFRH-UHFFFAOYSA-N,"1,2-dichloroethane",n-octadecanoic acid,358.4,1.121,0.1142211440900228,Chromatography,True,train,0.7335696756088349
j.jct.2012.12.009.xml,2013,16,WSLDOOZREJYCGB-UHFFFAOYSA-N,QIQXTHQIDYTFRH-UHFFFAOYSA-N,"1,2-dichloroethane",n-octadecanoic acid,368.19,1.096,0.0916671885258238,Chromatography,True,train,0.6897993975784732
j.jct.2012.12.009.xml,2013,16,WSLDOOZREJYCGB-UHFFFAOYSA-N,QIQXTHQIDYTFRH-UHFFFAOYSA-N,"1,2-dichloroethane",n-octadecanoic acid,368.13,1.062,0.0601539228197471,Chromatography,True,train,0.6900597842357096
je1005517.xml,2011,35,WYURNTSHIVDZCO-UHFFFAOYSA-N,BTFJIXJJCSYFAL-UHFFFAOYSA-N,tetramethylene oxide,1-eicosanol,338.15,0.0581,-2.8455896151242714,GC,True,train,0.5439735323698667
je1005517.xml,2011,35,WYURNTSHIVDZCO-UHFFFAOYSA-N,BTFJIXJJCSYFAL-UHFFFAOYSA-N,tetramethylene oxide,1-eicosanol,343.15,0.0543,-2.913231052042247,GC,True,train,0.5282761963015221
je1005517.xml,2011,35,WYURNTSHIVDZCO-UHFFFAOYSA-N,BTFJIXJJCSYFAL-UHFFFAOYSA-N,tetramethylene oxide,1-eicosanol,348.15,0.0506,-2.9838037026887174,GC,True,train,0.5130442642151312
je1005517.xml,2011,35,WYURNTSHIVDZCO-UHFFFAOYSA-N,BTFJIXJJCSYFAL-UHFFFAOYSA-N,tetramethylene oxide,1-eicosanol,353.15,0.0471,-3.055482277959765,GC,True,train,0.498253633730863
je1005517.xml,2011,13,WYURNTSHIVDZCO-UHFFFAOYSA-N,GLDOVTGHNKAZLK-UHFFFAOYSA-N,tetramethylene oxide,1-octadecanol,333.15,0.0204,-3.892220378131966,GC,True,train,0.47525270222843735
je1005517.xml,2011,13,WYURNTSHIVDZCO-UHFFFAOYSA-N,GLDOVTGHNKAZLK-UHFFFAOYSA-N,tetramethylene oxide,1-octadecanol,338.15,0.0188,-3.9738984091462335,GC,True,train,0.46108077718373613
je1005517.xml,2011,13,WYURNTSHIVDZCO-UHFFFAOYSA-N,GLDOVTGHNKAZLK-UHFFFAOYSA-N,tetramethylene oxide,1-octadecanol,343.15,0.0177,-4.034190639402354,GC,True,train,0.4473515052096866
je1005517.xml,2011,13,WYURNTSHIVDZCO-UHFFFAOYSA-N,GLDOVTGHNKAZLK-UHFFFAOYSA-N,tetramethylene oxide,1-octadecanol,348.15,0.0166,-4.098352583619639,GC,True,train,0.43404094727319864
je1005517.xml,2011,13,WYURNTSHIVDZCO-UHFFFAOYSA-N,GLDOVTGHNKAZLK-UHFFFAOYSA-N,tetramethylene oxide,1-octadecanol,353.15,0.0156,-4.160484364726646,GC,True,train,0.4211267656591575
j.fluid.2016.10.009.xml,2017,16,WYURNTSHIVDZCO-UHFFFAOYSA-N,JUJWROOIHBZHMG-UHFFFAOYSA-N,tetrahydrofuran,pyridine,298.15,0.93,-0.0725706928348353,Other,True,train,-0.01661950728865676
j.fluid.2007.08.013.xml,2007,1,WYURNTSHIVDZCO-UHFFFAOYSA-N,XLYOFNOQVPJJNP-UHFFFAOYSA-N,tetrahydrofuran,water,273.35,9.74,2.276241117654444,classical headspace analysis,True,train,11.361628003722268
j.fluid.2007.08.013.xml,2007,1,WYURNTSHIVDZCO-UHFFFAOYSA-N,XLYOFNOQVPJJNP-UHFFFAOYSA-N,tetrahydrofuran,water,278.15,11.1,2.4069451083182885,classical headspace analysis,True,train,11.265379300460284
j.fluid.2007.08.013.xml,2007,2,WYURNTSHIVDZCO-UHFFFAOYSA-N,XLYOFNOQVPJJNP-UHFFFAOYSA-N,tetrahydrofuran,water,288.15,14.3,2.660259537265861,Chromatography,True,train,11.060000312435907
j.fluid.2007.08.013.xml,2007,2,WYURNTSHIVDZCO-UHFFFAOYSA-N,XLYOFNOQVPJJNP-UHFFFAOYSA-N,tetrahydrofuran,water,298.15,17.6,2.8678989020441064,Chromatography,True,train,10.850157140189532
j.fluid.2007.08.013.xml,2007,2,WYURNTSHIVDZCO-UHFFFAOYSA-N,XLYOFNOQVPJJNP-UHFFFAOYSA-N,tetrahydrofuran,water,308.15,20.6,3.025291075795536,Chromatography,True,train,10.638018353830285
j.fluid.2007.08.013.xml,2007,2,WYURNTSHIVDZCO-UHFFFAOYSA-N,XLYOFNOQVPJJNP-UHFFFAOYSA-N,tetrahydrofuran,water,318.15,24.0,3.1780538303479458,Chromatography,True,train,10.425368135891654
j.fluid.2007.08.013.xml,2007,3,WYURNTSHIVDZCO-UHFFFAOYSA-N,XLYOFNOQVPJJNP-UHFFFAOYSA-N,tetrahydrofuran,water,328.15,26.8,3.288401887516811,non steady state GLC,True,train,10.213656682150528
j.fluid.2007.08.013.xml,2007,3,WYURNTSHIVDZCO-UHFFFAOYSA-N,XLYOFNOQVPJJNP-UHFFFAOYSA-N,tetrahydrofuran,water,328.15,28.1,3.3357695763397,non steady state GLC,True,train,10.213656682150528
je1005517.xml,2011,41,XDTMQSROBMDMFD-UHFFFAOYSA-N,BTFJIXJJCSYFAL-UHFFFAOYSA-N,cyclohexane,1-eicosanol,338.15,0.108,-2.2256240518579173,GC,True,train,0.5898009058053376
je1005517.xml,2011,41,XDTMQSROBMDMFD-UHFFFAOYSA-N,BTFJIXJJCSYFAL-UHFFFAOYSA-N,cyclohexane,1-eicosanol,343.15,0.1022,-2.280823601212533,GC,True,train,0.5711252128374971
je1005517.xml,2011,41,XDTMQSROBMDMFD-UHFFFAOYSA-N,BTFJIXJJCSYFAL-UHFFFAOYSA-N,cyclohexane,1-eicosanol,348.15,0.0969,-2.3340757600854163,GC,True,train,0.5530481606612314
je1005517.xml,2011,41,XDTMQSROBMDMFD-UHFFFAOYSA-N,BTFJIXJJCSYFAL-UHFFFAOYSA-N,cyclohexane,1-eicosanol,353.15,0.0918,-2.388142981355692,GC,True,train,0.5355405821600516
je020195l.xml,2003,4,XDTMQSROBMDMFD-UHFFFAOYSA-N,DHKHKXVYLBGOIT-UHFFFAOYSA-N,cyclohexane,"1,1-diethoxyethane",293.08,1.76,0.5653138090500605,Other,True,test_one,0.4318604770252928
je020195l.xml,2003,4,XDTMQSROBMDMFD-UHFFFAOYSA-N,DHKHKXVYLBGOIT-UHFFFAOYSA-N,cyclohexane,"1,1-diethoxyethane",303.18,1.72,0.5423242908253617,Other,True,test_one,0.416821387808101
je020195l.xml,2003,4,XDTMQSROBMDMFD-UHFFFAOYSA-N,DHKHKXVYLBGOIT-UHFFFAOYSA-N,cyclohexane,"1,1-diethoxyethane",313.12,1.67,0.5128236264286637,Other,True,test_one,0.4026489991895116
je020195l.xml,2003,4,XDTMQSROBMDMFD-UHFFFAOYSA-N,DHKHKXVYLBGOIT-UHFFFAOYSA-N,cyclohexane,"1,1-diethoxyethane",323.14,1.64,0.494696241836107,Other,True,test_one,0.38896797447090625
j.jct.2012.12.009.xml,2013,66,XDTMQSROBMDMFD-UHFFFAOYSA-N,DTOSIQBPPRVQHS-PDBXOOCHSA-N,cyclohexane,"9,12,15-octadecatrienoic acid",303.13,2.356,0.8569652657893402,Chromatography,True,train,
j.jct.2012.12.009.xml,2013,66,XDTMQSROBMDMFD-UHFFFAOYSA-N,DTOSIQBPPRVQHS-PDBXOOCHSA-N,cyclohexane,"9,12,15-octadecatrienoic acid",313.24,1.913,0.6486726904581158,Chromatography,True,train,
j.jct.2012.12.009.xml,2013,66,XDTMQSROBMDMFD-UHFFFAOYSA-N,DTOSIQBPPRVQHS-PDBXOOCHSA-N,cyclohexane,"9,12,15-octadecatrienoic acid",313.25,1.88,0.6312717768418578,Chromatography,True,train,
j.jct.2012.12.009.xml,2013,66,XDTMQSROBMDMFD-UHFFFAOYSA-N,DTOSIQBPPRVQHS-PDBXOOCHSA-N,cyclohexane,"9,12,15-octadecatrienoic acid",323.26,2.041,0.7134398838277077,Chromatography,True,train,
j.jct.2012.06.009.xml,2012,5,XDTMQSROBMDMFD-UHFFFAOYSA-N,GHVNFZFCNZKVNT-UHFFFAOYSA-N,cyclohexane,capric acid,314.1,1.436,0.3618614706260324,Chromatography,True,train,0.8420082486908145
j.jct.2012.06.009.xml,2012,5,XDTMQSROBMDMFD-UHFFFAOYSA-N,GHVNFZFCNZKVNT-UHFFFAOYSA-N,cyclohexane,capric acid,314.24,1.461,0.3791211327685624,Chromatography,True,train,0.8414009647770884
j.jct.2012.06.009.xml,2012,5,XDTMQSROBMDMFD-UHFFFAOYSA-N,GHVNFZFCNZKVNT-UHFFFAOYSA-N,cyclohexane,capric acid,333.26,1.386,0.3264219007677114,Chromatography,True,train,0.764406013375409
j.jct.2012.06.009.xml,2012,5,XDTMQSROBMDMFD-UHFFFAOYSA-N,GHVNFZFCNZKVNT-UHFFFAOYSA-N,cyclohexane,capric acid,333.38,1.391,0.3300229129413058,Chromatography,True,train,0.7639529878693804
j.jct.2012.06.009.xml,2012,5,XDTMQSROBMDMFD-UHFFFAOYSA-N,GHVNFZFCNZKVNT-UHFFFAOYSA-N,cyclohexane,capric acid,353.25,1.352,0.3015849776207724,Chromatography,True,train,0.6939440209156167
j.jct.2012.06.009.xml,2012,5,XDTMQSROBMDMFD-UHFFFAOYSA-N,GHVNFZFCNZKVNT-UHFFFAOYSA-N,cyclohexane,capric acid,353.3,1.309,0.2692634869277628,Chromatography,True,train,0.6937796103803611
je1005517.xml,2011,19,XDTMQSROBMDMFD-UHFFFAOYSA-N,GLDOVTGHNKAZLK-UHFFFAOYSA-N,cyclohexane,1-octadecanol,333.15,0.0365,-3.310443018393692,GC,True,train,0.571413266426407
je1005517.xml,2011,19,XDTMQSROBMDMFD-UHFFFAOYSA-N,GLDOVTGHNKAZLK-UHFFFAOYSA-N,cyclohexane,1-octadecanol,338.15,0.0337,-3.390257441623821,GC,True,train,0.553350075184083
je1005517.xml,2011,19,XDTMQSROBMDMFD-UHFFFAOYSA-N,GLDOVTGHNKAZLK-UHFFFAOYSA-N,cyclohexane,1-octadecanol,343.15,0.0315,-3.4577677331505496,GC,True,train,0.5358897432848617
je1005517.xml,2011,19,XDTMQSROBMDMFD-UHFFFAOYSA-N,GLDOVTGHNKAZLK-UHFFFAOYSA-N,cyclohexane,1-octadecanol,348.15,0.0294,-3.5267606046375013,GC,True,train,0.5190019284722015
je1005517.xml,2011,19,XDTMQSROBMDMFD-UHFFFAOYSA-N,GLDOVTGHNKAZLK-UHFFFAOYSA-N,cyclohexane,1-octadecanol,353.15,0.0274,-3.5972122655881127,GC,True,train,0.5026582336341685
j.jct.2012.01.016.xml,2012,4,XDTMQSROBMDMFD-UHFFFAOYSA-N,HYBBIBNJHNGZAN-UHFFFAOYSA-N,cyclohexane,2-furaldehyde,298.15,15.7,2.7536607123542622,Headspace solid phase microextraction,True,test_one,3.3037200638708573
j.jct.2012.01.016.xml,2012,4,XDTMQSROBMDMFD-UHFFFAOYSA-N,HYBBIBNJHNGZAN-UHFFFAOYSA-N,cyclohexane,2-furaldehyde,298.15,15.5,2.740840023925201,Headspace solid phase microextraction,True,test_one,3.3037200638708573
j.jct.2012.01.016.xml,2012,4,XDTMQSROBMDMFD-UHFFFAOYSA-N,HYBBIBNJHNGZAN-UHFFFAOYSA-N,cyclohexane,2-furaldehyde,308.15,13.5,2.602689685444384,Headspace solid phase microextraction,True,test_one,3.220359136237159
j.jct.2012.01.016.xml,2012,4,XDTMQSROBMDMFD-UHFFFAOYSA-N,HYBBIBNJHNGZAN-UHFFFAOYSA-N,cyclohexane,2-furaldehyde,308.15,12.9,2.5572273113676265,Headspace solid phase microextraction,True,test_one,3.220359136237159
j.jct.2012.01.016.xml,2012,4,XDTMQSROBMDMFD-UHFFFAOYSA-N,HYBBIBNJHNGZAN-UHFFFAOYSA-N,cyclohexane,2-furaldehyde,318.15,12.0,2.4849066497880004,Headspace solid phase microextraction,True,test_one,3.1394019121674295
j.jct.2012.01.016.xml,2012,4,XDTMQSROBMDMFD-UHFFFAOYSA-N,HYBBIBNJHNGZAN-UHFFFAOYSA-N,cyclohexane,2-furaldehyde,318.15,10.9,2.388762789235098,Headspace solid phase microextraction,True,test_one,3.1394019121674295
je030122h.xml,2003,37,XDTMQSROBMDMFD-UHFFFAOYSA-N,IAZDPXIOMUYVGZ-UHFFFAOYSA-N,cyclohexane,methyl sulfoxide,298.15,43.1,3.763522997109702,Chromatography,True,test_one,1.8005882965448643
j.jct.2012.06.009.xml,2012,69,XDTMQSROBMDMFD-UHFFFAOYSA-N,IPCSVZSSVZVIGE-UHFFFAOYSA-N,cyclohexane,hexadecanoic acid,340.19,1.031,0.0305292050348227,Chromatography,True,train,0.7659465374481548
j.jct.2012.06.009.xml,2012,69,XDTMQSROBMDMFD-UHFFFAOYSA-N,IPCSVZSSVZVIGE-UHFFFAOYSA-N,cyclohexane,hexadecanoic acid,348.01,1.022,0.0217614917815127,Chromatography,True,train,0.7353887107149611
j.jct.2012.06.009.xml,2012,69,XDTMQSROBMDMFD-UHFFFAOYSA-N,IPCSVZSSVZVIGE-UHFFFAOYSA-N,cyclohexane,hexadecanoic acid,358.22,1.011,0.0109399400383342,Chromatography,True,train,0.6976504297870976
j.jct.2016.10.013.xml,2017,15,XDTMQSROBMDMFD-UHFFFAOYSA-N,LYCAIKOWRPUZTN-UHFFFAOYSA-N,cyclohexane,ethylene glycol,303.15,270.0,5.598421958998375,Other,True,train,7.033737869398834
j.jct.2016.10.013.xml,2017,15,XDTMQSROBMDMFD-UHFFFAOYSA-N,LYCAIKOWRPUZTN-UHFFFAOYSA-N,cyclohexane,ethylene glycol,313.15,238.0,5.472270673671475,Other,True,train,6.865986377218546
j.jct.2016.10.013.xml,2017,15,XDTMQSROBMDMFD-UHFFFAOYSA-N,LYCAIKOWRPUZTN-UHFFFAOYSA-N,cyclohexane,ethylene glycol,323.15,212.0,5.356586274672012,Other,True,train,6.701282882934461
j.jct.2016.10.013.xml,2017,26,XDTMQSROBMDMFD-UHFFFAOYSA-N,MTHSVFCYNBDYFN-UHFFFAOYSA-N,cyclohexane,diethylene glycol,304.15,50.6,3.92395157629342,Other,True,test_one,4.351303018160808
j.jct.2016.10.013.xml,2017,26,XDTMQSROBMDMFD-UHFFFAOYSA-N,MTHSVFCYNBDYFN-UHFFFAOYSA-N,cyclohexane,diethylene glycol,313.15,46.7,3.843744164674852,Other,True,test_one,4.250113390838304
j.jct.2016.10.013.xml,2017,26,XDTMQSROBMDMFD-UHFFFAOYSA-N,MTHSVFCYNBDYFN-UHFFFAOYSA-N,cyclohexane,diethylene glycol,323.15,43.5,3.7727609380946383,Other,True,test_one,4.14070464756444
j.jct.2013.05.011.xml,2013,17,XDTMQSROBMDMFD-UHFFFAOYSA-N,MTHSVFCYNBDYFN-UHFFFAOYSA-N,cyclohexane,diethylene glycol,333.2,42.74,3.755135249891002,Chromatography,True,test_one,4.034340708180132
j.jct.2013.05.011.xml,2013,17,XDTMQSROBMDMFD-UHFFFAOYSA-N,MTHSVFCYNBDYFN-UHFFFAOYSA-N,cyclohexane,diethylene glycol,348.2,39.19,3.66842161221154,Chromatography,True,test_one,3.8827585462957486
j.jct.2013.05.011.xml,2013,17,XDTMQSROBMDMFD-UHFFFAOYSA-N,MTHSVFCYNBDYFN-UHFFFAOYSA-N,cyclohexane,diethylene glycol,363.2,34.88,3.551913599040779,Chromatography,True,test_one,3.7399587039568414
j.jct.2012.12.009.xml,2013,46,XDTMQSROBMDMFD-UHFFFAOYSA-N,OYHQOLUKZRVURQ-HZJYTTRNSA-N,cyclohexane,linoleic acid,338.28,1.493,0.4007875185570534,Chromatography,True,train,0.7503639717172186
j.jct.2012.12.009.xml,2013,46,XDTMQSROBMDMFD-UHFFFAOYSA-N,OYHQOLUKZRVURQ-HZJYTTRNSA-N,cyclohexane,linoleic acid,338.28,1.486,0.3960879462955674,Chromatography,True,train,0.7503639717172186
j.jct.2012.12.009.xml,2013,46,XDTMQSROBMDMFD-UHFFFAOYSA-N,OYHQOLUKZRVURQ-HZJYTTRNSA-N,cyclohexane,linoleic acid,348.31,1.709,0.5359084041334539,Chromatography,True,train,0.709358298724366
j.jct.2012.12.009.xml,2013,46,XDTMQSROBMDMFD-UHFFFAOYSA-N,OYHQOLUKZRVURQ-HZJYTTRNSA-N,cyclohexane,linoleic acid,348.28,1.704,0.532978428407124,Chromatography,True,train,0.7094770263868486
j.jct.2012.12.009.xml,2013,46,XDTMQSROBMDMFD-UHFFFAOYSA-N,OYHQOLUKZRVURQ-HZJYTTRNSA-N,cyclohexane,linoleic acid,358.3,2.026,0.7060634058264915,Chromatography,True,train,0.6710474586812869
je900686n.xml,2010,5,XDTMQSROBMDMFD-UHFFFAOYSA-N,PEDCQBHIVMGVHV-UHFFFAOYSA-N,cyclohexane,glycerol,303.15,231.9,5.446306244261486,Chromatography,True,test_one,6.587085499782802
je900686n.xml,2010,5,XDTMQSROBMDMFD-UHFFFAOYSA-N,PEDCQBHIVMGVHV-UHFFFAOYSA-N,cyclohexane,glycerol,313.15,204.42,5.32017670090093,Chromatography,True,test_one,6.435725463819529
je900686n.xml,2010,5,XDTMQSROBMDMFD-UHFFFAOYSA-N,PEDCQBHIVMGVHV-UHFFFAOYSA-N,cyclohexane,glycerol,323.15,180.92,5.198054944609642,Chromatography,True,test_one,6.285266938079093
je900686n.xml,2010,5,XDTMQSROBMDMFD-UHFFFAOYSA-N,PEDCQBHIVMGVHV-UHFFFAOYSA-N,cyclohexane,glycerol,333.15,165.78,5.11066160816338,Chromatography,True,test_one,6.136827059977385
je900686n.xml,2010,5,XDTMQSROBMDMFD-UHFFFAOYSA-N,PEDCQBHIVMGVHV-UHFFFAOYSA-N,cyclohexane,glycerol,343.15,145.46,4.979901134726394,Chromatography,True,test_one,5.991250429541506
j.jct.2012.06.009.xml,2012,26,XDTMQSROBMDMFD-UHFFFAOYSA-N,POULHZVOKOAJMA-UHFFFAOYSA-N,cyclohexane,lauric acid,314.1,1.287,0.2523139286139895,Chromatography,True,train,0.7725374381081357
j.jct.2012.06.009.xml,2012,26,XDTMQSROBMDMFD-UHFFFAOYSA-N,POULHZVOKOAJMA-UHFFFAOYSA-N,cyclohexane,lauric acid,314.24,1.281,0.2476410229145971,Chromatography,True,train,0.7719513849764296
j.jct.2012.06.009.xml,2012,26,XDTMQSROBMDMFD-UHFFFAOYSA-N,POULHZVOKOAJMA-UHFFFAOYSA-N,cyclohexane,lauric acid,333.38,1.253,0.2255406759139311,Chromatography,True,train,0.6971963017675831
j.jct.2012.06.009.xml,2012,26,XDTMQSROBMDMFD-UHFFFAOYSA-N,POULHZVOKOAJMA-UHFFFAOYSA-N,cyclohexane,lauric acid,353.25,1.201,0.1831545430978465,Chromatography,True,train,0.6295062370729492
j.jct.2012.06.009.xml,2012,26,XDTMQSROBMDMFD-UHFFFAOYSA-N,POULHZVOKOAJMA-UHFFFAOYSA-N,cyclohexane,lauric acid,353.3,1.204,0.1856493468866292,Chromatography,True,train,0.6293470513664445
j.jct.2012.12.009.xml,2013,5,XDTMQSROBMDMFD-UHFFFAOYSA-N,QIQXTHQIDYTFRH-UHFFFAOYSA-N,cyclohexane,n-octadecanoic acid,349.47,0.985,-0.0151136378100481,Chromatography,True,train,0.7418675138006853
j.jct.2012.12.009.xml,2013,5,XDTMQSROBMDMFD-UHFFFAOYSA-N,QIQXTHQIDYTFRH-UHFFFAOYSA-N,cyclohexane,n-octadecanoic acid,358.4,0.968,-0.03252319170556,Chromatography,True,train,0.7076977460248965
j.jct.2012.12.009.xml,2013,5,XDTMQSROBMDMFD-UHFFFAOYSA-N,QIQXTHQIDYTFRH-UHFFFAOYSA-N,cyclohexane,n-octadecanoic acid,368.19,0.959,-0.0418642040986988,Chromatography,True,train,0.6722301076882898
j.jct.2013.02.006.xml,2013,38,XDTMQSROBMDMFD-UHFFFAOYSA-N,SECXISVLQFMRJM-UHFFFAOYSA-N,cyclohexane,1-methylpyrrolidone,333.2,6.32,1.843719208158766,Chromatography,True,train,0.7064161734934427
j.jct.2013.02.006.xml,2013,38,XDTMQSROBMDMFD-UHFFFAOYSA-N,SECXISVLQFMRJM-UHFFFAOYSA-N,cyclohexane,1-methylpyrrolidone,348.2,5.83,1.763017000362401,Chromatography,True,train,0.7120264904334255
j.jct.2013.02.006.xml,2013,38,XDTMQSROBMDMFD-UHFFFAOYSA-N,SECXISVLQFMRJM-UHFFFAOYSA-N,cyclohexane,1-methylpyrrolidone,363.2,5.41,1.6882490928583902,Chromatography,True,train,0.7143540597648591
j.jct.2012.06.009.xml,2012,48,XDTMQSROBMDMFD-UHFFFAOYSA-N,TUNFSRHWOTWDNC-UHFFFAOYSA-N,cyclohexane,tetradecanoic acid,314.1,1.091,0.0870947068509337,Chromatography,True,train,0.9407331387902075
j.jct.2012.06.009.xml,2012,48,XDTMQSROBMDMFD-UHFFFAOYSA-N,TUNFSRHWOTWDNC-UHFFFAOYSA-N,cyclohexane,tetradecanoic acid,314.24,1.089,0.0852598439508234,Chromatography,True,train,0.9400721741942233
j.jct.2012.06.009.xml,2012,48,XDTMQSROBMDMFD-UHFFFAOYSA-N,TUNFSRHWOTWDNC-UHFFFAOYSA-N,cyclohexane,tetradecanoic acid,333.38,1.066,0.0639133257436528,Chromatography,True,train,0.8554016488811723
j.jct.2012.06.009.xml,2012,48,XDTMQSROBMDMFD-UHFFFAOYSA-N,TUNFSRHWOTWDNC-UHFFFAOYSA-N,cyclohexane,tetradecanoic acid,353.25,1.047,0.0459289318883997,Chromatography,True,train,0.7779909303995263
j.jct.2012.06.009.xml,2012,48,XDTMQSROBMDMFD-UHFFFAOYSA-N,TUNFSRHWOTWDNC-UHFFFAOYSA-N,cyclohexane,tetradecanoic acid,353.3,1.024,0.023716526617316,Chromatography,True,train,0.7778079223587844
j.jct.2014.06.006.xml,2014,19,XDTMQSROBMDMFD-UHFFFAOYSA-N,XNWFRZJHXBZDAG-UHFFFAOYSA-N,cyclohexane,methyl cellosolve,298.0,11.4,2.4336133554004498,Chromatography,True,train,2.9323946440530424
j.jct.2013.05.011.xml,2013,40,XDTMQSROBMDMFD-UHFFFAOYSA-N,ZIBGPFATKBEMQZ-UHFFFAOYSA-N,cyclohexane,triethylene glycol,333.2,21.12,3.050220458838061,Chromatography,True,train,2.955432937136976
j.jct.2013.05.011.xml,2013,40,XDTMQSROBMDMFD-UHFFFAOYSA-N,ZIBGPFATKBEMQZ-UHFFFAOYSA-N,cyclohexane,triethylene glycol,348.2,18.64,2.925309809257445,Chromatography,True,train,2.832231135345796
j.jct.2013.05.011.xml,2013,40,XDTMQSROBMDMFD-UHFFFAOYSA-N,ZIBGPFATKBEMQZ-UHFFFAOYSA-N,cyclohexane,triethylene glycol,363.2,16.8,2.8213788864092133,Chromatography,True,train,2.7169900623781094
je1005517.xml,2011,36,XEKOWRVHYACXOJ-UHFFFAOYSA-N,BTFJIXJJCSYFAL-UHFFFAOYSA-N,ethyl ethanoate,1-eicosanol,338.15,0.1233,-2.0931348688118385,GC,True,train,0.9974270645245166
je1005517.xml,2011,36,XEKOWRVHYACXOJ-UHFFFAOYSA-N,BTFJIXJJCSYFAL-UHFFFAOYSA-N,ethyl ethanoate,1-eicosanol,343.15,0.1104,-2.2036451451391423,GC,True,train,0.9708181455297269
je1005517.xml,2011,36,XEKOWRVHYACXOJ-UHFFFAOYSA-N,BTFJIXJJCSYFAL-UHFFFAOYSA-N,ethyl ethanoate,1-eicosanol,348.15,0.099,-2.312635428847547,GC,True,train,0.9450891672156144
je1005517.xml,2011,36,XEKOWRVHYACXOJ-UHFFFAOYSA-N,BTFJIXJJCSYFAL-UHFFFAOYSA-N,ethyl ethanoate,1-eicosanol,353.15,0.0888,-2.4213686289840126,GC,True,train,0.9201988629757513
j.jct.2012.12.009.xml,2013,73,XEKOWRVHYACXOJ-UHFFFAOYSA-N,DTOSIQBPPRVQHS-PDBXOOCHSA-N,ethyl ethanoate,"9,12,15-octadecatrienoic acid",303.13,1.312,0.2715526905218973,Chromatography,True,train,
j.jct.2012.12.009.xml,2013,73,XEKOWRVHYACXOJ-UHFFFAOYSA-N,DTOSIQBPPRVQHS-PDBXOOCHSA-N,ethyl ethanoate,"9,12,15-octadecatrienoic acid",313.24,1.16,0.1484200051182732,Chromatography,True,train,
j.jct.2012.12.009.xml,2013,73,XEKOWRVHYACXOJ-UHFFFAOYSA-N,DTOSIQBPPRVQHS-PDBXOOCHSA-N,ethyl ethanoate,"9,12,15-octadecatrienoic acid",323.24,1.178,0.1638180852293949,Chromatography,True,train,
j.jct.2012.06.009.xml,2012,17,XEKOWRVHYACXOJ-UHFFFAOYSA-N,GHVNFZFCNZKVNT-UHFFFAOYSA-N,ethyl ethanoate,capric acid,314.1,1.329,0.2844267797311082,Chromatography,True,train,0.06660579247866803
j.jct.2012.06.009.xml,2012,17,XEKOWRVHYACXOJ-UHFFFAOYSA-N,GHVNFZFCNZKVNT-UHFFFAOYSA-N,ethyl ethanoate,capric acid,333.26,1.247,0.2207406666978995,Chromatography,True,train,0.05000745749389721
j.jct.2012.06.009.xml,2012,17,XEKOWRVHYACXOJ-UHFFFAOYSA-N,GHVNFZFCNZKVNT-UHFFFAOYSA-N,ethyl ethanoate,capric acid,333.38,1.299,0.2615947376884624,Chromatography,True,train,0.04991593285637811
j.jct.2012.06.009.xml,2012,17,XEKOWRVHYACXOJ-UHFFFAOYSA-N,GHVNFZFCNZKVNT-UHFFFAOYSA-N,ethyl ethanoate,capric acid,353.25,1.207,0.1881379421153945,Chromatography,True,train,0.03657090836543198
je1005517.xml,2011,14,XEKOWRVHYACXOJ-UHFFFAOYSA-N,GLDOVTGHNKAZLK-UHFFFAOYSA-N,ethyl ethanoate,1-octadecanol,333.15,0.0445,-3.1122660898099426,GC,True,train,0.9114383015019066
je1005517.xml,2011,14,XEKOWRVHYACXOJ-UHFFFAOYSA-N,GLDOVTGHNKAZLK-UHFFFAOYSA-N,ethyl ethanoate,1-octadecanol,338.15,0.0408,-3.199073197572021,GC,True,train,0.8865240762401223
je1005517.xml,2011,14,XEKOWRVHYACXOJ-UHFFFAOYSA-N,GLDOVTGHNKAZLK-UHFFFAOYSA-N,ethyl ethanoate,1-octadecanol,343.15,0.0384,-3.259697819388456,GC,True,train,0.8624665622182434
je1005517.xml,2011,14,XEKOWRVHYACXOJ-UHFFFAOYSA-N,GLDOVTGHNKAZLK-UHFFFAOYSA-N,ethyl ethanoate,1-octadecanol,348.15,0.036,-3.324236340526028,GC,True,train,0.8392245323290991
je1005517.xml,2011,14,XEKOWRVHYACXOJ-UHFFFAOYSA-N,GLDOVTGHNKAZLK-UHFFFAOYSA-N,ethyl ethanoate,1-octadecanol,353.15,0.0335,-3.396209840151116,GC,True,train,0.8167590599839871
j.jct.2012.06.009.xml,2012,82,XEKOWRVHYACXOJ-UHFFFAOYSA-N,IPCSVZSSVZVIGE-UHFFFAOYSA-N,ethyl ethanoate,hexadecanoic acid,340.19,1.282,0.2484213584984783,Chromatography,True,train,0.3057601361475094
j.jct.2012.06.009.xml,2012,82,XEKOWRVHYACXOJ-UHFFFAOYSA-N,IPCSVZSSVZVIGE-UHFFFAOYSA-N,ethyl ethanoate,hexadecanoic acid,347.93,1.201,0.1831545430978465,Chromatography,True,train,0.28949046810201035
j.jct.2012.06.009.xml,2012,82,XEKOWRVHYACXOJ-UHFFFAOYSA-N,IPCSVZSSVZVIGE-UHFFFAOYSA-N,ethyl ethanoate,hexadecanoic acid,358.22,1.156,0.1449657702501856,Chromatography,True,train,0.2692358691207601
j.jct.2012.12.009.xml,2013,58,XEKOWRVHYACXOJ-UHFFFAOYSA-N,OYHQOLUKZRVURQ-HZJYTTRNSA-N,ethyl ethanoate,linoleic acid,338.28,1.228,0.2053868297249507,Chromatography,True,train,0.37650033300519087
j.jct.2012.12.009.xml,2013,58,XEKOWRVHYACXOJ-UHFFFAOYSA-N,OYHQOLUKZRVURQ-HZJYTTRNSA-N,ethyl ethanoate,linoleic acid,348.28,1.267,0.2366519013390019,Chromatography,True,train,0.3571820920525085
j.jct.2012.12.009.xml,2013,58,XEKOWRVHYACXOJ-UHFFFAOYSA-N,OYHQOLUKZRVURQ-HZJYTTRNSA-N,ethyl ethanoate,linoleic acid,358.33,1.115,0.108854404912082,Chromatography,True,train,0.33882634512219956
j.jct.2012.06.009.xml,2012,39,XEKOWRVHYACXOJ-UHFFFAOYSA-N,POULHZVOKOAJMA-UHFFFAOYSA-N,ethyl ethanoate,lauric acid,314.1,1.369,0.3140805463063118,Chromatography,True,train,0.18753014236941304
j.jct.2012.06.009.xml,2012,39,XEKOWRVHYACXOJ-UHFFFAOYSA-N,POULHZVOKOAJMA-UHFFFAOYSA-N,ethyl ethanoate,lauric acid,314.24,1.36,0.3074846997479607,Chromatography,True,train,0.18732473823337392
j.jct.2012.06.009.xml,2012,39,XEKOWRVHYACXOJ-UHFFFAOYSA-N,POULHZVOKOAJMA-UHFFFAOYSA-N,ethyl ethanoate,lauric acid,333.38,1.278,0.245296355955343,Chromatography,True,train,0.1617993412713421
j.jct.2012.06.009.xml,2012,39,XEKOWRVHYACXOJ-UHFFFAOYSA-N,POULHZVOKOAJMA-UHFFFAOYSA-N,ethyl ethanoate,lauric acid,353.25,1.198,0.1806534996932575,Chromatography,True,train,0.1398967135825926
j.jct.2012.06.009.xml,2012,39,XEKOWRVHYACXOJ-UHFFFAOYSA-N,POULHZVOKOAJMA-UHFFFAOYSA-N,ethyl ethanoate,lauric acid,353.3,1.214,0.1939206926373065,Chromatography,True,train,0.1398465842801175
je200628n.xml,2011,19,XEKOWRVHYACXOJ-UHFFFAOYSA-N,PWGJDPKCLMLPJW-UHFFFAOYSA-N,ethyl ethanoate,"1,8-diaminooctane",328.15,1.082,0.0788111804242898,Chromatography,True,train,-0.3638106932242122
je200628n.xml,2011,19,XEKOWRVHYACXOJ-UHFFFAOYSA-N,PWGJDPKCLMLPJW-UHFFFAOYSA-N,ethyl ethanoate,"1,8-diaminooctane",338.15,0.954,-0.0470916075338505,Chromatography,True,train,-0.21161105151448334
je200628n.xml,2011,19,XEKOWRVHYACXOJ-UHFFFAOYSA-N,PWGJDPKCLMLPJW-UHFFFAOYSA-N,ethyl ethanoate,"1,8-diaminooctane",343.15,0.902,-0.1031407589195133,Chromatography,True,train,-0.15189806680712903
je200628n.xml,2011,19,XEKOWRVHYACXOJ-UHFFFAOYSA-N,PWGJDPKCLMLPJW-UHFFFAOYSA-N,ethyl ethanoate,"1,8-diaminooctane",348.15,0.855,-0.1566538100453768,Chromatography,True,train,-0.10103534612148049
j.jct.2012.12.009.xml,2013,18,XEKOWRVHYACXOJ-UHFFFAOYSA-N,QIQXTHQIDYTFRH-UHFFFAOYSA-N,ethyl ethanoate,n-octadecanoic acid,349.48,1.245,0.219135529916671,Chromatography,True,train,0.3775007569313961
j.jct.2012.12.009.xml,2013,18,XEKOWRVHYACXOJ-UHFFFAOYSA-N,QIQXTHQIDYTFRH-UHFFFAOYSA-N,ethyl ethanoate,n-octadecanoic acid,358.39,1.189,0.1731126177086448,Chromatography,True,train,0.3563364240139717
j.jct.2012.12.009.xml,2013,18,XEKOWRVHYACXOJ-UHFFFAOYSA-N,QIQXTHQIDYTFRH-UHFFFAOYSA-N,ethyl ethanoate,n-octadecanoic acid,367.93,1.076,0.0732504617395927,Chromatography,True,train,0.33501980238219514
j.jct.2012.12.009.xml,2013,18,XEKOWRVHYACXOJ-UHFFFAOYSA-N,QIQXTHQIDYTFRH-UHFFFAOYSA-N,ethyl ethanoate,n-octadecanoic acid,368.19,1.09,0.0861776962410524,Chromatography,True,train,0.3344571235721664
j.jct.2012.06.009.xml,2012,61,XEKOWRVHYACXOJ-UHFFFAOYSA-N,TUNFSRHWOTWDNC-UHFFFAOYSA-N,ethyl ethanoate,tetradecanoic acid,314.1,1.24,0.2151113796169455,Chromatography,True,train,0.24729575841985002
j.jct.2012.06.009.xml,2012,61,XEKOWRVHYACXOJ-UHFFFAOYSA-N,TUNFSRHWOTWDNC-UHFFFAOYSA-N,ethyl ethanoate,tetradecanoic acid,314.24,1.205,0.1864795669426183,Chromatography,True,train,0.2470028178335144
j.jct.2012.06.009.xml,2012,61,XEKOWRVHYACXOJ-UHFFFAOYSA-N,TUNFSRHWOTWDNC-UHFFFAOYSA-N,ethyl ethanoate,tetradecanoic acid,333.26,1.193,0.1764711431157791,Chromatography,True,train,0.21032073783926594
j.jct.2012.06.009.xml,2012,61,XEKOWRVHYACXOJ-UHFFFAOYSA-N,TUNFSRHWOTWDNC-UHFFFAOYSA-N,ethyl ethanoate,tetradecanoic acid,333.38,1.188,0.1722712209404531,Chromatography,True,train,0.2101076463732159
j.jct.2012.06.009.xml,2012,61,XEKOWRVHYACXOJ-UHFFFAOYSA-N,TUNFSRHWOTWDNC-UHFFFAOYSA-N,ethyl ethanoate,tetradecanoic acid,353.25,1.13,0.1222176327242491,Chromatography,True,train,0.17757642306652002
j.jct.2012.06.009.xml,2012,61,XEKOWRVHYACXOJ-UHFFFAOYSA-N,TUNFSRHWOTWDNC-UHFFFAOYSA-N,ethyl ethanoate,tetradecanoic acid,353.3,1.121,0.1142211440900228,Chromatography,True,train,0.1775009756057999
j.fluid.2014.05.023.xml,2014,0,XEKOWRVHYACXOJ-UHFFFAOYSA-N,XLYOFNOQVPJJNP-UHFFFAOYSA-N,ethyl ethanoate,water,273.35,44.5,3.795489189172194,Chromatography,True,train,11.384111943446849
j.fluid.2014.05.023.xml,2014,0,XEKOWRVHYACXOJ-UHFFFAOYSA-N,XLYOFNOQVPJJNP-UHFFFAOYSA-N,ethyl ethanoate,water,283.15,54.9,4.005513348515485,Chromatography,True,train,11.175600582536275
j.fluid.2014.05.023.xml,2014,0,XEKOWRVHYACXOJ-UHFFFAOYSA-N,XLYOFNOQVPJJNP-UHFFFAOYSA-N,ethyl ethanoate,water,293.15,64.8,4.1713056033582285,Chromatography,True,train,10.954908724734052
j.fluid.2014.05.023.xml,2014,0,XEKOWRVHYACXOJ-UHFFFAOYSA-N,XLYOFNOQVPJJNP-UHFFFAOYSA-N,ethyl ethanoate,water,293.15,68.0,4.219507705176107,Chromatography,True,train,10.954908724734052
j.fluid.2014.05.023.xml,2014,0,XEKOWRVHYACXOJ-UHFFFAOYSA-N,XLYOFNOQVPJJNP-UHFFFAOYSA-N,ethyl ethanoate,water,298.15,69.2,4.237000862623624,Chromatography,True,train,10.842553062142038
j.fluid.2014.05.023.xml,2014,0,XEKOWRVHYACXOJ-UHFFFAOYSA-N,XLYOFNOQVPJJNP-UHFFFAOYSA-N,ethyl ethanoate,water,303.15,73.6,4.298645025734831,Chromatography,True,train,10.72931751097632
j.fluid.2014.05.023.xml,2014,0,XEKOWRVHYACXOJ-UHFFFAOYSA-N,XLYOFNOQVPJJNP-UHFFFAOYSA-N,ethyl ethanoate,water,313.15,80.1,4.383275854074314,Chromatography,True,train,10.5013903970166
je020117y.xml,2003,12,XLYOFNOQVPJJNP-UHFFFAOYSA-N,OUDFNZMQXZILJD-UHFFFAOYSA-N,water,5-methylfurfural,360.38,5.24,1.6563214983329508,Other,True,train,4.1016119025991555
je020117y.xml,2003,12,XLYOFNOQVPJJNP-UHFFFAOYSA-N,OUDFNZMQXZILJD-UHFFFAOYSA-N,water,5-methylfurfural,365.99,5.04,1.6174060820832772,Other,True,train,4.01363007699475
je020117y.xml,2003,12,XLYOFNOQVPJJNP-UHFFFAOYSA-N,OUDFNZMQXZILJD-UHFFFAOYSA-N,water,5-methylfurfural,370.64,4.88,1.5851452198650555,Other,True,train,3.9433949373153436
j.fluid.2008.09.011.xml,2009,1,XLYOFNOQVPJJNP-UHFFFAOYSA-N,WEVYAHXRMPXWCK-UHFFFAOYSA-N,water,acetonitrile,298.15,8.19,2.102913897864978,inert gas stripping,True,train,1.5717638005447554
j.fluid.2008.09.011.xml,2009,7,XLYOFNOQVPJJNP-UHFFFAOYSA-N,XMGQYMWWDOXHJM-JTQLQIEISA-N,water,(R)-(+)-limonene,298.15,352.1,5.863915226161007,inert gas stripping,True,train,8.803890695054527
j.fluid.2008.09.011.xml,2009,3,XMGQYMWWDOXHJM-JTQLQIEISA-N,WEVYAHXRMPXWCK-UHFFFAOYSA-N,(R)-(+)-limonene,acetonitrile,298.15,10.22,2.3243465847755584,inert gas stripping,True,train,4.353521342208061
j.fluid.2008.09.011.xml,2009,6,XMGQYMWWDOXHJM-JTQLQIEISA-N,XLYOFNOQVPJJNP-UHFFFAOYSA-N,(R)-(+)-limonene,water,298.15,420000.0,12.948009990259552,inert gas stripping,True,train,25.25214072617586
je0495942.xml,2005,9,XNLICIUVMPYHGG-UHFFFAOYSA-N,XLYOFNOQVPJJNP-UHFFFAOYSA-N,2-pentanone,water,298.15,148.0,4.997212273764115,Chromatography,True,train,12.810732098117054
je0495942.xml,2005,9,XNLICIUVMPYHGG-UHFFFAOYSA-N,XLYOFNOQVPJJNP-UHFFFAOYSA-N,2-pentanone,water,297.85,129.0,4.859812404361672,Chromatography,True,train,12.819378046914284
j.jct.2010.04.011.xml,2010,8,XNNQFQFUQLJSQT-UHFFFAOYSA-N,IAZDPXIOMUYVGZ-UHFFFAOYSA-N,"methane, bromotrichloro-",dimethyl sulfoxide,298.0,2.1,0.7419373447293773,Chromatography,True,test_one,-0.03768455843687199
j.jct.2012.06.009.xml,2012,14,XSTXAVWGXDQKEL-UHFFFAOYSA-N,GHVNFZFCNZKVNT-UHFFFAOYSA-N,"ethene, trichloro-",capric acid,314.1,1.048,0.0468835858988504,Chromatography,True,test_one,0.2189589869079398
j.jct.2012.06.009.xml,2012,14,XSTXAVWGXDQKEL-UHFFFAOYSA-N,GHVNFZFCNZKVNT-UHFFFAOYSA-N,"ethene, trichloro-",capric acid,314.24,1.037,0.0363319292473902,Chromatography,True,test_one,0.21882641432154973
j.jct.2012.06.009.xml,2012,14,XSTXAVWGXDQKEL-UHFFFAOYSA-N,GHVNFZFCNZKVNT-UHFFFAOYSA-N,"ethene, trichloro-",capric acid,333.26,1.003,0.0029955089797983,Chromatography,True,test_one,0.20125656519558843
j.jct.2012.06.009.xml,2012,14,XSTXAVWGXDQKEL-UHFFFAOYSA-N,GHVNFZFCNZKVNT-UHFFFAOYSA-N,"ethene, trichloro-",capric acid,333.38,1.009,0.0089597413714718,Chromatography,True,test_one,0.20114883266816488
j.jct.2012.06.009.xml,2012,14,XSTXAVWGXDQKEL-UHFFFAOYSA-N,GHVNFZFCNZKVNT-UHFFFAOYSA-N,"ethene, trichloro-",capric acid,353.08,0.945,-0.0565703514883943,Chromatography,True,test_one,0.18404196153025545
j.jct.2012.06.009.xml,2012,14,XSTXAVWGXDQKEL-UHFFFAOYSA-N,GHVNFZFCNZKVNT-UHFFFAOYSA-N,"ethene, trichloro-",capric acid,353.3,0.969,-0.0314906670913708,Chromatography,True,test_one,0.18385744742754412
j.jct.2012.06.009.xml,2012,78,XSTXAVWGXDQKEL-UHFFFAOYSA-N,IPCSVZSSVZVIGE-UHFFFAOYSA-N,"ethene, trichloro-",hexadecanoic acid,340.19,0.831,-0.1851254841266889,Chromatography,True,test_one,0.34318438538829044
j.jct.2012.06.009.xml,2012,78,XSTXAVWGXDQKEL-UHFFFAOYSA-N,IPCSVZSSVZVIGE-UHFFFAOYSA-N,"ethene, trichloro-",hexadecanoic acid,348.01,0.826,-0.191160505461159,Chromatography,True,test_one,0.3290593996945004
j.jct.2012.06.009.xml,2012,78,XSTXAVWGXDQKEL-UHFFFAOYSA-N,IPCSVZSSVZVIGE-UHFFFAOYSA-N,"ethene, trichloro-",hexadecanoic acid,358.22,0.831,-0.1851254841266889,Chromatography,True,test_one,0.3112607815862893
j.jct.2012.06.009.xml,2012,35,XSTXAVWGXDQKEL-UHFFFAOYSA-N,POULHZVOKOAJMA-UHFFFAOYSA-N,"ethene, trichloro-",lauric acid,314.1,0.952,-0.0491902441907717,Chromatography,True,test_one,0.2150011797684877
j.jct.2012.06.009.xml,2012,35,XSTXAVWGXDQKEL-UHFFFAOYSA-N,POULHZVOKOAJMA-UHFFFAOYSA-N,"ethene, trichloro-",lauric acid,314.24,0.967,-0.0335567835288427,Chromatography,True,test_one,0.21485910363676364
j.jct.2012.06.009.xml,2012,35,XSTXAVWGXDQKEL-UHFFFAOYSA-N,POULHZVOKOAJMA-UHFFFAOYSA-N,"ethene, trichloro-",lauric acid,333.26,0.944,-0.0576291128366364,Chromatography,True,test_one,0.1959377641066622
j.jct.2012.06.009.xml,2012,35,XSTXAVWGXDQKEL-UHFFFAOYSA-N,POULHZVOKOAJMA-UHFFFAOYSA-N,"ethene, trichloro-",lauric acid,333.38,0.951,-0.0502412164367467,Chromatography,True,test_one,0.19582105007106623
j.jct.2012.06.009.xml,2012,35,XSTXAVWGXDQKEL-UHFFFAOYSA-N,POULHZVOKOAJMA-UHFFFAOYSA-N,"ethene, trichloro-",lauric acid,353.25,0.933,-0.0693500781347931,Chromatography,True,test_one,0.17699869306606297
j.jct.2012.12.009.xml,2013,14,XSTXAVWGXDQKEL-UHFFFAOYSA-N,QIQXTHQIDYTFRH-UHFFFAOYSA-N,trichloroethylene,n-octadecanoic acid,349.48,0.789,-0.2369889581362627,Chromatography,True,test_one,0.3462905942486545
j.jct.2012.12.009.xml,2013,14,XSTXAVWGXDQKEL-UHFFFAOYSA-N,QIQXTHQIDYTFRH-UHFFFAOYSA-N,trichloroethylene,n-octadecanoic acid,358.39,0.776,-0.2536027587989182,Chromatography,True,test_one,0.32959520562642314
j.jct.2012.12.009.xml,2013,14,XSTXAVWGXDQKEL-UHFFFAOYSA-N,QIQXTHQIDYTFRH-UHFFFAOYSA-N,trichloroethylene,n-octadecanoic acid,367.93,0.741,-0.2997546536860502,Chromatography,True,test_one,0.3122951850298198
j.jct.2012.06.009.xml,2012,57,XSTXAVWGXDQKEL-UHFFFAOYSA-N,TUNFSRHWOTWDNC-UHFFFAOYSA-N,"ethene, trichloro-",tetradecanoic acid,314.1,0.847,-0.1660545843300827,Chromatography,True,test_one,0.3384050014474399
j.jct.2012.06.009.xml,2012,57,XSTXAVWGXDQKEL-UHFFFAOYSA-N,TUNFSRHWOTWDNC-UHFFFAOYSA-N,"ethene, trichloro-",tetradecanoic acid,314.24,0.843,-0.1707883209802816,Chromatography,True,test_one,0.3382008857287749
j.jct.2012.06.009.xml,2012,57,XSTXAVWGXDQKEL-UHFFFAOYSA-N,TUNFSRHWOTWDNC-UHFFFAOYSA-N,"ethene, trichloro-",tetradecanoic acid,333.26,0.842,-0.1719752647398103,Chromatography,True,test_one,0.31123410816953107
j.jct.2012.06.009.xml,2012,57,XSTXAVWGXDQKEL-UHFFFAOYSA-N,TUNFSRHWOTWDNC-UHFFFAOYSA-N,"ethene, trichloro-",tetradecanoic acid,333.38,0.838,-0.176737178500054,Chromatography,True,test_one,0.3110687299752694
j.jct.2012.06.009.xml,2012,57,XSTXAVWGXDQKEL-UHFFFAOYSA-N,TUNFSRHWOTWDNC-UHFFFAOYSA-N,"ethene, trichloro-",tetradecanoic acid,353.25,0.842,-0.1719752647398103,Chromatography,True,test_one,0.2844698931755236
j.jct.2012.06.009.xml,2012,57,XSTXAVWGXDQKEL-UHFFFAOYSA-N,TUNFSRHWOTWDNC-UHFFFAOYSA-N,"ethene, trichloro-",tetradecanoic acid,353.3,0.824,-0.1935847490726654,Chromatography,True,test_one,0.28440486971841134
j.fluid.2007.08.013.xml,2007,7,XTHFKEDIFFGKHM-UHFFFAOYSA-N,XLYOFNOQVPJJNP-UHFFFAOYSA-N,"1,2-dimethoxyethane",water,318.15,7.25,1.981001468866584,Chromatography,True,train,11.677818859476776
j.fluid.2007.08.013.xml,2007,8,XTHFKEDIFFGKHM-UHFFFAOYSA-N,XLYOFNOQVPJJNP-UHFFFAOYSA-N,"1,2-dimethoxyethane",water,328.15,9.12,2.21046980408624,non steady state GLC,True,train,11.433772908671987
j.fluid.2007.08.013.xml,2007,8,XTHFKEDIFFGKHM-UHFFFAOYSA-N,XLYOFNOQVPJJNP-UHFFFAOYSA-N,"1,2-dimethoxyethane",water,328.15,8.81,2.175887439948088,non steady state GLC,True,train,11.433772908671987
j.fluid.2007.08.013.xml,2007,8,XTHFKEDIFFGKHM-UHFFFAOYSA-N,XLYOFNOQVPJJNP-UHFFFAOYSA-N,"1,2-dimethoxyethane",water,338.15,11.2,2.4159137783010487,non steady state GLC,True,train,11.191143150653584
j.fluid.2007.08.013.xml,2007,8,XTHFKEDIFFGKHM-UHFFFAOYSA-N,XLYOFNOQVPJJNP-UHFFFAOYSA-N,"1,2-dimethoxyethane",water,338.15,11.1,2.4069451083182885,non steady state GLC,True,train,11.191143150653584
j.fluid.2007.08.013.xml,2007,9,XTHFKEDIFFGKHM-UHFFFAOYSA-N,XLYOFNOQVPJJNP-UHFFFAOYSA-N,"1,2-dimethoxyethane",water,348.15,12.2,2.501435951739211,Rayleigh distillation,True,train,10.951258884941776
j.fluid.2007.08.013.xml,2007,10,XTHFKEDIFFGKHM-UHFFFAOYSA-N,XLYOFNOQVPJJNP-UHFFFAOYSA-N,"1,2-dimethoxyethane",water,372.5,14.9,2.7013612129514133,circulation still,True,train,10.38446243167111
j.fluid.2010.05.010.xml,2010,4,XTXRWKRVRITETP-UHFFFAOYSA-N,XLYOFNOQVPJJNP-UHFFFAOYSA-N,ethenyl ethanoate,water,273.35,150.0,5.010635294096256,Inert gas stripping,True,test_one,11.453450025177805
j.fluid.2010.05.010.xml,2010,4,XTXRWKRVRITETP-UHFFFAOYSA-N,XLYOFNOQVPJJNP-UHFFFAOYSA-N,ethenyl ethanoate,water,283.15,161.0,5.081404364984463,Inert gas stripping,True,test_one,11.203139532937403
j.fluid.2010.05.010.xml,2010,4,XTXRWKRVRITETP-UHFFFAOYSA-N,XLYOFNOQVPJJNP-UHFFFAOYSA-N,ethenyl ethanoate,water,293.15,177.0,5.176149732573829,Inert gas stripping,True,test_one,10.944711621383453
j.fluid.2010.05.010.xml,2010,4,XTXRWKRVRITETP-UHFFFAOYSA-N,XLYOFNOQVPJJNP-UHFFFAOYSA-N,ethenyl ethanoate,water,298.15,181.0,5.198497031265826,Inert gas stripping,True,test_one,10.815173383913724
j.fluid.2010.05.010.xml,2010,4,XTXRWKRVRITETP-UHFFFAOYSA-N,XLYOFNOQVPJJNP-UHFFFAOYSA-N,ethenyl ethanoate,water,303.15,187.0,5.231108616854587,Inert gas stripping,True,test_one,10.685792704623609
j.fluid.2010.05.010.xml,2010,4,XTXRWKRVRITETP-UHFFFAOYSA-N,XLYOFNOQVPJJNP-UHFFFAOYSA-N,ethenyl ethanoate,water,313.15,190.0,5.247024072160486,Inert gas stripping,True,test_one,10.428452941480442
j.fluid.2010.05.010.xml,2010,4,XTXRWKRVRITETP-UHFFFAOYSA-N,XLYOFNOQVPJJNP-UHFFFAOYSA-N,ethenyl ethanoate,water,323.15,194.0,5.267858159063328,Inert gas stripping,True,test_one,10.174337425130487
j.fluid.2010.05.010.xml,2010,4,XTXRWKRVRITETP-UHFFFAOYSA-N,XLYOFNOQVPJJNP-UHFFFAOYSA-N,ethenyl ethanoate,water,333.15,187.0,5.231108616854587,Inert gas stripping,True,test_one,9.924730041414515
j.tca.2015.11.010.xml,2016,13,XWJBRBSPAODJER-UHFFFAOYSA-N,ATHHXGZTWNVVOU-UHFFFAOYSA-N,"1,7-octadiene",N-methylformamide,298.15,23.0,3.1354942159291497,Other,True,train,3.0820764224569834
j.jct.2014.06.006.xml,2014,23,XWJBRBSPAODJER-UHFFFAOYSA-N,XNWFRZJHXBZDAG-UHFFFAOYSA-N,"1,7-octadiene",methyl cellosolve,298.0,10.6,2.360854001118021,Chromatography,True,train,2.45161469519884
j.fluid.2014.05.023.xml,2014,1,YKYONYBAUNKHLG-UHFFFAOYSA-N,XLYOFNOQVPJJNP-UHFFFAOYSA-N,propyl ethanoate,water,273.35,172.0,5.147494476813453,Chromatography,True,train,14.37265262958971
j.fluid.2014.05.023.xml,2014,1,YKYONYBAUNKHLG-UHFFFAOYSA-N,XLYOFNOQVPJJNP-UHFFFAOYSA-N,propyl ethanoate,water,283.15,217.0,5.37989735354046,Chromatography,True,train,14.09210268724926
j.fluid.2014.05.023.xml,2014,1,YKYONYBAUNKHLG-UHFFFAOYSA-N,XLYOFNOQVPJJNP-UHFFFAOYSA-N,propyl ethanoate,water,293.15,274.0,5.613128106388071,Chromatography,True,train,13.799040272638544
j.fluid.2014.05.023.xml,2014,1,YKYONYBAUNKHLG-UHFFFAOYSA-N,XLYOFNOQVPJJNP-UHFFFAOYSA-N,propyl ethanoate,water,293.15,257.0,5.54907608489522,Chromatography,True,train,13.799040272638544
j.fluid.2014.05.023.xml,2014,1,YKYONYBAUNKHLG-UHFFFAOYSA-N,XLYOFNOQVPJJNP-UHFFFAOYSA-N,propyl ethanoate,water,298.15,261.0,5.564520407322694,Chromatography,True,train,13.650998731468693
j.fluid.2014.05.023.xml,2014,1,YKYONYBAUNKHLG-UHFFFAOYSA-N,XLYOFNOQVPJJNP-UHFFFAOYSA-N,propyl ethanoate,water,298.15,270.0,5.598421958998375,Chromatography,True,train,13.650998731468693
j.fluid.2014.05.023.xml,2014,1,YKYONYBAUNKHLG-UHFFFAOYSA-N,XLYOFNOQVPJJNP-UHFFFAOYSA-N,propyl ethanoate,water,303.15,281.0,5.638354669333745,Chromatography,True,train,13.502441921140234
j.fluid.2014.05.023.xml,2014,1,YKYONYBAUNKHLG-UHFFFAOYSA-N,XLYOFNOQVPJJNP-UHFFFAOYSA-N,propyl ethanoate,water,313.15,302.0,5.71042701737487,Chromatography,True,train,13.20504646995963
j.fluid.2014.05.023.xml,2014,1,YKYONYBAUNKHLG-UHFFFAOYSA-N,XLYOFNOQVPJJNP-UHFFFAOYSA-N,propyl ethanoate,water,323.15,319.0,5.765191102784844,Chromatography,True,train,12.909070216183208
j.fluid.2014.05.023.xml,2014,1,YKYONYBAUNKHLG-UHFFFAOYSA-N,XLYOFNOQVPJJNP-UHFFFAOYSA-N,propyl ethanoate,water,333.15,321.0,5.771441123130016,Chromatography,True,train,12.616281360186928
j.fluid.2015.01.010.xml,2015,3,YLQBMQCUIZJEEH-UHFFFAOYSA-N,XLYOFNOQVPJJNP-UHFFFAOYSA-N,furan,water,298.15,415.0,6.028278520230698,Chromatography,True,train,9.173467848534454
j.fluid.2015.01.010.xml,2015,3,YLQBMQCUIZJEEH-UHFFFAOYSA-N,XLYOFNOQVPJJNP-UHFFFAOYSA-N,furan,water,299.15,412.0,6.021023349349527,Chromatography,True,train,9.149728366549548
j.fluid.2015.01.010.xml,2015,3,YLQBMQCUIZJEEH-UHFFFAOYSA-N,XLYOFNOQVPJJNP-UHFFFAOYSA-N,furan,water,301.15,403.0,5.998936561946683,Chromatography,True,train,9.102385278763872
j.fluid.2015.01.010.xml,2015,3,YLQBMQCUIZJEEH-UHFFFAOYSA-N,XLYOFNOQVPJJNP-UHFFFAOYSA-N,furan,water,303.15,397.0,5.983936280687191,Chromatography,True,train,9.055230246792789
j.fluid.2015.01.010.xml,2015,3,YLQBMQCUIZJEEH-UHFFFAOYSA-N,XLYOFNOQVPJJNP-UHFFFAOYSA-N,furan,water,305.15,394.0,5.976350909297934,Chromatography,True,train,9.008271173507987
j.fluid.2015.01.010.xml,2015,3,YLQBMQCUIZJEEH-UHFFFAOYSA-N,XLYOFNOQVPJJNP-UHFFFAOYSA-N,furan,water,306.15,380.0,5.940171252720432,Chromatography,True,train,8.984867480468292
j.fluid.2015.01.010.xml,2015,3,YLQBMQCUIZJEEH-UHFFFAOYSA-N,XLYOFNOQVPJJNP-UHFFFAOYSA-N,furan,water,308.15,372.0,5.918893854273146,Chromatography,True,train,8.938216284340513
j.fluid.2015.01.010.xml,2015,3,YLQBMQCUIZJEEH-UHFFFAOYSA-N,XLYOFNOQVPJJNP-UHFFFAOYSA-N,furan,water,311.15,366.0,5.902633333401366,Chromatography,True,train,8.868642756020245
j.fluid.2015.01.010.xml,2015,3,YLQBMQCUIZJEEH-UHFFFAOYSA-N,XLYOFNOQVPJJNP-UHFFFAOYSA-N,furan,water,313.15,356.0,5.87493073085203,Chromatography,True,train,8.822538654872853
je1005517.xml,2011,29,YMWUJEATGCHHMB-UHFFFAOYSA-N,BTFJIXJJCSYFAL-UHFFFAOYSA-N,methylene chloride,1-eicosanol,338.15,0.079,-2.538307426515116,GC,True,test_one,0.8459540409515017
je1005517.xml,2011,29,YMWUJEATGCHHMB-UHFFFAOYSA-N,BTFJIXJJCSYFAL-UHFFFAOYSA-N,methylene chloride,1-eicosanol,343.15,0.0642,-2.745752068286221,GC,True,test_one,0.8250177854383428
je1005517.xml,2011,29,YMWUJEATGCHHMB-UHFFFAOYSA-N,BTFJIXJJCSYFAL-UHFFFAOYSA-N,methylene chloride,1-eicosanol,348.15,0.0532,-2.933696882634538,GC,True,test_one,0.804493062854755
je1005517.xml,2011,29,YMWUJEATGCHHMB-UHFFFAOYSA-N,BTFJIXJJCSYFAL-UHFFFAOYSA-N,methylene chloride,1-eicosanol,353.15,0.0435,-3.1349943408874985,GC,True,test_one,0.7843744232936494
je1005517.xml,2011,7,YMWUJEATGCHHMB-UHFFFAOYSA-N,GLDOVTGHNKAZLK-UHFFFAOYSA-N,methylene chloride,1-octadecanol,333.15,0.0262,-3.6419958682150857,GC,True,test_one,0.7572550699806356
je1005517.xml,2011,7,YMWUJEATGCHHMB-UHFFFAOYSA-N,GLDOVTGHNKAZLK-UHFFFAOYSA-N,methylene chloride,1-octadecanol,338.15,0.0233,-3.759301918410482,GC,True,test_one,0.7384625147122629
je1005517.xml,2011,7,YMWUJEATGCHHMB-UHFFFAOYSA-N,GLDOVTGHNKAZLK-UHFFFAOYSA-N,methylene chloride,1-octadecanol,343.15,0.0212,-3.8537540973041695,GC,True,test_one,0.7200315779000654
je1005517.xml,2011,7,YMWUJEATGCHHMB-UHFFFAOYSA-N,GLDOVTGHNKAZLK-UHFFFAOYSA-N,methylene chloride,1-octadecanol,348.15,0.0194,-3.942482212912856,GC,True,test_one,0.701958635266726
je1005517.xml,2011,7,YMWUJEATGCHHMB-UHFFFAOYSA-N,GLDOVTGHNKAZLK-UHFFFAOYSA-N,methylene chloride,1-octadecanol,353.15,0.0178,-4.028556821684098,GC,True,test_one,0.6842393972918607
je200628n.xml,2011,17,YMWUJEATGCHHMB-UHFFFAOYSA-N,PWGJDPKCLMLPJW-UHFFFAOYSA-N,dichloromethane,"1,8-diaminooctane",328.15,0.657,-0.4200712604975265,Chromatography,True,test_one,-1.0325134977546866
je200628n.xml,2011,17,YMWUJEATGCHHMB-UHFFFAOYSA-N,PWGJDPKCLMLPJW-UHFFFAOYSA-N,dichloromethane,"1,8-diaminooctane",338.15,0.552,-0.5942072327050416,Chromatography,True,test_one,-0.9883593075318908
je200628n.xml,2011,17,YMWUJEATGCHHMB-UHFFFAOYSA-N,PWGJDPKCLMLPJW-UHFFFAOYSA-N,dichloromethane,"1,8-diaminooctane",343.15,0.53,-0.6348782724359695,Chromatography,True,test_one,-0.9673253141647069
je200628n.xml,2011,17,YMWUJEATGCHHMB-UHFFFAOYSA-N,PWGJDPKCLMLPJW-UHFFFAOYSA-N,dichloromethane,"1,8-diaminooctane",348.15,0.513,-0.6674794338113675,Chromatography,True,test_one,-0.946950172615194
j.fluid.2007.09.021.xml,2008,11,YNQLUTRBYVCPMQ-UHFFFAOYSA-N,AMQJEAYHLZJPGS-UHFFFAOYSA-N,ethylbenzene,1-pentanol,323.15,3.37,1.2149127443642704,Chromatography,True,test_one,0.9571580029307905
j.fluid.2007.09.021.xml,2008,5,YNQLUTRBYVCPMQ-UHFFFAOYSA-N,BDERNNFJNOPAEC-UHFFFAOYSA-N,ethylbenzene,1-propanol,343.15,4.48,1.4996230464268938,Differential ebulliometry,True,train,1.4716123411726338
j.fluid.2007.09.021.xml,2008,5,YNQLUTRBYVCPMQ-UHFFFAOYSA-N,BDERNNFJNOPAEC-UHFFFAOYSA-N,ethylbenzene,1-propanol,353.15,4.21,1.43746264769429,Differential ebulliometry,True,train,1.403844538844892
j.fluid.2007.09.021.xml,2008,5,YNQLUTRBYVCPMQ-UHFFFAOYSA-N,BDERNNFJNOPAEC-UHFFFAOYSA-N,ethylbenzene,1-propanol,363.15,3.98,1.3812818192963463,Differential ebulliometry,True,train,1.340836243630775
j.fluid.2007.09.021.xml,2008,5,YNQLUTRBYVCPMQ-UHFFFAOYSA-N,BDERNNFJNOPAEC-UHFFFAOYSA-N,ethylbenzene,1-propanol,370.15,3.8,1.33500106673234,Differential ebulliometry,True,train,1.2993923908738436
j.jct.2014.06.006.xml,2014,5,YNQLUTRBYVCPMQ-UHFFFAOYSA-N,DNIAPMSPPWPWGF-UHFFFAOYSA-N,ethylbenzene,propylene glycol,298.0,26.2,3.265759410767051,Chromatography,True,train,
j.jct.2012.06.009.xml,2012,6,YNQLUTRBYVCPMQ-UHFFFAOYSA-N,GHVNFZFCNZKVNT-UHFFFAOYSA-N,ethylbenzene,capric acid,333.26,1.278,0.245296355955343,Chromatography,True,train,0.41994400174083324
j.jct.2012.06.009.xml,2012,6,YNQLUTRBYVCPMQ-UHFFFAOYSA-N,GHVNFZFCNZKVNT-UHFFFAOYSA-N,ethylbenzene,capric acid,333.35,1.302,0.2639015437863775,Chromatography,True,train,0.4196555710530015
j.jct.2012.06.009.xml,2012,6,YNQLUTRBYVCPMQ-UHFFFAOYSA-N,GHVNFZFCNZKVNT-UHFFFAOYSA-N,ethylbenzene,capric acid,353.3,1.218,0.1972101692877052,Chromatography,True,train,0.36151881672958586
je700139p.xml,2007,2,YNQLUTRBYVCPMQ-UHFFFAOYSA-N,HXJUTPCZVOIRIF-UHFFFAOYSA-N,ethylbenzene,sulfolane,333.15,4.819,1.5725664376581956,Chromatography,True,test_one,0.4772581273700755
je700139p.xml,2007,2,YNQLUTRBYVCPMQ-UHFFFAOYSA-N,HXJUTPCZVOIRIF-UHFFFAOYSA-N,ethylbenzene,sulfolane,343.15,4.646,1.5360066343482173,Chromatography,True,test_one,0.5040260648174341
je700139p.xml,2007,2,YNQLUTRBYVCPMQ-UHFFFAOYSA-N,HXJUTPCZVOIRIF-UHFFFAOYSA-N,ethylbenzene,sulfolane,353.15,4.483,1.5002924651733025,Chromatography,True,test_one,0.5280070848527957
je700139p.xml,2007,2,YNQLUTRBYVCPMQ-UHFFFAOYSA-N,HXJUTPCZVOIRIF-UHFFFAOYSA-N,ethylbenzene,sulfolane,363.15,4.353,1.4708652625701604,Chromatography,True,test_one,0.5494228566008557
je700139p.xml,2007,2,YNQLUTRBYVCPMQ-UHFFFAOYSA-N,HXJUTPCZVOIRIF-UHFFFAOYSA-N,ethylbenzene,sulfolane,373.15,4.26,1.449269160281279,Chromatography,True,test_one,0.5684757322094194
j.jct.2012.01.016.xml,2012,7,YNQLUTRBYVCPMQ-UHFFFAOYSA-N,HYBBIBNJHNGZAN-UHFFFAOYSA-N,ethylbenzene,2-furaldehyde,298.15,4.84,1.5769147207285403,Headspace solid phase microextraction,True,test_one,1.4621186010965042
j.jct.2012.01.016.xml,2012,7,YNQLUTRBYVCPMQ-UHFFFAOYSA-N,HYBBIBNJHNGZAN-UHFFFAOYSA-N,ethylbenzene,2-furaldehyde,298.15,4.52,1.5085119938441398,Headspace solid phase microextraction,True,test_one,1.4621186010965042
j.jct.2012.01.016.xml,2012,7,YNQLUTRBYVCPMQ-UHFFFAOYSA-N,HYBBIBNJHNGZAN-UHFFFAOYSA-N,ethylbenzene,2-furaldehyde,308.15,5.02,1.6134299337036375,Headspace solid phase microextraction,True,test_one,1.430862393266441
j.jct.2012.01.016.xml,2012,7,YNQLUTRBYVCPMQ-UHFFFAOYSA-N,HYBBIBNJHNGZAN-UHFFFAOYSA-N,ethylbenzene,2-furaldehyde,308.15,4.35,1.4701758451005926,Headspace solid phase microextraction,True,test_one,1.430862393266441
j.jct.2012.01.016.xml,2012,7,YNQLUTRBYVCPMQ-UHFFFAOYSA-N,HYBBIBNJHNGZAN-UHFFFAOYSA-N,ethylbenzene,2-furaldehyde,318.15,7.21,1.9754689512968573,Headspace solid phase microextraction,True,test_one,1.4002739769352517
j.jct.2012.01.016.xml,2012,7,YNQLUTRBYVCPMQ-UHFFFAOYSA-N,HYBBIBNJHNGZAN-UHFFFAOYSA-N,ethylbenzene,2-furaldehyde,318.15,5.25,1.6582280766035324,Headspace solid phase microextraction,True,test_one,1.4002739769352517
j.jct.2012.06.009.xml,2012,70,YNQLUTRBYVCPMQ-UHFFFAOYSA-N,IPCSVZSSVZVIGE-UHFFFAOYSA-N,ethylbenzene,hexadecanoic acid,340.19,1.039,0.0382587121170902,Chromatography,True,train,0.484982713762381
j.jct.2012.06.009.xml,2012,70,YNQLUTRBYVCPMQ-UHFFFAOYSA-N,IPCSVZSSVZVIGE-UHFFFAOYSA-N,ethylbenzene,hexadecanoic acid,348.01,1.048,0.0468835858988504,Chromatography,True,train,0.4586931294038094
j.jct.2012.06.009.xml,2012,70,YNQLUTRBYVCPMQ-UHFFFAOYSA-N,IPCSVZSSVZVIGE-UHFFFAOYSA-N,ethylbenzene,hexadecanoic acid,358.22,1.057,0.0554347068881005,Chromatography,True,train,0.4267763835218868
j.fluid.2016.10.009.xml,2017,7,YNQLUTRBYVCPMQ-UHFFFAOYSA-N,JUJWROOIHBZHMG-UHFFFAOYSA-N,ethylbenzene,pyridine,298.15,1.44,0.3646431135879092,Other,True,train,0.570431566052035
j.fluid.2007.09.021.xml,2008,3,YNQLUTRBYVCPMQ-UHFFFAOYSA-N,LFQSCWFLJHTTHZ-UHFFFAOYSA-N,ethylbenzene,ethanol,323.15,6.86,1.925707441737794,Differential ebulliometry,True,train,2.3606442384538013
j.fluid.2007.09.021.xml,2008,3,YNQLUTRBYVCPMQ-UHFFFAOYSA-N,LFQSCWFLJHTTHZ-UHFFFAOYSA-N,ethylbenzene,ethanol,333.15,6.53,1.87640694328834,Differential ebulliometry,True,train,2.259081764896498
j.fluid.2007.09.021.xml,2008,3,YNQLUTRBYVCPMQ-UHFFFAOYSA-N,LFQSCWFLJHTTHZ-UHFFFAOYSA-N,ethylbenzene,ethanol,343.15,6.19,1.8229350866965048,Differential ebulliometry,True,train,2.1634794637045878
j.fluid.2007.09.021.xml,2008,3,YNQLUTRBYVCPMQ-UHFFFAOYSA-N,LFQSCWFLJHTTHZ-UHFFFAOYSA-N,ethylbenzene,ethanol,351.15,5.9,1.7749523509116738,Differential ebulliometry,True,train,2.091188299804564
j.fluid.2007.09.021.xml,2008,8,YNQLUTRBYVCPMQ-UHFFFAOYSA-N,LRHPLDYGYMQRHN-UHFFFAOYSA-N,ethylbenzene,1-butanol,323.15,3.84,1.3454723665996355,Chromatography,True,train,1.1894752704874363
j.jct.2013.05.011.xml,2013,26,YNQLUTRBYVCPMQ-UHFFFAOYSA-N,MTHSVFCYNBDYFN-UHFFFAOYSA-N,ethylbenzene,diethylene glycol,333.2,16.8,2.8213788864092133,Chromatography,True,test_one,2.9158243879983745
j.jct.2013.05.011.xml,2013,26,YNQLUTRBYVCPMQ-UHFFFAOYSA-N,MTHSVFCYNBDYFN-UHFFFAOYSA-N,ethylbenzene,diethylene glycol,348.2,16.12,2.7800607370784824,Chromatography,True,test_one,2.7832629769896156
j.jct.2013.05.011.xml,2013,26,YNQLUTRBYVCPMQ-UHFFFAOYSA-N,MTHSVFCYNBDYFN-UHFFFAOYSA-N,ethylbenzene,diethylene glycol,363.2,15.21,2.7219531062712017,Chromatography,True,test_one,2.660941685805043
j.fluid.2007.09.021.xml,2008,1,YNQLUTRBYVCPMQ-UHFFFAOYSA-N,OKKJLVBELUTLKV-UHFFFAOYSA-N,ethylbenzene,methanol,308.15,12.8,2.5494451709255714,Differential ebulliometry,True,train,4.227787229987324
j.fluid.2007.09.021.xml,2008,1,YNQLUTRBYVCPMQ-UHFFFAOYSA-N,OKKJLVBELUTLKV-UHFFFAOYSA-N,ethylbenzene,methanol,318.15,12.2,2.501435951739211,Differential ebulliometry,True,train,4.068136478691541
j.fluid.2007.09.021.xml,2008,1,YNQLUTRBYVCPMQ-UHFFFAOYSA-N,OKKJLVBELUTLKV-UHFFFAOYSA-N,ethylbenzene,methanol,328.15,11.8,2.468099531471619,Differential ebulliometry,True,train,3.9151678332360147
j.fluid.2007.09.021.xml,2008,1,YNQLUTRBYVCPMQ-UHFFFAOYSA-N,OKKJLVBELUTLKV-UHFFFAOYSA-N,ethylbenzene,methanol,337.15,11.4,2.4336133554004498,Differential ebulliometry,True,train,3.783447103861015
je050316s.xml,2006,37,YNQLUTRBYVCPMQ-UHFFFAOYSA-N,PAFZNILMFXTMIY-UHFFFAOYSA-N,ethylbenzene,cyclohexylamine,353.15,1.18,0.1655144384775733,Differential ebulliometry,True,train,0.19801610845129358
je050316s.xml,2006,37,YNQLUTRBYVCPMQ-UHFFFAOYSA-N,PAFZNILMFXTMIY-UHFFFAOYSA-N,ethylbenzene,cyclohexylamine,373.15,1.16,0.1484200051182732,Differential ebulliometry,True,train,0.1725866333500487
je050316s.xml,2006,37,YNQLUTRBYVCPMQ-UHFFFAOYSA-N,PAFZNILMFXTMIY-UHFFFAOYSA-N,ethylbenzene,cyclohexylamine,393.15,1.13,0.1222176327242491,Differential ebulliometry,True,train,0.15128196013196576
je900686n.xml,2010,12,YNQLUTRBYVCPMQ-UHFFFAOYSA-N,PEDCQBHIVMGVHV-UHFFFAOYSA-N,ethylbenzene,glycerol,303.15,161.76,5.086113755272161,Chromatography,True,test_one,5.386556016187382
je900686n.xml,2010,12,YNQLUTRBYVCPMQ-UHFFFAOYSA-N,PEDCQBHIVMGVHV-UHFFFAOYSA-N,ethylbenzene,glycerol,313.15,141.18,4.950035671967326,Chromatography,True,test_one,5.2380798006116525
je900686n.xml,2010,12,YNQLUTRBYVCPMQ-UHFFFAOYSA-N,PEDCQBHIVMGVHV-UHFFFAOYSA-N,ethylbenzene,glycerol,323.15,120.4,4.79081953287472,Chromatography,True,test_one,5.0919319218970776
je900686n.xml,2010,12,YNQLUTRBYVCPMQ-UHFFFAOYSA-N,PEDCQBHIVMGVHV-UHFFFAOYSA-N,ethylbenzene,glycerol,333.15,102.14,4.626344421219498,Chromatography,True,test_one,4.949164415415242
je900686n.xml,2010,12,YNQLUTRBYVCPMQ-UHFFFAOYSA-N,PEDCQBHIVMGVHV-UHFFFAOYSA-N,ethylbenzene,glycerol,343.15,89.73,4.496805161309966,Chromatography,True,test_one,4.810545271390338
j.jct.2012.06.009.xml,2012,27,YNQLUTRBYVCPMQ-UHFFFAOYSA-N,POULHZVOKOAJMA-UHFFFAOYSA-N,ethylbenzene,lauric acid,314.24,1.222,0.2004888607494035,Chromatography,True,train,0.49623676931700655
j.jct.2012.06.009.xml,2012,27,YNQLUTRBYVCPMQ-UHFFFAOYSA-N,POULHZVOKOAJMA-UHFFFAOYSA-N,ethylbenzene,lauric acid,333.26,1.202,0.1839868361130158,Chromatography,True,train,0.42622214834664934
j.jct.2012.06.009.xml,2012,27,YNQLUTRBYVCPMQ-UHFFFAOYSA-N,POULHZVOKOAJMA-UHFFFAOYSA-N,ethylbenzene,lauric acid,333.38,1.189,0.1731126177086448,Chromatography,True,train,0.42581941263022643
j.jct.2012.06.009.xml,2012,27,YNQLUTRBYVCPMQ-UHFFFAOYSA-N,POULHZVOKOAJMA-UHFFFAOYSA-N,ethylbenzene,lauric acid,353.25,1.178,0.1638180852293949,Chromatography,True,train,0.36497225476322603
j.jct.2012.06.009.xml,2012,27,YNQLUTRBYVCPMQ-UHFFFAOYSA-N,POULHZVOKOAJMA-UHFFFAOYSA-N,ethylbenzene,lauric acid,353.3,1.175,0.1612681475961223,Chromatography,True,train,0.3648327215278647
je200628n.xml,2011,24,YNQLUTRBYVCPMQ-UHFFFAOYSA-N,PWGJDPKCLMLPJW-UHFFFAOYSA-N,ethylbenzene,"1,8-diaminooctane",328.15,2.067,0.7260982806996313,Chromatography,True,train,0.5275625704880583
je200628n.xml,2011,24,YNQLUTRBYVCPMQ-UHFFFAOYSA-N,PWGJDPKCLMLPJW-UHFFFAOYSA-N,ethylbenzene,"1,8-diaminooctane",338.15,1.865,0.6232610530957788,Chromatography,True,train,0.5014750409530004
je200628n.xml,2011,24,YNQLUTRBYVCPMQ-UHFFFAOYSA-N,PWGJDPKCLMLPJW-UHFFFAOYSA-N,ethylbenzene,"1,8-diaminooctane",343.15,1.775,0.5738004229273791,Chromatography,True,train,0.4891158306160878
je200628n.xml,2011,24,YNQLUTRBYVCPMQ-UHFFFAOYSA-N,PWGJDPKCLMLPJW-UHFFFAOYSA-N,ethylbenzene,"1,8-diaminooctane",348.15,1.717,0.5405785819153385,Chromatography,True,train,0.47718511450605416
j.jct.2013.02.006.xml,2013,47,YNQLUTRBYVCPMQ-UHFFFAOYSA-N,SECXISVLQFMRJM-UHFFFAOYSA-N,ethylbenzene,1-methylpyrrolidone,333.2,1.73,0.5481214085096876,Chromatography,True,train,-0.3455219366641983
j.jct.2013.02.006.xml,2013,47,YNQLUTRBYVCPMQ-UHFFFAOYSA-N,SECXISVLQFMRJM-UHFFFAOYSA-N,ethylbenzene,1-methylpyrrolidone,348.2,1.83,0.6043159668533296,Chromatography,True,train,-0.31010408892108154
j.jct.2013.02.006.xml,2013,47,YNQLUTRBYVCPMQ-UHFFFAOYSA-N,SECXISVLQFMRJM-UHFFFAOYSA-N,ethylbenzene,1-methylpyrrolidone,363.2,1.61,0.4762341789963717,Chromatography,True,train,-0.2779071324683773
j.jct.2012.06.009.xml,2012,49,YNQLUTRBYVCPMQ-UHFFFAOYSA-N,TUNFSRHWOTWDNC-UHFFFAOYSA-N,ethylbenzene,tetradecanoic acid,338.27,1.061,0.059211859631846,Chromatography,True,train,0.4921801991413541
j.jct.2012.06.009.xml,2012,49,YNQLUTRBYVCPMQ-UHFFFAOYSA-N,TUNFSRHWOTWDNC-UHFFFAOYSA-N,ethylbenzene,tetradecanoic acid,348.3,1.059,0.0573250666192693,Chromatography,True,train,0.4594656903193444
j.jct.2012.06.009.xml,2012,49,YNQLUTRBYVCPMQ-UHFFFAOYSA-N,TUNFSRHWOTWDNC-UHFFFAOYSA-N,ethylbenzene,tetradecanoic acid,358.33,1.037,0.0363319292473902,Chromatography,True,train,0.4293524511186965
je020196d.xml,2003,27,YNQLUTRBYVCPMQ-UHFFFAOYSA-N,UWHCKJMYHZGTIT-UHFFFAOYSA-N,ethylbenzene,tetraethylene glycol,333.15,6.3899,1.85471861881472,Chromatography,True,train,1.3719652173601264
je020196d.xml,2003,27,YNQLUTRBYVCPMQ-UHFFFAOYSA-N,UWHCKJMYHZGTIT-UHFFFAOYSA-N,ethylbenzene,tetraethylene glycol,353.15,5.6277,1.7277008329273345,Chromatography,True,train,1.2691732380234877
je020196d.xml,2003,27,YNQLUTRBYVCPMQ-UHFFFAOYSA-N,UWHCKJMYHZGTIT-UHFFFAOYSA-N,ethylbenzene,tetraethylene glycol,363.15,5.3088,1.6693658210139883,Chromatography,True,train,1.2226334799484009
je020196d.xml,2003,27,YNQLUTRBYVCPMQ-UHFFFAOYSA-N,UWHCKJMYHZGTIT-UHFFFAOYSA-N,ethylbenzene,tetraethylene glycol,373.15,4.995,1.608437412100517,Chromatography,True,train,1.1790478327873617
je020196d.xml,2003,27,YNQLUTRBYVCPMQ-UHFFFAOYSA-N,UWHCKJMYHZGTIT-UHFFFAOYSA-N,ethylbenzene,tetraethylene glycol,383.15,4.7324,1.554432473397371,Chromatography,True,train,1.1381940801410655
je020196d.xml,2003,27,YNQLUTRBYVCPMQ-UHFFFAOYSA-N,UWHCKJMYHZGTIT-UHFFFAOYSA-N,ethylbenzene,tetraethylene glycol,393.15,4.5773,1.5211093046404065,Chromatography,True,train,1.0998538249349485
je020196d.xml,2003,27,YNQLUTRBYVCPMQ-UHFFFAOYSA-N,UWHCKJMYHZGTIT-UHFFFAOYSA-N,ethylbenzene,tetraethylene glycol,403.15,4.3538,1.4710490269846987,Chromatography,True,train,1.0638182588256775
j.jct.2014.06.006.xml,2014,27,YNQLUTRBYVCPMQ-UHFFFAOYSA-N,XNWFRZJHXBZDAG-UHFFFAOYSA-N,ethylbenzene,methyl cellosolve,298.0,4.9,1.589235205116581,Chromatography,True,train,1.904961153434118
je020196d.xml,2003,20,YNQLUTRBYVCPMQ-UHFFFAOYSA-N,ZIBGPFATKBEMQZ-UHFFFAOYSA-N,ethylbenzene,triethylene glycol,323.15,10.8636,2.385417751287258,Chromatography,True,train,1.9703854823741498
j.jct.2013.05.011.xml,2013,49,YNQLUTRBYVCPMQ-UHFFFAOYSA-N,ZIBGPFATKBEMQZ-UHFFFAOYSA-N,ethylbenzene,triethylene glycol,333.2,8.63,2.155244505095337,Chromatography,True,train,1.9026211505774009
je020196d.xml,2003,20,YNQLUTRBYVCPMQ-UHFFFAOYSA-N,ZIBGPFATKBEMQZ-UHFFFAOYSA-N,ethylbenzene,triethylene glycol,333.15,10.2807,2.330268351093984,Chromatography,True,train,1.902948727341254
je020196d.xml,2003,20,YNQLUTRBYVCPMQ-UHFFFAOYSA-N,ZIBGPFATKBEMQZ-UHFFFAOYSA-N,ethylbenzene,triethylene glycol,343.15,9.7303,2.2752447281994783,Chromatography,True,train,1.8393188730127332
j.jct.2013.05.011.xml,2013,49,YNQLUTRBYVCPMQ-UHFFFAOYSA-N,ZIBGPFATKBEMQZ-UHFFFAOYSA-N,ethylbenzene,triethylene glycol,348.2,8.21,2.105352923464337,Chromatography,True,train,1.8086066376871335
je020196d.xml,2003,20,YNQLUTRBYVCPMQ-UHFFFAOYSA-N,ZIBGPFATKBEMQZ-UHFFFAOYSA-N,ethylbenzene,triethylene glycol,353.15,9.1046,2.2087797803089906,Chromatography,True,train,1.7794058138678037
j.jct.2013.05.011.xml,2013,49,YNQLUTRBYVCPMQ-UHFFFAOYSA-N,ZIBGPFATKBEMQZ-UHFFFAOYSA-N,ethylbenzene,triethylene glycol,363.2,7.86,2.061786606441115,Chromatography,True,train,1.722783782327918
je020196d.xml,2003,20,YNQLUTRBYVCPMQ-UHFFFAOYSA-N,ZIBGPFATKBEMQZ-UHFFFAOYSA-N,ethylbenzene,triethylene glycol,363.15,8.7188,2.1654816137722204,Chromatography,True,train,1.7230568826426413
je020196d.xml,2003,20,YNQLUTRBYVCPMQ-UHFFFAOYSA-N,ZIBGPFATKBEMQZ-UHFFFAOYSA-N,ethylbenzene,triethylene glycol,373.15,8.3906,2.127112031628925,Chromatography,True,train,1.6700803530878783
je020196d.xml,2003,20,YNQLUTRBYVCPMQ-UHFFFAOYSA-N,ZIBGPFATKBEMQZ-UHFFFAOYSA-N,ethylbenzene,triethylene glycol,383.15,7.942,2.07216513270906,Chromatography,True,train,1.6202632266394281
je020196d.xml,2003,20,YNQLUTRBYVCPMQ-UHFFFAOYSA-N,ZIBGPFATKBEMQZ-UHFFFAOYSA-N,ethylbenzene,triethylene glycol,393.15,7.7208,2.043917985610789,Chromatography,True,train,1.5733842426676639
j.fluid.2007.09.021.xml,2008,13,YNQLUTRBYVCPMQ-UHFFFAOYSA-N,ZSIAUFGUXNUGDI-UHFFFAOYSA-N,ethylbenzene,1-hexanol,323.15,2.77,1.0188473201992472,Chromatography,True,test_one,0.7916634392088759
j.jct.2010.04.011.xml,2010,2,YVXHZKKCZYLQOP-UHFFFAOYSA-N,IAZDPXIOMUYVGZ-UHFFFAOYSA-N,1-heptyne,dimethyl sulfoxide,298.0,6.9,1.9315214116032136,Chromatography,True,test_one,-0.25969969229167833
j.fluid.2016.10.009.xml,2017,6,YVXHZKKCZYLQOP-UHFFFAOYSA-N,JUJWROOIHBZHMG-UHFFFAOYSA-N,1-heptyne,pyridine,298.15,1.55,0.4382549309311553,Other,True,train,0.32494202198303684
j.jct.2013.05.011.xml,2013,14,YVXHZKKCZYLQOP-UHFFFAOYSA-N,MTHSVFCYNBDYFN-UHFFFAOYSA-N,1-heptyne,diethylene glycol,333.2,20.27,3.0091419604639085,Chromatography,True,test_one,2.5946556215998506
j.jct.2013.05.011.xml,2013,14,YVXHZKKCZYLQOP-UHFFFAOYSA-N,MTHSVFCYNBDYFN-UHFFFAOYSA-N,1-heptyne,diethylene glycol,348.2,20.83,3.0363942552728806,Chromatography,True,test_one,2.4831498236942258
j.jct.2013.05.011.xml,2013,14,YVXHZKKCZYLQOP-UHFFFAOYSA-N,MTHSVFCYNBDYFN-UHFFFAOYSA-N,1-heptyne,diethylene glycol,363.2,19.34,2.962175490025148,Chromatography,True,test_one,2.379696127148264
j.jct.2013.02.006.xml,2013,35,YVXHZKKCZYLQOP-UHFFFAOYSA-N,SECXISVLQFMRJM-UHFFFAOYSA-N,1-heptyne,1-methylpyrrolidone,333.2,1.72,0.5423242908253617,Chromatography,True,train,-1.0394590872829086
j.jct.2013.02.006.xml,2013,35,YVXHZKKCZYLQOP-UHFFFAOYSA-N,SECXISVLQFMRJM-UHFFFAOYSA-N,1-heptyne,1-methylpyrrolidone,348.2,1.79,0.5822156198526637,Chromatography,True,train,-0.9513317538595181
j.jct.2013.02.006.xml,2013,35,YVXHZKKCZYLQOP-UHFFFAOYSA-N,SECXISVLQFMRJM-UHFFFAOYSA-N,1-heptyne,1-methylpyrrolidone,363.2,1.92,0.6523251860396901,Chromatography,True,train,-0.871741865524756
j.jct.2013.05.011.xml,2013,37,YVXHZKKCZYLQOP-UHFFFAOYSA-N,ZIBGPFATKBEMQZ-UHFFFAOYSA-N,1-heptyne,triethylene glycol,333.2,10.25,2.327277705584417,Chromatography,True,train,1.6167533215074001
j.jct.2013.05.011.xml,2013,37,YVXHZKKCZYLQOP-UHFFFAOYSA-N,ZIBGPFATKBEMQZ-UHFFFAOYSA-N,1-heptyne,triethylene glycol,348.2,9.04,2.201659174404085,Chromatography,True,train,1.542302660704618
j.jct.2013.05.011.xml,2013,37,YVXHZKKCZYLQOP-UHFFFAOYSA-N,ZIBGPFATKBEMQZ-UHFFFAOYSA-N,1-heptyne,triethylene glycol,363.2,8.99,2.196112848483529,Chromatography,True,train,1.474030429694811
je1005517.xml,2011,39,YWAKXRMUMFPDSH-UHFFFAOYSA-N,BTFJIXJJCSYFAL-UHFFFAOYSA-N,pentene,1-eicosanol,338.15,0.0813,-2.509609262428372,GC,True,train,0.564416548474163
je1005517.xml,2011,39,YWAKXRMUMFPDSH-UHFFFAOYSA-N,BTFJIXJJCSYFAL-UHFFFAOYSA-N,pentene,1-eicosanol,343.15,0.0742,-2.6009911288088023,GC,True,train,0.5450778895503456
je1005517.xml,2011,39,YWAKXRMUMFPDSH-UHFFFAOYSA-N,BTFJIXJJCSYFAL-UHFFFAOYSA-N,pentene,1-eicosanol,348.15,0.0664,-2.7120582224997487,GC,True,train,0.5264204607681386
je1005517.xml,2011,39,YWAKXRMUMFPDSH-UHFFFAOYSA-N,BTFJIXJJCSYFAL-UHFFFAOYSA-N,pentene,1-eicosanol,353.15,0.06,-2.8134107167600364,GC,True,train,0.5084095253329242
je1005517.xml,2011,17,YWAKXRMUMFPDSH-UHFFFAOYSA-N,GLDOVTGHNKAZLK-UHFFFAOYSA-N,pentene,1-octadecanol,333.15,0.0261,-3.6458199646534895,GC,True,train,0.5287266308071658
je1005517.xml,2011,17,YWAKXRMUMFPDSH-UHFFFAOYSA-N,GLDOVTGHNKAZLK-UHFFFAOYSA-N,pentene,1-octadecanol,338.15,0.0245,-3.709082161431456,GC,True,train,0.5102963179541873
je1005517.xml,2011,17,YWAKXRMUMFPDSH-UHFFFAOYSA-N,GLDOVTGHNKAZLK-UHFFFAOYSA-N,pentene,1-octadecanol,343.15,0.0234,-3.7550192566184815,GC,True,train,0.49254483710953595
je1005517.xml,2011,17,YWAKXRMUMFPDSH-UHFFFAOYSA-N,GLDOVTGHNKAZLK-UHFFFAOYSA-N,pentene,1-octadecanol,348.15,0.0222,-3.807662990103904,GC,True,train,0.4754364842689681
je1005517.xml,2011,17,YWAKXRMUMFPDSH-UHFFFAOYSA-N,GLDOVTGHNKAZLK-UHFFFAOYSA-N,pentene,1-octadecanol,353.15,0.0213,-3.8490482062667577,GC,True,train,0.4589378135796466
j.jct.2013.05.011.xml,2013,9,YWAKXRMUMFPDSH-UHFFFAOYSA-N,MTHSVFCYNBDYFN-UHFFFAOYSA-N,1-pentene,diethylene glycol,333.2,35.33,3.5647324613710536,Chromatography,True,test_one,2.8339930073973774
j.jct.2013.05.011.xml,2013,9,YWAKXRMUMFPDSH-UHFFFAOYSA-N,MTHSVFCYNBDYFN-UHFFFAOYSA-N,1-pentene,diethylene glycol,348.2,32.92,3.494080375808869,Chromatography,True,test_one,2.719431481658546
j.jct.2013.05.011.xml,2013,9,YWAKXRMUMFPDSH-UHFFFAOYSA-N,MTHSVFCYNBDYFN-UHFFFAOYSA-N,1-pentene,diethylene glycol,363.2,27.58,3.3170908723651555,Chromatography,True,test_one,2.61245366349127
je200628n.xml,2011,5,YWAKXRMUMFPDSH-UHFFFAOYSA-N,PWGJDPKCLMLPJW-UHFFFAOYSA-N,1-pentene,"1,8-diaminooctane",328.15,2.815,1.0349622615916536,Chromatography,True,train,0.6133966148183075
je200628n.xml,2011,5,YWAKXRMUMFPDSH-UHFFFAOYSA-N,PWGJDPKCLMLPJW-UHFFFAOYSA-N,1-pentene,"1,8-diaminooctane",338.15,2.704,0.9947321581807176,Chromatography,True,train,0.5937053605500114
je200628n.xml,2011,5,YWAKXRMUMFPDSH-UHFFFAOYSA-N,PWGJDPKCLMLPJW-UHFFFAOYSA-N,1-pentene,"1,8-diaminooctane",343.15,2.665,0.9802040576178078,Chromatography,True,train,0.5841668008399227
je200628n.xml,2011,5,YWAKXRMUMFPDSH-UHFFFAOYSA-N,PWGJDPKCLMLPJW-UHFFFAOYSA-N,1-pentene,"1,8-diaminooctane",348.15,2.647,0.9734269232449642,Chromatography,True,train,0.5748238999195624
j.jct.2013.02.006.xml,2013,29,YWAKXRMUMFPDSH-UHFFFAOYSA-N,SECXISVLQFMRJM-UHFFFAOYSA-N,1-pentene,1-methylpyrrolidone,333.2,4.75,1.55814461804655,Chromatography,True,train,0.08782851830931594
j.jct.2013.02.006.xml,2013,29,YWAKXRMUMFPDSH-UHFFFAOYSA-N,SECXISVLQFMRJM-UHFFFAOYSA-N,1-pentene,1-methylpyrrolidone,348.2,4.84,1.5769147207285403,Chromatography,True,train,0.10708207764676361
j.jct.2013.02.006.xml,2013,29,YWAKXRMUMFPDSH-UHFFFAOYSA-N,SECXISVLQFMRJM-UHFFFAOYSA-N,1-pentene,1-methylpyrrolidone,363.2,4.99,1.6074359097634274,Chromatography,True,train,0.12361807618884278
j.jct.2013.05.011.xml,2013,32,YWAKXRMUMFPDSH-UHFFFAOYSA-N,ZIBGPFATKBEMQZ-UHFFFAOYSA-N,1-pentene,triethylene glycol,333.2,17.52,2.8633430855082453,Chromatography,True,train,1.9850129176023121
j.jct.2013.05.011.xml,2013,32,YWAKXRMUMFPDSH-UHFFFAOYSA-N,ZIBGPFATKBEMQZ-UHFFFAOYSA-N,1-pentene,triethylene glycol,348.2,16.09,2.778197961004292,Chromatography,True,train,1.8952258481391557
j.jct.2013.05.011.xml,2013,32,YWAKXRMUMFPDSH-UHFFFAOYSA-N,ZIBGPFATKBEMQZ-UHFFFAOYSA-N,1-pentene,triethylene glycol,363.2,14.83,2.696652156149841,Chromatography,True,train,1.8121223932443113
j.tca.2015.11.010.xml,2016,17,YXFVVABEGXRONW-UHFFFAOYSA-N,ATHHXGZTWNVVOU-UHFFFAOYSA-N,toluene,N-methylformamide,298.15,7.0,1.9459101490553128,Chromatography,True,train,1.8906252004526927
je1005517.xml,2011,42,YXFVVABEGXRONW-UHFFFAOYSA-N,BTFJIXJJCSYFAL-UHFFFAOYSA-N,toluene,1-eicosanol,338.15,0.5437,-0.6093576548302622,GC,True,train,0.7858373744811981
je1005517.xml,2011,42,YXFVVABEGXRONW-UHFFFAOYSA-N,BTFJIXJJCSYFAL-UHFFFAOYSA-N,toluene,1-eicosanol,343.15,0.4793,-0.7354285728165515,GC,True,train,0.7597224077830509
je1005517.xml,2011,42,YXFVVABEGXRONW-UHFFFAOYSA-N,BTFJIXJJCSYFAL-UHFFFAOYSA-N,toluene,1-eicosanol,348.15,0.4207,-0.8658352883856618,GC,True,train,0.7345963362613698
je1005517.xml,2011,42,YXFVVABEGXRONW-UHFFFAOYSA-N,BTFJIXJJCSYFAL-UHFFFAOYSA-N,toluene,1-eicosanol,353.15,0.3731,-0.9859087987550248,GC,True,train,0.7104086537712792
j.jct.2015.12.034.xml,2016,10,YXFVVABEGXRONW-UHFFFAOYSA-N,CSCPPACGZOOCGX-UHFFFAOYSA-N,toluene,acetone,298.15,2.01,0.6981347220709843,Other,True,train,0.12884364829565348
j.jct.2014.06.006.xml,2014,4,YXFVVABEGXRONW-UHFFFAOYSA-N,DNIAPMSPPWPWGF-UHFFFAOYSA-N,toluene,propylene glycol,298.0,17.0,2.833213344056216,Chromatography,True,train,
j.jct.2012.12.009.xml,2013,65,YXFVVABEGXRONW-UHFFFAOYSA-N,DTOSIQBPPRVQHS-PDBXOOCHSA-N,methylbenzene,"9,12,15-octadecatrienoic acid",313.25,1.171,0.1578580846155803,Chromatography,True,train,
j.jct.2012.12.009.xml,2013,65,YXFVVABEGXRONW-UHFFFAOYSA-N,DTOSIQBPPRVQHS-PDBXOOCHSA-N,methylbenzene,"9,12,15-octadecatrienoic acid",323.26,1.204,0.1856493468866292,Chromatography,True,train,
j.jct.2012.06.009.xml,2012,4,YXFVVABEGXRONW-UHFFFAOYSA-N,GHVNFZFCNZKVNT-UHFFFAOYSA-N,phenylmethane,capric acid,314.1,1.151,0.1406311297397456,Chromatography,True,train,0.517762991945228
j.jct.2012.06.009.xml,2012,4,YXFVVABEGXRONW-UHFFFAOYSA-N,GHVNFZFCNZKVNT-UHFFFAOYSA-N,phenylmethane,capric acid,314.24,1.174,0.1604167214059046,Chromatography,True,train,0.517190027673821
j.jct.2012.06.009.xml,2012,4,YXFVVABEGXRONW-UHFFFAOYSA-N,GHVNFZFCNZKVNT-UHFFFAOYSA-N,phenylmethane,capric acid,333.26,1.122,0.1151128071005046,Chromatography,True,train,0.4459587427235501
j.jct.2012.06.009.xml,2012,4,YXFVVABEGXRONW-UHFFFAOYSA-N,GHVNFZFCNZKVNT-UHFFFAOYSA-N,phenylmethane,capric acid,333.38,1.116,0.1097508639591192,Chromatography,True,train,0.44554839295130727
j.jct.2012.06.009.xml,2012,4,YXFVVABEGXRONW-UHFFFAOYSA-N,GHVNFZFCNZKVNT-UHFFFAOYSA-N,phenylmethane,capric acid,353.25,1.144,0.134530892957606,Chromatography,True,train,0.3834966365553238
j.jct.2012.06.009.xml,2012,4,YXFVVABEGXRONW-UHFFFAOYSA-N,GHVNFZFCNZKVNT-UHFFFAOYSA-N,phenylmethane,capric acid,353.3,1.156,0.1449657702501856,Chromatography,True,train,0.3833542479799122
je1005517.xml,2011,20,YXFVVABEGXRONW-UHFFFAOYSA-N,GLDOVTGHNKAZLK-UHFFFAOYSA-N,toluene,1-octadecanol,333.15,0.0372,-3.291446517703036,GC,True,train,0.7274474312416664
je1005517.xml,2011,20,YXFVVABEGXRONW-UHFFFAOYSA-N,GLDOVTGHNKAZLK-UHFFFAOYSA-N,toluene,1-octadecanol,338.15,0.0355,-3.338222582500767,GC,True,train,0.7024996480070647
je1005517.xml,2011,20,YXFVVABEGXRONW-UHFFFAOYSA-N,GLDOVTGHNKAZLK-UHFFFAOYSA-N,toluene,1-octadecanol,343.15,0.0343,-3.372609924810243,GC,True,train,0.6785381575661945
je1005517.xml,2011,20,YXFVVABEGXRONW-UHFFFAOYSA-N,GLDOVTGHNKAZLK-UHFFFAOYSA-N,toluene,1-octadecanol,348.15,0.0331,-3.40822199659912,GC,True,train,0.6555111708780555
je1005517.xml,2011,20,YXFVVABEGXRONW-UHFFFAOYSA-N,GLDOVTGHNKAZLK-UHFFFAOYSA-N,toluene,1-octadecanol,353.15,0.0318,-3.448288989196006,GC,True,train,0.6333700358853724
je700139p.xml,2007,1,YXFVVABEGXRONW-UHFFFAOYSA-N,HXJUTPCZVOIRIF-UHFFFAOYSA-N,toluene,sulfolane,333.15,3.457,1.2404011609394874,Chromatography,True,test_one,0.20894099398924304
je700139p.xml,2007,1,YXFVVABEGXRONW-UHFFFAOYSA-N,HXJUTPCZVOIRIF-UHFFFAOYSA-N,toluene,sulfolane,343.15,3.382,1.2184672504763885,Chromatography,True,test_one,0.23623832218514385
je700139p.xml,2007,1,YXFVVABEGXRONW-UHFFFAOYSA-N,HXJUTPCZVOIRIF-UHFFFAOYSA-N,toluene,sulfolane,353.15,3.291,1.191191469961203,Chromatography,True,test_one,0.2612004876416698
je700139p.xml,2007,1,YXFVVABEGXRONW-UHFFFAOYSA-N,HXJUTPCZVOIRIF-UHFFFAOYSA-N,toluene,sulfolane,363.15,3.228,1.1718627504077024,Chromatography,True,test_one,0.28399081119802133
je700139p.xml,2007,1,YXFVVABEGXRONW-UHFFFAOYSA-N,HXJUTPCZVOIRIF-UHFFFAOYSA-N,toluene,sulfolane,373.15,3.197,1.1622128700777044,Chromatography,True,test_one,0.304760220949248
j.jct.2012.01.016.xml,2012,6,YXFVVABEGXRONW-UHFFFAOYSA-N,HYBBIBNJHNGZAN-UHFFFAOYSA-N,toluene,2-furaldehyde,298.15,3.72,1.3137236682850553,Headspace solid phase microextraction,True,test_one,1.0875557133308058
j.jct.2012.01.016.xml,2012,6,YXFVVABEGXRONW-UHFFFAOYSA-N,HYBBIBNJHNGZAN-UHFFFAOYSA-N,toluene,2-furaldehyde,298.15,3.46,1.2412685890696329,Headspace solid phase microextraction,True,test_one,1.0875557133308058
j.jct.2012.01.016.xml,2012,6,YXFVVABEGXRONW-UHFFFAOYSA-N,HYBBIBNJHNGZAN-UHFFFAOYSA-N,toluene,2-furaldehyde,308.15,3.79,1.332366019094335,Headspace solid phase microextraction,True,test_one,1.0630638733460531
j.jct.2012.01.016.xml,2012,6,YXFVVABEGXRONW-UHFFFAOYSA-N,HYBBIBNJHNGZAN-UHFFFAOYSA-N,toluene,2-furaldehyde,308.15,3.33,1.2029723039923526,Headspace solid phase microextraction,True,test_one,1.0630638733460531
j.jct.2012.01.016.xml,2012,6,YXFVVABEGXRONW-UHFFFAOYSA-N,HYBBIBNJHNGZAN-UHFFFAOYSA-N,toluene,2-furaldehyde,318.15,5.3,1.667706820558076,Headspace solid phase microextraction,True,test_one,1.039339082788271
j.jct.2012.01.016.xml,2012,6,YXFVVABEGXRONW-UHFFFAOYSA-N,HYBBIBNJHNGZAN-UHFFFAOYSA-N,toluene,2-furaldehyde,318.15,3.8,1.33500106673234,Headspace solid phase microextraction,True,test_one,1.039339082788271
j.jct.2012.06.009.xml,2012,68,YXFVVABEGXRONW-UHFFFAOYSA-N,IPCSVZSSVZVIGE-UHFFFAOYSA-N,phenylmethane,hexadecanoic acid,340.19,0.934,-0.0682788407532943,Chromatography,True,train,0.5715077436850869
j.jct.2012.06.009.xml,2012,68,YXFVVABEGXRONW-UHFFFAOYSA-N,IPCSVZSSVZVIGE-UHFFFAOYSA-N,phenylmethane,hexadecanoic acid,348.01,0.935,-0.0672087496934499,Chromatography,True,train,0.5413218857645354
j.jct.2012.06.009.xml,2012,68,YXFVVABEGXRONW-UHFFFAOYSA-N,IPCSVZSSVZVIGE-UHFFFAOYSA-N,phenylmethane,hexadecanoic acid,358.22,0.934,-0.0682788407532943,Chromatography,True,train,0.5045694351103687
j.fluid.2013.06.028.xml,2013,9,YXFVVABEGXRONW-UHFFFAOYSA-N,LYCAIKOWRPUZTN-UHFFFAOYSA-N,methylbenzene,"1,2-dihydroxyethane",298.0,93.0,4.532599493153256,Chromatography,True,train,4.997825571477039
j.jct.2013.05.011.xml,2013,25,YXFVVABEGXRONW-UHFFFAOYSA-N,MTHSVFCYNBDYFN-UHFFFAOYSA-N,toluene,diethylene glycol,333.2,11.22,2.4176979000945504,Chromatography,True,test_one,2.374214095946977
j.jct.2013.05.011.xml,2013,25,YXFVVABEGXRONW-UHFFFAOYSA-N,MTHSVFCYNBDYFN-UHFFFAOYSA-N,toluene,diethylene glycol,348.2,10.94,2.392425796993835,Chromatography,True,test_one,2.262555250971095
j.jct.2013.05.011.xml,2013,25,YXFVVABEGXRONW-UHFFFAOYSA-N,MTHSVFCYNBDYFN-UHFFFAOYSA-N,toluene,diethylene glycol,363.2,10.53,2.354228326145884,Chromatography,True,test_one,2.1598246415703617
j.jct.2012.12.009.xml,2013,45,YXFVVABEGXRONW-UHFFFAOYSA-N,OYHQOLUKZRVURQ-HZJYTTRNSA-N,methylbenzene,linoleic acid,338.28,1.097,0.0925791812930931,Chromatography,True,train,0.5274163345405392
j.jct.2012.12.009.xml,2013,45,YXFVVABEGXRONW-UHFFFAOYSA-N,OYHQOLUKZRVURQ-HZJYTTRNSA-N,methylbenzene,linoleic acid,338.28,1.094,0.0898407039997895,Chromatography,True,train,0.5274163345405392
j.jct.2012.12.009.xml,2013,45,YXFVVABEGXRONW-UHFFFAOYSA-N,OYHQOLUKZRVURQ-HZJYTTRNSA-N,methylbenzene,linoleic acid,348.31,1.165,0.1527210870176639,Chromatography,True,train,0.4923063613578147
j.jct.2012.12.009.xml,2013,45,YXFVVABEGXRONW-UHFFFAOYSA-N,OYHQOLUKZRVURQ-HZJYTTRNSA-N,methylbenzene,linoleic acid,348.28,1.192,0.1756325686431579,Chromatography,True,train,0.4924073893727217
j.jct.2012.12.009.xml,2013,45,YXFVVABEGXRONW-UHFFFAOYSA-N,OYHQOLUKZRVURQ-HZJYTTRNSA-N,methylbenzene,linoleic acid,358.3,1.263,0.233489843368354,Chromatography,True,train,0.4599008669283047
je050316s.xml,2006,33,YXFVVABEGXRONW-UHFFFAOYSA-N,PAFZNILMFXTMIY-UHFFFAOYSA-N,toluene,cyclohexylamine,353.15,1.14,0.131028262406404,Differential ebulliometry,True,train,0.1778545075301368
je050316s.xml,2006,33,YXFVVABEGXRONW-UHFFFAOYSA-N,PAFZNILMFXTMIY-UHFFFAOYSA-N,toluene,cyclohexylamine,373.15,1.13,0.1222176327242491,Differential ebulliometry,True,train,0.1520051740313424
je050316s.xml,2006,33,YXFVVABEGXRONW-UHFFFAOYSA-N,PAFZNILMFXTMIY-UHFFFAOYSA-N,toluene,cyclohexylamine,393.15,1.06,0.0582689081239758,Differential ebulliometry,True,train,0.13070229443195103
je900686n.xml,2010,11,YXFVVABEGXRONW-UHFFFAOYSA-N,PEDCQBHIVMGVHV-UHFFFAOYSA-N,toluene,glycerol,303.15,128.42,4.855306142365902,Chromatography,True,test_one,4.453265277138899
je900686n.xml,2010,11,YXFVVABEGXRONW-UHFFFAOYSA-N,PEDCQBHIVMGVHV-UHFFFAOYSA-N,toluene,glycerol,313.15,110.67,4.706552800276694,Chromatography,True,test_one,4.327933787192179
je900686n.xml,2010,11,YXFVVABEGXRONW-UHFFFAOYSA-N,PEDCQBHIVMGVHV-UHFFFAOYSA-N,toluene,glycerol,323.15,91.07,4.511628441579727,Chromatography,True,test_one,4.204760618208849
je900686n.xml,2010,11,YXFVVABEGXRONW-UHFFFAOYSA-N,PEDCQBHIVMGVHV-UHFFFAOYSA-N,toluene,glycerol,333.15,76.07,4.33165396900921,Chromatography,True,test_one,4.084625141361049
je900686n.xml,2010,11,YXFVVABEGXRONW-UHFFFAOYSA-N,PEDCQBHIVMGVHV-UHFFFAOYSA-N,toluene,glycerol,343.15,60.04,4.095011006765261,Chromatography,True,test_one,3.968165216760832
j.jct.2012.06.009.xml,2012,25,YXFVVABEGXRONW-UHFFFAOYSA-N,POULHZVOKOAJMA-UHFFFAOYSA-N,phenylmethane,lauric acid,314.1,1.064,0.0620353909194527,Chromatography,True,train,0.5738780249832439
j.jct.2012.06.009.xml,2012,25,YXFVVABEGXRONW-UHFFFAOYSA-N,POULHZVOKOAJMA-UHFFFAOYSA-N,phenylmethane,lauric acid,314.24,1.078,0.0751074724868054,Chromatography,True,train,0.5732511821247458
j.jct.2012.06.009.xml,2012,25,YXFVVABEGXRONW-UHFFFAOYSA-N,POULHZVOKOAJMA-UHFFFAOYSA-N,phenylmethane,lauric acid,333.26,1.067,0.0648509723196162,Chromatography,True,train,0.49509507465049596
j.jct.2012.06.009.xml,2012,25,YXFVVABEGXRONW-UHFFFAOYSA-N,POULHZVOKOAJMA-UHFFFAOYSA-N,phenylmethane,lauric acid,333.38,1.04,0.0392207131532813,Chromatography,True,train,0.4946432527458382
j.jct.2012.06.009.xml,2012,25,YXFVVABEGXRONW-UHFFFAOYSA-N,POULHZVOKOAJMA-UHFFFAOYSA-N,phenylmethane,lauric acid,353.3,1.052,0.0506931143155181,Chromatography,True,train,0.42588254920810026
je200628n.xml,2011,23,YXFVVABEGXRONW-UHFFFAOYSA-N,PWGJDPKCLMLPJW-UHFFFAOYSA-N,toluene,"1,8-diaminooctane",328.15,2.389,0.8708748683436724,Chromatography,True,train,0.49589056665279485
je200628n.xml,2011,23,YXFVVABEGXRONW-UHFFFAOYSA-N,PWGJDPKCLMLPJW-UHFFFAOYSA-N,toluene,"1,8-diaminooctane",338.15,2.173,0.7761087012742927,Chromatography,True,train,0.466029232148448
je200628n.xml,2011,23,YXFVVABEGXRONW-UHFFFAOYSA-N,PWGJDPKCLMLPJW-UHFFFAOYSA-N,toluene,"1,8-diaminooctane",343.15,2.111,0.7471617688661837,Chromatography,True,train,0.4519517469194942
je200628n.xml,2011,23,YXFVVABEGXRONW-UHFFFAOYSA-N,PWGJDPKCLMLPJW-UHFFFAOYSA-N,toluene,"1,8-diaminooctane",348.15,2.067,0.7260982806996313,Chromatography,True,train,0.43840715000329955
j.jct.2012.12.009.xml,2013,4,YXFVVABEGXRONW-UHFFFAOYSA-N,QIQXTHQIDYTFRH-UHFFFAOYSA-N,methylbenzene,n-octadecanoic acid,349.47,0.903,-0.1020327255651516,Chromatography,True,train,0.6096090478410459
j.jct.2012.12.009.xml,2013,4,YXFVVABEGXRONW-UHFFFAOYSA-N,QIQXTHQIDYTFRH-UHFFFAOYSA-N,methylbenzene,n-octadecanoic acid,349.48,0.869,-0.140412153716745,Chromatography,True,train,0.6095676059361809
j.jct.2012.12.009.xml,2013,4,YXFVVABEGXRONW-UHFFFAOYSA-N,QIQXTHQIDYTFRH-UHFFFAOYSA-N,methylbenzene,n-octadecanoic acid,358.39,0.892,-0.1142891464021276,Chromatography,True,train,0.5738361635561163
j.jct.2012.12.009.xml,2013,4,YXFVVABEGXRONW-UHFFFAOYSA-N,QIQXTHQIDYTFRH-UHFFFAOYSA-N,methylbenzene,n-octadecanoic acid,368.13,0.872,-0.1369658550731574,Chromatography,True,train,0.5373363465092551
j.jct.2013.02.006.xml,2013,46,YXFVVABEGXRONW-UHFFFAOYSA-N,SECXISVLQFMRJM-UHFFFAOYSA-N,methylbenzene,1-methylpyrrolidone,333.2,1.39,0.3293037471426003,Chromatography,True,train,-0.4642427860802513
j.jct.2013.02.006.xml,2013,46,YXFVVABEGXRONW-UHFFFAOYSA-N,SECXISVLQFMRJM-UHFFFAOYSA-N,methylbenzene,1-methylpyrrolidone,348.2,1.35,0.3001045924503381,Chromatography,True,train,-0.4265323454157145
j.jct.2013.02.006.xml,2013,46,YXFVVABEGXRONW-UHFFFAOYSA-N,SECXISVLQFMRJM-UHFFFAOYSA-N,methylbenzene,1-methylpyrrolidone,363.2,1.42,0.3506568716131693,Chromatography,True,train,-0.39195691621715806
j.jct.2012.06.009.xml,2012,47,YXFVVABEGXRONW-UHFFFAOYSA-N,TUNFSRHWOTWDNC-UHFFFAOYSA-N,phenylmethane,tetradecanoic acid,338.27,0.926,-0.0768810443359576,Chromatography,True,train,0.5541152739670689
j.jct.2012.06.009.xml,2012,47,YXFVVABEGXRONW-UHFFFAOYSA-N,TUNFSRHWOTWDNC-UHFFFAOYSA-N,phenylmethane,tetradecanoic acid,338.29,1.01,0.009950330853168,Chromatography,True,train,0.5540388584418161
j.jct.2012.06.009.xml,2012,47,YXFVVABEGXRONW-UHFFFAOYSA-N,TUNFSRHWOTWDNC-UHFFFAOYSA-N,phenylmethane,tetradecanoic acid,348.2,0.958,-0.0429075010112765,Chromatography,True,train,0.5176576067206247
j.jct.2012.06.009.xml,2012,47,YXFVVABEGXRONW-UHFFFAOYSA-N,TUNFSRHWOTWDNC-UHFFFAOYSA-N,phenylmethane,tetradecanoic acid,358.33,0.93,-0.0725706928348353,Chromatography,True,train,0.4833148953986655
je020196d.xml,2003,26,YXFVVABEGXRONW-UHFFFAOYSA-N,UWHCKJMYHZGTIT-UHFFFAOYSA-N,toluene,tetraethylene glycol,333.15,4.4984,1.503721777995855,Chromatography,True,train,1.1293251214190119
je020196d.xml,2003,26,YXFVVABEGXRONW-UHFFFAOYSA-N,UWHCKJMYHZGTIT-UHFFFAOYSA-N,toluene,tetraethylene glycol,353.15,4.0183,1.3908589276174703,Chromatography,True,train,1.038986671239562
je020196d.xml,2003,26,YXFVVABEGXRONW-UHFFFAOYSA-N,UWHCKJMYHZGTIT-UHFFFAOYSA-N,toluene,tetraethylene glycol,363.15,3.8479,1.347527544939791,Chromatography,True,train,0.9981869051436406
je020196d.xml,2003,26,YXFVVABEGXRONW-UHFFFAOYSA-N,UWHCKJMYHZGTIT-UHFFFAOYSA-N,toluene,tetraethylene glycol,373.15,3.6163,1.2854514036903275,Chromatography,True,train,0.9600366421696059
je020196d.xml,2003,26,YXFVVABEGXRONW-UHFFFAOYSA-N,UWHCKJMYHZGTIT-UHFFFAOYSA-N,toluene,tetraethylene glycol,383.15,3.4624,1.2419619902299708,Chromatography,True,train,0.9243319579407668
je020196d.xml,2003,26,YXFVVABEGXRONW-UHFFFAOYSA-N,UWHCKJMYHZGTIT-UHFFFAOYSA-N,toluene,tetraethylene glycol,393.15,3.3673,1.2141112362988604,Chromatography,True,train,0.8908736239303784
je020196d.xml,2003,26,YXFVVABEGXRONW-UHFFFAOYSA-N,UWHCKJMYHZGTIT-UHFFFAOYSA-N,toluene,tetraethylene glycol,403.15,3.212,1.1668937960845154,Chromatography,True,train,0.8594719229546252
j.jct.2015.12.034.xml,2016,14,YXFVVABEGXRONW-UHFFFAOYSA-N,WEVYAHXRMPXWCK-UHFFFAOYSA-N,toluene,acetonitrile,298.15,3.95,1.3737155789130306,Other,True,train,1.864422440938072
j.jct.2014.06.006.xml,2014,26,YXFVVABEGXRONW-UHFFFAOYSA-N,XNWFRZJHXBZDAG-UHFFFAOYSA-N,toluene,methyl cellosolve,298.0,3.6,1.2809338454620642,Chromatography,True,train,1.5045221167152694
j.jct.2013.05.006.xml,2013,6,YXFVVABEGXRONW-UHFFFAOYSA-N,ZHNUHDYFZUAESO-UHFFFAOYSA-N,toluene,formamide,298.0,81.0,4.394449154672439,Chromatography,True,train,6.847457339480137
je020196d.xml,2003,19,YXFVVABEGXRONW-UHFFFAOYSA-N,ZIBGPFATKBEMQZ-UHFFFAOYSA-N,toluene,triethylene glycol,323.15,7.1078,1.9611927725864704,Chromatography,True,train,1.59598177264793
j.jct.2013.05.011.xml,2013,48,YXFVVABEGXRONW-UHFFFAOYSA-N,ZIBGPFATKBEMQZ-UHFFFAOYSA-N,toluene,triethylene glycol,333.2,5.88,1.7715567619105357,Chromatography,True,train,1.538047094414106
je020196d.xml,2003,19,YXFVVABEGXRONW-UHFFFAOYSA-N,ZIBGPFATKBEMQZ-UHFFFAOYSA-N,toluene,triethylene glycol,333.15,6.7965,1.9164077737931653,Chromatography,True,train,1.538326837764614
je020196d.xml,2003,19,YXFVVABEGXRONW-UHFFFAOYSA-N,ZIBGPFATKBEMQZ-UHFFFAOYSA-N,toluene,triethylene glycol,343.15,6.5103,1.873385538108,Chromatography,True,train,1.4840483557797848
j.jct.2013.05.011.xml,2013,48,YXFVVABEGXRONW-UHFFFAOYSA-N,ZIBGPFATKBEMQZ-UHFFFAOYSA-N,toluene,triethylene glycol,348.2,5.73,1.7457155307266483,Chromatography,True,train,1.457894300856846
je020196d.xml,2003,19,YXFVVABEGXRONW-UHFFFAOYSA-N,ZIBGPFATKBEMQZ-UHFFFAOYSA-N,toluene,triethylene glycol,353.15,6.2512,1.832773445318669,Chromatography,True,train,1.4330554316566262
j.jct.2013.05.011.xml,2013,48,YXFVVABEGXRONW-UHFFFAOYSA-N,ZIBGPFATKBEMQZ-UHFFFAOYSA-N,toluene,triethylene glycol,363.2,5.55,1.713797927758343,Chromatography,True,train,1.3849729669329718
je020196d.xml,2003,19,YXFVVABEGXRONW-UHFFFAOYSA-N,ZIBGPFATKBEMQZ-UHFFFAOYSA-N,toluene,triethylene glycol,363.15,5.9922,1.790458623495007,Chromatography,True,train,1.3852046124652484
je020196d.xml,2003,19,YXFVVABEGXRONW-UHFFFAOYSA-N,ZIBGPFATKBEMQZ-UHFFFAOYSA-N,toluene,triethylene glycol,373.15,5.8481,1.7661168221644774,Chromatography,True,train,1.3403200243952316
je020196d.xml,2003,19,YXFVVABEGXRONW-UHFFFAOYSA-N,ZIBGPFATKBEMQZ-UHFFFAOYSA-N,toluene,triethylene glycol,383.15,5.5627,1.716083601902171,Chromatography,True,train,1.2982085917363375
je020196d.xml,2003,19,YXFVVABEGXRONW-UHFFFAOYSA-N,ZIBGPFATKBEMQZ-UHFFFAOYSA-N,toluene,triethylene glycol,393.15,5.512,1.7069275337113574,Chromatography,True,train,1.2586711462913858
je1005517.xml,2011,40,ZGEGCLOFRBLKSE-UHFFFAOYSA-N,BTFJIXJJCSYFAL-UHFFFAOYSA-N,1-heptene,1-eicosanol,338.15,0.1237,-2.0898959995836948,GC,True,test_one,0.39747361093511935
je1005517.xml,2011,40,ZGEGCLOFRBLKSE-UHFFFAOYSA-N,BTFJIXJJCSYFAL-UHFFFAOYSA-N,1-heptene,1-eicosanol,343.15,0.1181,-2.1362235557788205,GC,True,test_one,0.3828490836184413
je1005517.xml,2011,40,ZGEGCLOFRBLKSE-UHFFFAOYSA-N,BTFJIXJJCSYFAL-UHFFFAOYSA-N,1-heptene,1-eicosanol,348.15,0.1126,-2.183913563276547,GC,True,test_one,0.3687861465904216
je1005517.xml,2011,40,ZGEGCLOFRBLKSE-UHFFFAOYSA-N,BTFJIXJJCSYFAL-UHFFFAOYSA-N,1-heptene,1-eicosanol,353.15,0.1076,-2.229334631254453,GC,True,test_one,0.35525390105210364
je1005517.xml,2011,18,ZGEGCLOFRBLKSE-UHFFFAOYSA-N,GLDOVTGHNKAZLK-UHFFFAOYSA-N,1-heptene,1-octadecanol,333.15,0.0431,-3.144232281872435,GC,True,test_one,0.38187768924908677
je1005517.xml,2011,18,ZGEGCLOFRBLKSE-UHFFFAOYSA-N,GLDOVTGHNKAZLK-UHFFFAOYSA-N,1-heptene,1-octadecanol,338.15,0.0417,-3.177254150177381,GC,True,test_one,0.3676748648387252
je1005517.xml,2011,18,ZGEGCLOFRBLKSE-UHFFFAOYSA-N,GLDOVTGHNKAZLK-UHFFFAOYSA-N,1-heptene,1-octadecanol,343.15,0.0407,-3.201527186533588,GC,True,test_one,0.3540484150975462
je1005517.xml,2011,18,ZGEGCLOFRBLKSE-UHFFFAOYSA-N,GLDOVTGHNKAZLK-UHFFFAOYSA-N,1-heptene,1-octadecanol,348.15,0.0397,-3.2264040912889924,GC,True,test_one,0.3409655866194847
je1005517.xml,2011,18,ZGEGCLOFRBLKSE-UHFFFAOYSA-N,GLDOVTGHNKAZLK-UHFFFAOYSA-N,1-heptene,1-octadecanol,353.15,0.0388,-3.249335032352909,GC,True,test_one,0.3283957983537106
j.fluid.2016.10.009.xml,2017,5,ZGEGCLOFRBLKSE-UHFFFAOYSA-N,JUJWROOIHBZHMG-UHFFFAOYSA-N,1-heptene,pyridine,298.15,3.57,1.2725655957915476,Other,True,test_one,1.5041215870760702
j.jct.2016.10.013.xml,2017,11,ZGEGCLOFRBLKSE-UHFFFAOYSA-N,LYCAIKOWRPUZTN-UHFFFAOYSA-N,1-heptene,ethylene glycol,303.15,570.0,6.345636360828596,Other,True,test_one,7.458476734332796
j.jct.2016.10.013.xml,2017,11,ZGEGCLOFRBLKSE-UHFFFAOYSA-N,LYCAIKOWRPUZTN-UHFFFAOYSA-N,1-heptene,ethylene glycol,313.15,503.0,6.220590170099739,Other,True,test_one,7.268084220729969
j.jct.2016.10.013.xml,2017,11,ZGEGCLOFRBLKSE-UHFFFAOYSA-N,LYCAIKOWRPUZTN-UHFFFAOYSA-N,1-heptene,ethylene glycol,323.15,452.0,6.113682179832232,Other,True,test_one,7.081437601232265
j.jct.2016.10.013.xml,2017,22,ZGEGCLOFRBLKSE-UHFFFAOYSA-N,MTHSVFCYNBDYFN-UHFFFAOYSA-N,1-heptene,diethylene glycol,304.15,84.0,4.430816798843313,Other,True,test_both,4.3740382662357975
j.jct.2016.10.013.xml,2017,22,ZGEGCLOFRBLKSE-UHFFFAOYSA-N,MTHSVFCYNBDYFN-UHFFFAOYSA-N,1-heptene,diethylene glycol,313.15,77.8,4.354141431184346,Other,True,test_both,4.265677595950206
j.jct.2016.10.013.xml,2017,22,ZGEGCLOFRBLKSE-UHFFFAOYSA-N,MTHSVFCYNBDYFN-UHFFFAOYSA-N,1-heptene,diethylene glycol,323.15,73.4,4.29592393562047,Other,True,test_both,4.148840101248285
j.jct.2013.05.011.xml,2013,11,ZGEGCLOFRBLKSE-UHFFFAOYSA-N,MTHSVFCYNBDYFN-UHFFFAOYSA-N,1-heptene,diethylene glycol,333.2,72.28,4.280547465724028,Chromatography,True,test_both,4.035650523009059
j.jct.2013.05.011.xml,2013,11,ZGEGCLOFRBLKSE-UHFFFAOYSA-N,MTHSVFCYNBDYFN-UHFFFAOYSA-N,1-heptene,diethylene glycol,348.2,66.59,4.198554416122531,Chromatography,True,test_both,3.8751433248008667
j.jct.2013.05.011.xml,2013,11,ZGEGCLOFRBLKSE-UHFFFAOYSA-N,MTHSVFCYNBDYFN-UHFFFAOYSA-N,1-heptene,diethylene glycol,363.2,60.45,4.101816577060802,Chromatography,True,test_both,3.7249274558145533
je200628n.xml,2011,7,ZGEGCLOFRBLKSE-UHFFFAOYSA-N,PWGJDPKCLMLPJW-UHFFFAOYSA-N,1-heptene,"1,8-diaminooctane",328.15,3.587,1.2773161985501456,Chromatography,True,test_one,0.7790192068887062
je200628n.xml,2011,7,ZGEGCLOFRBLKSE-UHFFFAOYSA-N,PWGJDPKCLMLPJW-UHFFFAOYSA-N,1-heptene,"1,8-diaminooctane",338.15,3.205,1.1647120903726331,Chromatography,True,test_one,0.760813748277214
je200628n.xml,2011,7,ZGEGCLOFRBLKSE-UHFFFAOYSA-N,PWGJDPKCLMLPJW-UHFFFAOYSA-N,1-heptene,"1,8-diaminooctane",343.15,3.026,1.1072416153661642,Chromatography,True,test_one,0.7518828561975438
je200628n.xml,2011,7,ZGEGCLOFRBLKSE-UHFFFAOYSA-N,PWGJDPKCLMLPJW-UHFFFAOYSA-N,1-heptene,"1,8-diaminooctane",348.15,2.928,1.074319596099065,Chromatography,True,test_one,0.7430642393145477
j.jct.2013.02.006.xml,2013,31,ZGEGCLOFRBLKSE-UHFFFAOYSA-N,SECXISVLQFMRJM-UHFFFAOYSA-N,1-heptene,1-methylpyrrolidone,333.2,6.37,1.851599469584072,Chromatography,True,test_one,0.2499821032414567
j.jct.2013.02.006.xml,2013,31,ZGEGCLOFRBLKSE-UHFFFAOYSA-N,SECXISVLQFMRJM-UHFFFAOYSA-N,1-heptene,1-methylpyrrolidone,348.2,6.24,1.8309801823813363,Chromatography,True,test_one,0.27278933193625177
j.jct.2013.02.006.xml,2013,31,ZGEGCLOFRBLKSE-UHFFFAOYSA-N,SECXISVLQFMRJM-UHFFFAOYSA-N,1-heptene,1-methylpyrrolidone,363.2,6.28,1.837369980480108,Chromatography,True,test_one,0.29167482831081676
j.jct.2013.05.011.xml,2013,34,ZGEGCLOFRBLKSE-UHFFFAOYSA-N,ZIBGPFATKBEMQZ-UHFFFAOYSA-N,1-heptene,triethylene glycol,333.2,34.38,3.5374749999547035,Chromatography,True,test_one,2.811898781090934
j.jct.2013.05.011.xml,2013,34,ZGEGCLOFRBLKSE-UHFFFAOYSA-N,ZIBGPFATKBEMQZ-UHFFFAOYSA-N,1-heptene,triethylene glycol,348.2,30.57,3.420019135902743,Chromatography,True,test_one,2.691359082951055
j.jct.2013.05.011.xml,2013,34,ZGEGCLOFRBLKSE-UHFFFAOYSA-N,ZIBGPFATKBEMQZ-UHFFFAOYSA-N,1-heptene,triethylene glycol,363.2,27.48,3.3134584673541485,Chromatography,True,test_one,2.579435485084902
je800517r.xml,2008,8,ZMXDDKWLCZADIW-UHFFFAOYSA-N,XLYOFNOQVPJJNP-UHFFFAOYSA-N,"N,N-dimethylformamide",water,343.73,1.23,0.2070141693843261,"comparative ebulliometry, circulation still, and differential distillation method",True,train,5.607132315177947
je800517r.xml,2008,8,ZMXDDKWLCZADIW-UHFFFAOYSA-N,XLYOFNOQVPJJNP-UHFFFAOYSA-N,"N,N-dimethylformamide",water,349.05,1.27,0.2390169004704999,"comparative ebulliometry, circulation still, and differential distillation method",True,train,5.579003775780225
je800517r.xml,2008,8,ZMXDDKWLCZADIW-UHFFFAOYSA-N,XLYOFNOQVPJJNP-UHFFFAOYSA-N,"N,N-dimethylformamide",water,353.45,1.3,0.262364264467491,"comparative ebulliometry, circulation still, and differential distillation method",True,train,5.554290234715971
je800517r.xml,2008,8,ZMXDDKWLCZADIW-UHFFFAOYSA-N,XLYOFNOQVPJJNP-UHFFFAOYSA-N,"N,N-dimethylformamide",water,357.91,1.3,0.262364264467491,"comparative ebulliometry, circulation still, and differential distillation method",True,train,5.52803688354652
je800517r.xml,2008,8,ZMXDDKWLCZADIW-UHFFFAOYSA-N,XLYOFNOQVPJJNP-UHFFFAOYSA-N,"N,N-dimethylformamide",water,358.5,1.36,0.3074846997479607,"comparative ebulliometry, circulation still, and differential distillation method",True,train,5.524479659050191
je800517r.xml,2008,8,ZMXDDKWLCZADIW-UHFFFAOYSA-N,XLYOFNOQVPJJNP-UHFFFAOYSA-N,"N,N-dimethylformamide",water,363.82,1.35,0.3001045924503381,"comparative ebulliometry, circulation still, and differential distillation method",True,train,5.491585541895686
je800517r.xml,2008,8,ZMXDDKWLCZADIW-UHFFFAOYSA-N,XLYOFNOQVPJJNP-UHFFFAOYSA-N,"N,N-dimethylformamide",water,368.38,1.59,0.4637340162321402,"comparative ebulliometry, circulation still, and differential distillation method",True,train,5.462312798102161
je800517r.xml,2008,8,ZMXDDKWLCZADIW-UHFFFAOYSA-N,XLYOFNOQVPJJNP-UHFFFAOYSA-N,"N,N-dimethylformamide",water,371.62,1.54,0.4317824164255378,"comparative ebulliometry, circulation still, and differential distillation method",True,train,5.440972571495499
je800517r.xml,2008,8,ZMXDDKWLCZADIW-UHFFFAOYSA-N,XLYOFNOQVPJJNP-UHFFFAOYSA-N,"N,N-dimethylformamide",water,372.0,1.66,0.5068176023684519,"comparative ebulliometry, circulation still, and differential distillation method",True,train,5.438442280908922
j.fluid.2007.09.021.xml,2008,12,ZSIAUFGUXNUGDI-UHFFFAOYSA-N,YNQLUTRBYVCPMQ-UHFFFAOYSA-N,1-hexanol,ethylbenzene,368.15,3.25,1.1786549963416462,Differential ebulliometry,True,test_one,0.5492991316627504
j.fluid.2007.09.021.xml,2008,12,ZSIAUFGUXNUGDI-UHFFFAOYSA-N,YNQLUTRBYVCPMQ-UHFFFAOYSA-N,1-hexanol,ethylbenzene,378.15,2.95,1.0818051703517284,Differential ebulliometry,True,test_one,0.5098277074804223
j.fluid.2007.09.021.xml,2008,12,ZSIAUFGUXNUGDI-UHFFFAOYSA-N,YNQLUTRBYVCPMQ-UHFFFAOYSA-N,1-hexanol,ethylbenzene,388.15,2.62,0.9631743177730056,Differential ebulliometry,True,test_one,0.47467470213195173
j.fluid.2007.09.021.xml,2008,12,ZSIAUFGUXNUGDI-UHFFFAOYSA-N,YNQLUTRBYVCPMQ-UHFFFAOYSA-N,1-hexanol,ethylbenzene,398.15,2.43,0.8878912573524571,Differential ebulliometry,True,test_one,0.4432518084944683
j.fluid.2007.09.021.xml,2008,12,ZSIAUFGUXNUGDI-UHFFFAOYSA-N,YNQLUTRBYVCPMQ-UHFFFAOYSA-N,1-hexanol,ethylbenzene,409.15,2.11,0.7466879474879751,Differential ebulliometry,True,test_one,0.4124052198114036
j.jct.2013.05.006.xml,2013,18,ZUOUZKKEUPVFJK-UHFFFAOYSA-N,ZHNUHDYFZUAESO-UHFFFAOYSA-N,"1,1'-biphenyl",formamide,298.0,1320.0,7.1853870155804165,Chromatography,True,test_one,10.43808153906501
je0495942.xml,2005,7,ZWEHNKRNPOVVGH-UHFFFAOYSA-N,XLYOFNOQVPJJNP-UHFFFAOYSA-N,butanone,water,297.85,25.8,3.250374491927572,Chromatography,True,train,9.934627142273511
je0495942.xml,2005,7,ZWEHNKRNPOVVGH-UHFFFAOYSA-N,XLYOFNOQVPJJNP-UHFFFAOYSA-N,butanone,water,298.15,26.1,3.261935314328648,Chromatography,True,train,9.92823617237095
je600567z.xml,2007,8,ZXEKIIBDNHEJCQ-UHFFFAOYSA-N,XLYOFNOQVPJJNP-UHFFFAOYSA-N,2-methyl-1-propanol,water,273.35,31.6,3.4531571205928664,Relative Headspace Analysis,True,test_one,10.707998246166598
je600567z.xml,2007,8,ZXEKIIBDNHEJCQ-UHFFFAOYSA-N,XLYOFNOQVPJJNP-UHFFFAOYSA-N,2-methyl-1-propanol,water,283.15,36.8,3.605497845174885,Relative Headspace Analysis,True,test_one,10.508518704217444
je600567z.xml,2007,9,ZXEKIIBDNHEJCQ-UHFFFAOYSA-N,XLYOFNOQVPJJNP-UHFFFAOYSA-N,2-methyl-1-propanol,water,293.15,44.3,3.7909846770510898,headspace analysis,True,test_one,10.303471884441446
je600567z.xml,2007,8,ZXEKIIBDNHEJCQ-UHFFFAOYSA-N,XLYOFNOQVPJJNP-UHFFFAOYSA-N,2-methyl-1-propanol,water,298.15,47.4,3.858622228701031,Relative Headspace Analysis,True,test_one,10.200771903964988
je600567z.xml,2007,9,ZXEKIIBDNHEJCQ-UHFFFAOYSA-N,XLYOFNOQVPJJNP-UHFFFAOYSA-N,2-methyl-1-propanol,water,303.15,50.3,3.918005077105693,headspace analysis,True,test_one,10.098139590564823
je600567z.xml,2007,9,ZXEKIIBDNHEJCQ-UHFFFAOYSA-N,XLYOFNOQVPJJNP-UHFFFAOYSA-N,2-methyl-1-propanol,water,313.15,54.1,3.990834185852436,headspace analysis,True,test_one,9.893568119985854
je600567z.xml,2007,9,ZXEKIIBDNHEJCQ-UHFFFAOYSA-N,XLYOFNOQVPJJNP-UHFFFAOYSA-N,2-methyl-1-propanol,water,323.15,57.6,4.053522567701846,headspace analysis,True,test_one,9.690638273057084
je600567z.xml,2007,9,ZXEKIIBDNHEJCQ-UHFFFAOYSA-N,XLYOFNOQVPJJNP-UHFFFAOYSA-N,2-methyl-1-propanol,water,333.15,58.3,4.065602093356446,headspace analysis,True,test_one,9.490084061002262
je600567z.xml,2007,10,ZXEKIIBDNHEJCQ-UHFFFAOYSA-N,XLYOFNOQVPJJNP-UHFFFAOYSA-N,2-methyl-1-propanol,water,363.15,54.3,3.9945242269398897,circulation equilibrium still,True,test_one,8.908135920965464
je600567z.xml,2007,10,ZXEKIIBDNHEJCQ-UHFFFAOYSA-N,XLYOFNOQVPJJNP-UHFFFAOYSA-N,2-methyl-1-propanol,water,371.15,52.2,3.955082494888593,circulation equilibrium still,True,test_one,8.758895426343209
