file,year,dataset,solute,solvent,solute_name,solvent_name,T,gamma_inf,ln_gamma_inf,method,has_sigma,split
je200628n.xml,2011,9,AFFLGGQVNFXPEV-UHFFFAOYSA-N,PWGJDPKCLMLPJW-UHFFFAOYSA-N,1-decene,"1,8-diaminooctane",328.15,4.239,1.4443273923705,Chromatography,True,test_one
je200628n.xml,2011,9,AFFLGGQVNFXPEV-UHFFFAOYSA-N,PWGJDPKCLMLPJW-UHFFFAOYSA-N,1-decene,"1,8-diaminooctane",338.15,3.581,1.2756420910162956,Chromatography,True,test_one
je200628n.xml,2011,9,AFFLGGQVNFXPEV-UHFFFAOYSA-N,PWGJDPKCLMLPJW-UHFFFAOYSA-N,1-decene,"1,8-diaminooctane",343.15,3.331,1.2032725592115423,Chromatography,True,test_one
je200628n.xml,2011,9,AFFLGGQVNFXPEV-UHFFFAOYSA-N,PWGJDPKCLMLPJW-UHFFFAOYSA-N,1-decene,"1,8-diaminooctane",348.15,3.142,1.1448595398334294,Chromatography,True,test_one
je200628n.xml,2011,63,AFFLGGQVNFXPEV-UHFFFAOYSA-N,QFTYSVGGYOXFRQ-UHFFFAOYSA-N,1-decene,"1,12-diaminododecane",348.25,5.047,1.6187940073581253,Chromatography,False,test_one
je200628n.xml,2011,63,AFFLGGQVNFXPEV-UHFFFAOYSA-N,QFTYSVGGYOXFRQ-UHFFFAOYSA-N,1-decene,"1,12-diaminododecane",353.15,4.802,1.5690324977990613,Chromatography,False,test_one
je200628n.xml,2011,63,AFFLGGQVNFXPEV-UHFFFAOYSA-N,QFTYSVGGYOXFRQ-UHFFFAOYSA-N,1-decene,"1,12-diaminododecane",358.25,4.467,1.4967170423699816,Chromatography,False,test_one
je200628n.xml,2011,63,AFFLGGQVNFXPEV-UHFFFAOYSA-N,QFTYSVGGYOXFRQ-UHFFFAOYSA-N,1-decene,"1,12-diaminododecane",363.21,4.244,1.4455062207517366,Chromatography,False,test_one
je200628n.xml,2011,36,AFFLGGQVNFXPEV-UHFFFAOYSA-N,YQLZOAVZWJBZSY-UHFFFAOYSA-N,1-decene,"1,10-diaminodecane",338.2,4.336,1.4669522641373451,Chromatography,False,test_one
je200628n.xml,2011,36,AFFLGGQVNFXPEV-UHFFFAOYSA-N,YQLZOAVZWJBZSY-UHFFFAOYSA-N,1-decene,"1,10-diaminodecane",348.15,3.822,1.3407738458180811,Chromatography,False,test_one
je200628n.xml,2011,36,AFFLGGQVNFXPEV-UHFFFAOYSA-N,YQLZOAVZWJBZSY-UHFFFAOYSA-N,1-decene,"1,10-diaminodecane",353.22,3.572,1.273125663014253,Chromatography,False,test_one
j.fluid.2005.08.018.xml,2005,12,AMQJEAYHLZJPGS-UHFFFAOYSA-N,XLYOFNOQVPJJNP-UHFFFAOYSA-N,1-pentanol,water,273.35,121.0,4.795790545596741,headspace analysis,True,test_one
j.fluid.2005.08.018.xml,2005,12,AMQJEAYHLZJPGS-UHFFFAOYSA-N,XLYOFNOQVPJJNP-UHFFFAOYSA-N,1-pentanol,water,283.15,156.0,5.049856007249537,headspace analysis,True,test_one
j.fluid.2005.08.018.xml,2005,12,AMQJEAYHLZJPGS-UHFFFAOYSA-N,XLYOFNOQVPJJNP-UHFFFAOYSA-N,1-pentanol,water,293.15,184.0,5.214935757608986,headspace analysis,True,test_one
j.fluid.2005.08.018.xml,2005,13,AMQJEAYHLZJPGS-UHFFFAOYSA-N,XLYOFNOQVPJJNP-UHFFFAOYSA-N,1-pentanol,water,303.15,203.0,5.313205979041787,inert gas stripping,True,test_one
j.fluid.2005.08.018.xml,2005,13,AMQJEAYHLZJPGS-UHFFFAOYSA-N,XLYOFNOQVPJJNP-UHFFFAOYSA-N,1-pentanol,water,313.15,221.0,5.3981627015177525,inert gas stripping,True,test_one
j.fluid.2005.08.018.xml,2005,13,AMQJEAYHLZJPGS-UHFFFAOYSA-N,XLYOFNOQVPJJNP-UHFFFAOYSA-N,1-pentanol,water,323.15,230.0,5.438079308923196,inert gas stripping,True,test_one
j.fluid.2005.08.018.xml,2005,14,AMQJEAYHLZJPGS-UHFFFAOYSA-N,XLYOFNOQVPJJNP-UHFFFAOYSA-N,1-pentanol,water,333.15,221.0,5.3981627015177525,Rayleigh distillation,True,test_one
j.fluid.2005.08.018.xml,2005,14,AMQJEAYHLZJPGS-UHFFFAOYSA-N,XLYOFNOQVPJJNP-UHFFFAOYSA-N,1-pentanol,water,343.15,206.0,5.327876168789581,Rayleigh distillation,True,test_one
j.fluid.2005.08.018.xml,2005,15,AMQJEAYHLZJPGS-UHFFFAOYSA-N,XLYOFNOQVPJJNP-UHFFFAOYSA-N,1-pentanol,water,353.15,203.0,5.313205979041787,circulating still method,True,test_one
j.fluid.2005.08.018.xml,2005,15,AMQJEAYHLZJPGS-UHFFFAOYSA-N,XLYOFNOQVPJJNP-UHFFFAOYSA-N,1-pentanol,water,363.15,181.0,5.198497031265826,circulating still method,True,test_one
j.fluid.2005.08.018.xml,2005,15,AMQJEAYHLZJPGS-UHFFFAOYSA-N,XLYOFNOQVPJJNP-UHFFFAOYSA-N,1-pentanol,water,371.15,169.0,5.1298987149230735,circulating still method,True,test_one
j.fluid.2007.09.021.xml,2008,10,AMQJEAYHLZJPGS-UHFFFAOYSA-N,YNQLUTRBYVCPMQ-UHFFFAOYSA-N,1-pentanol,ethylbenzene,368.15,3.62,1.2864740258376797,Differential ebulliometry,True,test_one
j.fluid.2007.09.021.xml,2008,10,AMQJEAYHLZJPGS-UHFFFAOYSA-N,YNQLUTRBYVCPMQ-UHFFFAOYSA-N,1-pentanol,ethylbenzene,378.15,3.19,1.1600209167967532,Differential ebulliometry,True,test_one
j.fluid.2007.09.021.xml,2008,10,AMQJEAYHLZJPGS-UHFFFAOYSA-N,YNQLUTRBYVCPMQ-UHFFFAOYSA-N,1-pentanol,ethylbenzene,388.15,2.89,1.0612565021243408,Differential ebulliometry,True,test_one
j.fluid.2007.09.021.xml,2008,10,AMQJEAYHLZJPGS-UHFFFAOYSA-N,YNQLUTRBYVCPMQ-UHFFFAOYSA-N,1-pentanol,ethylbenzene,398.15,2.57,0.9439058989071284,Differential ebulliometry,True,test_one
j.fluid.2007.09.021.xml,2008,10,AMQJEAYHLZJPGS-UHFFFAOYSA-N,YNQLUTRBYVCPMQ-UHFFFAOYSA-N,1-pentanol,ethylbenzene,409.15,2.29,0.8285518175661483,Differential ebulliometry,True,test_one
je901063s.xml,2010,1,AQIXEPGDORPWBJ-UHFFFAOYSA-N,XLYOFNOQVPJJNP-UHFFFAOYSA-N,3-pentanol,water,273.35,48.7,3.885679030088544,"inert gas stripping, headspace analysis in two variants - the classical and the relative, Rayleigh distillation, and circulation still",True,train
je901063s.xml,2010,1,AQIXEPGDORPWBJ-UHFFFAOYSA-N,XLYOFNOQVPJJNP-UHFFFAOYSA-N,3-pentanol,water,283.15,63.1,4.144720769547168,"inert gas stripping, headspace analysis in two variants - the classical and the relative, Rayleigh distillation, and circulation still",True,train
je901063s.xml,2010,1,AQIXEPGDORPWBJ-UHFFFAOYSA-N,XLYOFNOQVPJJNP-UHFFFAOYSA-N,3-pentanol,water,293.15,75.6,4.325456283185488,"inert gas stripping, headspace analysis in two variants - the classical and the relative, Rayleigh distillation, and circulation still",True,train
je901063s.xml,2010,1,AQIXEPGDORPWBJ-UHFFFAOYSA-N,XLYOFNOQVPJJNP-UHFFFAOYSA-N,3-pentanol,water,303.15,88.7,4.485259889315534,"inert gas stripping, headspace analysis in two variants - the classical and the relative, Rayleigh distillation, and circulation still",True,train
je901063s.xml,2010,1,AQIXEPGDORPWBJ-UHFFFAOYSA-N,XLYOFNOQVPJJNP-UHFFFAOYSA-N,3-pentanol,water,313.15,101.0,4.61512051684126,"inert gas stripping, headspace analysis in two variants - the classical and the relative, Rayleigh distillation, and circulation still",True,train
je901063s.xml,2010,1,AQIXEPGDORPWBJ-UHFFFAOYSA-N,XLYOFNOQVPJJNP-UHFFFAOYSA-N,3-pentanol,water,323.15,108.0,4.68213122712422,"inert gas stripping, headspace analysis in two variants - the classical and the relative, Rayleigh distillation, and circulation still",True,train
je901063s.xml,2010,1,AQIXEPGDORPWBJ-UHFFFAOYSA-N,XLYOFNOQVPJJNP-UHFFFAOYSA-N,3-pentanol,water,333.15,116.0,4.7535901911063645,"inert gas stripping, headspace analysis in two variants - the classical and the relative, Rayleigh distillation, and circulation still",True,train
je901063s.xml,2010,1,AQIXEPGDORPWBJ-UHFFFAOYSA-N,XLYOFNOQVPJJNP-UHFFFAOYSA-N,3-pentanol,water,343.15,111.0,4.709530201312334,"inert gas stripping, headspace analysis in two variants - the classical and the relative, Rayleigh distillation, and circulation still",True,train
je901063s.xml,2010,1,AQIXEPGDORPWBJ-UHFFFAOYSA-N,XLYOFNOQVPJJNP-UHFFFAOYSA-N,3-pentanol,water,353.15,120.0,4.787491742782046,"inert gas stripping, headspace analysis in two variants - the classical and the relative, Rayleigh distillation, and circulation still",True,train
je901063s.xml,2010,1,AQIXEPGDORPWBJ-UHFFFAOYSA-N,XLYOFNOQVPJJNP-UHFFFAOYSA-N,3-pentanol,water,363.15,117.0,4.762173934797756,"inert gas stripping, headspace analysis in two variants - the classical and the relative, Rayleigh distillation, and circulation still",True,train
je901063s.xml,2010,1,AQIXEPGDORPWBJ-UHFFFAOYSA-N,XLYOFNOQVPJJNP-UHFFFAOYSA-N,3-pentanol,water,371.15,104.0,4.6443908991413725,"inert gas stripping, headspace analysis in two variants - the classical and the relative, Rayleigh distillation, and circulation still",True,train
je800517r.xml,2008,2,ATHHXGZTWNVVOU-UHFFFAOYSA-N,XLYOFNOQVPJJNP-UHFFFAOYSA-N,N-methylformamide,water,333.15,1.37,0.3148107398400336,"comparative ebulliometry, circulation still, and differential distillation method",True,train
je800517r.xml,2008,2,ATHHXGZTWNVVOU-UHFFFAOYSA-N,XLYOFNOQVPJJNP-UHFFFAOYSA-N,N-methylformamide,water,343.15,1.42,0.3506568716131693,"comparative ebulliometry, circulation still, and differential distillation method",True,train
je800517r.xml,2008,2,ATHHXGZTWNVVOU-UHFFFAOYSA-N,XLYOFNOQVPJJNP-UHFFFAOYSA-N,N-methylformamide,water,353.15,1.44,0.3646431135879092,"comparative ebulliometry, circulation still, and differential distillation method",True,train
je800517r.xml,2008,2,ATHHXGZTWNVVOU-UHFFFAOYSA-N,XLYOFNOQVPJJNP-UHFFFAOYSA-N,N-methylformamide,water,372.65,1.65,0.5007752879124892,"comparative ebulliometry, circulation still, and differential distillation method",True,train
j.jct.2004.11.005.xml,2005,1,ATUOYWHBWRKTHZ-UHFFFAOYSA-N,AMQJEAYHLZJPGS-UHFFFAOYSA-N,propane,1-pentanol,269.99,3.07,1.1216775615991057,Other,True,test_one
j.jct.2004.11.005.xml,2005,1,ATUOYWHBWRKTHZ-UHFFFAOYSA-N,AMQJEAYHLZJPGS-UHFFFAOYSA-N,propane,1-pentanol,290.0,3.08,1.1249295969854831,Other,True,test_one
j.jct.2004.11.005.xml,2005,1,ATUOYWHBWRKTHZ-UHFFFAOYSA-N,AMQJEAYHLZJPGS-UHFFFAOYSA-N,propane,1-pentanol,310.0,3.05,1.1151415906193205,Other,True,test_one
j.jct.2004.11.005.xml,2005,1,ATUOYWHBWRKTHZ-UHFFFAOYSA-N,AMQJEAYHLZJPGS-UHFFFAOYSA-N,propane,1-pentanol,330.0,3.0,1.0986122886681098,Other,True,test_one
j.jct.2004.11.005.xml,2005,33,ATUOYWHBWRKTHZ-UHFFFAOYSA-N,AQIXEPGDORPWBJ-UHFFFAOYSA-N,propane,3-pentanol,259.96,3.27,1.184789984909162,Other,True,train
j.jct.2004.11.005.xml,2005,33,ATUOYWHBWRKTHZ-UHFFFAOYSA-N,AQIXEPGDORPWBJ-UHFFFAOYSA-N,propane,3-pentanol,270.02,3.21,1.1662709371419244,Other,True,train
j.jct.2004.11.005.xml,2005,33,ATUOYWHBWRKTHZ-UHFFFAOYSA-N,AQIXEPGDORPWBJ-UHFFFAOYSA-N,propane,3-pentanol,280.0,3.14,1.144222799920162,Other,True,train
j.jct.2004.11.005.xml,2005,33,ATUOYWHBWRKTHZ-UHFFFAOYSA-N,AQIXEPGDORPWBJ-UHFFFAOYSA-N,propane,3-pentanol,290.0,3.09,1.128171090909654,Other,True,train
j.jct.2004.11.005.xml,2005,33,ATUOYWHBWRKTHZ-UHFFFAOYSA-N,AQIXEPGDORPWBJ-UHFFFAOYSA-N,propane,3-pentanol,300.0,3.01,1.1019400787607845,Other,True,train
j.jct.2004.11.005.xml,2005,33,ATUOYWHBWRKTHZ-UHFFFAOYSA-N,AQIXEPGDORPWBJ-UHFFFAOYSA-N,propane,3-pentanol,310.01,2.9,1.0647107369924282,Other,True,train
j.jct.2004.11.005.xml,2005,33,ATUOYWHBWRKTHZ-UHFFFAOYSA-N,AQIXEPGDORPWBJ-UHFFFAOYSA-N,propane,3-pentanol,320.0,2.81,1.0331844833456545,Other,True,train
j.jct.2004.11.005.xml,2005,33,ATUOYWHBWRKTHZ-UHFFFAOYSA-N,AQIXEPGDORPWBJ-UHFFFAOYSA-N,propane,3-pentanol,330.0,2.72,1.000631880307906,Other,True,train
j.jct.2003.08.018.xml,2004,9,ATUOYWHBWRKTHZ-UHFFFAOYSA-N,BDERNNFJNOPAEC-UHFFFAOYSA-N,propane,1-propanol,259.98,4.6,1.5260563034950492,Chromatography,True,train
j.jct.2003.08.018.xml,2004,9,ATUOYWHBWRKTHZ-UHFFFAOYSA-N,BDERNNFJNOPAEC-UHFFFAOYSA-N,propane,1-propanol,279.96,4.62,1.5303947050936475,Chromatography,True,train
j.jct.2003.08.018.xml,2004,9,ATUOYWHBWRKTHZ-UHFFFAOYSA-N,BDERNNFJNOPAEC-UHFFFAOYSA-N,propane,1-propanol,299.96,4.64,1.534714366238164,Chromatography,True,train
j.jct.2003.08.018.xml,2004,9,ATUOYWHBWRKTHZ-UHFFFAOYSA-N,BDERNNFJNOPAEC-UHFFFAOYSA-N,propane,1-propanol,320.03,4.61,1.5282278570085572,Chromatography,True,train
j.jct.2003.08.018.xml,2004,9,ATUOYWHBWRKTHZ-UHFFFAOYSA-N,BDERNNFJNOPAEC-UHFFFAOYSA-N,propane,1-propanol,339.95,4.56,1.5173226235262949,Chromatography,True,train
je050343i.xml,2005,25,ATUOYWHBWRKTHZ-UHFFFAOYSA-N,CPJRRXSHAYUTGL-UHFFFAOYSA-N,propane,3-methyl-3-buten-1-ol,270.04,4.19,1.4327007339340465,Chromatography,True,train
je050343i.xml,2005,25,ATUOYWHBWRKTHZ-UHFFFAOYSA-N,CPJRRXSHAYUTGL-UHFFFAOYSA-N,propane,3-methyl-3-buten-1-ol,289.99,4.1,1.410986973710262,Chromatography,True,train
je050343i.xml,2005,25,ATUOYWHBWRKTHZ-UHFFFAOYSA-N,CPJRRXSHAYUTGL-UHFFFAOYSA-N,propane,3-methyl-3-buten-1-ol,309.99,3.86,1.3506671834767394,Chromatography,True,train
je050343i.xml,2005,25,ATUOYWHBWRKTHZ-UHFFFAOYSA-N,CPJRRXSHAYUTGL-UHFFFAOYSA-N,propane,3-methyl-3-buten-1-ol,330.0,3.7,1.308332819650179,Chromatography,True,train
je060395n.xml,2007,5,ATUOYWHBWRKTHZ-UHFFFAOYSA-N,CTQNGGLPUBDAKN-UHFFFAOYSA-N,propane,"1,2-dimethylbenzene",270.13,2.05,0.7178397931503168,calculated from henry's law constants,True,train
je060395n.xml,2007,5,ATUOYWHBWRKTHZ-UHFFFAOYSA-N,CTQNGGLPUBDAKN-UHFFFAOYSA-N,propane,"1,2-dimethylbenzene",289.99,1.96,0.6729444732424258,calculated from henry's law constants,True,train
je060395n.xml,2007,5,ATUOYWHBWRKTHZ-UHFFFAOYSA-N,CTQNGGLPUBDAKN-UHFFFAOYSA-N,propane,"1,2-dimethylbenzene",309.84,1.92,0.6523251860396901,calculated from henry's law constants,True,train
je060395n.xml,2007,5,ATUOYWHBWRKTHZ-UHFFFAOYSA-N,CTQNGGLPUBDAKN-UHFFFAOYSA-N,propane,"1,2-dimethylbenzene",329.99,1.85,0.6151856390902335,calculated from henry's law constants,True,train
je700270d.xml,2007,1,ATUOYWHBWRKTHZ-UHFFFAOYSA-N,DHXVGJBLRPWPCS-UHFFFAOYSA-N,propane,tetrahydropyran,250.06,2.08,0.7323678937132266,Chromatography,True,train
je700270d.xml,2007,1,ATUOYWHBWRKTHZ-UHFFFAOYSA-N,DHXVGJBLRPWPCS-UHFFFAOYSA-N,propane,tetrahydropyran,270.12,1.98,0.6830968447064438,Chromatography,True,train
je700270d.xml,2007,1,ATUOYWHBWRKTHZ-UHFFFAOYSA-N,DHXVGJBLRPWPCS-UHFFFAOYSA-N,propane,tetrahydropyran,289.97,1.9,0.6418538861723947,Chromatography,True,train
je700270d.xml,2007,1,ATUOYWHBWRKTHZ-UHFFFAOYSA-N,DHXVGJBLRPWPCS-UHFFFAOYSA-N,propane,tetrahydropyran,309.98,1.84,0.6097655716208943,Chromatography,True,train
je700270d.xml,2007,1,ATUOYWHBWRKTHZ-UHFFFAOYSA-N,DHXVGJBLRPWPCS-UHFFFAOYSA-N,propane,tetrahydropyran,329.97,1.79,0.5822156198526637,Chromatography,True,train
je050343i.xml,2005,1,ATUOYWHBWRKTHZ-UHFFFAOYSA-N,HNVRRHSXBLFLIG-UHFFFAOYSA-N,propane,"3-buten-2-ol, 2-methyl-",269.95,2.97,1.0885619528146082,Chromatography,True,train
je050343i.xml,2005,1,ATUOYWHBWRKTHZ-UHFFFAOYSA-N,HNVRRHSXBLFLIG-UHFFFAOYSA-N,propane,"3-buten-2-ol, 2-methyl-",289.99,2.86,1.0508216248317612,Chromatography,True,train
je050343i.xml,2005,1,ATUOYWHBWRKTHZ-UHFFFAOYSA-N,HNVRRHSXBLFLIG-UHFFFAOYSA-N,propane,"3-buten-2-ol, 2-methyl-",309.99,2.7,0.9932517730102834,Chromatography,True,train
je050343i.xml,2005,1,ATUOYWHBWRKTHZ-UHFFFAOYSA-N,HNVRRHSXBLFLIG-UHFFFAOYSA-N,propane,"3-buten-2-ol, 2-methyl-",330.0,2.54,0.9321640810304452,Chromatography,True,train
je060395n.xml,2007,7,ATUOYWHBWRKTHZ-UHFFFAOYSA-N,IVSZLXZYQVIEFR-UHFFFAOYSA-N,propane,"1,3-dimethylbenzene",270.1,1.86,0.62057648772511,calculated from henry's law constants,True,train
je060395n.xml,2007,7,ATUOYWHBWRKTHZ-UHFFFAOYSA-N,IVSZLXZYQVIEFR-UHFFFAOYSA-N,propane,"1,3-dimethylbenzene",289.99,1.83,0.6043159668533296,calculated from henry's law constants,True,train
je060395n.xml,2007,7,ATUOYWHBWRKTHZ-UHFFFAOYSA-N,IVSZLXZYQVIEFR-UHFFFAOYSA-N,propane,"1,3-dimethylbenzene",309.84,1.77,0.5709795465857378,calculated from henry's law constants,True,train
je060395n.xml,2007,7,ATUOYWHBWRKTHZ-UHFFFAOYSA-N,IVSZLXZYQVIEFR-UHFFFAOYSA-N,propane,"1,3-dimethylbenzene",329.99,1.72,0.5423242908253617,calculated from henry's law constants,True,train
je100529s.xml,2010,49,ATUOYWHBWRKTHZ-UHFFFAOYSA-N,IWDCLRJOBJJRNH-UHFFFAOYSA-N,n-propane,4-methylphenol,309.99,6.29,1.8389610707123487,Gas Stripping Method,True,train
je100529s.xml,2010,49,ATUOYWHBWRKTHZ-UHFFFAOYSA-N,IWDCLRJOBJJRNH-UHFFFAOYSA-N,n-propane,4-methylphenol,319.99,6.12,1.8115620965242347,Gas Stripping Method,True,train
je100529s.xml,2010,49,ATUOYWHBWRKTHZ-UHFFFAOYSA-N,IWDCLRJOBJJRNH-UHFFFAOYSA-N,n-propane,4-methylphenol,329.99,5.93,1.780024213009634,Gas Stripping Method,True,train
je100529s.xml,2010,49,ATUOYWHBWRKTHZ-UHFFFAOYSA-N,IWDCLRJOBJJRNH-UHFFFAOYSA-N,n-propane,4-methylphenol,340.02,5.74,1.747459210331475,Gas Stripping Method,True,train
je0342116.xml,2004,0,ATUOYWHBWRKTHZ-UHFFFAOYSA-N,KFZMGEQAYNKOFK-UHFFFAOYSA-N,propane,2-propanol,270.04,4.5,1.5040773967762742,Chromatography,True,train
je0342116.xml,2004,0,ATUOYWHBWRKTHZ-UHFFFAOYSA-N,KFZMGEQAYNKOFK-UHFFFAOYSA-N,propane,2-propanol,290.0,4.4,1.4816045409242156,Chromatography,True,train
je0342116.xml,2004,0,ATUOYWHBWRKTHZ-UHFFFAOYSA-N,KFZMGEQAYNKOFK-UHFFFAOYSA-N,propane,2-propanol,310.0,4.3,1.4586150226995167,Chromatography,True,train
je0342116.xml,2004,0,ATUOYWHBWRKTHZ-UHFFFAOYSA-N,KFZMGEQAYNKOFK-UHFFFAOYSA-N,propane,2-propanol,330.0,4.2,1.4350845252893227,Chromatography,True,train
je034265f.xml,2004,1,ATUOYWHBWRKTHZ-UHFFFAOYSA-N,LRHPLDYGYMQRHN-UHFFFAOYSA-N,propane,1-butanol,250.01,3.6,1.2809338454620642,Other,True,train
je034265f.xml,2004,1,ATUOYWHBWRKTHZ-UHFFFAOYSA-N,LRHPLDYGYMQRHN-UHFFFAOYSA-N,propane,1-butanol,270.0,3.6,1.2809338454620642,Other,True,train
je034265f.xml,2004,1,ATUOYWHBWRKTHZ-UHFFFAOYSA-N,LRHPLDYGYMQRHN-UHFFFAOYSA-N,propane,1-butanol,290.01,3.6,1.2809338454620642,Other,True,train
je034265f.xml,2004,1,ATUOYWHBWRKTHZ-UHFFFAOYSA-N,LRHPLDYGYMQRHN-UHFFFAOYSA-N,propane,1-butanol,310.0,3.6,1.2809338454620642,Other,True,train
je034265f.xml,2004,1,ATUOYWHBWRKTHZ-UHFFFAOYSA-N,LRHPLDYGYMQRHN-UHFFFAOYSA-N,propane,1-butanol,330.0,3.6,1.2809338454620642,Other,True,train
je060395n.xml,2007,11,ATUOYWHBWRKTHZ-UHFFFAOYSA-N,PPBRXRYQALVLMV-UHFFFAOYSA-N,propane,styrene,270.07,3.97,1.3787660946990992,calculated from henry's law constants,True,train
je060395n.xml,2007,11,ATUOYWHBWRKTHZ-UHFFFAOYSA-N,PPBRXRYQALVLMV-UHFFFAOYSA-N,propane,styrene,309.84,3.48,1.247032293786383,calculated from henry's law constants,True,train
je060395n.xml,2007,11,ATUOYWHBWRKTHZ-UHFFFAOYSA-N,PPBRXRYQALVLMV-UHFFFAOYSA-N,propane,styrene,329.99,3.32,1.199964782928397,calculated from henry's law constants,True,train
je100529s.xml,2010,1,ATUOYWHBWRKTHZ-UHFFFAOYSA-N,QWVGKYWNOKOFNN-UHFFFAOYSA-N,n-propane,2-methylphenol,299.99,6.34,1.8468787684491343,Gas Stripping Method,True,train
je100529s.xml,2010,1,ATUOYWHBWRKTHZ-UHFFFAOYSA-N,QWVGKYWNOKOFNN-UHFFFAOYSA-N,n-propane,2-methylphenol,309.99,6.04,1.7984040119467235,Gas Stripping Method,True,train
je100529s.xml,2010,1,ATUOYWHBWRKTHZ-UHFFFAOYSA-N,QWVGKYWNOKOFNN-UHFFFAOYSA-N,n-propane,2-methylphenol,319.99,5.83,1.763017000362401,Gas Stripping Method,True,train
je100529s.xml,2010,1,ATUOYWHBWRKTHZ-UHFFFAOYSA-N,QWVGKYWNOKOFNN-UHFFFAOYSA-N,n-propane,2-methylphenol,329.99,5.58,1.7191887763932197,Gas Stripping Method,True,train
je100529s.xml,2010,25,ATUOYWHBWRKTHZ-UHFFFAOYSA-N,RLSSMJSEOOYNOY-UHFFFAOYSA-N,n-propane,3-methylphenol,289.98,6.31,1.8421356765531216,Gas Stripping Method,True,train
je100529s.xml,2010,25,ATUOYWHBWRKTHZ-UHFFFAOYSA-N,RLSSMJSEOOYNOY-UHFFFAOYSA-N,n-propane,3-methylphenol,299.98,6.36,1.8500283773520307,Gas Stripping Method,True,train
je100529s.xml,2010,25,ATUOYWHBWRKTHZ-UHFFFAOYSA-N,RLSSMJSEOOYNOY-UHFFFAOYSA-N,n-propane,3-methylphenol,309.99,6.24,1.8309801823813363,Gas Stripping Method,True,train
je100529s.xml,2010,25,ATUOYWHBWRKTHZ-UHFFFAOYSA-N,RLSSMJSEOOYNOY-UHFFFAOYSA-N,n-propane,3-methylphenol,319.99,6.06,1.801709800081223,Gas Stripping Method,True,train
je100529s.xml,2010,25,ATUOYWHBWRKTHZ-UHFFFAOYSA-N,RLSSMJSEOOYNOY-UHFFFAOYSA-N,n-propane,3-methylphenol,329.99,5.88,1.7715567619105357,Gas Stripping Method,True,train
je060395n.xml,2007,1,ATUOYWHBWRKTHZ-UHFFFAOYSA-N,UHOVQNZJYSORNB-UHFFFAOYSA-N,propane,benzene,279.99,2.52,0.924258901523332,calculated from henry's law constants,True,train
je060395n.xml,2007,1,ATUOYWHBWRKTHZ-UHFFFAOYSA-N,UHOVQNZJYSORNB-UHFFFAOYSA-N,propane,benzene,289.99,2.42,0.883767540168595,calculated from henry's law constants,True,train
je060395n.xml,2007,1,ATUOYWHBWRKTHZ-UHFFFAOYSA-N,UHOVQNZJYSORNB-UHFFFAOYSA-N,propane,benzene,309.99,2.23,0.8020015854720274,calculated from henry's law constants,True,train
je060395n.xml,2007,1,ATUOYWHBWRKTHZ-UHFFFAOYSA-N,UHOVQNZJYSORNB-UHFFFAOYSA-N,propane,benzene,329.99,2.11,0.7466879474879751,calculated from henry's law constants,True,train
je060395n.xml,2007,9,ATUOYWHBWRKTHZ-UHFFFAOYSA-N,URLKBWYHVLBVBO-UHFFFAOYSA-N,propane,"1,4-dimethylbenzene",289.99,1.73,0.5481214085096876,calculated from henry's law constants,True,test_one
je060395n.xml,2007,9,ATUOYWHBWRKTHZ-UHFFFAOYSA-N,URLKBWYHVLBVBO-UHFFFAOYSA-N,propane,"1,4-dimethylbenzene",299.99,1.7,0.5306282510621704,calculated from henry's law constants,True,test_one
je060395n.xml,2007,9,ATUOYWHBWRKTHZ-UHFFFAOYSA-N,URLKBWYHVLBVBO-UHFFFAOYSA-N,propane,"1,4-dimethylbenzene",309.85,1.67,0.5128236264286637,calculated from henry's law constants,True,test_one
je060395n.xml,2007,9,ATUOYWHBWRKTHZ-UHFFFAOYSA-N,URLKBWYHVLBVBO-UHFFFAOYSA-N,propane,"1,4-dimethylbenzene",319.99,1.68,0.5187937934151675,calculated from henry's law constants,True,test_one
je060395n.xml,2007,9,ATUOYWHBWRKTHZ-UHFFFAOYSA-N,URLKBWYHVLBVBO-UHFFFAOYSA-N,propane,"1,4-dimethylbenzene",329.99,1.66,0.5068176023684519,calculated from henry's law constants,True,test_one
je060395n.xml,2007,3,ATUOYWHBWRKTHZ-UHFFFAOYSA-N,YXFVVABEGXRONW-UHFFFAOYSA-N,propane,toluene,270.0,2.05,0.7178397931503168,calculated from henry's law constants,True,train
je060395n.xml,2007,3,ATUOYWHBWRKTHZ-UHFFFAOYSA-N,YXFVVABEGXRONW-UHFFFAOYSA-N,propane,toluene,289.98,1.95,0.6678293725756554,calculated from henry's law constants,True,train
je060395n.xml,2007,3,ATUOYWHBWRKTHZ-UHFFFAOYSA-N,YXFVVABEGXRONW-UHFFFAOYSA-N,propane,toluene,309.94,1.86,0.62057648772511,calculated from henry's law constants,True,train
je060395n.xml,2007,3,ATUOYWHBWRKTHZ-UHFFFAOYSA-N,YXFVVABEGXRONW-UHFFFAOYSA-N,propane,toluene,329.99,1.81,0.5933268452777344,calculated from henry's law constants,True,train
j.tca.2015.11.010.xml,2016,14,BBDKZWKEPDTENS-UHFFFAOYSA-N,ATHHXGZTWNVVOU-UHFFFAOYSA-N,4-vinyl-1-cyclohexene,N-methylformamide,298.15,16.6,2.8094026953624978,Chromatography,True,train
j.jct.2010.04.011.xml,2010,7,BBDKZWKEPDTENS-UHFFFAOYSA-N,DCAYPVUWAIABOU-UHFFFAOYSA-N,4-ethenylcyclohexene,cetane,298.0,0.96,-0.0408219945202551,Chromatography,True,train
j.jct.2010.04.011.xml,2010,6,BBDKZWKEPDTENS-UHFFFAOYSA-N,IAZDPXIOMUYVGZ-UHFFFAOYSA-N,4-ethenylcyclohexene,dimethyl sulfoxide,298.0,20.7,3.030133700271324,Chromatography,True,test_one
j.jct.2014.06.006.xml,2014,24,BBDKZWKEPDTENS-UHFFFAOYSA-N,XNWFRZJHXBZDAG-UHFFFAOYSA-N,4-vinyl-1-cyclohexene,methyl cellosolve,298.0,8.6,2.151762203259462,Chromatography,True,train
je1005517.xml,2011,27,BDERNNFJNOPAEC-UHFFFAOYSA-N,BTFJIXJJCSYFAL-UHFFFAOYSA-N,propan-1-ol,1-eicosanol,338.15,0.2131,-1.5459937398775656,GC,True,train
je1005517.xml,2011,27,BDERNNFJNOPAEC-UHFFFAOYSA-N,BTFJIXJJCSYFAL-UHFFFAOYSA-N,propan-1-ol,1-eicosanol,343.15,0.193,-1.6450650900772514,GC,True,train
je1005517.xml,2011,27,BDERNNFJNOPAEC-UHFFFAOYSA-N,BTFJIXJJCSYFAL-UHFFFAOYSA-N,propan-1-ol,1-eicosanol,348.15,0.1751,-1.742398039690331,GC,True,train
je1005517.xml,2011,27,BDERNNFJNOPAEC-UHFFFAOYSA-N,BTFJIXJJCSYFAL-UHFFFAOYSA-N,propan-1-ol,1-eicosanol,353.15,0.1586,-1.8413699697813892,GC,True,train
j.jct.2012.12.009.xml,2013,69,BDERNNFJNOPAEC-UHFFFAOYSA-N,DTOSIQBPPRVQHS-PDBXOOCHSA-N,n-propyl alcohol,"9,12,15-octadecatrienoic acid",323.26,1.271,0.2398039922073169,Chromatography,True,train
j.jct.2012.06.009.xml,2012,9,BDERNNFJNOPAEC-UHFFFAOYSA-N,GHVNFZFCNZKVNT-UHFFFAOYSA-N,propan-1-ol,capric acid,314.1,1.887,0.6349882663864131,Chromatography,True,train
j.jct.2012.06.009.xml,2012,9,BDERNNFJNOPAEC-UHFFFAOYSA-N,GHVNFZFCNZKVNT-UHFFFAOYSA-N,propan-1-ol,capric acid,314.24,1.924,0.6544063522435147,Chromatography,True,train
j.jct.2012.06.009.xml,2012,9,BDERNNFJNOPAEC-UHFFFAOYSA-N,GHVNFZFCNZKVNT-UHFFFAOYSA-N,propan-1-ol,capric acid,333.26,1.569,0.4504384737508955,Chromatography,True,train
j.jct.2012.06.009.xml,2012,9,BDERNNFJNOPAEC-UHFFFAOYSA-N,GHVNFZFCNZKVNT-UHFFFAOYSA-N,propan-1-ol,capric acid,333.38,1.6,0.4700036292457356,Chromatography,True,train
j.jct.2012.06.009.xml,2012,9,BDERNNFJNOPAEC-UHFFFAOYSA-N,GHVNFZFCNZKVNT-UHFFFAOYSA-N,propan-1-ol,capric acid,353.25,1.407,0.341459778132252,Chromatography,True,train
j.jct.2012.06.009.xml,2012,9,BDERNNFJNOPAEC-UHFFFAOYSA-N,GHVNFZFCNZKVNT-UHFFFAOYSA-N,propan-1-ol,capric acid,353.3,1.354,0.3030631744900833,Chromatography,True,train
je1005517.xml,2011,5,BDERNNFJNOPAEC-UHFFFAOYSA-N,GLDOVTGHNKAZLK-UHFFFAOYSA-N,propan-1-ol,1-octadecanol,333.15,0.0722,-2.6283152330833564,GC,True,train
je1005517.xml,2011,5,BDERNNFJNOPAEC-UHFFFAOYSA-N,GLDOVTGHNKAZLK-UHFFFAOYSA-N,propan-1-ol,1-octadecanol,338.15,0.0625,-2.772588722239781,GC,True,train
je1005517.xml,2011,5,BDERNNFJNOPAEC-UHFFFAOYSA-N,GLDOVTGHNKAZLK-UHFFFAOYSA-N,propan-1-ol,1-octadecanol,343.15,0.0597,-2.8184232585835804,GC,True,train
je1005517.xml,2011,5,BDERNNFJNOPAEC-UHFFFAOYSA-N,GLDOVTGHNKAZLK-UHFFFAOYSA-N,propan-1-ol,1-octadecanol,348.15,0.055,-2.900422093749666,GC,True,train
je1005517.xml,2011,5,BDERNNFJNOPAEC-UHFFFAOYSA-N,GLDOVTGHNKAZLK-UHFFFAOYSA-N,propan-1-ol,1-octadecanol,353.15,0.051,-2.9759296462578115,GC,True,train
je0302295.xml,2004,8,BDERNNFJNOPAEC-UHFFFAOYSA-N,IMNFDUFMRHMDMM-UHFFFAOYSA-N,1-propanol,heptane,303.15,36.2,3.5890591188317256,Static method,True,train
je0302295.xml,2004,8,BDERNNFJNOPAEC-UHFFFAOYSA-N,IMNFDUFMRHMDMM-UHFFFAOYSA-N,1-propanol,heptane,313.15,27.2,3.3032169733019514,Static method,True,train
je0302295.xml,2004,8,BDERNNFJNOPAEC-UHFFFAOYSA-N,IMNFDUFMRHMDMM-UHFFFAOYSA-N,1-propanol,heptane,323.15,21.2,3.054001181677967,Static method,True,train
je0302295.xml,2004,8,BDERNNFJNOPAEC-UHFFFAOYSA-N,IMNFDUFMRHMDMM-UHFFFAOYSA-N,1-propanol,heptane,333.15,15.8,2.760009940032921,Static method,True,train
je0302295.xml,2004,8,BDERNNFJNOPAEC-UHFFFAOYSA-N,IMNFDUFMRHMDMM-UHFFFAOYSA-N,1-propanol,heptane,343.15,12.5,2.525728644308256,Static method,True,train
j.jct.2012.06.009.xml,2012,73,BDERNNFJNOPAEC-UHFFFAOYSA-N,IPCSVZSSVZVIGE-UHFFFAOYSA-N,propan-1-ol,hexadecanoic acid,340.19,1.735,0.5510074133988225,Chromatography,True,train
j.jct.2012.06.009.xml,2012,73,BDERNNFJNOPAEC-UHFFFAOYSA-N,IPCSVZSSVZVIGE-UHFFFAOYSA-N,propan-1-ol,hexadecanoic acid,348.01,1.627,0.4867378282369007,Chromatography,True,train
j.jct.2012.06.009.xml,2012,73,BDERNNFJNOPAEC-UHFFFAOYSA-N,IPCSVZSSVZVIGE-UHFFFAOYSA-N,propan-1-ol,hexadecanoic acid,358.32,1.5,0.4054651081081644,Chromatography,True,train
j.jct.2013.05.011.xml,2013,22,BDERNNFJNOPAEC-UHFFFAOYSA-N,MTHSVFCYNBDYFN-UHFFFAOYSA-N,1-propanol,diethylene glycol,333.2,1.8,0.5877866649021191,Chromatography,True,test_one
j.jct.2013.05.011.xml,2013,22,BDERNNFJNOPAEC-UHFFFAOYSA-N,MTHSVFCYNBDYFN-UHFFFAOYSA-N,1-propanol,diethylene glycol,348.2,1.77,0.5709795465857378,Chromatography,True,test_one
j.jct.2013.05.011.xml,2013,22,BDERNNFJNOPAEC-UHFFFAOYSA-N,MTHSVFCYNBDYFN-UHFFFAOYSA-N,1-propanol,diethylene glycol,363.2,1.74,0.5538851132264376,Chromatography,True,test_one
j.jct.2012.12.009.xml,2013,50,BDERNNFJNOPAEC-UHFFFAOYSA-N,OYHQOLUKZRVURQ-HZJYTTRNSA-N,n-propyl alcohol,linoleic acid,338.28,1.288,0.2530906276821619,Chromatography,True,train
j.jct.2012.12.009.xml,2013,50,BDERNNFJNOPAEC-UHFFFAOYSA-N,OYHQOLUKZRVURQ-HZJYTTRNSA-N,n-propyl alcohol,linoleic acid,348.31,1.242,0.216722983511287,Chromatography,True,train
j.jct.2012.12.009.xml,2013,50,BDERNNFJNOPAEC-UHFFFAOYSA-N,OYHQOLUKZRVURQ-HZJYTTRNSA-N,n-propyl alcohol,linoleic acid,358.33,1.22,0.1988508587451651,Chromatography,True,train
j.jct.2012.06.009.xml,2012,30,BDERNNFJNOPAEC-UHFFFAOYSA-N,POULHZVOKOAJMA-UHFFFAOYSA-N,propan-1-ol,lauric acid,314.1,1.758,0.5641767992629853,Chromatography,True,train
j.jct.2012.06.009.xml,2012,30,BDERNNFJNOPAEC-UHFFFAOYSA-N,POULHZVOKOAJMA-UHFFFAOYSA-N,propan-1-ol,lauric acid,314.24,1.784,0.5788580341578177,Chromatography,True,train
j.jct.2012.06.009.xml,2012,30,BDERNNFJNOPAEC-UHFFFAOYSA-N,POULHZVOKOAJMA-UHFFFAOYSA-N,propan-1-ol,lauric acid,333.26,1.566,0.4485245975686114,Chromatography,True,train
j.jct.2012.06.009.xml,2012,30,BDERNNFJNOPAEC-UHFFFAOYSA-N,POULHZVOKOAJMA-UHFFFAOYSA-N,propan-1-ol,lauric acid,333.38,1.605,0.4731237565819792,Chromatography,True,train
j.jct.2012.06.009.xml,2012,30,BDERNNFJNOPAEC-UHFFFAOYSA-N,POULHZVOKOAJMA-UHFFFAOYSA-N,propan-1-ol,lauric acid,353.25,1.426,0.3548733219921041,Chromatography,True,train
j.jct.2012.06.009.xml,2012,30,BDERNNFJNOPAEC-UHFFFAOYSA-N,POULHZVOKOAJMA-UHFFFAOYSA-N,propan-1-ol,lauric acid,353.3,1.432,0.3590720685384538,Chromatography,True,train
je200628n.xml,2011,12,BDERNNFJNOPAEC-UHFFFAOYSA-N,PWGJDPKCLMLPJW-UHFFFAOYSA-N,propyl alcohol,"1,8-diaminooctane",328.15,0.567,-0.5673959752543851,Chromatography,True,train
je200628n.xml,2011,12,BDERNNFJNOPAEC-UHFFFAOYSA-N,PWGJDPKCLMLPJW-UHFFFAOYSA-N,propyl alcohol,"1,8-diaminooctane",338.15,0.58,-0.5447271754416722,Chromatography,True,train
je200628n.xml,2011,12,BDERNNFJNOPAEC-UHFFFAOYSA-N,PWGJDPKCLMLPJW-UHFFFAOYSA-N,propyl alcohol,"1,8-diaminooctane",343.15,0.593,-0.5225608799844117,Chromatography,True,train
je200628n.xml,2011,12,BDERNNFJNOPAEC-UHFFFAOYSA-N,PWGJDPKCLMLPJW-UHFFFAOYSA-N,propyl alcohol,"1,8-diaminooctane",348.15,0.614,-0.4877603508349946,Chromatography,True,train
je200628n.xml,2011,66,BDERNNFJNOPAEC-UHFFFAOYSA-N,QFTYSVGGYOXFRQ-UHFFFAOYSA-N,propyl alcohol,"1,12-diaminododecane",348.25,0.931,-0.0714960017050699,Chromatography,False,train
je200628n.xml,2011,66,BDERNNFJNOPAEC-UHFFFAOYSA-N,QFTYSVGGYOXFRQ-UHFFFAOYSA-N,propyl alcohol,"1,12-diaminododecane",353.15,0.975,-0.0253178079842898,Chromatography,False,train
je200628n.xml,2011,66,BDERNNFJNOPAEC-UHFFFAOYSA-N,QFTYSVGGYOXFRQ-UHFFFAOYSA-N,propyl alcohol,"1,12-diaminododecane",358.25,1.037,0.0363319292473902,Chromatography,False,train
je200628n.xml,2011,66,BDERNNFJNOPAEC-UHFFFAOYSA-N,QFTYSVGGYOXFRQ-UHFFFAOYSA-N,propyl alcohol,"1,12-diaminododecane",363.21,1.088,0.0843411484337509,Chromatography,False,train
j.jct.2012.12.009.xml,2013,9,BDERNNFJNOPAEC-UHFFFAOYSA-N,QIQXTHQIDYTFRH-UHFFFAOYSA-N,n-propyl alcohol,n-octadecanoic acid,349.38,1.555,0.4414755456311974,Chromatography,True,train
j.jct.2012.12.009.xml,2013,9,BDERNNFJNOPAEC-UHFFFAOYSA-N,QIQXTHQIDYTFRH-UHFFFAOYSA-N,n-propyl alcohol,n-octadecanoic acid,349.48,1.582,0.4586898693454622,Chromatography,True,train
j.jct.2012.12.009.xml,2013,9,BDERNNFJNOPAEC-UHFFFAOYSA-N,QIQXTHQIDYTFRH-UHFFFAOYSA-N,n-propyl alcohol,n-octadecanoic acid,358.46,1.461,0.3791211327685624,Chromatography,True,train
j.jct.2012.12.009.xml,2013,9,BDERNNFJNOPAEC-UHFFFAOYSA-N,QIQXTHQIDYTFRH-UHFFFAOYSA-N,n-propyl alcohol,n-octadecanoic acid,367.93,1.363,0.3096881527143955,Chromatography,True,train
j.jct.2012.12.009.xml,2013,9,BDERNNFJNOPAEC-UHFFFAOYSA-N,QIQXTHQIDYTFRH-UHFFFAOYSA-N,n-propyl alcohol,n-octadecanoic acid,368.13,1.387,0.3271431413326945,Chromatography,True,train
j.jct.2013.02.006.xml,2013,43,BDERNNFJNOPAEC-UHFFFAOYSA-N,SECXISVLQFMRJM-UHFFFAOYSA-N,n-propyl alcohol,1-methylpyrrolidone,333.2,0.537,-0.6217571844732723,Chromatography,True,train
j.jct.2013.02.006.xml,2013,43,BDERNNFJNOPAEC-UHFFFAOYSA-N,SECXISVLQFMRJM-UHFFFAOYSA-N,n-propyl alcohol,1-methylpyrrolidone,348.2,0.552,-0.5942072327050416,Chromatography,True,train
j.jct.2013.02.006.xml,2013,43,BDERNNFJNOPAEC-UHFFFAOYSA-N,SECXISVLQFMRJM-UHFFFAOYSA-N,n-propyl alcohol,1-methylpyrrolidone,363.2,0.548,-0.6014799920341214,Chromatography,True,train
j.jct.2012.06.009.xml,2012,52,BDERNNFJNOPAEC-UHFFFAOYSA-N,TUNFSRHWOTWDNC-UHFFFAOYSA-N,propan-1-ol,tetradecanoic acid,314.1,1.614,0.4787155698477571,Chromatography,True,train
j.jct.2012.06.009.xml,2012,52,BDERNNFJNOPAEC-UHFFFAOYSA-N,TUNFSRHWOTWDNC-UHFFFAOYSA-N,propan-1-ol,tetradecanoic acid,314.24,1.651,0.501381164937991,Chromatography,True,train
j.jct.2012.06.009.xml,2012,52,BDERNNFJNOPAEC-UHFFFAOYSA-N,TUNFSRHWOTWDNC-UHFFFAOYSA-N,propan-1-ol,tetradecanoic acid,333.26,1.522,0.4200252594394941,Chromatography,True,train
j.jct.2012.06.009.xml,2012,52,BDERNNFJNOPAEC-UHFFFAOYSA-N,TUNFSRHWOTWDNC-UHFFFAOYSA-N,propan-1-ol,tetradecanoic acid,333.38,1.511,0.4127716832906024,Chromatography,True,train
j.jct.2012.06.009.xml,2012,52,BDERNNFJNOPAEC-UHFFFAOYSA-N,TUNFSRHWOTWDNC-UHFFFAOYSA-N,propan-1-ol,tetradecanoic acid,353.25,1.373,0.316998126785834,Chromatography,True,train
j.jct.2012.06.009.xml,2012,52,BDERNNFJNOPAEC-UHFFFAOYSA-N,TUNFSRHWOTWDNC-UHFFFAOYSA-N,propan-1-ol,tetradecanoic acid,353.3,1.369,0.3140805463063118,Chromatography,True,train
je0302295.xml,2004,9,BDERNNFJNOPAEC-UHFFFAOYSA-N,TVMXDCGIABBOFY-UHFFFAOYSA-N,1-propanol,octane,303.15,34.2,3.53222564406856,Static method,True,train
je0302295.xml,2004,9,BDERNNFJNOPAEC-UHFFFAOYSA-N,TVMXDCGIABBOFY-UHFFFAOYSA-N,1-propanol,octane,313.15,26.5,3.277144732992177,Static method,True,train
je0302295.xml,2004,9,BDERNNFJNOPAEC-UHFFFAOYSA-N,TVMXDCGIABBOFY-UHFFFAOYSA-N,1-propanol,octane,323.15,20.5,3.0204248861443626,Static method,True,train
je0302295.xml,2004,9,BDERNNFJNOPAEC-UHFFFAOYSA-N,TVMXDCGIABBOFY-UHFFFAOYSA-N,1-propanol,octane,333.15,16.2,2.785011242238338,Static method,True,train
je0302295.xml,2004,9,BDERNNFJNOPAEC-UHFFFAOYSA-N,TVMXDCGIABBOFY-UHFFFAOYSA-N,1-propanol,octane,343.15,12.9,2.5572273113676265,Static method,True,train
j.fluid.2005.08.018.xml,2005,6,BDERNNFJNOPAEC-UHFFFAOYSA-N,XLYOFNOQVPJJNP-UHFFFAOYSA-N,1-propanol,water,273.35,8.9,2.186051276738094,headspace analysis,True,train
j.fluid.2005.08.018.xml,2005,6,BDERNNFJNOPAEC-UHFFFAOYSA-N,XLYOFNOQVPJJNP-UHFFFAOYSA-N,1-propanol,water,283.15,11.2,2.4159137783010487,headspace analysis,True,train
j.fluid.2005.08.018.xml,2005,6,BDERNNFJNOPAEC-UHFFFAOYSA-N,XLYOFNOQVPJJNP-UHFFFAOYSA-N,1-propanol,water,293.15,13.5,2.602689685444384,headspace analysis,True,train
je0495942.xml,2005,3,BDERNNFJNOPAEC-UHFFFAOYSA-N,XLYOFNOQVPJJNP-UHFFFAOYSA-N,1-propanol,water,298.01,13.4,2.5952547069568657,Chromatography,True,train
je0495942.xml,2005,3,BDERNNFJNOPAEC-UHFFFAOYSA-N,XLYOFNOQVPJJNP-UHFFFAOYSA-N,1-propanol,water,298.03,13.3,2.5877640352277083,Chromatography,True,train
je0495942.xml,2005,3,BDERNNFJNOPAEC-UHFFFAOYSA-N,XLYOFNOQVPJJNP-UHFFFAOYSA-N,1-propanol,water,298.1,13.4,2.5952547069568657,Chromatography,True,train
je0495942.xml,2005,3,BDERNNFJNOPAEC-UHFFFAOYSA-N,XLYOFNOQVPJJNP-UHFFFAOYSA-N,1-propanol,water,298.04,13.3,2.5877640352277083,Chromatography,True,train
je0495942.xml,2005,3,BDERNNFJNOPAEC-UHFFFAOYSA-N,XLYOFNOQVPJJNP-UHFFFAOYSA-N,1-propanol,water,298.1,13.3,2.5877640352277083,Chromatography,True,train
j.fluid.2005.08.018.xml,2005,7,BDERNNFJNOPAEC-UHFFFAOYSA-N,XLYOFNOQVPJJNP-UHFFFAOYSA-N,1-propanol,water,303.15,15.3,2.72785282839839,comparative tensimetry,True,train
j.fluid.2005.08.018.xml,2005,7,BDERNNFJNOPAEC-UHFFFAOYSA-N,XLYOFNOQVPJJNP-UHFFFAOYSA-N,1-propanol,water,308.15,16.1,2.778819271990417,comparative tensimetry,True,train
j.fluid.2005.08.018.xml,2005,7,BDERNNFJNOPAEC-UHFFFAOYSA-N,XLYOFNOQVPJJNP-UHFFFAOYSA-N,1-propanol,water,313.15,16.7,2.815408719422709,comparative tensimetry,True,train
j.fluid.2005.08.018.xml,2005,7,BDERNNFJNOPAEC-UHFFFAOYSA-N,XLYOFNOQVPJJNP-UHFFFAOYSA-N,1-propanol,water,318.15,17.5,2.862200880929469,comparative tensimetry,True,train
j.fluid.2005.08.018.xml,2005,7,BDERNNFJNOPAEC-UHFFFAOYSA-N,XLYOFNOQVPJJNP-UHFFFAOYSA-N,1-propanol,water,323.15,18.1,2.89591193827178,comparative tensimetry,True,train
j.fluid.2005.08.018.xml,2005,7,BDERNNFJNOPAEC-UHFFFAOYSA-N,XLYOFNOQVPJJNP-UHFFFAOYSA-N,1-propanol,water,328.15,18.6,2.923161580719156,comparative tensimetry,True,train
j.fluid.2005.08.018.xml,2005,7,BDERNNFJNOPAEC-UHFFFAOYSA-N,XLYOFNOQVPJJNP-UHFFFAOYSA-N,1-propanol,water,333.15,19.0,2.9444389791664403,comparative tensimetry,True,train
j.fluid.2005.08.018.xml,2005,8,BDERNNFJNOPAEC-UHFFFAOYSA-N,XLYOFNOQVPJJNP-UHFFFAOYSA-N,1-propanol,water,358.15,20.1,3.0007198150650303,circulating still method,True,train
j.fluid.2005.08.018.xml,2005,8,BDERNNFJNOPAEC-UHFFFAOYSA-N,XLYOFNOQVPJJNP-UHFFFAOYSA-N,1-propanol,water,363.15,19.5,2.970414465569701,circulating still method,True,train
j.fluid.2005.08.018.xml,2005,8,BDERNNFJNOPAEC-UHFFFAOYSA-N,XLYOFNOQVPJJNP-UHFFFAOYSA-N,1-propanol,water,368.15,18.7,2.928523523860541,circulating still method,True,train
j.fluid.2005.08.018.xml,2005,8,BDERNNFJNOPAEC-UHFFFAOYSA-N,XLYOFNOQVPJJNP-UHFFFAOYSA-N,1-propanol,water,372.15,18.9,2.9391619220655967,circulating still method,True,train
j.fluid.2007.09.021.xml,2008,4,BDERNNFJNOPAEC-UHFFFAOYSA-N,YNQLUTRBYVCPMQ-UHFFFAOYSA-N,1-propanol,ethylbenzene,293.15,15.8,2.760009940032921,Chromatography,True,train
j.fluid.2007.09.021.xml,2008,4,BDERNNFJNOPAEC-UHFFFAOYSA-N,YNQLUTRBYVCPMQ-UHFFFAOYSA-N,1-propanol,ethylbenzene,303.15,12.9,2.5572273113676265,Chromatography,True,train
j.fluid.2007.09.021.xml,2008,4,BDERNNFJNOPAEC-UHFFFAOYSA-N,YNQLUTRBYVCPMQ-UHFFFAOYSA-N,1-propanol,ethylbenzene,313.15,10.3,2.33214389523559,Chromatography,True,train
j.fluid.2007.09.021.xml,2008,4,BDERNNFJNOPAEC-UHFFFAOYSA-N,YNQLUTRBYVCPMQ-UHFFFAOYSA-N,1-propanol,ethylbenzene,323.15,8.7,2.163323025660538,Chromatography,True,train
je200628n.xml,2011,39,BDERNNFJNOPAEC-UHFFFAOYSA-N,YQLZOAVZWJBZSY-UHFFFAOYSA-N,propyl alcohol,"1,10-diaminodecane",338.2,0.622,-0.4748151862429576,Chromatography,False,train
je200628n.xml,2011,39,BDERNNFJNOPAEC-UHFFFAOYSA-N,YQLZOAVZWJBZSY-UHFFFAOYSA-N,propyl alcohol,"1,10-diaminodecane",348.15,0.731,-0.3133418192323586,Chromatography,False,train
je200628n.xml,2011,39,BDERNNFJNOPAEC-UHFFFAOYSA-N,YQLZOAVZWJBZSY-UHFFFAOYSA-N,propyl alcohol,"1,10-diaminodecane",353.22,0.772,-0.2587707289573608,Chromatography,False,train
j.jct.2013.05.011.xml,2013,45,BDERNNFJNOPAEC-UHFFFAOYSA-N,ZIBGPFATKBEMQZ-UHFFFAOYSA-N,1-propanol,triethylene glycol,333.2,1.38,0.3220834991691132,Chromatography,True,train
j.jct.2013.05.011.xml,2013,45,BDERNNFJNOPAEC-UHFFFAOYSA-N,ZIBGPFATKBEMQZ-UHFFFAOYSA-N,1-propanol,triethylene glycol,348.2,1.34,0.29266961396282,Chromatography,True,train
j.jct.2013.05.011.xml,2013,45,BDERNNFJNOPAEC-UHFFFAOYSA-N,ZIBGPFATKBEMQZ-UHFFFAOYSA-N,1-propanol,triethylene glycol,363.2,1.31,0.2700271372130602,Chromatography,True,train
j.tca.2015.11.010.xml,2016,7,BKIMMITUMNQMOS-UHFFFAOYSA-N,ATHHXGZTWNVVOU-UHFFFAOYSA-N,n-nonane,N-methylformamide,298.15,122.2,4.805659046737495,Chromatography,True,test_one
je700139p.xml,2007,8,BKIMMITUMNQMOS-UHFFFAOYSA-N,HXJUTPCZVOIRIF-UHFFFAOYSA-N,nonane,sulfolane,333.15,333.15,5.808592839008546,Chromatography,True,test_both
je700139p.xml,2007,8,BKIMMITUMNQMOS-UHFFFAOYSA-N,HXJUTPCZVOIRIF-UHFFFAOYSA-N,nonane,sulfolane,343.15,343.15,5.838167669354644,Chromatography,True,test_both
je700139p.xml,2007,8,BKIMMITUMNQMOS-UHFFFAOYSA-N,HXJUTPCZVOIRIF-UHFFFAOYSA-N,nonane,sulfolane,353.15,353.15,5.866892895854932,Chromatography,True,test_both
je700139p.xml,2007,8,BKIMMITUMNQMOS-UHFFFAOYSA-N,HXJUTPCZVOIRIF-UHFFFAOYSA-N,nonane,sulfolane,363.15,363.15,5.894815972052177,Chromatography,True,test_both
je700139p.xml,2007,8,BKIMMITUMNQMOS-UHFFFAOYSA-N,HXJUTPCZVOIRIF-UHFFFAOYSA-N,nonane,sulfolane,373.15,373.15,5.921980483577396,Chromatography,True,test_both
j.fluid.2016.10.009.xml,2017,2,BKIMMITUMNQMOS-UHFFFAOYSA-N,JUJWROOIHBZHMG-UHFFFAOYSA-N,n-nonane,pyridine,298.15,8.75,2.169053700369523,Other,True,test_one
j.jct.2016.10.013.xml,2017,9,BKIMMITUMNQMOS-UHFFFAOYSA-N,LYCAIKOWRPUZTN-UHFFFAOYSA-N,n-nonane,ethylene glycol,303.15,2960.0,7.992944547318106,Other,True,test_one
j.jct.2016.10.013.xml,2017,9,BKIMMITUMNQMOS-UHFFFAOYSA-N,LYCAIKOWRPUZTN-UHFFFAOYSA-N,n-nonane,ethylene glycol,313.15,2320.0,7.749322464660356,Other,True,test_one
j.jct.2016.10.013.xml,2017,9,BKIMMITUMNQMOS-UHFFFAOYSA-N,LYCAIKOWRPUZTN-UHFFFAOYSA-N,n-nonane,ethylene glycol,323.15,1970.0,7.585788821732034,Other,True,test_one
j.jct.2016.10.013.xml,2017,20,BKIMMITUMNQMOS-UHFFFAOYSA-N,MTHSVFCYNBDYFN-UHFFFAOYSA-N,n-nonane,diethylene glycol,304.15,371.0,5.916202062607435,Other,True,test_both
j.jct.2016.10.013.xml,2017,20,BKIMMITUMNQMOS-UHFFFAOYSA-N,MTHSVFCYNBDYFN-UHFFFAOYSA-N,n-nonane,diethylene glycol,313.15,329.0,5.796057750765372,Other,True,test_both
j.jct.2016.10.013.xml,2017,20,BKIMMITUMNQMOS-UHFFFAOYSA-N,MTHSVFCYNBDYFN-UHFFFAOYSA-N,n-nonane,diethylene glycol,323.15,295.0,5.68697535633982,Other,True,test_both
j.jct.2013.05.011.xml,2013,8,BKIMMITUMNQMOS-UHFFFAOYSA-N,MTHSVFCYNBDYFN-UHFFFAOYSA-N,n-nonane,diethylene glycol,333.2,263.9,5.575570243509278,Chromatography,True,test_both
j.jct.2013.05.011.xml,2013,8,BKIMMITUMNQMOS-UHFFFAOYSA-N,MTHSVFCYNBDYFN-UHFFFAOYSA-N,n-nonane,diethylene glycol,348.2,230.4,5.439816928821736,Chromatography,True,test_both
j.jct.2013.05.011.xml,2013,8,BKIMMITUMNQMOS-UHFFFAOYSA-N,MTHSVFCYNBDYFN-UHFFFAOYSA-N,n-nonane,diethylene glycol,363.2,193.4,5.264760583019194,Chromatography,True,test_both
je900686n.xml,2010,3,BKIMMITUMNQMOS-UHFFFAOYSA-N,PEDCQBHIVMGVHV-UHFFFAOYSA-N,nonane,glycerol,303.15,845.57,6.740010956159411,Chromatography,True,test_both
je900686n.xml,2010,3,BKIMMITUMNQMOS-UHFFFAOYSA-N,PEDCQBHIVMGVHV-UHFFFAOYSA-N,nonane,glycerol,313.15,751.6,6.622204267539311,Chromatography,True,test_both
je900686n.xml,2010,3,BKIMMITUMNQMOS-UHFFFAOYSA-N,PEDCQBHIVMGVHV-UHFFFAOYSA-N,nonane,glycerol,323.15,691.1,6.538284531097348,Chromatography,True,test_both
je900686n.xml,2010,3,BKIMMITUMNQMOS-UHFFFAOYSA-N,PEDCQBHIVMGVHV-UHFFFAOYSA-N,nonane,glycerol,333.15,640.03,6.461515050255119,Chromatography,True,test_both
je900686n.xml,2010,3,BKIMMITUMNQMOS-UHFFFAOYSA-N,PEDCQBHIVMGVHV-UHFFFAOYSA-N,nonane,glycerol,343.15,559.41,6.326882656904112,Chromatography,True,test_both
j.jct.2013.02.006.xml,2013,28,BKIMMITUMNQMOS-UHFFFAOYSA-N,SECXISVLQFMRJM-UHFFFAOYSA-N,n-nonane,1-methylpyrrolidone,333.2,16.67,2.813610696762703,Chromatography,True,test_one
j.jct.2013.02.006.xml,2013,28,BKIMMITUMNQMOS-UHFFFAOYSA-N,SECXISVLQFMRJM-UHFFFAOYSA-N,n-nonane,1-methylpyrrolidone,348.2,14.86,2.698673039289613,Chromatography,True,test_one
j.jct.2013.02.006.xml,2013,28,BKIMMITUMNQMOS-UHFFFAOYSA-N,SECXISVLQFMRJM-UHFFFAOYSA-N,n-nonane,1-methylpyrrolidone,363.2,12.02,2.4865719291070616,Chromatography,True,test_one
je020196d.xml,2003,30,BKIMMITUMNQMOS-UHFFFAOYSA-N,UWHCKJMYHZGTIT-UHFFFAOYSA-N,nonane,tetraethylene glycol,333.15,92.333,4.525401607404409,Chromatography,True,test_one
je020196d.xml,2003,30,BKIMMITUMNQMOS-UHFFFAOYSA-N,UWHCKJMYHZGTIT-UHFFFAOYSA-N,nonane,tetraethylene glycol,353.15,64.686,4.169544794785036,Chromatography,True,test_one
je020196d.xml,2003,30,BKIMMITUMNQMOS-UHFFFAOYSA-N,UWHCKJMYHZGTIT-UHFFFAOYSA-N,nonane,tetraethylene glycol,363.15,57.4205,4.050401382422334,Chromatography,True,test_one
je020196d.xml,2003,30,BKIMMITUMNQMOS-UHFFFAOYSA-N,UWHCKJMYHZGTIT-UHFFFAOYSA-N,nonane,tetraethylene glycol,373.15,49.2577,3.8970657005751295,Chromatography,True,test_one
je020196d.xml,2003,30,BKIMMITUMNQMOS-UHFFFAOYSA-N,UWHCKJMYHZGTIT-UHFFFAOYSA-N,nonane,tetraethylene glycol,383.15,42.9453,3.7599272128731456,Chromatography,True,test_one
je020196d.xml,2003,30,BKIMMITUMNQMOS-UHFFFAOYSA-N,UWHCKJMYHZGTIT-UHFFFAOYSA-N,nonane,tetraethylene glycol,393.15,39.7168,3.681774271983889,Chromatography,True,test_one
je020196d.xml,2003,30,BKIMMITUMNQMOS-UHFFFAOYSA-N,UWHCKJMYHZGTIT-UHFFFAOYSA-N,nonane,tetraethylene glycol,403.15,34.137,3.530381840042981,Chromatography,True,test_one
j.jct.2014.06.006.xml,2014,15,BKIMMITUMNQMOS-UHFFFAOYSA-N,XNWFRZJHXBZDAG-UHFFFAOYSA-N,n-nonane,methyl cellosolve,298.0,41.4,3.7232808808312687,Chromatography,True,test_one
je020196d.xml,2003,23,BKIMMITUMNQMOS-UHFFFAOYSA-N,ZIBGPFATKBEMQZ-UHFFFAOYSA-N,nonane,triethylene glycol,323.15,182.6414,5.207524667544767,Chromatography,True,test_one
j.jct.2013.05.011.xml,2013,31,BKIMMITUMNQMOS-UHFFFAOYSA-N,ZIBGPFATKBEMQZ-UHFFFAOYSA-N,n-nonane,triethylene glycol,333.2,137.0,4.919980925828125,Chromatography,True,test_one
je020196d.xml,2003,23,BKIMMITUMNQMOS-UHFFFAOYSA-N,ZIBGPFATKBEMQZ-UHFFFAOYSA-N,nonane,triethylene glycol,333.15,155.9893,5.049787415153563,Chromatography,True,test_one
je020196d.xml,2003,23,BKIMMITUMNQMOS-UHFFFAOYSA-N,ZIBGPFATKBEMQZ-UHFFFAOYSA-N,nonane,triethylene glycol,343.15,139.833,4.940448853446084,Chromatography,True,test_one
j.jct.2013.05.011.xml,2013,31,BKIMMITUMNQMOS-UHFFFAOYSA-N,ZIBGPFATKBEMQZ-UHFFFAOYSA-N,n-nonane,triethylene glycol,348.2,98.9,4.594109238628667,Chromatography,True,test_one
je020196d.xml,2003,23,BKIMMITUMNQMOS-UHFFFAOYSA-N,ZIBGPFATKBEMQZ-UHFFFAOYSA-N,nonane,triethylene glycol,353.15,119.0435,4.779488972534275,Chromatography,True,test_one
j.jct.2013.05.011.xml,2013,31,BKIMMITUMNQMOS-UHFFFAOYSA-N,ZIBGPFATKBEMQZ-UHFFFAOYSA-N,n-nonane,triethylene glycol,363.2,83.12,4.420285346790972,Chromatography,True,test_one
je020196d.xml,2003,23,BKIMMITUMNQMOS-UHFFFAOYSA-N,ZIBGPFATKBEMQZ-UHFFFAOYSA-N,nonane,triethylene glycol,363.15,103.0471,4.635186165261687,Chromatography,True,test_one
je020196d.xml,2003,23,BKIMMITUMNQMOS-UHFFFAOYSA-N,ZIBGPFATKBEMQZ-UHFFFAOYSA-N,nonane,triethylene glycol,373.15,92.9946,4.532541426951318,Chromatography,True,test_one
je020196d.xml,2003,23,BKIMMITUMNQMOS-UHFFFAOYSA-N,ZIBGPFATKBEMQZ-UHFFFAOYSA-N,nonane,triethylene glycol,383.15,81.4029,4.399410898909511,Chromatography,True,test_one
je020196d.xml,2003,23,BKIMMITUMNQMOS-UHFFFAOYSA-N,ZIBGPFATKBEMQZ-UHFFFAOYSA-N,nonane,triethylene glycol,393.15,73.9146,4.302910372716953,Chromatography,True,test_one
j.jct.2012.06.009.xml,2012,12,BTANRVKWQNVYAZ-UHFFFAOYSA-N,GHVNFZFCNZKVNT-UHFFFAOYSA-N,butan-2-ol,capric acid,314.1,1.334,0.288181947493432,Chromatography,True,train
j.jct.2012.06.009.xml,2012,12,BTANRVKWQNVYAZ-UHFFFAOYSA-N,GHVNFZFCNZKVNT-UHFFFAOYSA-N,butan-2-ol,capric acid,314.24,1.354,0.3030631744900833,Chromatography,True,train
j.jct.2012.06.009.xml,2012,12,BTANRVKWQNVYAZ-UHFFFAOYSA-N,GHVNFZFCNZKVNT-UHFFFAOYSA-N,butan-2-ol,capric acid,333.26,1.167,0.1544363533044189,Chromatography,True,train
j.jct.2012.06.009.xml,2012,12,BTANRVKWQNVYAZ-UHFFFAOYSA-N,GHVNFZFCNZKVNT-UHFFFAOYSA-N,butan-2-ol,capric acid,333.38,1.159,0.1475575643576147,Chromatography,True,train
j.jct.2012.06.009.xml,2012,12,BTANRVKWQNVYAZ-UHFFFAOYSA-N,GHVNFZFCNZKVNT-UHFFFAOYSA-N,butan-2-ol,capric acid,353.25,1.052,0.0506931143155181,Chromatography,True,train
j.jct.2012.06.009.xml,2012,12,BTANRVKWQNVYAZ-UHFFFAOYSA-N,GHVNFZFCNZKVNT-UHFFFAOYSA-N,butan-2-ol,capric acid,353.3,1.037,0.0363319292473902,Chromatography,True,train
j.jct.2012.06.009.xml,2012,76,BTANRVKWQNVYAZ-UHFFFAOYSA-N,IPCSVZSSVZVIGE-UHFFFAOYSA-N,butan-2-ol,hexadecanoic acid,340.19,1.258,0.2295231582782488,Chromatography,True,train
j.jct.2012.06.009.xml,2012,76,BTANRVKWQNVYAZ-UHFFFAOYSA-N,IPCSVZSSVZVIGE-UHFFFAOYSA-N,butan-2-ol,hexadecanoic acid,348.01,1.199,0.1814878760453772,Chromatography,True,train
j.jct.2012.06.009.xml,2012,76,BTANRVKWQNVYAZ-UHFFFAOYSA-N,IPCSVZSSVZVIGE-UHFFFAOYSA-N,butan-2-ol,hexadecanoic acid,358.32,1.116,0.1097508639591192,Chromatography,True,train
j.jct.2012.06.009.xml,2012,33,BTANRVKWQNVYAZ-UHFFFAOYSA-N,POULHZVOKOAJMA-UHFFFAOYSA-N,butan-2-ol,lauric acid,314.1,1.282,0.2484213584984783,Chromatography,True,train
j.jct.2012.06.009.xml,2012,33,BTANRVKWQNVYAZ-UHFFFAOYSA-N,POULHZVOKOAJMA-UHFFFAOYSA-N,butan-2-ol,lauric acid,314.24,1.298,0.2608246182818983,Chromatography,True,train
j.jct.2012.06.009.xml,2012,33,BTANRVKWQNVYAZ-UHFFFAOYSA-N,POULHZVOKOAJMA-UHFFFAOYSA-N,butan-2-ol,lauric acid,333.38,1.174,0.1604167214059046,Chromatography,True,train
j.jct.2012.06.009.xml,2012,33,BTANRVKWQNVYAZ-UHFFFAOYSA-N,POULHZVOKOAJMA-UHFFFAOYSA-N,butan-2-ol,lauric acid,353.25,1.064,0.0620353909194527,Chromatography,True,train
j.jct.2012.06.009.xml,2012,33,BTANRVKWQNVYAZ-UHFFFAOYSA-N,POULHZVOKOAJMA-UHFFFAOYSA-N,butan-2-ol,lauric acid,353.3,1.077,0.0741793981742514,Chromatography,True,train
j.jct.2012.06.009.xml,2012,55,BTANRVKWQNVYAZ-UHFFFAOYSA-N,TUNFSRHWOTWDNC-UHFFFAOYSA-N,butan-2-ol,tetradecanoic acid,314.1,1.165,0.1527210870176639,Chromatography,True,train
j.jct.2012.06.009.xml,2012,55,BTANRVKWQNVYAZ-UHFFFAOYSA-N,TUNFSRHWOTWDNC-UHFFFAOYSA-N,butan-2-ol,tetradecanoic acid,314.24,1.206,0.1873090983049936,Chromatography,True,train
j.jct.2012.06.009.xml,2012,55,BTANRVKWQNVYAZ-UHFFFAOYSA-N,TUNFSRHWOTWDNC-UHFFFAOYSA-N,butan-2-ol,tetradecanoic acid,333.26,1.122,0.1151128071005046,Chromatography,True,train
j.jct.2012.06.009.xml,2012,55,BTANRVKWQNVYAZ-UHFFFAOYSA-N,TUNFSRHWOTWDNC-UHFFFAOYSA-N,butan-2-ol,tetradecanoic acid,333.38,1.108,0.1025565883250921,Chromatography,True,train
j.jct.2012.06.009.xml,2012,55,BTANRVKWQNVYAZ-UHFFFAOYSA-N,TUNFSRHWOTWDNC-UHFFFAOYSA-N,butan-2-ol,tetradecanoic acid,353.25,1.053,0.0516432331518383,Chromatography,True,train
j.jct.2012.06.009.xml,2012,55,BTANRVKWQNVYAZ-UHFFFAOYSA-N,TUNFSRHWOTWDNC-UHFFFAOYSA-N,butan-2-ol,tetradecanoic acid,353.3,1.039,0.0382587121170902,Chromatography,True,train
j.fluid.2008.09.011.xml,2009,5,CCEFMUBVSUDRLG-UHFFFAOYSA-N,WEVYAHXRMPXWCK-UHFFFAOYSA-N,"7-oxabicyclo[4.1.0]heptane, 1-methyl-4-(1-methylethenyl)-",acetonitrile,298.15,2.3,0.8329091229351039,inert gas stripping,False,train
j.fluid.2008.09.011.xml,2009,11,CCEFMUBVSUDRLG-UHFFFAOYSA-N,XLYOFNOQVPJJNP-UHFFFAOYSA-N,"7-oxabicyclo[4.1.0]heptane, 1-methyl-4-(1-methylethenyl)-",water,298.15,2721.0,7.908754738783246,inert gas stripping,False,train
j.fluid.2008.09.011.xml,2009,9,CCEFMUBVSUDRLG-UHFFFAOYSA-N,XMGQYMWWDOXHJM-JTQLQIEISA-N,"7-oxabicyclo[4.1.0]heptane, 1-methyl-4-(1-methylethenyl)-",(R)-(+)-limonene,298.15,4.13,1.4182774069729414,inert gas stripping,False,train
j.jct.2010.04.011.xml,2010,3,CGHIBGNXEGJPQZ-UHFFFAOYSA-N,IAZDPXIOMUYVGZ-UHFFFAOYSA-N,1-hexyne,dimethyl sulfoxide,298.0,4.1,1.410986973710262,Chromatography,True,test_both
j.jct.2013.05.011.xml,2013,13,CGHIBGNXEGJPQZ-UHFFFAOYSA-N,MTHSVFCYNBDYFN-UHFFFAOYSA-N,1-hexyne,diethylene glycol,333.2,14.07,2.644044871126298,Chromatography,True,test_both
j.jct.2013.05.011.xml,2013,13,CGHIBGNXEGJPQZ-UHFFFAOYSA-N,MTHSVFCYNBDYFN-UHFFFAOYSA-N,1-hexyne,diethylene glycol,348.2,14.59,2.6803363625346943,Chromatography,True,test_both
j.jct.2013.05.011.xml,2013,13,CGHIBGNXEGJPQZ-UHFFFAOYSA-N,MTHSVFCYNBDYFN-UHFFFAOYSA-N,1-hexyne,diethylene glycol,363.2,13.79,2.6239436918052106,Chromatography,True,test_both
j.jct.2013.02.006.xml,2013,34,CGHIBGNXEGJPQZ-UHFFFAOYSA-N,SECXISVLQFMRJM-UHFFFAOYSA-N,1-hexyne,1-methylpyrrolidone,333.2,1.47,0.3852624007906449,Chromatography,True,test_one
j.jct.2013.02.006.xml,2013,34,CGHIBGNXEGJPQZ-UHFFFAOYSA-N,SECXISVLQFMRJM-UHFFFAOYSA-N,1-hexyne,1-methylpyrrolidone,348.2,1.57,0.4510756193602167,Chromatography,True,test_one
j.jct.2013.02.006.xml,2013,34,CGHIBGNXEGJPQZ-UHFFFAOYSA-N,SECXISVLQFMRJM-UHFFFAOYSA-N,1-hexyne,1-methylpyrrolidone,363.2,1.77,0.5709795465857378,Chromatography,True,test_one
j.jct.2013.05.011.xml,2013,36,CGHIBGNXEGJPQZ-UHFFFAOYSA-N,ZIBGPFATKBEMQZ-UHFFFAOYSA-N,1-hexyne,triethylene glycol,333.2,7.01,1.9473377010464987,Chromatography,True,test_one
j.jct.2013.05.011.xml,2013,36,CGHIBGNXEGJPQZ-UHFFFAOYSA-N,ZIBGPFATKBEMQZ-UHFFFAOYSA-N,1-hexyne,triethylene glycol,348.2,7.03,1.9501867058225733,Chromatography,True,test_one
j.jct.2013.05.011.xml,2013,36,CGHIBGNXEGJPQZ-UHFFFAOYSA-N,ZIBGPFATKBEMQZ-UHFFFAOYSA-N,1-hexyne,triethylene glycol,363.2,6.69,1.900613874140137,Chromatography,True,test_one
je1005517.xml,2011,34,CSCPPACGZOOCGX-UHFFFAOYSA-N,BTFJIXJJCSYFAL-UHFFFAOYSA-N,propanone,1-eicosanol,338.15,0.0557,-2.887775132048899,GC,True,train
je1005517.xml,2011,34,CSCPPACGZOOCGX-UHFFFAOYSA-N,BTFJIXJJCSYFAL-UHFFFAOYSA-N,propanone,1-eicosanol,343.15,0.0572,-2.861201380596385,GC,True,train
je1005517.xml,2011,34,CSCPPACGZOOCGX-UHFFFAOYSA-N,BTFJIXJJCSYFAL-UHFFFAOYSA-N,propanone,1-eicosanol,348.15,0.0587,-2.8353155521480864,GC,True,train
je1005517.xml,2011,34,CSCPPACGZOOCGX-UHFFFAOYSA-N,BTFJIXJJCSYFAL-UHFFFAOYSA-N,propanone,1-eicosanol,353.15,0.0602,-2.810082926667362,GC,True,train
j.jct.2012.12.009.xml,2013,74,CSCPPACGZOOCGX-UHFFFAOYSA-N,DTOSIQBPPRVQHS-PDBXOOCHSA-N,acetone,"9,12,15-octadecatrienoic acid",303.13,1.099,0.0944006754214843,Chromatography,True,train
j.jct.2012.12.009.xml,2013,74,CSCPPACGZOOCGX-UHFFFAOYSA-N,DTOSIQBPPRVQHS-PDBXOOCHSA-N,acetone,"9,12,15-octadecatrienoic acid",313.24,1.057,0.0554347068881005,Chromatography,True,train
j.jct.2012.12.009.xml,2013,74,CSCPPACGZOOCGX-UHFFFAOYSA-N,DTOSIQBPPRVQHS-PDBXOOCHSA-N,acetone,"9,12,15-octadecatrienoic acid",313.25,1.101,0.0962188577405429,Chromatography,True,train
j.jct.2012.12.009.xml,2013,74,CSCPPACGZOOCGX-UHFFFAOYSA-N,DTOSIQBPPRVQHS-PDBXOOCHSA-N,acetone,"9,12,15-octadecatrienoic acid",323.26,1.111,0.1052605106574929,Chromatography,True,train
j.jct.2012.06.009.xml,2012,18,CSCPPACGZOOCGX-UHFFFAOYSA-N,GHVNFZFCNZKVNT-UHFFFAOYSA-N,dimethyl ketone,capric acid,314.1,1.558,0.4434029474485566,Chromatography,True,train
j.jct.2012.06.009.xml,2012,18,CSCPPACGZOOCGX-UHFFFAOYSA-N,GHVNFZFCNZKVNT-UHFFFAOYSA-N,dimethyl ketone,capric acid,333.26,1.458,0.3770656335864664,Chromatography,True,train
j.jct.2012.06.009.xml,2012,18,CSCPPACGZOOCGX-UHFFFAOYSA-N,GHVNFZFCNZKVNT-UHFFFAOYSA-N,dimethyl ketone,capric acid,333.38,1.466,0.3825376034644597,Chromatography,True,train
j.jct.2012.06.009.xml,2012,18,CSCPPACGZOOCGX-UHFFFAOYSA-N,GHVNFZFCNZKVNT-UHFFFAOYSA-N,dimethyl ketone,capric acid,353.25,1.343,0.2949059175411005,Chromatography,True,train
je1005517.xml,2011,12,CSCPPACGZOOCGX-UHFFFAOYSA-N,GLDOVTGHNKAZLK-UHFFFAOYSA-N,propanone,1-octadecanol,333.15,0.0185,-3.989984546897858,GC,True,train
je1005517.xml,2011,12,CSCPPACGZOOCGX-UHFFFAOYSA-N,GLDOVTGHNKAZLK-UHFFFAOYSA-N,propanone,1-octadecanol,338.15,0.0179,-4.022954566135428,GC,True,train
je1005517.xml,2011,12,CSCPPACGZOOCGX-UHFFFAOYSA-N,GLDOVTGHNKAZLK-UHFFFAOYSA-N,propanone,1-octadecanol,343.15,0.0174,-4.051285072761654,GC,True,train
je1005517.xml,2011,12,CSCPPACGZOOCGX-UHFFFAOYSA-N,GLDOVTGHNKAZLK-UHFFFAOYSA-N,propanone,1-octadecanol,348.15,0.017,-4.074541934925921,GC,True,train
je1005517.xml,2011,12,CSCPPACGZOOCGX-UHFFFAOYSA-N,GLDOVTGHNKAZLK-UHFFFAOYSA-N,propanone,1-octadecanol,353.15,0.0166,-4.098352583619639,GC,True,train
j.jct.2012.06.009.xml,2012,83,CSCPPACGZOOCGX-UHFFFAOYSA-N,IPCSVZSSVZVIGE-UHFFFAOYSA-N,dimethyl ketone,hexadecanoic acid,340.19,1.494,0.4014570867106256,Chromatography,True,train
j.jct.2012.06.009.xml,2012,83,CSCPPACGZOOCGX-UHFFFAOYSA-N,IPCSVZSSVZVIGE-UHFFFAOYSA-N,dimethyl ketone,hexadecanoic acid,340.17,1.494,0.4014570867106256,Chromatography,True,train
j.jct.2012.06.009.xml,2012,83,CSCPPACGZOOCGX-UHFFFAOYSA-N,IPCSVZSSVZVIGE-UHFFFAOYSA-N,dimethyl ketone,hexadecanoic acid,348.01,1.417,0.3485419607085434,Chromatography,True,train
j.jct.2012.06.009.xml,2012,83,CSCPPACGZOOCGX-UHFFFAOYSA-N,IPCSVZSSVZVIGE-UHFFFAOYSA-N,dimethyl ketone,hexadecanoic acid,347.93,1.41,0.3435897043900768,Chromatography,True,train
j.jct.2012.06.009.xml,2012,83,CSCPPACGZOOCGX-UHFFFAOYSA-N,IPCSVZSSVZVIGE-UHFFFAOYSA-N,dimethyl ketone,hexadecanoic acid,358.23,1.325,0.2814124594381855,Chromatography,True,train
j.jct.2012.06.009.xml,2012,83,CSCPPACGZOOCGX-UHFFFAOYSA-N,IPCSVZSSVZVIGE-UHFFFAOYSA-N,dimethyl ketone,hexadecanoic acid,358.32,1.342,0.2941610385494901,Chromatography,True,train
j.fluid.2016.10.009.xml,2017,17,CSCPPACGZOOCGX-UHFFFAOYSA-N,JUJWROOIHBZHMG-UHFFFAOYSA-N,acetone,pyridine,298.15,1.18,0.1655144384775733,Other,True,train
j.jct.2012.12.009.xml,2013,59,CSCPPACGZOOCGX-UHFFFAOYSA-N,OYHQOLUKZRVURQ-HZJYTTRNSA-N,acetone,linoleic acid,338.28,1.213,0.1930966299619131,Chromatography,True,train
j.jct.2012.12.009.xml,2013,59,CSCPPACGZOOCGX-UHFFFAOYSA-N,OYHQOLUKZRVURQ-HZJYTTRNSA-N,acetone,linoleic acid,348.31,1.161,0.1492817027157544,Chromatography,True,train
j.jct.2012.12.009.xml,2013,59,CSCPPACGZOOCGX-UHFFFAOYSA-N,OYHQOLUKZRVURQ-HZJYTTRNSA-N,acetone,linoleic acid,358.33,1.133,0.1248689820458692,Chromatography,True,train
j.jct.2012.06.009.xml,2012,40,CSCPPACGZOOCGX-UHFFFAOYSA-N,POULHZVOKOAJMA-UHFFFAOYSA-N,dimethyl ketone,lauric acid,314.1,1.592,0.4649910874221913,Chromatography,True,train
j.jct.2012.06.009.xml,2012,40,CSCPPACGZOOCGX-UHFFFAOYSA-N,POULHZVOKOAJMA-UHFFFAOYSA-N,dimethyl ketone,lauric acid,314.24,1.59,0.4637340162321402,Chromatography,True,train
j.jct.2012.06.009.xml,2012,40,CSCPPACGZOOCGX-UHFFFAOYSA-N,POULHZVOKOAJMA-UHFFFAOYSA-N,dimethyl ketone,lauric acid,333.26,1.45,0.371563556432483,Chromatography,True,train
j.jct.2012.06.009.xml,2012,40,CSCPPACGZOOCGX-UHFFFAOYSA-N,POULHZVOKOAJMA-UHFFFAOYSA-N,dimethyl ketone,lauric acid,333.38,1.466,0.3825376034644597,Chromatography,True,train
j.jct.2012.06.009.xml,2012,40,CSCPPACGZOOCGX-UHFFFAOYSA-N,POULHZVOKOAJMA-UHFFFAOYSA-N,dimethyl ketone,lauric acid,353.25,1.335,0.2889312918522128,Chromatography,True,train
j.jct.2012.06.009.xml,2012,40,CSCPPACGZOOCGX-UHFFFAOYSA-N,POULHZVOKOAJMA-UHFFFAOYSA-N,dimethyl ketone,lauric acid,353.3,1.365,0.311154428636923,Chromatography,True,train
j.jct.2012.12.009.xml,2013,19,CSCPPACGZOOCGX-UHFFFAOYSA-N,QIQXTHQIDYTFRH-UHFFFAOYSA-N,acetone,n-octadecanoic acid,349.48,1.48,0.3920420877760237,Chromatography,True,train
j.jct.2012.12.009.xml,2013,19,CSCPPACGZOOCGX-UHFFFAOYSA-N,QIQXTHQIDYTFRH-UHFFFAOYSA-N,acetone,n-octadecanoic acid,358.39,1.391,0.3300229129413058,Chromatography,True,train
j.jct.2012.12.009.xml,2013,19,CSCPPACGZOOCGX-UHFFFAOYSA-N,QIQXTHQIDYTFRH-UHFFFAOYSA-N,acetone,n-octadecanoic acid,368.13,1.304,0.2654364635044612,Chromatography,True,train
j.jct.2012.06.009.xml,2012,62,CSCPPACGZOOCGX-UHFFFAOYSA-N,TUNFSRHWOTWDNC-UHFFFAOYSA-N,dimethyl ketone,tetradecanoic acid,314.1,1.43,0.3576744442718159,Chromatography,True,train
j.jct.2012.06.009.xml,2012,62,CSCPPACGZOOCGX-UHFFFAOYSA-N,TUNFSRHWOTWDNC-UHFFFAOYSA-N,dimethyl ketone,tetradecanoic acid,314.24,1.458,0.3770656335864664,Chromatography,True,train
j.jct.2012.06.009.xml,2012,62,CSCPPACGZOOCGX-UHFFFAOYSA-N,TUNFSRHWOTWDNC-UHFFFAOYSA-N,dimethyl ketone,tetradecanoic acid,333.26,1.364,0.3104215594212704,Chromatography,True,train
j.jct.2012.06.009.xml,2012,62,CSCPPACGZOOCGX-UHFFFAOYSA-N,TUNFSRHWOTWDNC-UHFFFAOYSA-N,dimethyl ketone,tetradecanoic acid,333.38,1.35,0.3001045924503381,Chromatography,True,train
j.jct.2012.06.009.xml,2012,62,CSCPPACGZOOCGX-UHFFFAOYSA-N,TUNFSRHWOTWDNC-UHFFFAOYSA-N,dimethyl ketone,tetradecanoic acid,353.25,1.296,0.2592825979300829,Chromatography,True,train
j.jct.2012.06.009.xml,2012,62,CSCPPACGZOOCGX-UHFFFAOYSA-N,TUNFSRHWOTWDNC-UHFFFAOYSA-N,dimethyl ketone,tetradecanoic acid,353.3,1.267,0.2366519013390019,Chromatography,True,train
je0495942.xml,2005,5,CSCPPACGZOOCGX-UHFFFAOYSA-N,XLYOFNOQVPJJNP-UHFFFAOYSA-N,propanone,water,298.01,7.62,2.030776369698555,Chromatography,True,train
je0495942.xml,2005,5,CSCPPACGZOOCGX-UHFFFAOYSA-N,XLYOFNOQVPJJNP-UHFFFAOYSA-N,propanone,water,298.03,7.64,2.033397603178429,Chromatography,True,train
je0495942.xml,2005,5,CSCPPACGZOOCGX-UHFFFAOYSA-N,XLYOFNOQVPJJNP-UHFFFAOYSA-N,propanone,water,298.04,7.68,2.038619547159581,Chromatography,True,train
je0495942.xml,2005,5,CSCPPACGZOOCGX-UHFFFAOYSA-N,XLYOFNOQVPJJNP-UHFFFAOYSA-N,propanone,water,298.03,7.7,2.0412203288596382,Chromatography,True,train
je0495942.xml,2005,5,CSCPPACGZOOCGX-UHFFFAOYSA-N,XLYOFNOQVPJJNP-UHFFFAOYSA-N,propanone,water,298.17,7.7,2.0412203288596382,Chromatography,True,train
je0495942.xml,2005,5,CSCPPACGZOOCGX-UHFFFAOYSA-N,XLYOFNOQVPJJNP-UHFFFAOYSA-N,propanone,water,298.01,7.68,2.038619547159581,Chromatography,True,train
je0495942.xml,2005,5,CSCPPACGZOOCGX-UHFFFAOYSA-N,XLYOFNOQVPJJNP-UHFFFAOYSA-N,propanone,water,298.04,7.74,2.046401687601636,Chromatography,True,train
j.tca.2015.11.010.xml,2016,20,CTQNGGLPUBDAKN-UHFFFAOYSA-N,ATHHXGZTWNVVOU-UHFFFAOYSA-N,o-xylene,N-methylformamide,298.15,9.8,2.2823823856765264,Chromatography,True,train
j.jct.2014.06.006.xml,2014,6,CTQNGGLPUBDAKN-UHFFFAOYSA-N,DNIAPMSPPWPWGF-UHFFFAOYSA-N,o-xylene,propylene glycol,298.0,26.3,3.269568939183719,Chromatography,True,train
je700139p.xml,2007,3,CTQNGGLPUBDAKN-UHFFFAOYSA-N,HXJUTPCZVOIRIF-UHFFFAOYSA-N,"1,2-dimethylbenzene",sulfolane,333.15,4.568,1.519075472353709,Chromatography,True,test_one
je700139p.xml,2007,3,CTQNGGLPUBDAKN-UHFFFAOYSA-N,HXJUTPCZVOIRIF-UHFFFAOYSA-N,"1,2-dimethylbenzene",sulfolane,343.15,4.388,1.4788735424129835,Chromatography,True,test_one
je700139p.xml,2007,3,CTQNGGLPUBDAKN-UHFFFAOYSA-N,HXJUTPCZVOIRIF-UHFFFAOYSA-N,"1,2-dimethylbenzene",sulfolane,353.15,4.281,1.454186627162809,Chromatography,True,test_one
je700139p.xml,2007,3,CTQNGGLPUBDAKN-UHFFFAOYSA-N,HXJUTPCZVOIRIF-UHFFFAOYSA-N,"1,2-dimethylbenzene",sulfolane,363.15,4.174,1.4288748086550092,Chromatography,True,test_one
je700139p.xml,2007,3,CTQNGGLPUBDAKN-UHFFFAOYSA-N,HXJUTPCZVOIRIF-UHFFFAOYSA-N,"1,2-dimethylbenzene",sulfolane,373.15,4.035,1.395006301721912,Chromatography,True,test_one
j.jct.2012.01.016.xml,2012,8,CTQNGGLPUBDAKN-UHFFFAOYSA-N,HYBBIBNJHNGZAN-UHFFFAOYSA-N,"1,2-dimethylbenzene",2-furaldehyde,298.15,4.12,1.415853163361435,Headspace solid phase microextraction,True,test_one
j.jct.2012.01.016.xml,2012,8,CTQNGGLPUBDAKN-UHFFFAOYSA-N,HYBBIBNJHNGZAN-UHFFFAOYSA-N,"1,2-dimethylbenzene",2-furaldehyde,298.15,3.74,1.3190856114264409,Headspace solid phase microextraction,True,test_one
j.jct.2012.01.016.xml,2012,8,CTQNGGLPUBDAKN-UHFFFAOYSA-N,HYBBIBNJHNGZAN-UHFFFAOYSA-N,"1,2-dimethylbenzene",2-furaldehyde,308.15,4.44,1.4906543764441336,Headspace solid phase microextraction,True,test_one
j.jct.2012.01.016.xml,2012,8,CTQNGGLPUBDAKN-UHFFFAOYSA-N,HYBBIBNJHNGZAN-UHFFFAOYSA-N,"1,2-dimethylbenzene",2-furaldehyde,308.15,3.55,1.2669476034873244,Headspace solid phase microextraction,True,test_one
j.jct.2012.01.016.xml,2012,8,CTQNGGLPUBDAKN-UHFFFAOYSA-N,HYBBIBNJHNGZAN-UHFFFAOYSA-N,"1,2-dimethylbenzene",2-furaldehyde,318.15,6.77,1.912501086924184,Headspace solid phase microextraction,True,test_one
j.jct.2012.01.016.xml,2012,8,CTQNGGLPUBDAKN-UHFFFAOYSA-N,HYBBIBNJHNGZAN-UHFFFAOYSA-N,"1,2-dimethylbenzene",2-furaldehyde,318.15,4.61,1.5282278570085572,Headspace solid phase microextraction,True,test_one
j.fluid.2016.10.009.xml,2017,8,CTQNGGLPUBDAKN-UHFFFAOYSA-N,JUJWROOIHBZHMG-UHFFFAOYSA-N,o-xylene,pyridine,298.15,1.41,0.3435897043900768,Other,True,train
je900686n.xml,2010,13,CTQNGGLPUBDAKN-UHFFFAOYSA-N,PEDCQBHIVMGVHV-UHFFFAOYSA-N,"1,2-dimethylbenzene",glycerol,303.15,139.38,4.937204016010373,Chromatography,True,test_one
je900686n.xml,2010,13,CTQNGGLPUBDAKN-UHFFFAOYSA-N,PEDCQBHIVMGVHV-UHFFFAOYSA-N,"1,2-dimethylbenzene",glycerol,313.15,121.12,4.796781789689138,Chromatography,True,test_one
je900686n.xml,2010,13,CTQNGGLPUBDAKN-UHFFFAOYSA-N,PEDCQBHIVMGVHV-UHFFFAOYSA-N,"1,2-dimethylbenzene",glycerol,323.15,98.75,4.592591403781231,Chromatography,True,test_one
je900686n.xml,2010,13,CTQNGGLPUBDAKN-UHFFFAOYSA-N,PEDCQBHIVMGVHV-UHFFFAOYSA-N,"1,2-dimethylbenzene",glycerol,333.15,83.71,4.427358444671965,Chromatography,True,test_one
je900686n.xml,2010,13,CTQNGGLPUBDAKN-UHFFFAOYSA-N,PEDCQBHIVMGVHV-UHFFFAOYSA-N,"1,2-dimethylbenzene",glycerol,343.15,68.54,4.227417516446463,Chromatography,True,test_one
j.jct.2014.06.006.xml,2014,28,CTQNGGLPUBDAKN-UHFFFAOYSA-N,XNWFRZJHXBZDAG-UHFFFAOYSA-N,o-xylene,methyl cellosolve,298.0,5.0,1.6094379124341005,Chromatography,True,train
j.jct.2010.04.011.xml,2010,16,CYTYCFOTNPOANT-UHFFFAOYSA-N,IAZDPXIOMUYVGZ-UHFFFAOYSA-N,tetrachloroethene,dimethyl sulfoxide,298.0,10.5,2.3513752571634776,Chromatography,True,test_both
j.fluid.2007.08.013.xml,2007,4,DHXVGJBLRPWPCS-UHFFFAOYSA-N,XLYOFNOQVPJJNP-UHFFFAOYSA-N,tetrahydropyran,water,273.35,39.6,3.6788291182604342,relative headspace analysis,True,train
j.fluid.2007.08.013.xml,2007,4,DHXVGJBLRPWPCS-UHFFFAOYSA-N,XLYOFNOQVPJJNP-UHFFFAOYSA-N,tetrahydropyran,water,283.15,44.9,3.8044377947482086,relative headspace analysis,True,train
j.fluid.2007.08.013.xml,2007,5,DHXVGJBLRPWPCS-UHFFFAOYSA-N,XLYOFNOQVPJJNP-UHFFFAOYSA-N,tetrahydropyran,water,288.15,58.0,4.060443010546419,Chromatography,True,train
j.fluid.2007.08.013.xml,2007,5,DHXVGJBLRPWPCS-UHFFFAOYSA-N,XLYOFNOQVPJJNP-UHFFFAOYSA-N,tetrahydropyran,water,298.15,70.5,4.255612709818223,Chromatography,True,train
j.fluid.2007.08.013.xml,2007,5,DHXVGJBLRPWPCS-UHFFFAOYSA-N,XLYOFNOQVPJJNP-UHFFFAOYSA-N,tetrahydropyran,water,308.15,83.4,4.423648309364701,Chromatography,True,train
j.fluid.2007.08.013.xml,2007,5,DHXVGJBLRPWPCS-UHFFFAOYSA-N,XLYOFNOQVPJJNP-UHFFFAOYSA-N,tetrahydropyran,water,318.15,96.2,4.566429357671661,Chromatography,True,train
j.fluid.2007.08.013.xml,2007,5,DHXVGJBLRPWPCS-UHFFFAOYSA-N,XLYOFNOQVPJJNP-UHFFFAOYSA-N,tetrahydropyran,water,328.15,107.5,4.677490847567717,Chromatography,True,train
j.tca.2015.11.010.xml,2016,8,DIOQZVSQGTUSAI-UHFFFAOYSA-N,ATHHXGZTWNVVOU-UHFFFAOYSA-N,n-decane,N-methylformamide,298.15,194.2,5.268888555857225,Other,True,train
j.fluid.2013.02.008.xml,2013,8,DIOQZVSQGTUSAI-UHFFFAOYSA-N,HLZKNKRTKFSKGZ-UHFFFAOYSA-N,decane,1-tetradecanol,353.0,2.1,0.7419373447293773,Chromatography,True,train
j.fluid.2013.02.008.xml,2013,8,DIOQZVSQGTUSAI-UHFFFAOYSA-N,HLZKNKRTKFSKGZ-UHFFFAOYSA-N,decane,1-tetradecanol,372.4,1.9,0.6418538861723947,Chromatography,True,train
j.fluid.2013.02.008.xml,2013,8,DIOQZVSQGTUSAI-UHFFFAOYSA-N,HLZKNKRTKFSKGZ-UHFFFAOYSA-N,decane,1-tetradecanol,392.0,1.79,0.5822156198526637,Chromatography,True,train
j.fluid.2013.02.008.xml,2013,8,DIOQZVSQGTUSAI-UHFFFAOYSA-N,HLZKNKRTKFSKGZ-UHFFFAOYSA-N,decane,1-tetradecanol,430.3,1.68,0.5187937934151675,Chromatography,True,train
je700139p.xml,2007,9,DIOQZVSQGTUSAI-UHFFFAOYSA-N,HXJUTPCZVOIRIF-UHFFFAOYSA-N,decane,sulfolane,333.15,147.362,4.992892144619021,Chromatography,True,test_one
je700139p.xml,2007,9,DIOQZVSQGTUSAI-UHFFFAOYSA-N,HXJUTPCZVOIRIF-UHFFFAOYSA-N,decane,sulfolane,343.15,125.839,4.835003312119592,Chromatography,True,test_one
je700139p.xml,2007,9,DIOQZVSQGTUSAI-UHFFFAOYSA-N,HXJUTPCZVOIRIF-UHFFFAOYSA-N,decane,sulfolane,353.15,106.628,4.669346141406655,Chromatography,True,test_one
je700139p.xml,2007,9,DIOQZVSQGTUSAI-UHFFFAOYSA-N,HXJUTPCZVOIRIF-UHFFFAOYSA-N,decane,sulfolane,363.15,92.151,4.523428535928899,Chromatography,True,test_one
je700139p.xml,2007,9,DIOQZVSQGTUSAI-UHFFFAOYSA-N,HXJUTPCZVOIRIF-UHFFFAOYSA-N,decane,sulfolane,373.15,79.825,4.379836738600845,Chromatography,True,test_one
j.fluid.2016.10.009.xml,2017,3,DIOQZVSQGTUSAI-UHFFFAOYSA-N,JUJWROOIHBZHMG-UHFFFAOYSA-N,n-decane,pyridine,298.15,9.6,2.26176309847379,Other,True,train
j.fluid.2013.02.008.xml,2013,5,DIOQZVSQGTUSAI-UHFFFAOYSA-N,LQZZUXJYWNFBMV-UHFFFAOYSA-N,decane,1-dodecanol,352.7,3.46,1.2412685890696329,Chromatography,True,train
j.fluid.2013.02.008.xml,2013,5,DIOQZVSQGTUSAI-UHFFFAOYSA-N,LQZZUXJYWNFBMV-UHFFFAOYSA-N,decane,1-dodecanol,362.5,2.93,1.075002423028976,Chromatography,True,train
j.fluid.2013.02.008.xml,2013,5,DIOQZVSQGTUSAI-UHFFFAOYSA-N,LQZZUXJYWNFBMV-UHFFFAOYSA-N,decane,1-dodecanol,372.8,2.67,0.9820784724121582,Chromatography,True,train
j.fluid.2013.02.008.xml,2013,5,DIOQZVSQGTUSAI-UHFFFAOYSA-N,LQZZUXJYWNFBMV-UHFFFAOYSA-N,decane,1-dodecanol,382.9,2.42,0.883767540168595,Chromatography,True,train
j.fluid.2013.02.008.xml,2013,5,DIOQZVSQGTUSAI-UHFFFAOYSA-N,LQZZUXJYWNFBMV-UHFFFAOYSA-N,decane,1-dodecanol,392.0,2.31,0.8372475245337022,Chromatography,True,train
j.fluid.2013.02.008.xml,2013,5,DIOQZVSQGTUSAI-UHFFFAOYSA-N,LQZZUXJYWNFBMV-UHFFFAOYSA-N,decane,1-dodecanol,410.9,2.31,0.8372475245337022,Chromatography,True,train
j.fluid.2013.02.008.xml,2013,5,DIOQZVSQGTUSAI-UHFFFAOYSA-N,LQZZUXJYWNFBMV-UHFFFAOYSA-N,decane,1-dodecanol,430.6,2.18,0.7793248768009977,Chromatography,True,train
j.fluid.2013.02.008.xml,2013,11,DIOQZVSQGTUSAI-UHFFFAOYSA-N,LYCAIKOWRPUZTN-UHFFFAOYSA-N,decane,"1,2-ethanediol",359.5,1680.0,7.426549072397305,Chromatography,True,train
j.fluid.2013.02.008.xml,2013,11,DIOQZVSQGTUSAI-UHFFFAOYSA-N,LYCAIKOWRPUZTN-UHFFFAOYSA-N,decane,"1,2-ethanediol",373.1,1210.0,7.098375638590786,Chromatography,True,train
j.fluid.2013.02.008.xml,2013,11,DIOQZVSQGTUSAI-UHFFFAOYSA-N,LYCAIKOWRPUZTN-UHFFFAOYSA-N,decane,"1,2-ethanediol",392.4,804.0,6.689599269178967,Chromatography,True,train
j.fluid.2013.02.008.xml,2013,11,DIOQZVSQGTUSAI-UHFFFAOYSA-N,LYCAIKOWRPUZTN-UHFFFAOYSA-N,decane,"1,2-ethanediol",411.5,557.0,6.322565239927284,Chromatography,True,train
j.fluid.2013.02.008.xml,2013,11,DIOQZVSQGTUSAI-UHFFFAOYSA-N,LYCAIKOWRPUZTN-UHFFFAOYSA-N,decane,"1,2-ethanediol",431.0,454.0,6.118097198041348,Chromatography,True,train
j.fluid.2013.02.008.xml,2013,2,DIOQZVSQGTUSAI-UHFFFAOYSA-N,MWKFXSUHUHTGQN-UHFFFAOYSA-N,decane,1-decanol,352.8,2.98,1.091923300517313,Chromatography,True,test_one
j.fluid.2013.02.008.xml,2013,2,DIOQZVSQGTUSAI-UHFFFAOYSA-N,MWKFXSUHUHTGQN-UHFFFAOYSA-N,decane,1-decanol,372.2,2.73,1.0043016091968684,Chromatography,True,test_one
j.fluid.2013.02.008.xml,2013,2,DIOQZVSQGTUSAI-UHFFFAOYSA-N,MWKFXSUHUHTGQN-UHFFFAOYSA-N,decane,1-decanol,391.6,2.6,0.9555114450274363,Chromatography,True,test_one
je900686n.xml,2010,4,DIOQZVSQGTUSAI-UHFFFAOYSA-N,PEDCQBHIVMGVHV-UHFFFAOYSA-N,decane,glycerol,303.15,1045.61,6.952355726151042,Chromatography,True,test_one
je900686n.xml,2010,4,DIOQZVSQGTUSAI-UHFFFAOYSA-N,PEDCQBHIVMGVHV-UHFFFAOYSA-N,decane,glycerol,313.15,881.37,6.781477515068922,Chromatography,True,test_one
je900686n.xml,2010,4,DIOQZVSQGTUSAI-UHFFFAOYSA-N,PEDCQBHIVMGVHV-UHFFFAOYSA-N,decane,glycerol,323.15,798.19,6.682346664347731,Chromatography,True,test_one
je900686n.xml,2010,4,DIOQZVSQGTUSAI-UHFFFAOYSA-N,PEDCQBHIVMGVHV-UHFFFAOYSA-N,decane,glycerol,333.15,701.28,6.552907236670499,Chromatography,True,test_one
je900686n.xml,2010,4,DIOQZVSQGTUSAI-UHFFFAOYSA-N,PEDCQBHIVMGVHV-UHFFFAOYSA-N,decane,glycerol,343.15,611.72,6.416274661479923,Chromatography,True,test_one
je200628n.xml,2011,4,DIOQZVSQGTUSAI-UHFFFAOYSA-N,PWGJDPKCLMLPJW-UHFFFAOYSA-N,n-decane,"1,8-diaminooctane",328.15,5.471,1.699461415081689,Chromatography,True,train
je200628n.xml,2011,4,DIOQZVSQGTUSAI-UHFFFAOYSA-N,PWGJDPKCLMLPJW-UHFFFAOYSA-N,n-decane,"1,8-diaminooctane",338.15,4.815,1.571736045250089,Chromatography,True,train
je200628n.xml,2011,4,DIOQZVSQGTUSAI-UHFFFAOYSA-N,PWGJDPKCLMLPJW-UHFFFAOYSA-N,n-decane,"1,8-diaminooctane",343.15,4.576,1.5208252540774967,Chromatography,True,train
je200628n.xml,2011,4,DIOQZVSQGTUSAI-UHFFFAOYSA-N,PWGJDPKCLMLPJW-UHFFFAOYSA-N,n-decane,"1,8-diaminooctane",348.15,4.355,1.4713246103044662,Chromatography,True,train
je200628n.xml,2011,58,DIOQZVSQGTUSAI-UHFFFAOYSA-N,QFTYSVGGYOXFRQ-UHFFFAOYSA-N,n-decane,"1,12-diaminododecane",348.25,6.11,1.809926773183504,Chromatography,False,train
je200628n.xml,2011,58,DIOQZVSQGTUSAI-UHFFFAOYSA-N,QFTYSVGGYOXFRQ-UHFFFAOYSA-N,n-decane,"1,12-diaminododecane",353.15,5.889,1.7730862039624338,Chromatography,False,train
je200628n.xml,2011,58,DIOQZVSQGTUSAI-UHFFFAOYSA-N,QFTYSVGGYOXFRQ-UHFFFAOYSA-N,n-decane,"1,12-diaminododecane",358.25,5.74,1.747459210331475,Chromatography,False,train
je200628n.xml,2011,58,DIOQZVSQGTUSAI-UHFFFAOYSA-N,QFTYSVGGYOXFRQ-UHFFFAOYSA-N,n-decane,"1,12-diaminododecane",363.21,5.597,1.7222307399092227,Chromatography,False,train
je020196d.xml,2003,31,DIOQZVSQGTUSAI-UHFFFAOYSA-N,UWHCKJMYHZGTIT-UHFFFAOYSA-N,decane,tetraethylene glycol,333.15,122.9813,4.812032311293978,Chromatography,True,train
je020196d.xml,2003,31,DIOQZVSQGTUSAI-UHFFFAOYSA-N,UWHCKJMYHZGTIT-UHFFFAOYSA-N,decane,tetraethylene glycol,353.15,87.7984,4.475043277240402,Chromatography,True,train
je020196d.xml,2003,31,DIOQZVSQGTUSAI-UHFFFAOYSA-N,UWHCKJMYHZGTIT-UHFFFAOYSA-N,decane,tetraethylene glycol,363.15,75.1279,4.319191994439771,Chromatography,True,train
je020196d.xml,2003,31,DIOQZVSQGTUSAI-UHFFFAOYSA-N,UWHCKJMYHZGTIT-UHFFFAOYSA-N,decane,tetraethylene glycol,373.15,64.3745,4.164717591963446,Chromatography,True,train
je020196d.xml,2003,31,DIOQZVSQGTUSAI-UHFFFAOYSA-N,UWHCKJMYHZGTIT-UHFFFAOYSA-N,decane,tetraethylene glycol,383.15,55.2339,4.011576895216909,Chromatography,True,train
je020196d.xml,2003,31,DIOQZVSQGTUSAI-UHFFFAOYSA-N,UWHCKJMYHZGTIT-UHFFFAOYSA-N,decane,tetraethylene glycol,393.15,51.3082,3.937850583457605,Chromatography,True,train
je020196d.xml,2003,31,DIOQZVSQGTUSAI-UHFFFAOYSA-N,UWHCKJMYHZGTIT-UHFFFAOYSA-N,decane,tetraethylene glycol,403.15,42.9478,3.759985424766784,Chromatography,True,train
j.jct.2014.06.006.xml,2014,16,DIOQZVSQGTUSAI-UHFFFAOYSA-N,XNWFRZJHXBZDAG-UHFFFAOYSA-N,n-decane,methyl cellosolve,298.0,56.8,4.039536325727106,Chromatography,True,train
j.fluid.2013.02.008.xml,2013,14,DIOQZVSQGTUSAI-UHFFFAOYSA-N,YPFDHNVEDLHUCE-UHFFFAOYSA-N,decane,"1,3-propanediol",312.1,793.0,6.675823221634848,Chromatography,True,train
j.fluid.2013.02.008.xml,2013,14,DIOQZVSQGTUSAI-UHFFFAOYSA-N,YPFDHNVEDLHUCE-UHFFFAOYSA-N,decane,"1,3-propanediol",333.1,589.0,6.3784261836515865,Chromatography,True,train
j.fluid.2013.02.008.xml,2013,14,DIOQZVSQGTUSAI-UHFFFAOYSA-N,YPFDHNVEDLHUCE-UHFFFAOYSA-N,decane,"1,3-propanediol",352.1,501.0,6.2166061010848646,Chromatography,True,train
j.fluid.2013.02.008.xml,2013,14,DIOQZVSQGTUSAI-UHFFFAOYSA-N,YPFDHNVEDLHUCE-UHFFFAOYSA-N,decane,"1,3-propanediol",372.1,464.0,6.139884552226255,Chromatography,True,train
j.fluid.2013.02.008.xml,2013,14,DIOQZVSQGTUSAI-UHFFFAOYSA-N,YPFDHNVEDLHUCE-UHFFFAOYSA-N,decane,"1,3-propanediol",391.1,338.0,5.823045895483019,Chromatography,True,train
j.fluid.2013.02.008.xml,2013,14,DIOQZVSQGTUSAI-UHFFFAOYSA-N,YPFDHNVEDLHUCE-UHFFFAOYSA-N,decane,"1,3-propanediol",411.1,256.0,5.545177444479562,Chromatography,True,train
je200628n.xml,2011,31,DIOQZVSQGTUSAI-UHFFFAOYSA-N,YQLZOAVZWJBZSY-UHFFFAOYSA-N,n-decane,"1,10-diaminodecane",338.2,5.593,1.721515815839451,Chromatography,False,train
je200628n.xml,2011,31,DIOQZVSQGTUSAI-UHFFFAOYSA-N,YQLZOAVZWJBZSY-UHFFFAOYSA-N,n-decane,"1,10-diaminodecane",348.15,5.032,1.6158175193981394,Chromatography,False,train
je200628n.xml,2011,31,DIOQZVSQGTUSAI-UHFFFAOYSA-N,YQLZOAVZWJBZSY-UHFFFAOYSA-N,n-decane,"1,10-diaminodecane",353.22,4.781,1.5646497296439663,Chromatography,False,train
je020196d.xml,2003,24,DIOQZVSQGTUSAI-UHFFFAOYSA-N,ZIBGPFATKBEMQZ-UHFFFAOYSA-N,decane,triethylene glycol,323.15,252.0811,5.529750861133564,Chromatography,True,train
je020196d.xml,2003,24,DIOQZVSQGTUSAI-UHFFFAOYSA-N,ZIBGPFATKBEMQZ-UHFFFAOYSA-N,decane,triethylene glycol,333.15,219.485,5.391283893050297,Chromatography,True,train
je020196d.xml,2003,24,DIOQZVSQGTUSAI-UHFFFAOYSA-N,ZIBGPFATKBEMQZ-UHFFFAOYSA-N,decane,triethylene glycol,343.15,196.3944,5.280124882275566,Chromatography,True,train
je020196d.xml,2003,24,DIOQZVSQGTUSAI-UHFFFAOYSA-N,ZIBGPFATKBEMQZ-UHFFFAOYSA-N,decane,triethylene glycol,353.15,161.912,5.087052977763904,Chromatography,True,train
je020196d.xml,2003,24,DIOQZVSQGTUSAI-UHFFFAOYSA-N,ZIBGPFATKBEMQZ-UHFFFAOYSA-N,decane,triethylene glycol,363.15,140.5329,4.945441625062828,Chromatography,True,train
je020196d.xml,2003,24,DIOQZVSQGTUSAI-UHFFFAOYSA-N,ZIBGPFATKBEMQZ-UHFFFAOYSA-N,decane,triethylene glycol,373.15,125.205,4.829952393970809,Chromatography,True,train
je020196d.xml,2003,24,DIOQZVSQGTUSAI-UHFFFAOYSA-N,ZIBGPFATKBEMQZ-UHFFFAOYSA-N,decane,triethylene glycol,383.15,107.3318,4.675924971059971,Chromatography,True,train
je020196d.xml,2003,24,DIOQZVSQGTUSAI-UHFFFAOYSA-N,ZIBGPFATKBEMQZ-UHFFFAOYSA-N,decane,triethylene glycol,393.15,95.5871,4.5600378737140135,Chromatography,True,train
je600567z.xml,2007,11,DKGAVHZHDRPRBM-UHFFFAOYSA-N,XLYOFNOQVPJJNP-UHFFFAOYSA-N,2-methyl-2-propanol,water,299.15,13.1,2.5726122302071057,headspace analysis,True,train
je600567z.xml,2007,11,DKGAVHZHDRPRBM-UHFFFAOYSA-N,XLYOFNOQVPJJNP-UHFFFAOYSA-N,2-methyl-2-propanol,water,303.15,14.4,2.667228206581955,headspace analysis,True,train
je600567z.xml,2007,11,DKGAVHZHDRPRBM-UHFFFAOYSA-N,XLYOFNOQVPJJNP-UHFFFAOYSA-N,2-methyl-2-propanol,water,313.15,16.9,2.827313621929028,headspace analysis,True,train
je600567z.xml,2007,12,DKGAVHZHDRPRBM-UHFFFAOYSA-N,XLYOFNOQVPJJNP-UHFFFAOYSA-N,2-methyl-2-propanol,water,323.15,19.9,2.990719731730447,Rayleigh distallation,True,train
je600567z.xml,2007,12,DKGAVHZHDRPRBM-UHFFFAOYSA-N,XLYOFNOQVPJJNP-UHFFFAOYSA-N,2-methyl-2-propanol,water,333.15,21.8,3.0819099697950434,Rayleigh distallation,True,train
je600567z.xml,2007,12,DKGAVHZHDRPRBM-UHFFFAOYSA-N,XLYOFNOQVPJJNP-UHFFFAOYSA-N,2-methyl-2-propanol,water,343.15,23.5,3.157000421150113,Rayleigh distallation,True,train
je600567z.xml,2007,13,DKGAVHZHDRPRBM-UHFFFAOYSA-N,XLYOFNOQVPJJNP-UHFFFAOYSA-N,2-methyl-2-propanol,water,353.15,25.4,3.2347491740244907,circulation equilibrium still,True,train
je600567z.xml,2007,13,DKGAVHZHDRPRBM-UHFFFAOYSA-N,XLYOFNOQVPJJNP-UHFFFAOYSA-N,2-methyl-2-propanol,water,363.15,26.3,3.269568939183719,circulation equilibrium still,True,train
je600567z.xml,2007,13,DKGAVHZHDRPRBM-UHFFFAOYSA-N,XLYOFNOQVPJJNP-UHFFFAOYSA-N,2-methyl-2-propanol,water,371.15,27.4,3.310543013394025,circulation equilibrium still,True,train
je1005517.xml,2011,37,DKPFZGUDAPQIHT-UHFFFAOYSA-N,BTFJIXJJCSYFAL-UHFFFAOYSA-N,"acetic acid, butyl ester",1-eicosanol,338.15,0.14,-1.9661128563728327,GC,True,train
je1005517.xml,2011,37,DKPFZGUDAPQIHT-UHFFFAOYSA-N,BTFJIXJJCSYFAL-UHFFFAOYSA-N,"acetic acid, butyl ester",1-eicosanol,343.15,0.1312,-2.031032402472148,GC,True,train
je1005517.xml,2011,37,DKPFZGUDAPQIHT-UHFFFAOYSA-N,BTFJIXJJCSYFAL-UHFFFAOYSA-N,"acetic acid, butyl ester",1-eicosanol,348.15,0.1229,-2.096384262410148,GC,True,train
je1005517.xml,2011,37,DKPFZGUDAPQIHT-UHFFFAOYSA-N,BTFJIXJJCSYFAL-UHFFFAOYSA-N,"acetic acid, butyl ester",1-eicosanol,353.15,0.1152,-2.1610855307203463,GC,True,train
je1005517.xml,2011,15,DKPFZGUDAPQIHT-UHFFFAOYSA-N,GLDOVTGHNKAZLK-UHFFFAOYSA-N,"acetic acid, butyl ester",1-octadecanol,333.15,0.0526,-2.945039159238473,GC,True,train
je1005517.xml,2011,15,DKPFZGUDAPQIHT-UHFFFAOYSA-N,GLDOVTGHNKAZLK-UHFFFAOYSA-N,"acetic acid, butyl ester",1-octadecanol,338.15,0.0468,-3.061872076058536,GC,True,train
je1005517.xml,2011,15,DKPFZGUDAPQIHT-UHFFFAOYSA-N,GLDOVTGHNKAZLK-UHFFFAOYSA-N,"acetic acid, butyl ester",1-octadecanol,343.15,0.0428,-3.151217176394386,GC,True,train
je1005517.xml,2011,15,DKPFZGUDAPQIHT-UHFFFAOYSA-N,GLDOVTGHNKAZLK-UHFFFAOYSA-N,"acetic acid, butyl ester",1-octadecanol,348.15,0.0391,-3.241632811990817,GC,True,train
je1005517.xml,2011,15,DKPFZGUDAPQIHT-UHFFFAOYSA-N,GLDOVTGHNKAZLK-UHFFFAOYSA-N,"acetic acid, butyl ester",1-octadecanol,353.15,0.0358,-3.3298073855754824,GC,True,train
j.fluid.2016.10.009.xml,2017,12,DKPFZGUDAPQIHT-UHFFFAOYSA-N,JUJWROOIHBZHMG-UHFFFAOYSA-N,butyl acetate,pyridine,298.15,1.15,0.1397619423751586,Other,True,train
je200628n.xml,2011,21,DKPFZGUDAPQIHT-UHFFFAOYSA-N,PWGJDPKCLMLPJW-UHFFFAOYSA-N,n-butyl acetate,"1,8-diaminooctane",328.15,1.509,0.4114471797857117,Chromatography,True,train
je200628n.xml,2011,21,DKPFZGUDAPQIHT-UHFFFAOYSA-N,PWGJDPKCLMLPJW-UHFFFAOYSA-N,n-butyl acetate,"1,8-diaminooctane",338.15,1.247,0.2207406666978995,Chromatography,True,train
je200628n.xml,2011,21,DKPFZGUDAPQIHT-UHFFFAOYSA-N,PWGJDPKCLMLPJW-UHFFFAOYSA-N,n-butyl acetate,"1,8-diaminooctane",343.15,1.144,0.134530892957606,Chromatography,True,train
je200628n.xml,2011,21,DKPFZGUDAPQIHT-UHFFFAOYSA-N,PWGJDPKCLMLPJW-UHFFFAOYSA-N,n-butyl acetate,"1,8-diaminooctane",348.15,1.053,0.0516432331518383,Chromatography,True,train
je200628n.xml,2011,75,DKPFZGUDAPQIHT-UHFFFAOYSA-N,QFTYSVGGYOXFRQ-UHFFFAOYSA-N,n-butyl acetate,"1,12-diaminododecane",348.25,1.687,0.5229518035638313,Chromatography,False,train
je200628n.xml,2011,75,DKPFZGUDAPQIHT-UHFFFAOYSA-N,QFTYSVGGYOXFRQ-UHFFFAOYSA-N,n-butyl acetate,"1,12-diaminododecane",353.15,1.572,0.4523486940070148,Chromatography,False,train
je200628n.xml,2011,75,DKPFZGUDAPQIHT-UHFFFAOYSA-N,QFTYSVGGYOXFRQ-UHFFFAOYSA-N,n-butyl acetate,"1,12-diaminododecane",358.25,1.462,0.3798053613275867,Chromatography,False,train
je200628n.xml,2011,75,DKPFZGUDAPQIHT-UHFFFAOYSA-N,QFTYSVGGYOXFRQ-UHFFFAOYSA-N,n-butyl acetate,"1,12-diaminododecane",363.21,1.365,0.311154428636923,Chromatography,False,train
j.fluid.2014.05.023.xml,2014,2,DKPFZGUDAPQIHT-UHFFFAOYSA-N,XLYOFNOQVPJJNP-UHFFFAOYSA-N,butyl ethanoate,water,273.35,613.0,6.418364935936212,Chromatography,True,train
j.fluid.2014.05.023.xml,2014,2,DKPFZGUDAPQIHT-UHFFFAOYSA-N,XLYOFNOQVPJJNP-UHFFFAOYSA-N,butyl ethanoate,water,283.15,799.0,6.683360945766275,Chromatography,True,train
j.fluid.2014.05.023.xml,2014,2,DKPFZGUDAPQIHT-UHFFFAOYSA-N,XLYOFNOQVPJJNP-UHFFFAOYSA-N,butyl ethanoate,water,293.15,942.0,6.848005274576363,Chromatography,True,train
j.fluid.2014.05.023.xml,2014,2,DKPFZGUDAPQIHT-UHFFFAOYSA-N,XLYOFNOQVPJJNP-UHFFFAOYSA-N,butyl ethanoate,water,298.15,1043.0,6.949856455000773,Chromatography,True,train
j.fluid.2014.05.023.xml,2014,2,DKPFZGUDAPQIHT-UHFFFAOYSA-N,XLYOFNOQVPJJNP-UHFFFAOYSA-N,butyl ethanoate,water,303.15,1081.0,6.985641817639208,Chromatography,True,train
j.fluid.2014.05.023.xml,2014,2,DKPFZGUDAPQIHT-UHFFFAOYSA-N,XLYOFNOQVPJJNP-UHFFFAOYSA-N,butyl ethanoate,water,313.15,1145.0,7.0431599159883405,Chromatography,True,train
j.fluid.2014.05.023.xml,2014,2,DKPFZGUDAPQIHT-UHFFFAOYSA-N,XLYOFNOQVPJJNP-UHFFFAOYSA-N,butyl ethanoate,water,323.15,1161.0,7.057036981697891,Chromatography,True,train
j.fluid.2014.05.023.xml,2014,2,DKPFZGUDAPQIHT-UHFFFAOYSA-N,XLYOFNOQVPJJNP-UHFFFAOYSA-N,butyl ethanoate,water,333.15,1138.0,7.037027614686276,Chromatography,True,train
je200628n.xml,2011,48,DKPFZGUDAPQIHT-UHFFFAOYSA-N,YQLZOAVZWJBZSY-UHFFFAOYSA-N,n-butyl acetate,"1,10-diaminodecane",338.2,1.503,0.4074631107708373,Chromatography,False,train
je200628n.xml,2011,48,DKPFZGUDAPQIHT-UHFFFAOYSA-N,YQLZOAVZWJBZSY-UHFFFAOYSA-N,n-butyl acetate,"1,10-diaminodecane",348.15,1.172,0.1587116911548208,Chromatography,False,train
je200628n.xml,2011,48,DKPFZGUDAPQIHT-UHFFFAOYSA-N,YQLZOAVZWJBZSY-UHFFFAOYSA-N,n-butyl acetate,"1,10-diaminodecane",353.22,1.033,0.0324671901375014,Chromatography,False,train
j.jct.2013.05.011.xml,2013,18,DMEGYFMYUHOHGS-UHFFFAOYSA-N,MTHSVFCYNBDYFN-UHFFFAOYSA-N,cycloheptane,diethylene glycol,333.2,52.38,3.958524839079566,Chromatography,True,test_one
j.jct.2013.05.011.xml,2013,18,DMEGYFMYUHOHGS-UHFFFAOYSA-N,MTHSVFCYNBDYFN-UHFFFAOYSA-N,cycloheptane,diethylene glycol,348.2,47.41,3.8588331769140263,Chromatography,True,test_one
j.jct.2013.05.011.xml,2013,18,DMEGYFMYUHOHGS-UHFFFAOYSA-N,MTHSVFCYNBDYFN-UHFFFAOYSA-N,cycloheptane,diethylene glycol,363.2,42.11,3.740285242173836,Chromatography,True,test_one
j.jct.2013.02.006.xml,2013,39,DMEGYFMYUHOHGS-UHFFFAOYSA-N,SECXISVLQFMRJM-UHFFFAOYSA-N,cycloheptane,1-methylpyrrolidone,333.2,7.51,2.0162354657760435,Chromatography,True,train
j.jct.2013.02.006.xml,2013,39,DMEGYFMYUHOHGS-UHFFFAOYSA-N,SECXISVLQFMRJM-UHFFFAOYSA-N,cycloheptane,1-methylpyrrolidone,348.2,6.71,1.9035989509835904,Chromatography,True,train
j.jct.2013.02.006.xml,2013,39,DMEGYFMYUHOHGS-UHFFFAOYSA-N,SECXISVLQFMRJM-UHFFFAOYSA-N,cycloheptane,1-methylpyrrolidone,363.2,6.8,1.916922612182061,Chromatography,True,train
j.jct.2013.05.011.xml,2013,41,DMEGYFMYUHOHGS-UHFFFAOYSA-N,ZIBGPFATKBEMQZ-UHFFFAOYSA-N,cycloheptane,triethylene glycol,333.2,29.55,3.386083743852107,Chromatography,True,train
j.jct.2013.05.011.xml,2013,41,DMEGYFMYUHOHGS-UHFFFAOYSA-N,ZIBGPFATKBEMQZ-UHFFFAOYSA-N,cycloheptane,triethylene glycol,348.2,22.34,3.1063787936410545,Chromatography,True,train
j.jct.2013.05.011.xml,2013,41,DMEGYFMYUHOHGS-UHFFFAOYSA-N,ZIBGPFATKBEMQZ-UHFFFAOYSA-N,cycloheptane,triethylene glycol,363.2,19.83,2.9871959425317045,Chromatography,True,train
je050171p.xml,2005,3,DTUQWGWMVIHBKE-UHFFFAOYSA-N,XLYOFNOQVPJJNP-UHFFFAOYSA-N,benzeneacetaldehyde,water,373.15,234.0,5.455321115357702,Differential ebulliometry,False,train
je200628n.xml,2011,26,DURPTKYDGMDSBL-UHFFFAOYSA-N,PWGJDPKCLMLPJW-UHFFFAOYSA-N,butyl oxide,"1,8-diaminooctane",328.15,8.791,2.1737284708690416,Chromatography,True,test_one
je200628n.xml,2011,26,DURPTKYDGMDSBL-UHFFFAOYSA-N,PWGJDPKCLMLPJW-UHFFFAOYSA-N,butyl oxide,"1,8-diaminooctane",338.15,7.793,2.053225894861424,Chromatography,True,test_one
je200628n.xml,2011,26,DURPTKYDGMDSBL-UHFFFAOYSA-N,PWGJDPKCLMLPJW-UHFFFAOYSA-N,butyl oxide,"1,8-diaminooctane",343.15,7.418,2.0039094790673992,Chromatography,True,test_one
je200628n.xml,2011,26,DURPTKYDGMDSBL-UHFFFAOYSA-N,PWGJDPKCLMLPJW-UHFFFAOYSA-N,butyl oxide,"1,8-diaminooctane",348.15,7.177,1.9708814684479348,Chromatography,True,test_one
je200628n.xml,2011,80,DURPTKYDGMDSBL-UHFFFAOYSA-N,QFTYSVGGYOXFRQ-UHFFFAOYSA-N,butyl oxide,"1,12-diaminododecane",348.25,8.929,2.1893044065350797,Chromatography,False,test_one
je200628n.xml,2011,80,DURPTKYDGMDSBL-UHFFFAOYSA-N,QFTYSVGGYOXFRQ-UHFFFAOYSA-N,butyl oxide,"1,12-diaminododecane",353.15,8.471,2.136648565449414,Chromatography,False,test_one
je200628n.xml,2011,80,DURPTKYDGMDSBL-UHFFFAOYSA-N,QFTYSVGGYOXFRQ-UHFFFAOYSA-N,butyl oxide,"1,12-diaminododecane",358.25,7.896,2.0663563021311804,Chromatography,False,test_one
je200628n.xml,2011,80,DURPTKYDGMDSBL-UHFFFAOYSA-N,QFTYSVGGYOXFRQ-UHFFFAOYSA-N,butyl oxide,"1,12-diaminododecane",363.21,7.452,2.008482452739342,Chromatography,False,test_one
je200628n.xml,2011,53,DURPTKYDGMDSBL-UHFFFAOYSA-N,YQLZOAVZWJBZSY-UHFFFAOYSA-N,butyl oxide,"1,10-diaminodecane",338.2,7.936,2.071409369982572,Chromatography,False,test_one
je200628n.xml,2011,53,DURPTKYDGMDSBL-UHFFFAOYSA-N,YQLZOAVZWJBZSY-UHFFFAOYSA-N,butyl oxide,"1,10-diaminodecane",348.15,7.5,2.0149030205422647,Chromatography,False,test_one
je200628n.xml,2011,53,DURPTKYDGMDSBL-UHFFFAOYSA-N,YQLZOAVZWJBZSY-UHFFFAOYSA-N,butyl oxide,"1,10-diaminodecane",353.22,7.391,2.0002630438027498,Chromatography,False,test_one
j.fluid.2014.05.023.xml,2014,3,FKRCODPIKNYEAC-UHFFFAOYSA-N,XLYOFNOQVPJJNP-UHFFFAOYSA-N,ethyl propanoate,water,293.15,252.0,5.529429087511423,Chromatography,True,train
j.fluid.2014.05.023.xml,2014,3,FKRCODPIKNYEAC-UHFFFAOYSA-N,XLYOFNOQVPJJNP-UHFFFAOYSA-N,ethyl propanoate,water,303.15,291.0,5.673323267171493,Chromatography,True,train
j.fluid.2014.05.023.xml,2014,3,FKRCODPIKNYEAC-UHFFFAOYSA-N,XLYOFNOQVPJJNP-UHFFFAOYSA-N,ethyl propanoate,water,313.15,312.0,5.7430031878094825,Chromatography,True,train
j.fluid.2014.05.023.xml,2014,3,FKRCODPIKNYEAC-UHFFFAOYSA-N,XLYOFNOQVPJJNP-UHFFFAOYSA-N,ethyl propanoate,water,323.15,329.0,5.796057750765372,Chromatography,True,train
j.fluid.2014.05.023.xml,2014,3,FKRCODPIKNYEAC-UHFFFAOYSA-N,XLYOFNOQVPJJNP-UHFFFAOYSA-N,ethyl propanoate,water,333.15,343.0,5.83773044716594,Chromatography,True,train
j.fluid.2014.05.023.xml,2014,3,FKRCODPIKNYEAC-UHFFFAOYSA-N,XLYOFNOQVPJJNP-UHFFFAOYSA-N,ethyl propanoate,water,341.15,332.0,5.805134968916488,Chromatography,True,train
j.fluid.2014.05.023.xml,2014,3,FKRCODPIKNYEAC-UHFFFAOYSA-N,XLYOFNOQVPJJNP-UHFFFAOYSA-N,ethyl propanoate,water,341.15,328.0,5.793013608384144,Chromatography,True,train
j.fluid.2014.05.023.xml,2014,3,FKRCODPIKNYEAC-UHFFFAOYSA-N,XLYOFNOQVPJJNP-UHFFFAOYSA-N,ethyl propanoate,water,351.15,366.0,5.902633333401366,Chromatography,True,train
j.fluid.2014.05.023.xml,2014,3,FKRCODPIKNYEAC-UHFFFAOYSA-N,XLYOFNOQVPJJNP-UHFFFAOYSA-N,ethyl propanoate,water,351.15,321.0,5.771441123130016,Chromatography,True,train
j.fluid.2014.05.023.xml,2014,3,FKRCODPIKNYEAC-UHFFFAOYSA-N,XLYOFNOQVPJJNP-UHFFFAOYSA-N,ethyl propanoate,water,361.25,283.0,5.645446897643238,Chromatography,True,train
je800517r.xml,2008,11,FXHOOIRPVKKKFG-UHFFFAOYSA-N,XLYOFNOQVPJJNP-UHFFFAOYSA-N,"N,N-dimethylacetamide",water,343.15,1.27,0.2390169004704999,"comparative ebulliometry, circulation still, and differential distillation method",True,train
je800517r.xml,2008,11,FXHOOIRPVKKKFG-UHFFFAOYSA-N,XLYOFNOQVPJJNP-UHFFFAOYSA-N,"N,N-dimethylacetamide",water,343.51,1.29,0.2546422183735807,"comparative ebulliometry, circulation still, and differential distillation method",True,train
je800517r.xml,2008,11,FXHOOIRPVKKKFG-UHFFFAOYSA-N,XLYOFNOQVPJJNP-UHFFFAOYSA-N,"N,N-dimethylacetamide",water,349.03,1.46,0.378436435720245,"comparative ebulliometry, circulation still, and differential distillation method",True,train
je800517r.xml,2008,11,FXHOOIRPVKKKFG-UHFFFAOYSA-N,XLYOFNOQVPJJNP-UHFFFAOYSA-N,"N,N-dimethylacetamide",water,351.15,1.37,0.3148107398400336,"comparative ebulliometry, circulation still, and differential distillation method",True,train
je800517r.xml,2008,11,FXHOOIRPVKKKFG-UHFFFAOYSA-N,XLYOFNOQVPJJNP-UHFFFAOYSA-N,"N,N-dimethylacetamide",water,353.5,1.72,0.5423242908253617,"comparative ebulliometry, circulation still, and differential distillation method",True,train
je800517r.xml,2008,11,FXHOOIRPVKKKFG-UHFFFAOYSA-N,XLYOFNOQVPJJNP-UHFFFAOYSA-N,"N,N-dimethylacetamide",water,353.5,1.79,0.5822156198526637,"comparative ebulliometry, circulation still, and differential distillation method",True,train
je800517r.xml,2008,11,FXHOOIRPVKKKFG-UHFFFAOYSA-N,XLYOFNOQVPJJNP-UHFFFAOYSA-N,"N,N-dimethylacetamide",water,363.87,2.06,0.7227059828014898,"comparative ebulliometry, circulation still, and differential distillation method",True,train
je800517r.xml,2008,11,FXHOOIRPVKKKFG-UHFFFAOYSA-N,XLYOFNOQVPJJNP-UHFFFAOYSA-N,"N,N-dimethylacetamide",water,363.87,2.24,0.8064758658669485,"comparative ebulliometry, circulation still, and differential distillation method",True,train
je800517r.xml,2008,11,FXHOOIRPVKKKFG-UHFFFAOYSA-N,XLYOFNOQVPJJNP-UHFFFAOYSA-N,"N,N-dimethylacetamide",water,370.86,2.12,0.7514160886839212,"comparative ebulliometry, circulation still, and differential distillation method",True,train
je800517r.xml,2008,11,FXHOOIRPVKKKFG-UHFFFAOYSA-N,XLYOFNOQVPJJNP-UHFFFAOYSA-N,"N,N-dimethylacetamide",water,372.28,2.05,0.7178397931503168,"comparative ebulliometry, circulation still, and differential distillation method",True,train
j.jct.2010.04.011.xml,2010,15,GDOPTJXRTPNYNR-UHFFFAOYSA-N,IAZDPXIOMUYVGZ-UHFFFAOYSA-N,methylcyclopentane,dimethyl sulfoxide,298.0,29.5,3.3843902633457743,Chromatography,True,test_one
j.jct.2014.06.006.xml,2014,18,GDOPTJXRTPNYNR-UHFFFAOYSA-N,XNWFRZJHXBZDAG-UHFFFAOYSA-N,methylcyclopentane,methyl cellosolve,298.0,11.0,2.3978952727983707,Chromatography,True,train
je1005517.xml,2011,32,HEDRZPFGACZZDS-UHFFFAOYSA-N,BTFJIXJJCSYFAL-UHFFFAOYSA-N,chloroform,1-eicosanol,338.15,0.0632,-2.761450977829325,GC,True,train
je1005517.xml,2011,32,HEDRZPFGACZZDS-UHFFFAOYSA-N,BTFJIXJJCSYFAL-UHFFFAOYSA-N,chloroform,1-eicosanol,343.15,0.0622,-2.7774002792370034,GC,True,train
je1005517.xml,2011,32,HEDRZPFGACZZDS-UHFFFAOYSA-N,BTFJIXJJCSYFAL-UHFFFAOYSA-N,chloroform,1-eicosanol,348.15,0.0612,-2.7936080894638566,GC,True,train
je1005517.xml,2011,32,HEDRZPFGACZZDS-UHFFFAOYSA-N,BTFJIXJJCSYFAL-UHFFFAOYSA-N,chloroform,1-eicosanol,353.15,0.0604,-2.806766174041368,GC,True,train
j.jct.2012.12.009.xml,2013,71,HEDRZPFGACZZDS-UHFFFAOYSA-N,DTOSIQBPPRVQHS-PDBXOOCHSA-N,freon 20,"9,12,15-octadecatrienoic acid",303.13,0.613,-0.4893903430459256,Chromatography,True,train
j.jct.2012.12.009.xml,2013,71,HEDRZPFGACZZDS-UHFFFAOYSA-N,DTOSIQBPPRVQHS-PDBXOOCHSA-N,freon 20,"9,12,15-octadecatrienoic acid",313.24,0.621,-0.4764241970486583,Chromatography,True,train
j.jct.2012.12.009.xml,2013,71,HEDRZPFGACZZDS-UHFFFAOYSA-N,DTOSIQBPPRVQHS-PDBXOOCHSA-N,freon 20,"9,12,15-octadecatrienoic acid",323.24,0.623,-0.4732087601946839,Chromatography,True,train
j.jct.2012.06.009.xml,2012,13,HEDRZPFGACZZDS-UHFFFAOYSA-N,GHVNFZFCNZKVNT-UHFFFAOYSA-N,"methane, trichloro-",capric acid,314.1,0.823,-0.1947990783050673,Chromatography,True,train
j.jct.2012.06.009.xml,2012,13,HEDRZPFGACZZDS-UHFFFAOYSA-N,GHVNFZFCNZKVNT-UHFFFAOYSA-N,"methane, trichloro-",capric acid,314.24,0.846,-0.1672359193759138,Chromatography,True,train
j.jct.2012.06.009.xml,2012,13,HEDRZPFGACZZDS-UHFFFAOYSA-N,GHVNFZFCNZKVNT-UHFFFAOYSA-N,"methane, trichloro-",capric acid,333.26,0.85,-0.1625189294977749,Chromatography,True,train
j.jct.2012.06.009.xml,2012,13,HEDRZPFGACZZDS-UHFFFAOYSA-N,GHVNFZFCNZKVNT-UHFFFAOYSA-N,"methane, trichloro-",capric acid,333.38,0.827,-0.1899505839584458,Chromatography,True,train
j.jct.2012.06.009.xml,2012,13,HEDRZPFGACZZDS-UHFFFAOYSA-N,GHVNFZFCNZKVNT-UHFFFAOYSA-N,"methane, trichloro-",capric acid,353.3,0.825,-0.1923718926474561,Chromatography,True,train
je1005517.xml,2011,10,HEDRZPFGACZZDS-UHFFFAOYSA-N,GLDOVTGHNKAZLK-UHFFFAOYSA-N,chloroform,1-octadecanol,333.15,0.0227,-3.78539035449478,GC,True,train
je1005517.xml,2011,10,HEDRZPFGACZZDS-UHFFFAOYSA-N,GLDOVTGHNKAZLK-UHFFFAOYSA-N,chloroform,1-octadecanol,338.15,0.022,-3.816712825623821,GC,True,train
je1005517.xml,2011,10,HEDRZPFGACZZDS-UHFFFAOYSA-N,GLDOVTGHNKAZLK-UHFFFAOYSA-N,chloroform,1-octadecanol,343.15,0.0214,-3.844364356954331,GC,True,train
je1005517.xml,2011,10,HEDRZPFGACZZDS-UHFFFAOYSA-N,GLDOVTGHNKAZLK-UHFFFAOYSA-N,chloroform,1-octadecanol,348.15,0.0208,-3.872802292274865,GC,True,train
je1005517.xml,2011,10,HEDRZPFGACZZDS-UHFFFAOYSA-N,GLDOVTGHNKAZLK-UHFFFAOYSA-N,chloroform,1-octadecanol,353.15,0.0202,-3.902072674574978,GC,True,train
j.jct.2012.06.009.xml,2012,77,HEDRZPFGACZZDS-UHFFFAOYSA-N,IPCSVZSSVZVIGE-UHFFFAOYSA-N,"methane, trichloro-",hexadecanoic acid,340.19,0.748,-0.2903523010076598,Chromatography,True,train
j.jct.2012.06.009.xml,2012,77,HEDRZPFGACZZDS-UHFFFAOYSA-N,IPCSVZSSVZVIGE-UHFFFAOYSA-N,"methane, trichloro-",hexadecanoic acid,348.01,0.739,-0.3024573580339353,Chromatography,True,train
j.jct.2012.06.009.xml,2012,77,HEDRZPFGACZZDS-UHFFFAOYSA-N,IPCSVZSSVZVIGE-UHFFFAOYSA-N,"methane, trichloro-",hexadecanoic acid,358.22,0.759,-0.2757535015865071,Chromatography,True,train
j.jct.2012.12.009.xml,2013,54,HEDRZPFGACZZDS-UHFFFAOYSA-N,OYHQOLUKZRVURQ-HZJYTTRNSA-N,freon 20,linoleic acid,338.28,0.642,-0.4431669752921758,Chromatography,True,train
j.jct.2012.12.009.xml,2013,54,HEDRZPFGACZZDS-UHFFFAOYSA-N,OYHQOLUKZRVURQ-HZJYTTRNSA-N,freon 20,linoleic acid,338.28,0.644,-0.4400565528777834,Chromatography,True,train
j.jct.2012.12.009.xml,2013,54,HEDRZPFGACZZDS-UHFFFAOYSA-N,OYHQOLUKZRVURQ-HZJYTTRNSA-N,freon 20,linoleic acid,348.31,0.674,-0.3945251680698299,Chromatography,True,train
j.jct.2012.12.009.xml,2013,54,HEDRZPFGACZZDS-UHFFFAOYSA-N,OYHQOLUKZRVURQ-HZJYTTRNSA-N,freon 20,linoleic acid,348.28,0.689,-0.3725140079684785,Chromatography,True,train
j.jct.2012.12.009.xml,2013,54,HEDRZPFGACZZDS-UHFFFAOYSA-N,OYHQOLUKZRVURQ-HZJYTTRNSA-N,freon 20,linoleic acid,358.3,0.734,-0.3092462503676215,Chromatography,True,train
j.jct.2012.06.009.xml,2012,34,HEDRZPFGACZZDS-UHFFFAOYSA-N,POULHZVOKOAJMA-UHFFFAOYSA-N,"methane, trichloro-",lauric acid,314.1,0.81,-0.2107210313156525,Chromatography,True,train
j.jct.2012.06.009.xml,2012,34,HEDRZPFGACZZDS-UHFFFAOYSA-N,POULHZVOKOAJMA-UHFFFAOYSA-N,"methane, trichloro-",lauric acid,314.24,0.81,-0.2107210313156525,Chromatography,True,train
j.jct.2012.06.009.xml,2012,34,HEDRZPFGACZZDS-UHFFFAOYSA-N,POULHZVOKOAJMA-UHFFFAOYSA-N,"methane, trichloro-",lauric acid,333.26,0.832,-0.1839228381609285,Chromatography,True,train
j.jct.2012.06.009.xml,2012,34,HEDRZPFGACZZDS-UHFFFAOYSA-N,POULHZVOKOAJMA-UHFFFAOYSA-N,"methane, trichloro-",lauric acid,333.38,0.818,-0.20089294237939,Chromatography,True,train
j.jct.2012.06.009.xml,2012,34,HEDRZPFGACZZDS-UHFFFAOYSA-N,POULHZVOKOAJMA-UHFFFAOYSA-N,"methane, trichloro-",lauric acid,353.3,0.839,-0.1755445725149309,Chromatography,True,train
j.jct.2012.12.009.xml,2013,13,HEDRZPFGACZZDS-UHFFFAOYSA-N,QIQXTHQIDYTFRH-UHFFFAOYSA-N,freon 20,n-octadecanoic acid,349.47,0.734,-0.3092462503676215,Chromatography,True,train
j.jct.2012.12.009.xml,2013,13,HEDRZPFGACZZDS-UHFFFAOYSA-N,QIQXTHQIDYTFRH-UHFFFAOYSA-N,freon 20,n-octadecanoic acid,358.39,0.704,-0.3509769228240947,Chromatography,True,train
j.jct.2012.12.009.xml,2013,13,HEDRZPFGACZZDS-UHFFFAOYSA-N,QIQXTHQIDYTFRH-UHFFFAOYSA-N,freon 20,n-octadecanoic acid,368.13,0.694,-0.3652833184753326,Chromatography,True,train
j.jct.2012.06.009.xml,2012,56,HEDRZPFGACZZDS-UHFFFAOYSA-N,TUNFSRHWOTWDNC-UHFFFAOYSA-N,"methane, trichloro-",tetradecanoic acid,314.1,0.743,-0.2970592342643779,Chromatography,True,train
j.jct.2012.06.009.xml,2012,56,HEDRZPFGACZZDS-UHFFFAOYSA-N,TUNFSRHWOTWDNC-UHFFFAOYSA-N,"methane, trichloro-",tetradecanoic acid,314.24,0.743,-0.2970592342643779,Chromatography,True,train
j.jct.2012.06.009.xml,2012,56,HEDRZPFGACZZDS-UHFFFAOYSA-N,TUNFSRHWOTWDNC-UHFFFAOYSA-N,"methane, trichloro-",tetradecanoic acid,333.26,0.739,-0.3024573580339353,Chromatography,True,train
j.jct.2012.06.009.xml,2012,56,HEDRZPFGACZZDS-UHFFFAOYSA-N,TUNFSRHWOTWDNC-UHFFFAOYSA-N,"methane, trichloro-",tetradecanoic acid,333.38,0.74,-0.3011050927839216,Chromatography,True,train
j.jct.2012.06.009.xml,2012,56,HEDRZPFGACZZDS-UHFFFAOYSA-N,TUNFSRHWOTWDNC-UHFFFAOYSA-N,"methane, trichloro-",tetradecanoic acid,353.25,0.746,-0.2930296787783762,Chromatography,True,train
j.jct.2012.06.009.xml,2012,56,HEDRZPFGACZZDS-UHFFFAOYSA-N,TUNFSRHWOTWDNC-UHFFFAOYSA-N,"methane, trichloro-",tetradecanoic acid,353.3,0.727,-0.3188288014486177,Chromatography,True,train
j.tca.2015.11.010.xml,2016,26,HFPZCAJZSCWRBC-UHFFFAOYSA-N,ATHHXGZTWNVVOU-UHFFFAOYSA-N,p-cymene,N-methylformamide,298.15,22.3,3.104586678466073,Chromatography,True,train
j.jct.2010.04.011.xml,2010,5,HFPZCAJZSCWRBC-UHFFFAOYSA-N,IAZDPXIOMUYVGZ-UHFFFAOYSA-N,p-cymene,dimethyl sulfoxide,298.0,15.1,2.714694743820879,Chromatography,True,test_one
j.jct.2014.06.006.xml,2014,31,HFPZCAJZSCWRBC-UHFFFAOYSA-N,XNWFRZJHXBZDAG-UHFFFAOYSA-N,p-cymene,methyl cellosolve,298.0,10.0,2.302585092994046,Chromatography,True,train
j.fluid.2015.01.010.xml,2015,2,HGBOYTHUEUWSSQ-UHFFFAOYSA-N,XLYOFNOQVPJJNP-UHFFFAOYSA-N,valeraldehyde,water,298.15,220.0,5.393627546352362,Chromatography,True,train
j.fluid.2015.01.010.xml,2015,2,HGBOYTHUEUWSSQ-UHFFFAOYSA-N,XLYOFNOQVPJJNP-UHFFFAOYSA-N,valeraldehyde,water,303.15,260.0,5.560681631015528,Chromatography,True,train
j.fluid.2015.01.010.xml,2015,2,HGBOYTHUEUWSSQ-UHFFFAOYSA-N,XLYOFNOQVPJJNP-UHFFFAOYSA-N,valeraldehyde,water,308.15,276.0,5.62040086571715,Chromatography,True,train
j.fluid.2015.01.010.xml,2015,2,HGBOYTHUEUWSSQ-UHFFFAOYSA-N,XLYOFNOQVPJJNP-UHFFFAOYSA-N,valeraldehyde,water,313.15,302.0,5.71042701737487,Chromatography,True,train
j.fluid.2015.01.010.xml,2015,2,HGBOYTHUEUWSSQ-UHFFFAOYSA-N,XLYOFNOQVPJJNP-UHFFFAOYSA-N,valeraldehyde,water,318.15,324.0,5.780743515792329,Chromatography,True,train
j.fluid.2015.01.010.xml,2015,2,HGBOYTHUEUWSSQ-UHFFFAOYSA-N,XLYOFNOQVPJJNP-UHFFFAOYSA-N,valeraldehyde,water,323.15,339.0,5.82600010738045,Chromatography,True,train
j.fluid.2015.01.010.xml,2015,2,HGBOYTHUEUWSSQ-UHFFFAOYSA-N,XLYOFNOQVPJJNP-UHFFFAOYSA-N,valeraldehyde,water,328.15,350.0,5.857933154483459,Chromatography,True,train
j.jct.2010.04.011.xml,2010,10,HGCIXCUEYOPUTN-UHFFFAOYSA-N,IAZDPXIOMUYVGZ-UHFFFAOYSA-N,"1,2,3,4-tetrahydrobenzene",dimethyl sulfoxide,298.0,14.9,2.7013612129514133,Chromatography,True,test_one
j.fluid.2016.10.009.xml,2017,19,HGCIXCUEYOPUTN-UHFFFAOYSA-N,JUJWROOIHBZHMG-UHFFFAOYSA-N,cyclohexene,pyridine,298.15,2.48,0.9082585601768908,Other,True,train
je900686n.xml,2010,8,HGCIXCUEYOPUTN-UHFFFAOYSA-N,PEDCQBHIVMGVHV-UHFFFAOYSA-N,cyclohexene,glycerol,303.15,183.16,5.210360087788895,Chromatography,True,test_one
je900686n.xml,2010,8,HGCIXCUEYOPUTN-UHFFFAOYSA-N,PEDCQBHIVMGVHV-UHFFFAOYSA-N,cyclohexene,glycerol,313.15,155.97,5.049663681063734,Chromatography,True,test_one
je900686n.xml,2010,8,HGCIXCUEYOPUTN-UHFFFAOYSA-N,PEDCQBHIVMGVHV-UHFFFAOYSA-N,cyclohexene,glycerol,323.15,126.13,4.837313121099101,Chromatography,True,test_one
je900686n.xml,2010,8,HGCIXCUEYOPUTN-UHFFFAOYSA-N,PEDCQBHIVMGVHV-UHFFFAOYSA-N,cyclohexene,glycerol,333.15,110.2,4.702296896718814,Chromatography,True,test_one
je900686n.xml,2010,8,HGCIXCUEYOPUTN-UHFFFAOYSA-N,PEDCQBHIVMGVHV-UHFFFAOYSA-N,cyclohexene,glycerol,343.15,88.38,4.481645699702594,Chromatography,True,test_one
j.jct.2014.06.006.xml,2014,22,HGCIXCUEYOPUTN-UHFFFAOYSA-N,XNWFRZJHXBZDAG-UHFFFAOYSA-N,cyclohexene,methyl cellosolve,298.0,7.4,2.0014800002101243,Chromatography,True,train
j.fluid.2015.01.010.xml,2015,1,HGINCPLSRVDWNT-UHFFFAOYSA-N,XLYOFNOQVPJJNP-UHFFFAOYSA-N,acrolein,water,298.15,20.9,3.039749158970765,Chromatography,True,train
j.fluid.2015.01.010.xml,2015,1,HGINCPLSRVDWNT-UHFFFAOYSA-N,XLYOFNOQVPJJNP-UHFFFAOYSA-N,acrolein,water,301.15,21.5,3.068052935133617,Chromatography,True,train
j.fluid.2015.01.010.xml,2015,1,HGINCPLSRVDWNT-UHFFFAOYSA-N,XLYOFNOQVPJJNP-UHFFFAOYSA-N,acrolein,water,303.15,21.4,3.0633909220278057,Chromatography,True,train
j.fluid.2015.01.010.xml,2015,1,HGINCPLSRVDWNT-UHFFFAOYSA-N,XLYOFNOQVPJJNP-UHFFFAOYSA-N,acrolein,water,305.15,21.7,3.077312260546414,Chromatography,True,train
j.fluid.2015.01.010.xml,2015,1,HGINCPLSRVDWNT-UHFFFAOYSA-N,XLYOFNOQVPJJNP-UHFFFAOYSA-N,acrolein,water,308.15,22.4,3.109060958860994,Chromatography,True,train
j.fluid.2015.01.010.xml,2015,1,HGINCPLSRVDWNT-UHFFFAOYSA-N,XLYOFNOQVPJJNP-UHFFFAOYSA-N,acrolein,water,310.15,22.6,3.1179499062782403,Chromatography,True,train
j.fluid.2015.01.010.xml,2015,1,HGINCPLSRVDWNT-UHFFFAOYSA-N,XLYOFNOQVPJJNP-UHFFFAOYSA-N,acrolein,water,313.15,23.1,3.139832617527748,Chromatography,True,train
j.fluid.2015.01.010.xml,2015,1,HGINCPLSRVDWNT-UHFFFAOYSA-N,XLYOFNOQVPJJNP-UHFFFAOYSA-N,acrolein,water,315.15,23.5,3.157000421150113,Chromatography,True,train
j.fluid.2015.01.010.xml,2015,1,HGINCPLSRVDWNT-UHFFFAOYSA-N,XLYOFNOQVPJJNP-UHFFFAOYSA-N,acrolein,water,318.15,24.0,3.1780538303479458,Chromatography,True,train
j.fluid.2015.01.010.xml,2015,1,HGINCPLSRVDWNT-UHFFFAOYSA-N,XLYOFNOQVPJJNP-UHFFFAOYSA-N,acrolein,water,320.15,24.1,3.1822118404966093,Chromatography,True,train
j.fluid.2015.01.010.xml,2015,1,HGINCPLSRVDWNT-UHFFFAOYSA-N,XLYOFNOQVPJJNP-UHFFFAOYSA-N,acrolein,water,323.15,24.1,3.1822118404966093,Chromatography,True,train
j.fluid.2015.01.010.xml,2015,1,HGINCPLSRVDWNT-UHFFFAOYSA-N,XLYOFNOQVPJJNP-UHFFFAOYSA-N,acrolein,water,325.15,24.3,3.190476350346503,Chromatography,True,train
j.fluid.2015.01.010.xml,2015,1,HGINCPLSRVDWNT-UHFFFAOYSA-N,XLYOFNOQVPJJNP-UHFFFAOYSA-N,acrolein,water,328.15,24.3,3.190476350346503,Chromatography,True,train
j.fluid.2015.01.010.xml,2015,1,HGINCPLSRVDWNT-UHFFFAOYSA-N,XLYOFNOQVPJJNP-UHFFFAOYSA-N,acrolein,water,330.15,24.5,3.198673117550681,Chromatography,True,train
j.fluid.2015.01.010.xml,2015,1,HGINCPLSRVDWNT-UHFFFAOYSA-N,XLYOFNOQVPJJNP-UHFFFAOYSA-N,acrolein,water,333.15,24.4,3.194583132299156,Chromatography,True,train
j.jct.2005.08.004.xml,2006,67,HRYZWHHZPQKTII-UHFFFAOYSA-N,AMQJEAYHLZJPGS-UHFFFAOYSA-N,chloroethane,1-pentanol,270.06,2.49,0.9122827104766164,Chromatography,True,test_one
j.jct.2005.08.004.xml,2006,67,HRYZWHHZPQKTII-UHFFFAOYSA-N,AMQJEAYHLZJPGS-UHFFFAOYSA-N,chloroethane,1-pentanol,290.0,2.37,0.8628899551470398,Chromatography,True,test_one
j.jct.2005.08.004.xml,2006,67,HRYZWHHZPQKTII-UHFFFAOYSA-N,AMQJEAYHLZJPGS-UHFFFAOYSA-N,chloroethane,1-pentanol,309.99,2.24,0.8064758658669485,Chromatography,True,test_one
j.jct.2005.08.004.xml,2006,67,HRYZWHHZPQKTII-UHFFFAOYSA-N,AMQJEAYHLZJPGS-UHFFFAOYSA-N,chloroethane,1-pentanol,330.0,2.08,0.7323678937132266,Chromatography,True,test_one
j.jct.2005.08.004.xml,2006,75,HRYZWHHZPQKTII-UHFFFAOYSA-N,AQIXEPGDORPWBJ-UHFFFAOYSA-N,chloroethane,3-pentanol,259.98,3.62,1.2864740258376797,Chromatography,True,train
j.jct.2005.08.004.xml,2006,75,HRYZWHHZPQKTII-UHFFFAOYSA-N,AQIXEPGDORPWBJ-UHFFFAOYSA-N,chloroethane,3-pentanol,270.03,3.34,1.205970806988609,Chromatography,True,train
j.jct.2005.08.004.xml,2006,75,HRYZWHHZPQKTII-UHFFFAOYSA-N,AQIXEPGDORPWBJ-UHFFFAOYSA-N,chloroethane,3-pentanol,290.0,2.77,1.0188473201992472,Chromatography,True,train
j.jct.2005.08.004.xml,2006,75,HRYZWHHZPQKTII-UHFFFAOYSA-N,AQIXEPGDORPWBJ-UHFFFAOYSA-N,chloroethane,3-pentanol,309.99,2.3,0.8329091229351039,Chromatography,True,train
j.jct.2005.08.004.xml,2006,75,HRYZWHHZPQKTII-UHFFFAOYSA-N,AQIXEPGDORPWBJ-UHFFFAOYSA-N,chloroethane,3-pentanol,330.0,1.93,0.6575200029167941,Chromatography,True,train
j.jct.2005.08.004.xml,2006,13,HRYZWHHZPQKTII-UHFFFAOYSA-N,BDERNNFJNOPAEC-UHFFFAOYSA-N,chloroethane,1-propanol,270.0,3.14,1.144222799920162,Chromatography,True,train
j.jct.2005.08.004.xml,2006,13,HRYZWHHZPQKTII-UHFFFAOYSA-N,BDERNNFJNOPAEC-UHFFFAOYSA-N,chloroethane,1-propanol,289.99,3.04,1.1118575154181305,Chromatography,True,train
j.jct.2005.08.004.xml,2006,13,HRYZWHHZPQKTII-UHFFFAOYSA-N,BDERNNFJNOPAEC-UHFFFAOYSA-N,chloroethane,1-propanol,309.99,2.91,1.0681530811834012,Chromatography,True,train
j.jct.2005.08.004.xml,2006,13,HRYZWHHZPQKTII-UHFFFAOYSA-N,BDERNNFJNOPAEC-UHFFFAOYSA-N,chloroethane,1-propanol,330.0,2.77,1.0188473201992472,Chromatography,True,train
je050343i.xml,2005,45,HRYZWHHZPQKTII-UHFFFAOYSA-N,CPJRRXSHAYUTGL-UHFFFAOYSA-N,chloroethane,3-methyl-3-buten-1-ol,269.95,2.35,0.8544153281560676,Chromatography,True,train
je050343i.xml,2005,45,HRYZWHHZPQKTII-UHFFFAOYSA-N,CPJRRXSHAYUTGL-UHFFFAOYSA-N,chloroethane,3-methyl-3-buten-1-ol,289.9,2.32,0.8415671856782185,Chromatography,True,train
je050343i.xml,2005,45,HRYZWHHZPQKTII-UHFFFAOYSA-N,CPJRRXSHAYUTGL-UHFFFAOYSA-N,chloroethane,3-methyl-3-buten-1-ol,309.99,2.23,0.8020015854720274,Chromatography,True,train
je050343i.xml,2005,45,HRYZWHHZPQKTII-UHFFFAOYSA-N,CPJRRXSHAYUTGL-UHFFFAOYSA-N,chloroethane,3-methyl-3-buten-1-ol,330.0,1.99,0.688134638736401,Chromatography,True,train
je060395n.xml,2007,125,HRYZWHHZPQKTII-UHFFFAOYSA-N,CTQNGGLPUBDAKN-UHFFFAOYSA-N,chloroethane,"1,2-dimethylbenzene",250.05,1.02,0.0198026272961797,calculated from henry's law constants,True,train
je060395n.xml,2007,125,HRYZWHHZPQKTII-UHFFFAOYSA-N,CTQNGGLPUBDAKN-UHFFFAOYSA-N,chloroethane,"1,2-dimethylbenzene",269.91,1.04,0.0392207131532813,calculated from henry's law constants,True,train
je060395n.xml,2007,125,HRYZWHHZPQKTII-UHFFFAOYSA-N,CTQNGGLPUBDAKN-UHFFFAOYSA-N,chloroethane,"1,2-dimethylbenzene",289.97,1.06,0.0582689081239758,calculated from henry's law constants,True,train
je060395n.xml,2007,125,HRYZWHHZPQKTII-UHFFFAOYSA-N,CTQNGGLPUBDAKN-UHFFFAOYSA-N,chloroethane,"1,2-dimethylbenzene",309.98,1.07,0.0676586484738148,calculated from henry's law constants,True,train
je060395n.xml,2007,125,HRYZWHHZPQKTII-UHFFFAOYSA-N,CTQNGGLPUBDAKN-UHFFFAOYSA-N,chloroethane,"1,2-dimethylbenzene",329.99,1.09,0.0861776962410524,calculated from henry's law constants,True,train
je700270d.xml,2007,21,HRYZWHHZPQKTII-UHFFFAOYSA-N,DHXVGJBLRPWPCS-UHFFFAOYSA-N,chloroethane,tetrahydropyran,250.0,0.9,-0.1053605156578262,Chromatography,True,train
je700270d.xml,2007,21,HRYZWHHZPQKTII-UHFFFAOYSA-N,DHXVGJBLRPWPCS-UHFFFAOYSA-N,chloroethane,tetrahydropyran,270.07,0.89,-0.1165338162559515,Chromatography,True,train
je700270d.xml,2007,21,HRYZWHHZPQKTII-UHFFFAOYSA-N,DHXVGJBLRPWPCS-UHFFFAOYSA-N,chloroethane,tetrahydropyran,289.98,0.89,-0.1165338162559515,Chromatography,True,train
je700270d.xml,2007,21,HRYZWHHZPQKTII-UHFFFAOYSA-N,DHXVGJBLRPWPCS-UHFFFAOYSA-N,chloroethane,tetrahydropyran,309.98,0.94,-0.0618754037180875,Chromatography,True,train
je700270d.xml,2007,21,HRYZWHHZPQKTII-UHFFFAOYSA-N,DHXVGJBLRPWPCS-UHFFFAOYSA-N,chloroethane,tetrahydropyran,330.0,0.98,-0.0202027073175194,Chromatography,True,train
j.jct.2005.08.004.xml,2006,51,HRYZWHHZPQKTII-UHFFFAOYSA-N,DKGAVHZHDRPRBM-UHFFFAOYSA-N,chloroethane,2-methyl-2-propanol,300.0,2.73,1.0043016091968684,Chromatography,True,train
j.jct.2005.08.004.xml,2006,51,HRYZWHHZPQKTII-UHFFFAOYSA-N,DKGAVHZHDRPRBM-UHFFFAOYSA-N,chloroethane,2-methyl-2-propanol,310.0,2.48,0.9082585601768908,Chromatography,True,train
j.jct.2005.08.004.xml,2006,51,HRYZWHHZPQKTII-UHFFFAOYSA-N,DKGAVHZHDRPRBM-UHFFFAOYSA-N,chloroethane,2-methyl-2-propanol,320.0,2.32,0.8415671856782185,Chromatography,True,train
j.jct.2005.08.004.xml,2006,51,HRYZWHHZPQKTII-UHFFFAOYSA-N,DKGAVHZHDRPRBM-UHFFFAOYSA-N,chloroethane,2-methyl-2-propanol,330.0,2.17,0.7747271675523681,Chromatography,True,train
je050343i.xml,2005,21,HRYZWHHZPQKTII-UHFFFAOYSA-N,HNVRRHSXBLFLIG-UHFFFAOYSA-N,chloroethane,"3-buten-2-ol, 2-methyl-",250.01,2.28,0.8241754429663494,Chromatography,True,train
je050343i.xml,2005,21,HRYZWHHZPQKTII-UHFFFAOYSA-N,HNVRRHSXBLFLIG-UHFFFAOYSA-N,chloroethane,"3-buten-2-ol, 2-methyl-",269.96,2.16,0.7701082216960737,Chromatography,True,train
je050343i.xml,2005,21,HRYZWHHZPQKTII-UHFFFAOYSA-N,HNVRRHSXBLFLIG-UHFFFAOYSA-N,chloroethane,"3-buten-2-ol, 2-methyl-",289.99,1.96,0.6729444732424258,Chromatography,True,train
je050343i.xml,2005,21,HRYZWHHZPQKTII-UHFFFAOYSA-N,HNVRRHSXBLFLIG-UHFFFAOYSA-N,chloroethane,"3-buten-2-ol, 2-methyl-",309.99,1.69,0.5247285289349821,Chromatography,True,train
je050343i.xml,2005,21,HRYZWHHZPQKTII-UHFFFAOYSA-N,HNVRRHSXBLFLIG-UHFFFAOYSA-N,chloroethane,"3-buten-2-ol, 2-methyl-",330.0,1.56,0.4446858212614457,Chromatography,True,train
je060395n.xml,2007,127,HRYZWHHZPQKTII-UHFFFAOYSA-N,IVSZLXZYQVIEFR-UHFFFAOYSA-N,chloroethane,"1,3-dimethylbenzene",270.05,1.02,0.0198026272961797,calculated from henry's law constants,True,train
je060395n.xml,2007,127,HRYZWHHZPQKTII-UHFFFAOYSA-N,IVSZLXZYQVIEFR-UHFFFAOYSA-N,chloroethane,"1,3-dimethylbenzene",289.98,1.03,0.0295588022415444,calculated from henry's law constants,True,train
je060395n.xml,2007,127,HRYZWHHZPQKTII-UHFFFAOYSA-N,IVSZLXZYQVIEFR-UHFFFAOYSA-N,chloroethane,"1,3-dimethylbenzene",309.89,1.04,0.0392207131532813,calculated from henry's law constants,True,train
je060395n.xml,2007,127,HRYZWHHZPQKTII-UHFFFAOYSA-N,IVSZLXZYQVIEFR-UHFFFAOYSA-N,chloroethane,"1,3-dimethylbenzene",329.99,1.05,0.048790164169432,calculated from henry's law constants,True,train
je100529s.xml,2010,69,HRYZWHHZPQKTII-UHFFFAOYSA-N,IWDCLRJOBJJRNH-UHFFFAOYSA-N,"ethane, chloro-",4-methylphenol,309.98,2.09,0.7371640659767196,Gas Stripping Method,True,train
je100529s.xml,2010,69,HRYZWHHZPQKTII-UHFFFAOYSA-N,IWDCLRJOBJJRNH-UHFFFAOYSA-N,"ethane, chloro-",4-methylphenol,319.98,2.06,0.7227059828014898,Gas Stripping Method,True,train
je100529s.xml,2010,69,HRYZWHHZPQKTII-UHFFFAOYSA-N,IWDCLRJOBJJRNH-UHFFFAOYSA-N,"ethane, chloro-",4-methylphenol,329.99,1.98,0.6830968447064438,Gas Stripping Method,True,train
je100529s.xml,2010,69,HRYZWHHZPQKTII-UHFFFAOYSA-N,IWDCLRJOBJJRNH-UHFFFAOYSA-N,"ethane, chloro-",4-methylphenol,340.01,1.93,0.6575200029167941,Gas Stripping Method,True,train
j.jct.2005.08.004.xml,2006,59,HRYZWHHZPQKTII-UHFFFAOYSA-N,JYVLIDXNZAXMDK-YFKPBYRVSA-N,chloroethane,2-pentanol,270.05,3.47,1.244154593958768,Chromatography,True,train
j.jct.2005.08.004.xml,2006,59,HRYZWHHZPQKTII-UHFFFAOYSA-N,JYVLIDXNZAXMDK-YFKPBYRVSA-N,chloroethane,2-pentanol,290.0,2.94,1.0784095813505905,Chromatography,True,train
j.jct.2005.08.004.xml,2006,59,HRYZWHHZPQKTII-UHFFFAOYSA-N,JYVLIDXNZAXMDK-YFKPBYRVSA-N,chloroethane,2-pentanol,309.99,2.57,0.9439058989071284,Chromatography,True,train
j.jct.2005.08.004.xml,2006,59,HRYZWHHZPQKTII-UHFFFAOYSA-N,JYVLIDXNZAXMDK-YFKPBYRVSA-N,chloroethane,2-pentanol,330.01,2.1,0.7419373447293773,Chromatography,True,train
j.jct.2005.08.004.xml,2006,21,HRYZWHHZPQKTII-UHFFFAOYSA-N,KFZMGEQAYNKOFK-UHFFFAOYSA-N,chloroethane,2-propanol,269.94,3.5,1.252762968495368,Chromatography,True,train
j.jct.2005.08.004.xml,2006,21,HRYZWHHZPQKTII-UHFFFAOYSA-N,KFZMGEQAYNKOFK-UHFFFAOYSA-N,chloroethane,2-propanol,289.99,3.33,1.2029723039923526,Chromatography,True,train
j.jct.2005.08.004.xml,2006,21,HRYZWHHZPQKTII-UHFFFAOYSA-N,KFZMGEQAYNKOFK-UHFFFAOYSA-N,chloroethane,2-propanol,309.99,3.09,1.128171090909654,Chromatography,True,train
j.jct.2005.08.004.xml,2006,21,HRYZWHHZPQKTII-UHFFFAOYSA-N,KFZMGEQAYNKOFK-UHFFFAOYSA-N,chloroethane,2-propanol,330.01,2.79,1.0260415958332745,Chromatography,True,train
j.jct.2005.08.004.xml,2006,37,HRYZWHHZPQKTII-UHFFFAOYSA-N,LRHPLDYGYMQRHN-UHFFFAOYSA-N,chloroethane,1-butanol,270.01,2.76,1.0152306797290584,Chromatography,True,train
j.jct.2005.08.004.xml,2006,37,HRYZWHHZPQKTII-UHFFFAOYSA-N,LRHPLDYGYMQRHN-UHFFFAOYSA-N,chloroethane,1-butanol,289.99,2.7,0.9932517730102834,Chromatography,True,train
j.jct.2005.08.004.xml,2006,37,HRYZWHHZPQKTII-UHFFFAOYSA-N,LRHPLDYGYMQRHN-UHFFFAOYSA-N,chloroethane,1-butanol,309.99,2.59,0.9516578757114464,Chromatography,True,train
j.jct.2005.08.004.xml,2006,37,HRYZWHHZPQKTII-UHFFFAOYSA-N,LRHPLDYGYMQRHN-UHFFFAOYSA-N,chloroethane,1-butanol,329.93,2.44,0.8919980393051105,Chromatography,True,train
j.jct.2005.08.004.xml,2006,5,HRYZWHHZPQKTII-UHFFFAOYSA-N,OKKJLVBELUTLKV-UHFFFAOYSA-N,chloroethane,methanol,250.06,5.08,1.6253112615903906,Chromatography,True,train
j.jct.2005.08.004.xml,2006,5,HRYZWHHZPQKTII-UHFFFAOYSA-N,OKKJLVBELUTLKV-UHFFFAOYSA-N,chloroethane,methanol,269.96,4.93,1.5953389880545987,Chromatography,True,train
j.jct.2005.08.004.xml,2006,5,HRYZWHHZPQKTII-UHFFFAOYSA-N,OKKJLVBELUTLKV-UHFFFAOYSA-N,chloroethane,methanol,289.99,4.76,1.5602476682433286,Chromatography,True,train
j.jct.2005.08.004.xml,2006,5,HRYZWHHZPQKTII-UHFFFAOYSA-N,OKKJLVBELUTLKV-UHFFFAOYSA-N,chloroethane,methanol,309.99,4.69,1.545432582458188,Chromatography,True,train
j.jct.2005.08.004.xml,2006,5,HRYZWHHZPQKTII-UHFFFAOYSA-N,OKKJLVBELUTLKV-UHFFFAOYSA-N,chloroethane,methanol,330.0,4.51,1.506297153514587,Chromatography,True,train
j.jct.2005.08.004.xml,2006,99,HRYZWHHZPQKTII-UHFFFAOYSA-N,PHTQWCKDNZKARW-UHFFFAOYSA-N,chloroethane,3-methyl-1-butanol,270.01,2.63,0.9669838461896731,Chromatography,True,train
j.jct.2005.08.004.xml,2006,99,HRYZWHHZPQKTII-UHFFFAOYSA-N,PHTQWCKDNZKARW-UHFFFAOYSA-N,chloroethane,3-methyl-1-butanol,290.0,2.5,0.9162907318741552,Chromatography,True,train
j.jct.2005.08.004.xml,2006,99,HRYZWHHZPQKTII-UHFFFAOYSA-N,PHTQWCKDNZKARW-UHFFFAOYSA-N,chloroethane,3-methyl-1-butanol,309.99,2.36,0.8586616190375187,Chromatography,True,train
j.jct.2005.08.004.xml,2006,99,HRYZWHHZPQKTII-UHFFFAOYSA-N,PHTQWCKDNZKARW-UHFFFAOYSA-N,chloroethane,3-methyl-1-butanol,330.0,2.17,0.7747271675523681,Chromatography,True,train
je060395n.xml,2007,131,HRYZWHHZPQKTII-UHFFFAOYSA-N,PPBRXRYQALVLMV-UHFFFAOYSA-N,chloroethane,styrene,250.04,0.95,-0.0512932943875505,calculated from henry's law constants,True,train
je060395n.xml,2007,131,HRYZWHHZPQKTII-UHFFFAOYSA-N,PPBRXRYQALVLMV-UHFFFAOYSA-N,chloroethane,styrene,270.2,0.97,-0.0304592074847085,calculated from henry's law constants,True,train
je060395n.xml,2007,131,HRYZWHHZPQKTII-UHFFFAOYSA-N,PPBRXRYQALVLMV-UHFFFAOYSA-N,chloroethane,styrene,289.98,0.98,-0.0202027073175194,calculated from henry's law constants,True,train
je060395n.xml,2007,131,HRYZWHHZPQKTII-UHFFFAOYSA-N,PPBRXRYQALVLMV-UHFFFAOYSA-N,chloroethane,styrene,309.84,1.03,0.0295588022415444,calculated from henry's law constants,True,train
je060395n.xml,2007,131,HRYZWHHZPQKTII-UHFFFAOYSA-N,PPBRXRYQALVLMV-UHFFFAOYSA-N,chloroethane,styrene,329.99,1.04,0.0392207131532813,calculated from henry's law constants,True,train
j.jct.2005.08.004.xml,2006,83,HRYZWHHZPQKTII-UHFFFAOYSA-N,QPRQEDXDYOZYLA-YFKPBYRVSA-N,chloroethane,2-methyl-1-butanol,270.01,2.92,1.0715836162801904,Chromatography,True,train
j.jct.2005.08.004.xml,2006,83,HRYZWHHZPQKTII-UHFFFAOYSA-N,QPRQEDXDYOZYLA-YFKPBYRVSA-N,chloroethane,2-methyl-1-butanol,289.99,2.73,1.0043016091968684,Chromatography,True,train
j.jct.2005.08.004.xml,2006,83,HRYZWHHZPQKTII-UHFFFAOYSA-N,QPRQEDXDYOZYLA-YFKPBYRVSA-N,chloroethane,2-methyl-1-butanol,309.99,2.49,0.9122827104766164,Chromatography,True,train
j.jct.2005.08.004.xml,2006,83,HRYZWHHZPQKTII-UHFFFAOYSA-N,QPRQEDXDYOZYLA-YFKPBYRVSA-N,chloroethane,2-methyl-1-butanol,330.0,2.25,0.8109302162163288,Chromatography,True,train
je100529s.xml,2010,21,HRYZWHHZPQKTII-UHFFFAOYSA-N,QWVGKYWNOKOFNN-UHFFFAOYSA-N,"ethane, chloro-",2-methylphenol,299.99,1.83,0.6043159668533296,Gas Stripping Method,True,train
je100529s.xml,2010,21,HRYZWHHZPQKTII-UHFFFAOYSA-N,QWVGKYWNOKOFNN-UHFFFAOYSA-N,"ethane, chloro-",2-methylphenol,309.98,1.77,0.5709795465857378,Gas Stripping Method,True,train
je100529s.xml,2010,21,HRYZWHHZPQKTII-UHFFFAOYSA-N,QWVGKYWNOKOFNN-UHFFFAOYSA-N,"ethane, chloro-",2-methylphenol,319.98,1.76,0.5653138090500605,Gas Stripping Method,True,train
je100529s.xml,2010,21,HRYZWHHZPQKTII-UHFFFAOYSA-N,QWVGKYWNOKOFNN-UHFFFAOYSA-N,"ethane, chloro-",2-methylphenol,329.99,1.7,0.5306282510621704,Gas Stripping Method,True,train
je100529s.xml,2010,45,HRYZWHHZPQKTII-UHFFFAOYSA-N,RLSSMJSEOOYNOY-UHFFFAOYSA-N,"ethane, chloro-",3-methylphenol,289.97,2.13,0.7561219797213337,Gas Stripping Method,True,train
je100529s.xml,2010,45,HRYZWHHZPQKTII-UHFFFAOYSA-N,RLSSMJSEOOYNOY-UHFFFAOYSA-N,"ethane, chloro-",3-methylphenol,299.98,2.1,0.7419373447293773,Gas Stripping Method,True,train
je100529s.xml,2010,45,HRYZWHHZPQKTII-UHFFFAOYSA-N,RLSSMJSEOOYNOY-UHFFFAOYSA-N,"ethane, chloro-",3-methylphenol,309.98,2.05,0.7178397931503168,Gas Stripping Method,True,train
je100529s.xml,2010,45,HRYZWHHZPQKTII-UHFFFAOYSA-N,RLSSMJSEOOYNOY-UHFFFAOYSA-N,"ethane, chloro-",3-methylphenol,319.99,1.99,0.688134638736401,Gas Stripping Method,True,train
je100529s.xml,2010,45,HRYZWHHZPQKTII-UHFFFAOYSA-N,RLSSMJSEOOYNOY-UHFFFAOYSA-N,"ethane, chloro-",3-methylphenol,329.99,1.93,0.6575200029167941,Gas Stripping Method,True,train
je060395n.xml,2007,121,HRYZWHHZPQKTII-UHFFFAOYSA-N,UHOVQNZJYSORNB-UHFFFAOYSA-N,chloroethane,benzene,279.95,1.05,0.048790164169432,calculated from henry's law constants,True,train
je060395n.xml,2007,121,HRYZWHHZPQKTII-UHFFFAOYSA-N,UHOVQNZJYSORNB-UHFFFAOYSA-N,chloroethane,benzene,289.97,1.06,0.0582689081239758,calculated from henry's law constants,True,train
je060395n.xml,2007,121,HRYZWHHZPQKTII-UHFFFAOYSA-N,UHOVQNZJYSORNB-UHFFFAOYSA-N,chloroethane,benzene,309.98,1.07,0.0676586484738148,calculated from henry's law constants,True,train
je060395n.xml,2007,121,HRYZWHHZPQKTII-UHFFFAOYSA-N,UHOVQNZJYSORNB-UHFFFAOYSA-N,chloroethane,benzene,329.99,1.12,0.1133286853070032,calculated from henry's law constants,True,train
je060395n.xml,2007,129,HRYZWHHZPQKTII-UHFFFAOYSA-N,URLKBWYHVLBVBO-UHFFFAOYSA-N,chloroethane,"1,4-dimethylbenzene",289.97,1.0,0.0,calculated from henry's law constants,True,test_one
je060395n.xml,2007,129,HRYZWHHZPQKTII-UHFFFAOYSA-N,URLKBWYHVLBVBO-UHFFFAOYSA-N,chloroethane,"1,4-dimethylbenzene",299.98,1.03,0.0295588022415444,calculated from henry's law constants,True,test_one
je060395n.xml,2007,129,HRYZWHHZPQKTII-UHFFFAOYSA-N,URLKBWYHVLBVBO-UHFFFAOYSA-N,chloroethane,"1,4-dimethylbenzene",309.98,1.03,0.0295588022415444,calculated from henry's law constants,True,test_one
je060395n.xml,2007,129,HRYZWHHZPQKTII-UHFFFAOYSA-N,URLKBWYHVLBVBO-UHFFFAOYSA-N,chloroethane,"1,4-dimethylbenzene",319.99,1.04,0.0392207131532813,calculated from henry's law constants,True,test_one
je060395n.xml,2007,129,HRYZWHHZPQKTII-UHFFFAOYSA-N,URLKBWYHVLBVBO-UHFFFAOYSA-N,chloroethane,"1,4-dimethylbenzene",329.99,1.05,0.048790164169432,calculated from henry's law constants,True,test_one
je0502647.xml,2005,19,HRYZWHHZPQKTII-UHFFFAOYSA-N,XXROGKLTLUQVRX-UHFFFAOYSA-N,chloroethane,2-propenol,270.06,3.07,1.1216775615991057,gas stripping method,True,train
je0502647.xml,2005,19,HRYZWHHZPQKTII-UHFFFAOYSA-N,XXROGKLTLUQVRX-UHFFFAOYSA-N,chloroethane,2-propenol,289.99,2.99,1.095273387402595,gas stripping method,True,train
je0502647.xml,2005,19,HRYZWHHZPQKTII-UHFFFAOYSA-N,XXROGKLTLUQVRX-UHFFFAOYSA-N,chloroethane,2-propenol,309.98,2.87,1.0543120297715298,gas stripping method,True,train
je0502647.xml,2005,19,HRYZWHHZPQKTII-UHFFFAOYSA-N,XXROGKLTLUQVRX-UHFFFAOYSA-N,chloroethane,2-propenol,329.99,2.69,0.9895411936137476,gas stripping method,True,train
je060395n.xml,2007,123,HRYZWHHZPQKTII-UHFFFAOYSA-N,YXFVVABEGXRONW-UHFFFAOYSA-N,chloroethane,toluene,250.04,0.92,-0.083381608939051,calculated from henry's law constants,True,train
je060395n.xml,2007,123,HRYZWHHZPQKTII-UHFFFAOYSA-N,YXFVVABEGXRONW-UHFFFAOYSA-N,chloroethane,toluene,270.2,0.95,-0.0512932943875505,calculated from henry's law constants,True,train
je060395n.xml,2007,123,HRYZWHHZPQKTII-UHFFFAOYSA-N,YXFVVABEGXRONW-UHFFFAOYSA-N,chloroethane,toluene,289.98,1.0,0.0,calculated from henry's law constants,True,train
je060395n.xml,2007,123,HRYZWHHZPQKTII-UHFFFAOYSA-N,YXFVVABEGXRONW-UHFFFAOYSA-N,chloroethane,toluene,309.84,1.02,0.0198026272961797,calculated from henry's law constants,True,train
je060395n.xml,2007,123,HRYZWHHZPQKTII-UHFFFAOYSA-N,YXFVVABEGXRONW-UHFFFAOYSA-N,chloroethane,toluene,329.99,1.05,0.048790164169432,calculated from henry's law constants,True,train
j.jct.2005.08.004.xml,2006,45,HRYZWHHZPQKTII-UHFFFAOYSA-N,ZXEKIIBDNHEJCQ-UHFFFAOYSA-N,chloroethane,2-methyl-1-propanol,269.96,3.13,1.1410330045520618,Chromatography,True,test_one
j.jct.2005.08.004.xml,2006,45,HRYZWHHZPQKTII-UHFFFAOYSA-N,ZXEKIIBDNHEJCQ-UHFFFAOYSA-N,chloroethane,2-methyl-1-propanol,289.99,2.98,1.091923300517313,Chromatography,True,test_one
j.jct.2005.08.004.xml,2006,45,HRYZWHHZPQKTII-UHFFFAOYSA-N,ZXEKIIBDNHEJCQ-UHFFFAOYSA-N,chloroethane,2-methyl-1-propanol,309.99,2.75,1.01160091167848,Chromatography,True,test_one
j.jct.2005.08.004.xml,2006,45,HRYZWHHZPQKTII-UHFFFAOYSA-N,ZXEKIIBDNHEJCQ-UHFFFAOYSA-N,chloroethane,2-methyl-1-propanol,329.94,2.46,0.9001613499442714,Chromatography,True,test_one
j.jct.2005.08.004.xml,2006,63,IAQRGUVFOMOMEM-ARJAWSKDSA-N,AMQJEAYHLZJPGS-UHFFFAOYSA-N,cis-2-butene,1-pentanol,270.06,2.69,0.9895411936137476,Chromatography,True,test_both
j.jct.2005.08.004.xml,2006,63,IAQRGUVFOMOMEM-ARJAWSKDSA-N,AMQJEAYHLZJPGS-UHFFFAOYSA-N,cis-2-butene,1-pentanol,290.0,2.67,0.9820784724121582,Chromatography,True,test_both
j.jct.2005.08.004.xml,2006,63,IAQRGUVFOMOMEM-ARJAWSKDSA-N,AMQJEAYHLZJPGS-UHFFFAOYSA-N,cis-2-butene,1-pentanol,309.99,2.62,0.9631743177730056,Chromatography,True,test_both
j.jct.2005.08.004.xml,2006,63,IAQRGUVFOMOMEM-ARJAWSKDSA-N,AMQJEAYHLZJPGS-UHFFFAOYSA-N,cis-2-butene,1-pentanol,330.0,2.6,0.9555114450274363,Chromatography,True,test_both
j.jct.2005.08.004.xml,2006,71,IAQRGUVFOMOMEM-ARJAWSKDSA-N,AQIXEPGDORPWBJ-UHFFFAOYSA-N,cis-2-butene,3-pentanol,259.93,3.08,1.1249295969854831,Chromatography,True,test_one
j.jct.2005.08.004.xml,2006,71,IAQRGUVFOMOMEM-ARJAWSKDSA-N,AQIXEPGDORPWBJ-UHFFFAOYSA-N,cis-2-butene,3-pentanol,270.02,3.06,1.118414915964289,Chromatography,True,test_one
j.jct.2005.08.004.xml,2006,71,IAQRGUVFOMOMEM-ARJAWSKDSA-N,AQIXEPGDORPWBJ-UHFFFAOYSA-N,cis-2-butene,3-pentanol,290.0,2.83,1.0402767116551463,Chromatography,True,test_one
j.jct.2005.08.004.xml,2006,71,IAQRGUVFOMOMEM-ARJAWSKDSA-N,AQIXEPGDORPWBJ-UHFFFAOYSA-N,cis-2-butene,3-pentanol,309.99,2.62,0.9631743177730056,Chromatography,True,test_one
j.jct.2005.08.004.xml,2006,71,IAQRGUVFOMOMEM-ARJAWSKDSA-N,AQIXEPGDORPWBJ-UHFFFAOYSA-N,cis-2-butene,3-pentanol,330.01,2.32,0.8415671856782185,Chromatography,True,test_one
j.jct.2005.08.004.xml,2006,9,IAQRGUVFOMOMEM-ARJAWSKDSA-N,BDERNNFJNOPAEC-UHFFFAOYSA-N,cis-2-butene,1-propanol,270.0,3.98,1.3812818192963463,Chromatography,True,test_one
j.jct.2005.08.004.xml,2006,9,IAQRGUVFOMOMEM-ARJAWSKDSA-N,BDERNNFJNOPAEC-UHFFFAOYSA-N,cis-2-butene,1-propanol,289.99,3.93,1.3686394258811698,Chromatography,True,test_one
j.jct.2005.08.004.xml,2006,9,IAQRGUVFOMOMEM-ARJAWSKDSA-N,BDERNNFJNOPAEC-UHFFFAOYSA-N,cis-2-butene,1-propanol,309.99,3.87,1.3532545070416904,Chromatography,True,test_one
j.jct.2005.08.004.xml,2006,9,IAQRGUVFOMOMEM-ARJAWSKDSA-N,BDERNNFJNOPAEC-UHFFFAOYSA-N,cis-2-butene,1-propanol,330.0,3.81,1.3376291891386096,Chromatography,True,test_one
je050343i.xml,2005,39,IAQRGUVFOMOMEM-ARJAWSKDSA-N,CPJRRXSHAYUTGL-UHFFFAOYSA-N,cis-2-butene,3-methyl-3-buten-1-ol,269.95,3.2,1.1631508098056809,Chromatography,True,test_one
je050343i.xml,2005,39,IAQRGUVFOMOMEM-ARJAWSKDSA-N,CPJRRXSHAYUTGL-UHFFFAOYSA-N,cis-2-butene,3-methyl-3-buten-1-ol,289.9,3.08,1.1249295969854831,Chromatography,True,test_one
je050343i.xml,2005,39,IAQRGUVFOMOMEM-ARJAWSKDSA-N,CPJRRXSHAYUTGL-UHFFFAOYSA-N,cis-2-butene,3-methyl-3-buten-1-ol,309.99,2.9,1.0647107369924282,Chromatography,True,test_one
je050343i.xml,2005,39,IAQRGUVFOMOMEM-ARJAWSKDSA-N,CPJRRXSHAYUTGL-UHFFFAOYSA-N,cis-2-butene,3-methyl-3-buten-1-ol,330.0,2.77,1.0188473201992472,Chromatography,True,test_one
je060395n.xml,2007,89,IAQRGUVFOMOMEM-ARJAWSKDSA-N,CTQNGGLPUBDAKN-UHFFFAOYSA-N,cis-2-butene,"1,2-dimethylbenzene",270.13,1.44,0.3646431135879092,calculated from henry's law constants,True,test_one
je060395n.xml,2007,89,IAQRGUVFOMOMEM-ARJAWSKDSA-N,CTQNGGLPUBDAKN-UHFFFAOYSA-N,cis-2-butene,"1,2-dimethylbenzene",289.99,1.41,0.3435897043900768,calculated from henry's law constants,True,test_one
je060395n.xml,2007,89,IAQRGUVFOMOMEM-ARJAWSKDSA-N,CTQNGGLPUBDAKN-UHFFFAOYSA-N,cis-2-butene,"1,2-dimethylbenzene",309.84,1.4,0.3364722366212129,calculated from henry's law constants,True,test_one
je060395n.xml,2007,89,IAQRGUVFOMOMEM-ARJAWSKDSA-N,CTQNGGLPUBDAKN-UHFFFAOYSA-N,cis-2-butene,"1,2-dimethylbenzene",329.99,1.37,0.3148107398400336,calculated from henry's law constants,True,test_one
je700270d.xml,2007,15,IAQRGUVFOMOMEM-ARJAWSKDSA-N,DHXVGJBLRPWPCS-UHFFFAOYSA-N,cis-2-butene,tetrahydropyran,250.0,1.36,0.3074846997479607,Chromatography,True,test_one
je700270d.xml,2007,15,IAQRGUVFOMOMEM-ARJAWSKDSA-N,DHXVGJBLRPWPCS-UHFFFAOYSA-N,cis-2-butene,tetrahydropyran,270.07,1.33,0.2851789422336624,Chromatography,True,test_one
je700270d.xml,2007,15,IAQRGUVFOMOMEM-ARJAWSKDSA-N,DHXVGJBLRPWPCS-UHFFFAOYSA-N,cis-2-butene,tetrahydropyran,289.98,1.32,0.2776317365982795,Chromatography,True,test_one
je700270d.xml,2007,15,IAQRGUVFOMOMEM-ARJAWSKDSA-N,DHXVGJBLRPWPCS-UHFFFAOYSA-N,cis-2-butene,tetrahydropyran,309.98,1.31,0.2700271372130602,Chromatography,True,test_one
je700270d.xml,2007,15,IAQRGUVFOMOMEM-ARJAWSKDSA-N,DHXVGJBLRPWPCS-UHFFFAOYSA-N,cis-2-butene,tetrahydropyran,330.0,1.32,0.2776317365982795,Chromatography,True,test_one
j.jct.2005.08.004.xml,2006,47,IAQRGUVFOMOMEM-ARJAWSKDSA-N,DKGAVHZHDRPRBM-UHFFFAOYSA-N,cis-2-butene,2-methyl-2-propanol,300.0,2.91,1.0681530811834012,Chromatography,True,test_one
j.jct.2005.08.004.xml,2006,47,IAQRGUVFOMOMEM-ARJAWSKDSA-N,DKGAVHZHDRPRBM-UHFFFAOYSA-N,cis-2-butene,2-methyl-2-propanol,309.99,2.77,1.0188473201992472,Chromatography,True,test_one
j.jct.2005.08.004.xml,2006,47,IAQRGUVFOMOMEM-ARJAWSKDSA-N,DKGAVHZHDRPRBM-UHFFFAOYSA-N,cis-2-butene,2-methyl-2-propanol,320.0,2.67,0.9820784724121582,Chromatography,True,test_one
j.jct.2005.08.004.xml,2006,47,IAQRGUVFOMOMEM-ARJAWSKDSA-N,DKGAVHZHDRPRBM-UHFFFAOYSA-N,cis-2-butene,2-methyl-2-propanol,330.0,2.59,0.9516578757114464,Chromatography,True,test_one
je050343i.xml,2005,15,IAQRGUVFOMOMEM-ARJAWSKDSA-N,HNVRRHSXBLFLIG-UHFFFAOYSA-N,cis-2-butene,"3-buten-2-ol, 2-methyl-",250.0,2.55,0.9360933591703348,Chromatography,True,test_one
je050343i.xml,2005,15,IAQRGUVFOMOMEM-ARJAWSKDSA-N,HNVRRHSXBLFLIG-UHFFFAOYSA-N,cis-2-butene,"3-buten-2-ol, 2-methyl-",269.96,2.48,0.9082585601768908,Chromatography,True,test_one
je050343i.xml,2005,15,IAQRGUVFOMOMEM-ARJAWSKDSA-N,HNVRRHSXBLFLIG-UHFFFAOYSA-N,cis-2-butene,"3-buten-2-ol, 2-methyl-",289.99,2.36,0.8586616190375187,Chromatography,True,test_one
je050343i.xml,2005,15,IAQRGUVFOMOMEM-ARJAWSKDSA-N,HNVRRHSXBLFLIG-UHFFFAOYSA-N,cis-2-butene,"3-buten-2-ol, 2-methyl-",309.99,2.23,0.8020015854720274,Chromatography,True,test_one
je050343i.xml,2005,15,IAQRGUVFOMOMEM-ARJAWSKDSA-N,HNVRRHSXBLFLIG-UHFFFAOYSA-N,cis-2-butene,"3-buten-2-ol, 2-methyl-",330.0,2.05,0.7178397931503168,Chromatography,True,test_one
je060395n.xml,2007,91,IAQRGUVFOMOMEM-ARJAWSKDSA-N,IVSZLXZYQVIEFR-UHFFFAOYSA-N,cis-2-butene,"1,3-dimethylbenzene",270.1,1.33,0.2851789422336624,calculated from henry's law constants,True,test_one
je060395n.xml,2007,91,IAQRGUVFOMOMEM-ARJAWSKDSA-N,IVSZLXZYQVIEFR-UHFFFAOYSA-N,cis-2-butene,"1,3-dimethylbenzene",289.99,1.33,0.2851789422336624,calculated from henry's law constants,True,test_one
je060395n.xml,2007,91,IAQRGUVFOMOMEM-ARJAWSKDSA-N,IVSZLXZYQVIEFR-UHFFFAOYSA-N,cis-2-butene,"1,3-dimethylbenzene",309.84,1.33,0.2851789422336624,calculated from henry's law constants,True,test_one
je060395n.xml,2007,91,IAQRGUVFOMOMEM-ARJAWSKDSA-N,IVSZLXZYQVIEFR-UHFFFAOYSA-N,cis-2-butene,"1,3-dimethylbenzene",329.99,1.31,0.2700271372130602,calculated from henry's law constants,True,test_one
je100529s.xml,2010,63,IAQRGUVFOMOMEM-ARJAWSKDSA-N,IWDCLRJOBJJRNH-UHFFFAOYSA-N,cis-2-butene,4-methylphenol,309.99,4.12,1.415853163361435,Gas Stripping Method,True,test_one
je100529s.xml,2010,63,IAQRGUVFOMOMEM-ARJAWSKDSA-N,IWDCLRJOBJJRNH-UHFFFAOYSA-N,cis-2-butene,4-methylphenol,319.99,4.03,1.3937663759585917,Gas Stripping Method,True,test_one
je100529s.xml,2010,63,IAQRGUVFOMOMEM-ARJAWSKDSA-N,IWDCLRJOBJJRNH-UHFFFAOYSA-N,cis-2-butene,4-methylphenol,329.99,3.91,1.3635373739972745,Gas Stripping Method,True,test_one
je100529s.xml,2010,63,IAQRGUVFOMOMEM-ARJAWSKDSA-N,IWDCLRJOBJJRNH-UHFFFAOYSA-N,cis-2-butene,4-methylphenol,340.02,3.8,1.33500106673234,Gas Stripping Method,True,test_one
j.jct.2005.08.004.xml,2006,55,IAQRGUVFOMOMEM-ARJAWSKDSA-N,JYVLIDXNZAXMDK-YFKPBYRVSA-N,cis-2-butene,2-pentanol,270.03,2.88,1.0577902941478543,Chromatography,True,test_one
j.jct.2005.08.004.xml,2006,55,IAQRGUVFOMOMEM-ARJAWSKDSA-N,JYVLIDXNZAXMDK-YFKPBYRVSA-N,cis-2-butene,2-pentanol,290.0,2.73,1.0043016091968684,Chromatography,True,test_one
j.jct.2005.08.004.xml,2006,55,IAQRGUVFOMOMEM-ARJAWSKDSA-N,JYVLIDXNZAXMDK-YFKPBYRVSA-N,cis-2-butene,2-pentanol,309.99,2.59,0.9516578757114464,Chromatography,True,test_one
j.jct.2005.08.004.xml,2006,55,IAQRGUVFOMOMEM-ARJAWSKDSA-N,JYVLIDXNZAXMDK-YFKPBYRVSA-N,cis-2-butene,2-pentanol,330.0,2.4,0.8754687373538999,Chromatography,True,test_one
j.jct.2005.08.004.xml,2006,17,IAQRGUVFOMOMEM-ARJAWSKDSA-N,KFZMGEQAYNKOFK-UHFFFAOYSA-N,cis-2-butene,2-propanol,269.94,4.09,1.4085449700547104,Chromatography,True,test_one
j.jct.2005.08.004.xml,2006,17,IAQRGUVFOMOMEM-ARJAWSKDSA-N,KFZMGEQAYNKOFK-UHFFFAOYSA-N,cis-2-butene,2-propanol,289.99,4.02,1.3912819026309295,Chromatography,True,test_one
j.jct.2005.08.004.xml,2006,17,IAQRGUVFOMOMEM-ARJAWSKDSA-N,KFZMGEQAYNKOFK-UHFFFAOYSA-N,cis-2-butene,2-propanol,309.99,3.85,1.3480731482996928,Chromatography,True,test_one
j.jct.2005.08.004.xml,2006,17,IAQRGUVFOMOMEM-ARJAWSKDSA-N,KFZMGEQAYNKOFK-UHFFFAOYSA-N,cis-2-butene,2-propanol,330.01,3.63,1.289232648276759,Chromatography,True,test_one
j.jct.2005.08.004.xml,2006,33,IAQRGUVFOMOMEM-ARJAWSKDSA-N,LRHPLDYGYMQRHN-UHFFFAOYSA-N,cis-2-butene,1-butanol,270.01,3.19,1.1600209167967532,Chromatography,True,test_one
j.jct.2005.08.004.xml,2006,33,IAQRGUVFOMOMEM-ARJAWSKDSA-N,LRHPLDYGYMQRHN-UHFFFAOYSA-N,cis-2-butene,1-butanol,289.99,3.17,1.1537315878891892,Chromatography,True,test_one
j.jct.2005.08.004.xml,2006,33,IAQRGUVFOMOMEM-ARJAWSKDSA-N,LRHPLDYGYMQRHN-UHFFFAOYSA-N,cis-2-butene,1-butanol,309.99,3.12,1.1378330018213911,Chromatography,True,test_one
j.jct.2005.08.004.xml,2006,33,IAQRGUVFOMOMEM-ARJAWSKDSA-N,LRHPLDYGYMQRHN-UHFFFAOYSA-N,cis-2-butene,1-butanol,329.93,3.05,1.1151415906193205,Chromatography,True,test_one
j.jct.2005.08.004.xml,2006,1,IAQRGUVFOMOMEM-ARJAWSKDSA-N,OKKJLVBELUTLKV-UHFFFAOYSA-N,cis-2-butene,methanol,269.98,9.7,2.272125885509337,Chromatography,True,test_one
j.jct.2005.08.004.xml,2006,1,IAQRGUVFOMOMEM-ARJAWSKDSA-N,OKKJLVBELUTLKV-UHFFFAOYSA-N,cis-2-butene,methanol,289.99,9.44,2.244955980157409,Chromatography,True,test_one
j.jct.2005.08.004.xml,2006,1,IAQRGUVFOMOMEM-ARJAWSKDSA-N,OKKJLVBELUTLKV-UHFFFAOYSA-N,cis-2-butene,methanol,300.0,9.33,2.233235014859253,Chromatography,True,test_one
j.jct.2005.08.004.xml,2006,1,IAQRGUVFOMOMEM-ARJAWSKDSA-N,OKKJLVBELUTLKV-UHFFFAOYSA-N,cis-2-butene,methanol,310.0,9.15,2.21375387928743,Chromatography,True,test_one
j.jct.2005.08.004.xml,2006,1,IAQRGUVFOMOMEM-ARJAWSKDSA-N,OKKJLVBELUTLKV-UHFFFAOYSA-N,cis-2-butene,methanol,320.0,8.96,2.192770226986839,Chromatography,True,test_one
j.jct.2005.08.004.xml,2006,1,IAQRGUVFOMOMEM-ARJAWSKDSA-N,OKKJLVBELUTLKV-UHFFFAOYSA-N,cis-2-butene,methanol,330.0,8.73,2.166765369851511,Chromatography,True,test_one
je060395n.xml,2007,95,IAQRGUVFOMOMEM-ARJAWSKDSA-N,PPBRXRYQALVLMV-UHFFFAOYSA-N,cis-2-butene,styrene,270.07,2.52,0.924258901523332,calculated from henry's law constants,True,test_one
je060395n.xml,2007,95,IAQRGUVFOMOMEM-ARJAWSKDSA-N,PPBRXRYQALVLMV-UHFFFAOYSA-N,cis-2-butene,styrene,309.84,2.36,0.8586616190375187,calculated from henry's law constants,True,test_one
je060395n.xml,2007,95,IAQRGUVFOMOMEM-ARJAWSKDSA-N,PPBRXRYQALVLMV-UHFFFAOYSA-N,cis-2-butene,styrene,329.99,2.31,0.8372475245337022,calculated from henry's law constants,True,test_one
j.jct.2005.08.004.xml,2006,79,IAQRGUVFOMOMEM-ARJAWSKDSA-N,QPRQEDXDYOZYLA-YFKPBYRVSA-N,cis-2-butene,2-methyl-1-butanol,270.01,2.84,1.043804052173115,Chromatography,True,test_one
j.jct.2005.08.004.xml,2006,79,IAQRGUVFOMOMEM-ARJAWSKDSA-N,QPRQEDXDYOZYLA-YFKPBYRVSA-N,cis-2-butene,2-methyl-1-butanol,289.99,2.8,1.029619417181158,Chromatography,True,test_one
j.jct.2005.08.004.xml,2006,79,IAQRGUVFOMOMEM-ARJAWSKDSA-N,QPRQEDXDYOZYLA-YFKPBYRVSA-N,cis-2-butene,2-methyl-1-butanol,309.99,2.71,0.9969486348916096,Chromatography,True,test_one
j.jct.2005.08.004.xml,2006,79,IAQRGUVFOMOMEM-ARJAWSKDSA-N,QPRQEDXDYOZYLA-YFKPBYRVSA-N,cis-2-butene,2-methyl-1-butanol,330.0,2.58,0.947789398933526,Chromatography,True,test_one
je100529s.xml,2010,15,IAQRGUVFOMOMEM-ARJAWSKDSA-N,QWVGKYWNOKOFNN-UHFFFAOYSA-N,cis-2-butene,2-methylphenol,299.99,3.79,1.332366019094335,Gas Stripping Method,True,test_one
je100529s.xml,2010,15,IAQRGUVFOMOMEM-ARJAWSKDSA-N,QWVGKYWNOKOFNN-UHFFFAOYSA-N,cis-2-butene,2-methylphenol,309.99,3.69,1.3056264580524355,Gas Stripping Method,True,test_one
je100529s.xml,2010,15,IAQRGUVFOMOMEM-ARJAWSKDSA-N,QWVGKYWNOKOFNN-UHFFFAOYSA-N,cis-2-butene,2-methylphenol,319.99,3.57,1.2725655957915476,Gas Stripping Method,True,test_one
je100529s.xml,2010,15,IAQRGUVFOMOMEM-ARJAWSKDSA-N,QWVGKYWNOKOFNN-UHFFFAOYSA-N,cis-2-butene,2-methylphenol,329.99,3.44,1.235471471385307,Gas Stripping Method,True,test_one
je100529s.xml,2010,39,IAQRGUVFOMOMEM-ARJAWSKDSA-N,RLSSMJSEOOYNOY-UHFFFAOYSA-N,cis-2-butene,3-methylphenol,289.98,4.29,1.4562867329399256,Gas Stripping Method,True,test_one
je100529s.xml,2010,39,IAQRGUVFOMOMEM-ARJAWSKDSA-N,RLSSMJSEOOYNOY-UHFFFAOYSA-N,cis-2-butene,3-methylphenol,299.98,4.2,1.4350845252893227,Gas Stripping Method,True,test_one
je100529s.xml,2010,39,IAQRGUVFOMOMEM-ARJAWSKDSA-N,RLSSMJSEOOYNOY-UHFFFAOYSA-N,cis-2-butene,3-methylphenol,309.99,4.09,1.4085449700547104,Gas Stripping Method,True,test_one
je100529s.xml,2010,39,IAQRGUVFOMOMEM-ARJAWSKDSA-N,RLSSMJSEOOYNOY-UHFFFAOYSA-N,cis-2-butene,3-methylphenol,319.99,3.99,1.383791230901772,Gas Stripping Method,True,test_one
je100529s.xml,2010,39,IAQRGUVFOMOMEM-ARJAWSKDSA-N,RLSSMJSEOOYNOY-UHFFFAOYSA-N,cis-2-butene,3-methylphenol,329.99,3.88,1.355835153635182,Gas Stripping Method,True,test_one
je060395n.xml,2007,85,IAQRGUVFOMOMEM-ARJAWSKDSA-N,UHOVQNZJYSORNB-UHFFFAOYSA-N,cis-2-butene,benzene,279.99,1.61,0.4762341789963717,calculated from henry's law constants,True,test_one
je060395n.xml,2007,85,IAQRGUVFOMOMEM-ARJAWSKDSA-N,UHOVQNZJYSORNB-UHFFFAOYSA-N,cis-2-butene,benzene,289.99,1.59,0.4637340162321402,calculated from henry's law constants,True,test_one
je060395n.xml,2007,85,IAQRGUVFOMOMEM-ARJAWSKDSA-N,UHOVQNZJYSORNB-UHFFFAOYSA-N,cis-2-butene,benzene,309.99,1.53,0.4252677354043441,calculated from henry's law constants,True,test_one
je060395n.xml,2007,85,IAQRGUVFOMOMEM-ARJAWSKDSA-N,UHOVQNZJYSORNB-UHFFFAOYSA-N,cis-2-butene,benzene,329.99,1.5,0.4054651081081644,calculated from henry's law constants,True,test_one
je060395n.xml,2007,93,IAQRGUVFOMOMEM-ARJAWSKDSA-N,URLKBWYHVLBVBO-UHFFFAOYSA-N,cis-2-butene,"1,4-dimethylbenzene",289.99,1.28,0.2468600779315258,calculated from henry's law constants,True,test_both
je060395n.xml,2007,93,IAQRGUVFOMOMEM-ARJAWSKDSA-N,URLKBWYHVLBVBO-UHFFFAOYSA-N,cis-2-butene,"1,4-dimethylbenzene",299.99,1.28,0.2468600779315258,calculated from henry's law constants,True,test_both
je060395n.xml,2007,93,IAQRGUVFOMOMEM-ARJAWSKDSA-N,URLKBWYHVLBVBO-UHFFFAOYSA-N,cis-2-butene,"1,4-dimethylbenzene",309.85,1.27,0.2390169004704999,calculated from henry's law constants,True,test_both
je060395n.xml,2007,93,IAQRGUVFOMOMEM-ARJAWSKDSA-N,URLKBWYHVLBVBO-UHFFFAOYSA-N,cis-2-butene,"1,4-dimethylbenzene",319.99,1.28,0.2468600779315258,calculated from henry's law constants,True,test_both
je060395n.xml,2007,93,IAQRGUVFOMOMEM-ARJAWSKDSA-N,URLKBWYHVLBVBO-UHFFFAOYSA-N,cis-2-butene,"1,4-dimethylbenzene",329.99,1.27,0.2390169004704999,calculated from henry's law constants,True,test_both
je0502647.xml,2005,17,IAQRGUVFOMOMEM-ARJAWSKDSA-N,XXROGKLTLUQVRX-UHFFFAOYSA-N,cis-2-butene,2-propenol,270.06,5.28,1.6639260977181702,gas stripping method,True,test_one
je0502647.xml,2005,17,IAQRGUVFOMOMEM-ARJAWSKDSA-N,XXROGKLTLUQVRX-UHFFFAOYSA-N,cis-2-butene,2-propenol,289.99,5.06,1.6213664832993742,gas stripping method,True,test_one
je0502647.xml,2005,17,IAQRGUVFOMOMEM-ARJAWSKDSA-N,XXROGKLTLUQVRX-UHFFFAOYSA-N,cis-2-butene,2-propenol,309.98,4.85,1.5789787049493915,gas stripping method,True,test_one
je0502647.xml,2005,17,IAQRGUVFOMOMEM-ARJAWSKDSA-N,XXROGKLTLUQVRX-UHFFFAOYSA-N,cis-2-butene,2-propenol,329.99,4.57,1.5195132049061133,gas stripping method,True,test_one
je060395n.xml,2007,87,IAQRGUVFOMOMEM-ARJAWSKDSA-N,YXFVVABEGXRONW-UHFFFAOYSA-N,cis-2-butene,toluene,270.0,1.4,0.3364722366212129,calculated from henry's law constants,True,test_one
je060395n.xml,2007,87,IAQRGUVFOMOMEM-ARJAWSKDSA-N,YXFVVABEGXRONW-UHFFFAOYSA-N,cis-2-butene,toluene,289.98,1.39,0.3293037471426003,calculated from henry's law constants,True,test_one
je060395n.xml,2007,87,IAQRGUVFOMOMEM-ARJAWSKDSA-N,YXFVVABEGXRONW-UHFFFAOYSA-N,cis-2-butene,toluene,309.94,1.35,0.3001045924503381,calculated from henry's law constants,True,test_one
je060395n.xml,2007,87,IAQRGUVFOMOMEM-ARJAWSKDSA-N,YXFVVABEGXRONW-UHFFFAOYSA-N,cis-2-butene,toluene,329.99,1.34,0.29266961396282,calculated from henry's law constants,True,test_one
j.jct.2005.08.004.xml,2006,41,IAQRGUVFOMOMEM-ARJAWSKDSA-N,ZXEKIIBDNHEJCQ-UHFFFAOYSA-N,cis-2-butene,2-methyl-1-propanol,269.96,3.21,1.1662709371419244,Chromatography,True,test_both
j.jct.2005.08.004.xml,2006,41,IAQRGUVFOMOMEM-ARJAWSKDSA-N,ZXEKIIBDNHEJCQ-UHFFFAOYSA-N,cis-2-butene,2-methyl-1-propanol,289.99,3.23,1.172482137234565,Chromatography,True,test_both
j.jct.2005.08.004.xml,2006,41,IAQRGUVFOMOMEM-ARJAWSKDSA-N,ZXEKIIBDNHEJCQ-UHFFFAOYSA-N,cis-2-butene,2-methyl-1-propanol,309.99,3.12,1.1378330018213911,Chromatography,True,test_both
j.jct.2005.08.004.xml,2006,41,IAQRGUVFOMOMEM-ARJAWSKDSA-N,ZXEKIIBDNHEJCQ-UHFFFAOYSA-N,cis-2-butene,2-methyl-1-propanol,329.94,3.01,1.1019400787607845,Chromatography,True,test_both
j.jct.2004.11.005.xml,2005,13,IAQRGUVFOMOMEM-ONEGZZNKSA-N,AMQJEAYHLZJPGS-UHFFFAOYSA-N,trans-2-butene,1-pentanol,269.99,2.8,1.029619417181158,Other,True,test_one
j.jct.2004.11.005.xml,2005,13,IAQRGUVFOMOMEM-ONEGZZNKSA-N,AMQJEAYHLZJPGS-UHFFFAOYSA-N,trans-2-butene,1-pentanol,290.0,2.76,1.0152306797290584,Other,True,test_one
j.jct.2004.11.005.xml,2005,13,IAQRGUVFOMOMEM-ONEGZZNKSA-N,AMQJEAYHLZJPGS-UHFFFAOYSA-N,trans-2-butene,1-pentanol,310.0,2.76,1.0152306797290584,Other,True,test_one
j.jct.2004.11.005.xml,2005,13,IAQRGUVFOMOMEM-ONEGZZNKSA-N,AMQJEAYHLZJPGS-UHFFFAOYSA-N,trans-2-butene,1-pentanol,330.0,2.69,0.9895411936137476,Other,True,test_one
j.jct.2004.11.005.xml,2005,45,IAQRGUVFOMOMEM-ONEGZZNKSA-N,AQIXEPGDORPWBJ-UHFFFAOYSA-N,trans-2-butene,3-pentanol,259.96,3.12,1.1378330018213911,Other,True,train
j.jct.2004.11.005.xml,2005,45,IAQRGUVFOMOMEM-ONEGZZNKSA-N,AQIXEPGDORPWBJ-UHFFFAOYSA-N,trans-2-butene,3-pentanol,270.02,3.06,1.118414915964289,Other,True,train
j.jct.2004.11.005.xml,2005,45,IAQRGUVFOMOMEM-ONEGZZNKSA-N,AQIXEPGDORPWBJ-UHFFFAOYSA-N,trans-2-butene,3-pentanol,280.0,2.96,1.085189268335969,Other,True,train
j.jct.2004.11.005.xml,2005,45,IAQRGUVFOMOMEM-ONEGZZNKSA-N,AQIXEPGDORPWBJ-UHFFFAOYSA-N,trans-2-butene,3-pentanol,290.0,2.88,1.0577902941478543,Other,True,train
j.jct.2004.11.005.xml,2005,45,IAQRGUVFOMOMEM-ONEGZZNKSA-N,AQIXEPGDORPWBJ-UHFFFAOYSA-N,trans-2-butene,3-pentanol,300.0,2.77,1.0188473201992472,Other,True,train
j.jct.2004.11.005.xml,2005,45,IAQRGUVFOMOMEM-ONEGZZNKSA-N,AQIXEPGDORPWBJ-UHFFFAOYSA-N,trans-2-butene,3-pentanol,310.01,2.67,0.9820784724121582,Other,True,train
j.jct.2004.11.005.xml,2005,45,IAQRGUVFOMOMEM-ONEGZZNKSA-N,AQIXEPGDORPWBJ-UHFFFAOYSA-N,trans-2-butene,3-pentanol,320.0,2.54,0.9321640810304452,Other,True,train
j.jct.2004.11.005.xml,2005,45,IAQRGUVFOMOMEM-ONEGZZNKSA-N,AQIXEPGDORPWBJ-UHFFFAOYSA-N,trans-2-butene,3-pentanol,330.01,2.5,0.9162907318741552,Other,True,train
j.jct.2003.08.018.xml,2004,13,IAQRGUVFOMOMEM-ONEGZZNKSA-N,BDERNNFJNOPAEC-UHFFFAOYSA-N,trans-2-butene,1-propanol,260.02,4.2,1.4350845252893227,Chromatography,True,train
j.jct.2003.08.018.xml,2004,13,IAQRGUVFOMOMEM-ONEGZZNKSA-N,BDERNNFJNOPAEC-UHFFFAOYSA-N,trans-2-butene,1-propanol,280.03,4.15,1.423108334242607,Chromatography,True,train
j.jct.2003.08.018.xml,2004,13,IAQRGUVFOMOMEM-ONEGZZNKSA-N,BDERNNFJNOPAEC-UHFFFAOYSA-N,trans-2-butene,1-propanol,299.99,4.1,1.410986973710262,Chromatography,True,train
j.jct.2003.08.018.xml,2004,13,IAQRGUVFOMOMEM-ONEGZZNKSA-N,BDERNNFJNOPAEC-UHFFFAOYSA-N,trans-2-butene,1-propanol,320.09,4.06,1.4011829736136412,Chromatography,True,train
j.jct.2003.08.018.xml,2004,13,IAQRGUVFOMOMEM-ONEGZZNKSA-N,BDERNNFJNOPAEC-UHFFFAOYSA-N,trans-2-butene,1-propanol,340.06,3.98,1.3812818192963463,Chromatography,True,train
je050343i.xml,2005,37,IAQRGUVFOMOMEM-ONEGZZNKSA-N,CPJRRXSHAYUTGL-UHFFFAOYSA-N,trans-2-butene,3-methyl-3-buten-1-ol,270.04,3.42,1.229640551074514,Chromatography,True,train
je050343i.xml,2005,37,IAQRGUVFOMOMEM-ONEGZZNKSA-N,CPJRRXSHAYUTGL-UHFFFAOYSA-N,trans-2-butene,3-methyl-3-buten-1-ol,289.99,3.35,1.208960345836975,Chromatography,True,train
je050343i.xml,2005,37,IAQRGUVFOMOMEM-ONEGZZNKSA-N,CPJRRXSHAYUTGL-UHFFFAOYSA-N,trans-2-butene,3-methyl-3-buten-1-ol,309.99,3.27,1.184789984909162,Chromatography,True,train
je050343i.xml,2005,37,IAQRGUVFOMOMEM-ONEGZZNKSA-N,CPJRRXSHAYUTGL-UHFFFAOYSA-N,trans-2-butene,3-methyl-3-buten-1-ol,330.0,3.12,1.1378330018213911,Chromatography,True,train
je060395n.xml,2007,77,IAQRGUVFOMOMEM-ONEGZZNKSA-N,CTQNGGLPUBDAKN-UHFFFAOYSA-N,trans-2-butene,"1,2-dimethylbenzene",270.13,1.48,0.3920420877760237,calculated from henry's law constants,True,train
je060395n.xml,2007,77,IAQRGUVFOMOMEM-ONEGZZNKSA-N,CTQNGGLPUBDAKN-UHFFFAOYSA-N,trans-2-butene,"1,2-dimethylbenzene",289.99,1.46,0.378436435720245,calculated from henry's law constants,True,train
je060395n.xml,2007,77,IAQRGUVFOMOMEM-ONEGZZNKSA-N,CTQNGGLPUBDAKN-UHFFFAOYSA-N,trans-2-butene,"1,2-dimethylbenzene",309.84,1.45,0.371563556432483,calculated from henry's law constants,True,train
je060395n.xml,2007,77,IAQRGUVFOMOMEM-ONEGZZNKSA-N,CTQNGGLPUBDAKN-UHFFFAOYSA-N,trans-2-butene,"1,2-dimethylbenzene",329.99,1.42,0.3506568716131693,calculated from henry's law constants,True,train
je700270d.xml,2007,13,IAQRGUVFOMOMEM-ONEGZZNKSA-N,DHXVGJBLRPWPCS-UHFFFAOYSA-N,trans-2-butene,tetrahydropyran,250.06,1.43,0.3576744442718159,Chromatography,True,train
je700270d.xml,2007,13,IAQRGUVFOMOMEM-ONEGZZNKSA-N,DHXVGJBLRPWPCS-UHFFFAOYSA-N,trans-2-butene,tetrahydropyran,270.12,1.41,0.3435897043900768,Chromatography,True,train
je700270d.xml,2007,13,IAQRGUVFOMOMEM-ONEGZZNKSA-N,DHXVGJBLRPWPCS-UHFFFAOYSA-N,trans-2-butene,tetrahydropyran,289.97,1.4,0.3364722366212129,Chromatography,True,train
je700270d.xml,2007,13,IAQRGUVFOMOMEM-ONEGZZNKSA-N,DHXVGJBLRPWPCS-UHFFFAOYSA-N,trans-2-butene,tetrahydropyran,309.98,1.4,0.3364722366212129,Chromatography,True,train
je700270d.xml,2007,13,IAQRGUVFOMOMEM-ONEGZZNKSA-N,DHXVGJBLRPWPCS-UHFFFAOYSA-N,trans-2-butene,tetrahydropyran,329.97,1.4,0.3364722366212129,Chromatography,True,train
je050343i.xml,2005,13,IAQRGUVFOMOMEM-ONEGZZNKSA-N,HNVRRHSXBLFLIG-UHFFFAOYSA-N,trans-2-butene,"3-buten-2-ol, 2-methyl-",269.95,2.62,0.9631743177730056,Chromatography,True,train
je050343i.xml,2005,13,IAQRGUVFOMOMEM-ONEGZZNKSA-N,HNVRRHSXBLFLIG-UHFFFAOYSA-N,trans-2-butene,"3-buten-2-ol, 2-methyl-",289.99,2.51,0.9202827531436923,Chromatography,True,train
je050343i.xml,2005,13,IAQRGUVFOMOMEM-ONEGZZNKSA-N,HNVRRHSXBLFLIG-UHFFFAOYSA-N,trans-2-butene,"3-buten-2-ol, 2-methyl-",309.99,2.35,0.8544153281560676,Chromatography,True,train
je050343i.xml,2005,13,IAQRGUVFOMOMEM-ONEGZZNKSA-N,HNVRRHSXBLFLIG-UHFFFAOYSA-N,trans-2-butene,"3-buten-2-ol, 2-methyl-",330.0,2.2,0.7884573603642703,Chromatography,True,train
je060395n.xml,2007,79,IAQRGUVFOMOMEM-ONEGZZNKSA-N,IVSZLXZYQVIEFR-UHFFFAOYSA-N,trans-2-butene,"1,3-dimethylbenzene",270.1,1.39,0.3293037471426003,calculated from henry's law constants,True,train
je060395n.xml,2007,79,IAQRGUVFOMOMEM-ONEGZZNKSA-N,IVSZLXZYQVIEFR-UHFFFAOYSA-N,trans-2-butene,"1,3-dimethylbenzene",289.99,1.38,0.3220834991691132,calculated from henry's law constants,True,train
je060395n.xml,2007,79,IAQRGUVFOMOMEM-ONEGZZNKSA-N,IVSZLXZYQVIEFR-UHFFFAOYSA-N,trans-2-butene,"1,3-dimethylbenzene",309.84,1.37,0.3148107398400336,calculated from henry's law constants,True,train
je060395n.xml,2007,79,IAQRGUVFOMOMEM-ONEGZZNKSA-N,IVSZLXZYQVIEFR-UHFFFAOYSA-N,trans-2-butene,"1,3-dimethylbenzene",329.99,1.35,0.3001045924503381,calculated from henry's law constants,True,train
je100529s.xml,2010,61,IAQRGUVFOMOMEM-ONEGZZNKSA-N,IWDCLRJOBJJRNH-UHFFFAOYSA-N,trans-2-butene,4-methylphenol,309.99,4.48,1.4996230464268938,Gas Stripping Method,True,train
je100529s.xml,2010,61,IAQRGUVFOMOMEM-ONEGZZNKSA-N,IWDCLRJOBJJRNH-UHFFFAOYSA-N,trans-2-butene,4-methylphenol,319.99,4.35,1.4701758451005926,Gas Stripping Method,True,train
je100529s.xml,2010,61,IAQRGUVFOMOMEM-ONEGZZNKSA-N,IWDCLRJOBJJRNH-UHFFFAOYSA-N,trans-2-butene,4-methylphenol,329.99,4.25,1.4469189829363254,Gas Stripping Method,True,train
je100529s.xml,2010,61,IAQRGUVFOMOMEM-ONEGZZNKSA-N,IWDCLRJOBJJRNH-UHFFFAOYSA-N,trans-2-butene,4-methylphenol,340.02,4.14,1.4206957878372228,Gas Stripping Method,True,train
j.jct.2004.11.005.xml,2005,29,IAQRGUVFOMOMEM-ONEGZZNKSA-N,JYVLIDXNZAXMDK-YFKPBYRVSA-N,trans-2-butene,2-pentanol,269.99,2.91,1.0681530811834012,Other,True,train
j.jct.2004.11.005.xml,2005,29,IAQRGUVFOMOMEM-ONEGZZNKSA-N,JYVLIDXNZAXMDK-YFKPBYRVSA-N,trans-2-butene,2-pentanol,290.0,2.81,1.0331844833456545,Other,True,train
j.jct.2004.11.005.xml,2005,29,IAQRGUVFOMOMEM-ONEGZZNKSA-N,JYVLIDXNZAXMDK-YFKPBYRVSA-N,trans-2-butene,2-pentanol,310.0,2.65,0.9745596399981308,Other,True,train
j.jct.2004.11.005.xml,2005,29,IAQRGUVFOMOMEM-ONEGZZNKSA-N,JYVLIDXNZAXMDK-YFKPBYRVSA-N,trans-2-butene,2-pentanol,330.0,2.49,0.9122827104766164,Other,True,train
je0342116.xml,2004,12,IAQRGUVFOMOMEM-ONEGZZNKSA-N,KFZMGEQAYNKOFK-UHFFFAOYSA-N,trans-2-butene,2-propanol,270.04,4.3,1.4586150226995167,Chromatography,True,train
je0342116.xml,2004,12,IAQRGUVFOMOMEM-ONEGZZNKSA-N,KFZMGEQAYNKOFK-UHFFFAOYSA-N,trans-2-butene,2-propanol,290.0,4.2,1.4350845252893227,Chromatography,True,train
je0342116.xml,2004,12,IAQRGUVFOMOMEM-ONEGZZNKSA-N,KFZMGEQAYNKOFK-UHFFFAOYSA-N,trans-2-butene,2-propanol,310.0,4.1,1.410986973710262,Chromatography,True,train
je0342116.xml,2004,12,IAQRGUVFOMOMEM-ONEGZZNKSA-N,KFZMGEQAYNKOFK-UHFFFAOYSA-N,trans-2-butene,2-propanol,330.0,3.9,1.3609765531356006,Chromatography,True,train
je034265f.xml,2004,13,IAQRGUVFOMOMEM-ONEGZZNKSA-N,LRHPLDYGYMQRHN-UHFFFAOYSA-N,trans-2-butene,1-butanol,250.01,3.4,1.2237754316221157,Other,True,train
je034265f.xml,2004,13,IAQRGUVFOMOMEM-ONEGZZNKSA-N,LRHPLDYGYMQRHN-UHFFFAOYSA-N,trans-2-butene,1-butanol,270.0,3.4,1.2237754316221157,Other,True,train
je034265f.xml,2004,13,IAQRGUVFOMOMEM-ONEGZZNKSA-N,LRHPLDYGYMQRHN-UHFFFAOYSA-N,trans-2-butene,1-butanol,290.01,3.4,1.2237754316221157,Other,True,train
je034265f.xml,2004,13,IAQRGUVFOMOMEM-ONEGZZNKSA-N,LRHPLDYGYMQRHN-UHFFFAOYSA-N,trans-2-butene,1-butanol,310.0,3.3,1.1939224684724346,Other,True,train
je034265f.xml,2004,13,IAQRGUVFOMOMEM-ONEGZZNKSA-N,LRHPLDYGYMQRHN-UHFFFAOYSA-N,trans-2-butene,1-butanol,330.0,3.3,1.1939224684724346,Other,True,train
j.fluid.2006.06.024.xml,2006,4,IAQRGUVFOMOMEM-ONEGZZNKSA-N,OKKJLVBELUTLKV-UHFFFAOYSA-N,trans-2-butene,methanol,375.2,7.3,1.9878743481543453,Chromatography,True,train
j.fluid.2006.06.024.xml,2006,4,IAQRGUVFOMOMEM-ONEGZZNKSA-N,OKKJLVBELUTLKV-UHFFFAOYSA-N,trans-2-butene,methanol,394.8,6.6,1.88706964903238,Chromatography,True,train
j.fluid.2006.06.024.xml,2006,4,IAQRGUVFOMOMEM-ONEGZZNKSA-N,OKKJLVBELUTLKV-UHFFFAOYSA-N,trans-2-butene,methanol,412.6,6.0,1.791759469228055,Chromatography,True,train
je060395n.xml,2007,83,IAQRGUVFOMOMEM-ONEGZZNKSA-N,PPBRXRYQALVLMV-UHFFFAOYSA-N,trans-2-butene,styrene,270.07,2.68,0.9858167945227654,calculated from henry's law constants,True,train
je060395n.xml,2007,83,IAQRGUVFOMOMEM-ONEGZZNKSA-N,PPBRXRYQALVLMV-UHFFFAOYSA-N,trans-2-butene,styrene,309.84,2.52,0.924258901523332,calculated from henry's law constants,True,train
je060395n.xml,2007,83,IAQRGUVFOMOMEM-ONEGZZNKSA-N,PPBRXRYQALVLMV-UHFFFAOYSA-N,trans-2-butene,styrene,329.99,2.43,0.8878912573524571,calculated from henry's law constants,True,train
je100529s.xml,2010,13,IAQRGUVFOMOMEM-ONEGZZNKSA-N,QWVGKYWNOKOFNN-UHFFFAOYSA-N,trans-2-butene,2-methylphenol,299.99,4.25,1.4469189829363254,Gas Stripping Method,True,train
je100529s.xml,2010,13,IAQRGUVFOMOMEM-ONEGZZNKSA-N,QWVGKYWNOKOFNN-UHFFFAOYSA-N,trans-2-butene,2-methylphenol,309.99,4.13,1.4182774069729414,Gas Stripping Method,True,train
je100529s.xml,2010,13,IAQRGUVFOMOMEM-ONEGZZNKSA-N,QWVGKYWNOKOFNN-UHFFFAOYSA-N,trans-2-butene,2-methylphenol,319.99,3.98,1.3812818192963463,Gas Stripping Method,True,train
je100529s.xml,2010,13,IAQRGUVFOMOMEM-ONEGZZNKSA-N,QWVGKYWNOKOFNN-UHFFFAOYSA-N,trans-2-butene,2-methylphenol,329.99,3.82,1.3402504226184837,Gas Stripping Method,True,train
je100529s.xml,2010,37,IAQRGUVFOMOMEM-ONEGZZNKSA-N,RLSSMJSEOOYNOY-UHFFFAOYSA-N,trans-2-butene,3-methylphenol,289.98,4.68,1.5432981099295553,Gas Stripping Method,True,train
je100529s.xml,2010,37,IAQRGUVFOMOMEM-ONEGZZNKSA-N,RLSSMJSEOOYNOY-UHFFFAOYSA-N,trans-2-butene,3-methylphenol,299.98,4.57,1.5195132049061133,Gas Stripping Method,True,train
je100529s.xml,2010,37,IAQRGUVFOMOMEM-ONEGZZNKSA-N,RLSSMJSEOOYNOY-UHFFFAOYSA-N,trans-2-butene,3-methylphenol,309.99,4.49,1.501852701754163,Gas Stripping Method,True,train
je100529s.xml,2010,37,IAQRGUVFOMOMEM-ONEGZZNKSA-N,RLSSMJSEOOYNOY-UHFFFAOYSA-N,trans-2-butene,3-methylphenol,319.99,4.35,1.4701758451005926,Gas Stripping Method,True,train
je100529s.xml,2010,37,IAQRGUVFOMOMEM-ONEGZZNKSA-N,RLSSMJSEOOYNOY-UHFFFAOYSA-N,trans-2-butene,3-methylphenol,329.99,4.23,1.4422019930581866,Gas Stripping Method,True,train
je060395n.xml,2007,73,IAQRGUVFOMOMEM-ONEGZZNKSA-N,UHOVQNZJYSORNB-UHFFFAOYSA-N,trans-2-butene,benzene,279.99,1.79,0.5822156198526637,calculated from henry's law constants,True,train
je060395n.xml,2007,73,IAQRGUVFOMOMEM-ONEGZZNKSA-N,UHOVQNZJYSORNB-UHFFFAOYSA-N,trans-2-butene,benzene,289.99,1.74,0.5538851132264376,calculated from henry's law constants,True,train
je060395n.xml,2007,73,IAQRGUVFOMOMEM-ONEGZZNKSA-N,UHOVQNZJYSORNB-UHFFFAOYSA-N,trans-2-butene,benzene,309.99,1.67,0.5128236264286637,calculated from henry's law constants,True,train
je060395n.xml,2007,73,IAQRGUVFOMOMEM-ONEGZZNKSA-N,UHOVQNZJYSORNB-UHFFFAOYSA-N,trans-2-butene,benzene,329.99,1.56,0.4446858212614457,calculated from henry's law constants,True,train
je060395n.xml,2007,81,IAQRGUVFOMOMEM-ONEGZZNKSA-N,URLKBWYHVLBVBO-UHFFFAOYSA-N,trans-2-butene,"1,4-dimethylbenzene",289.99,1.32,0.2776317365982795,calculated from henry's law constants,True,test_one
je060395n.xml,2007,81,IAQRGUVFOMOMEM-ONEGZZNKSA-N,URLKBWYHVLBVBO-UHFFFAOYSA-N,trans-2-butene,"1,4-dimethylbenzene",299.99,1.32,0.2776317365982795,calculated from henry's law constants,True,test_one
je060395n.xml,2007,81,IAQRGUVFOMOMEM-ONEGZZNKSA-N,URLKBWYHVLBVBO-UHFFFAOYSA-N,trans-2-butene,"1,4-dimethylbenzene",309.85,1.32,0.2776317365982795,calculated from henry's law constants,True,test_one
je060395n.xml,2007,81,IAQRGUVFOMOMEM-ONEGZZNKSA-N,URLKBWYHVLBVBO-UHFFFAOYSA-N,trans-2-butene,"1,4-dimethylbenzene",319.99,1.31,0.2700271372130602,calculated from henry's law constants,True,test_one
je060395n.xml,2007,81,IAQRGUVFOMOMEM-ONEGZZNKSA-N,URLKBWYHVLBVBO-UHFFFAOYSA-N,trans-2-butene,"1,4-dimethylbenzene",329.99,1.3,0.262364264467491,calculated from henry's law constants,True,test_one
je0502647.xml,2005,13,IAQRGUVFOMOMEM-ONEGZZNKSA-N,XXROGKLTLUQVRX-UHFFFAOYSA-N,trans-2-butene,2-propenol,269.995,5.85,1.766441661243765,gas stripping method,True,train
je0502647.xml,2005,13,IAQRGUVFOMOMEM-ONEGZZNKSA-N,XXROGKLTLUQVRX-UHFFFAOYSA-N,trans-2-butene,2-propenol,289.99,5.67,1.7351891177396608,gas stripping method,True,train
je0502647.xml,2005,13,IAQRGUVFOMOMEM-ONEGZZNKSA-N,XXROGKLTLUQVRX-UHFFFAOYSA-N,trans-2-butene,2-propenol,309.995,5.38,1.682688374173693,gas stripping method,True,train
je0502647.xml,2005,13,IAQRGUVFOMOMEM-ONEGZZNKSA-N,XXROGKLTLUQVRX-UHFFFAOYSA-N,trans-2-butene,2-propenol,329.99,4.91,1.5912739418064292,gas stripping method,True,train
je060395n.xml,2007,75,IAQRGUVFOMOMEM-ONEGZZNKSA-N,YXFVVABEGXRONW-UHFFFAOYSA-N,trans-2-butene,toluene,270.0,1.46,0.378436435720245,calculated from henry's law constants,True,train
je060395n.xml,2007,75,IAQRGUVFOMOMEM-ONEGZZNKSA-N,YXFVVABEGXRONW-UHFFFAOYSA-N,trans-2-butene,toluene,289.98,1.44,0.3646431135879092,calculated from henry's law constants,True,train
je060395n.xml,2007,75,IAQRGUVFOMOMEM-ONEGZZNKSA-N,YXFVVABEGXRONW-UHFFFAOYSA-N,trans-2-butene,toluene,309.94,1.42,0.3506568716131693,calculated from henry's law constants,True,train
je060395n.xml,2007,75,IAQRGUVFOMOMEM-ONEGZZNKSA-N,YXFVVABEGXRONW-UHFFFAOYSA-N,trans-2-butene,toluene,329.99,1.4,0.3364722366212129,calculated from henry's law constants,True,train
j.jct.2013.05.011.xml,2013,50,IBXNCJKFFQIKKY-UHFFFAOYSA-N,MTHSVFCYNBDYFN-UHFFFAOYSA-N,1-pentyne,diethylene glycol,333.2,9.93,2.295560478057081,Chromatography,True,test_one
j.jct.2013.05.011.xml,2013,50,IBXNCJKFFQIKKY-UHFFFAOYSA-N,MTHSVFCYNBDYFN-UHFFFAOYSA-N,1-pentyne,diethylene glycol,348.2,10.48,2.349468678892896,Chromatography,True,test_one
j.jct.2013.05.011.xml,2013,50,IBXNCJKFFQIKKY-UHFFFAOYSA-N,MTHSVFCYNBDYFN-UHFFFAOYSA-N,1-pentyne,diethylene glycol,363.2,10.15,2.3174737054877963,Chromatography,True,test_one
j.jct.2013.02.006.xml,2013,33,IBXNCJKFFQIKKY-UHFFFAOYSA-N,SECXISVLQFMRJM-UHFFFAOYSA-N,1-pentyne,1-methylpyrrolidone,333.2,1.27,0.2390169004704999,Chromatography,True,train
j.jct.2013.02.006.xml,2013,33,IBXNCJKFFQIKKY-UHFFFAOYSA-N,SECXISVLQFMRJM-UHFFFAOYSA-N,1-pentyne,1-methylpyrrolidone,348.2,1.41,0.3435897043900768,Chromatography,True,train
j.jct.2013.02.006.xml,2013,33,IBXNCJKFFQIKKY-UHFFFAOYSA-N,SECXISVLQFMRJM-UHFFFAOYSA-N,1-pentyne,1-methylpyrrolidone,363.2,1.63,0.4885800148186709,Chromatography,True,train
j.jct.2013.05.011.xml,2013,51,IBXNCJKFFQIKKY-UHFFFAOYSA-N,ZIBGPFATKBEMQZ-UHFFFAOYSA-N,1-pentyne,triethylene glycol,333.2,5.07,1.623340817603092,Chromatography,True,train
j.jct.2013.05.011.xml,2013,51,IBXNCJKFFQIKKY-UHFFFAOYSA-N,ZIBGPFATKBEMQZ-UHFFFAOYSA-N,1-pentyne,triethylene glycol,348.2,5.11,1.631199404215613,Chromatography,True,train
j.jct.2013.05.011.xml,2013,51,IBXNCJKFFQIKKY-UHFFFAOYSA-N,ZIBGPFATKBEMQZ-UHFFFAOYSA-N,1-pentyne,triethylene glycol,363.2,5.01,1.6114359150967734,Chromatography,True,train
j.fluid.2010.05.010.xml,2010,0,IEJIGPNLZYLLBP-UHFFFAOYSA-N,XLYOFNOQVPJJNP-UHFFFAOYSA-N,dimethyl carbonate,water,273.35,37.6,3.6270040503958487,Inert gas stripping,True,train
j.fluid.2010.05.010.xml,2010,0,IEJIGPNLZYLLBP-UHFFFAOYSA-N,XLYOFNOQVPJJNP-UHFFFAOYSA-N,dimethyl carbonate,water,283.15,43.8,3.779633817382401,Inert gas stripping,True,train
j.fluid.2010.05.010.xml,2010,0,IEJIGPNLZYLLBP-UHFFFAOYSA-N,XLYOFNOQVPJJNP-UHFFFAOYSA-N,dimethyl carbonate,water,293.15,46.3,3.835141961092188,Inert gas stripping,True,train
j.fluid.2010.05.010.xml,2010,0,IEJIGPNLZYLLBP-UHFFFAOYSA-N,XLYOFNOQVPJJNP-UHFFFAOYSA-N,dimethyl carbonate,water,298.15,48.0,3.871201010907891,Inert gas stripping,True,train
j.fluid.2010.05.010.xml,2010,0,IEJIGPNLZYLLBP-UHFFFAOYSA-N,XLYOFNOQVPJJNP-UHFFFAOYSA-N,dimethyl carbonate,water,303.15,49.3,3.897924081048645,Inert gas stripping,True,train
j.fluid.2010.05.010.xml,2010,0,IEJIGPNLZYLLBP-UHFFFAOYSA-N,XLYOFNOQVPJJNP-UHFFFAOYSA-N,dimethyl carbonate,water,313.15,50.0,3.912023005428146,Inert gas stripping,True,train
j.fluid.2010.05.010.xml,2010,0,IEJIGPNLZYLLBP-UHFFFAOYSA-N,XLYOFNOQVPJJNP-UHFFFAOYSA-N,dimethyl carbonate,water,323.15,50.9,3.929862923556477,Inert gas stripping,True,train
j.fluid.2010.05.010.xml,2010,0,IEJIGPNLZYLLBP-UHFFFAOYSA-N,XLYOFNOQVPJJNP-UHFFFAOYSA-N,dimethyl carbonate,water,333.15,50.3,3.918005077105693,Inert gas stripping,True,train
j.jct.2004.11.005.xml,2005,5,IJDNQMDRQITEOD-UHFFFAOYSA-N,AMQJEAYHLZJPGS-UHFFFAOYSA-N,butane,1-pentanol,270.01,3.33,1.2029723039923526,Other,True,test_one
j.jct.2004.11.005.xml,2005,5,IJDNQMDRQITEOD-UHFFFAOYSA-N,AMQJEAYHLZJPGS-UHFFFAOYSA-N,butane,1-pentanol,290.0,3.31,1.1969481893889715,Other,True,test_one
j.jct.2004.11.005.xml,2005,5,IJDNQMDRQITEOD-UHFFFAOYSA-N,AMQJEAYHLZJPGS-UHFFFAOYSA-N,butane,1-pentanol,310.0,3.27,1.184789984909162,Other,True,test_one
j.jct.2004.11.005.xml,2005,5,IJDNQMDRQITEOD-UHFFFAOYSA-N,AMQJEAYHLZJPGS-UHFFFAOYSA-N,butane,1-pentanol,330.0,3.19,1.1600209167967532,Other,True,test_one
j.jct.2004.11.005.xml,2005,37,IJDNQMDRQITEOD-UHFFFAOYSA-N,AQIXEPGDORPWBJ-UHFFFAOYSA-N,butane,3-pentanol,259.98,3.48,1.247032293786383,Other,True,train
j.jct.2004.11.005.xml,2005,37,IJDNQMDRQITEOD-UHFFFAOYSA-N,AQIXEPGDORPWBJ-UHFFFAOYSA-N,butane,3-pentanol,270.02,3.4,1.2237754316221157,Other,True,train
j.jct.2004.11.005.xml,2005,37,IJDNQMDRQITEOD-UHFFFAOYSA-N,AQIXEPGDORPWBJ-UHFFFAOYSA-N,butane,3-pentanol,280.0,3.36,1.2119409739751128,Other,True,train
j.jct.2004.11.005.xml,2005,37,IJDNQMDRQITEOD-UHFFFAOYSA-N,AQIXEPGDORPWBJ-UHFFFAOYSA-N,butane,3-pentanol,290.0,3.26,1.181727195378616,Other,True,train
j.jct.2004.11.005.xml,2005,37,IJDNQMDRQITEOD-UHFFFAOYSA-N,AQIXEPGDORPWBJ-UHFFFAOYSA-N,butane,3-pentanol,300.0,3.15,1.1474024528375415,Other,True,train
j.jct.2004.11.005.xml,2005,37,IJDNQMDRQITEOD-UHFFFAOYSA-N,AQIXEPGDORPWBJ-UHFFFAOYSA-N,butane,3-pentanol,310.01,3.04,1.1118575154181305,Other,True,train
j.jct.2004.11.005.xml,2005,37,IJDNQMDRQITEOD-UHFFFAOYSA-N,AQIXEPGDORPWBJ-UHFFFAOYSA-N,butane,3-pentanol,320.0,2.92,1.0715836162801904,Other,True,train
j.jct.2004.11.005.xml,2005,37,IJDNQMDRQITEOD-UHFFFAOYSA-N,AQIXEPGDORPWBJ-UHFFFAOYSA-N,butane,3-pentanol,330.01,2.79,1.0260415958332745,Other,True,train
j.jct.2003.08.018.xml,2004,1,IJDNQMDRQITEOD-UHFFFAOYSA-N,BDERNNFJNOPAEC-UHFFFAOYSA-N,butane,1-propanol,260.05,5.17,1.6428726885203375,Chromatography,True,train
j.jct.2003.08.018.xml,2004,1,IJDNQMDRQITEOD-UHFFFAOYSA-N,BDERNNFJNOPAEC-UHFFFAOYSA-N,butane,1-propanol,280.05,5.06,1.6213664832993742,Chromatography,True,train
j.jct.2003.08.018.xml,2004,1,IJDNQMDRQITEOD-UHFFFAOYSA-N,BDERNNFJNOPAEC-UHFFFAOYSA-N,butane,1-propanol,299.99,5.03,1.615419984111648,Chromatography,True,train
j.jct.2003.08.018.xml,2004,1,IJDNQMDRQITEOD-UHFFFAOYSA-N,BDERNNFJNOPAEC-UHFFFAOYSA-N,butane,1-propanol,320.05,4.88,1.5851452198650555,Chromatography,True,train
je050343i.xml,2005,29,IJDNQMDRQITEOD-UHFFFAOYSA-N,CPJRRXSHAYUTGL-UHFFFAOYSA-N,butane,3-methyl-3-buten-1-ol,270.04,4.61,1.5282278570085572,Chromatography,True,train
je050343i.xml,2005,29,IJDNQMDRQITEOD-UHFFFAOYSA-N,CPJRRXSHAYUTGL-UHFFFAOYSA-N,butane,3-methyl-3-buten-1-ol,289.99,4.41,1.483874689458755,Chromatography,True,train
je050343i.xml,2005,29,IJDNQMDRQITEOD-UHFFFAOYSA-N,CPJRRXSHAYUTGL-UHFFFAOYSA-N,butane,3-methyl-3-buten-1-ol,309.99,4.18,1.430311246536665,Chromatography,True,train
je050343i.xml,2005,29,IJDNQMDRQITEOD-UHFFFAOYSA-N,CPJRRXSHAYUTGL-UHFFFAOYSA-N,butane,3-methyl-3-buten-1-ol,330.0,3.99,1.383791230901772,Chromatography,True,train
je060395n.xml,2007,29,IJDNQMDRQITEOD-UHFFFAOYSA-N,CTQNGGLPUBDAKN-UHFFFAOYSA-N,butane,"1,2-dimethylbenzene",270.13,1.95,0.6678293725756554,calculated from henry's law constants,True,train
je060395n.xml,2007,29,IJDNQMDRQITEOD-UHFFFAOYSA-N,CTQNGGLPUBDAKN-UHFFFAOYSA-N,butane,"1,2-dimethylbenzene",289.99,1.86,0.62057648772511,calculated from henry's law constants,True,train
je060395n.xml,2007,29,IJDNQMDRQITEOD-UHFFFAOYSA-N,CTQNGGLPUBDAKN-UHFFFAOYSA-N,butane,"1,2-dimethylbenzene",309.84,1.8,0.5877866649021191,calculated from henry's law constants,True,train
je060395n.xml,2007,29,IJDNQMDRQITEOD-UHFFFAOYSA-N,CTQNGGLPUBDAKN-UHFFFAOYSA-N,butane,"1,2-dimethylbenzene",329.99,1.73,0.5481214085096876,calculated from henry's law constants,True,train
je700270d.xml,2007,5,IJDNQMDRQITEOD-UHFFFAOYSA-N,DHXVGJBLRPWPCS-UHFFFAOYSA-N,butane,tetrahydropyran,250.06,2.04,0.712949807856125,Chromatography,True,train
je700270d.xml,2007,5,IJDNQMDRQITEOD-UHFFFAOYSA-N,DHXVGJBLRPWPCS-UHFFFAOYSA-N,butane,tetrahydropyran,270.12,1.94,0.6626879730752367,Chromatography,True,train
je700270d.xml,2007,5,IJDNQMDRQITEOD-UHFFFAOYSA-N,DHXVGJBLRPWPCS-UHFFFAOYSA-N,butane,tetrahydropyran,289.97,1.85,0.6151856390902335,Chromatography,True,train
je700270d.xml,2007,5,IJDNQMDRQITEOD-UHFFFAOYSA-N,DHXVGJBLRPWPCS-UHFFFAOYSA-N,butane,tetrahydropyran,309.98,1.78,0.5766133643039938,Chromatography,True,train
je700270d.xml,2007,5,IJDNQMDRQITEOD-UHFFFAOYSA-N,DHXVGJBLRPWPCS-UHFFFAOYSA-N,butane,tetrahydropyran,329.97,1.72,0.5423242908253617,Chromatography,True,train
je050343i.xml,2005,5,IJDNQMDRQITEOD-UHFFFAOYSA-N,HNVRRHSXBLFLIG-UHFFFAOYSA-N,butane,"3-buten-2-ol, 2-methyl-",269.95,3.22,1.169381359556317,Chromatography,True,train
je050343i.xml,2005,5,IJDNQMDRQITEOD-UHFFFAOYSA-N,HNVRRHSXBLFLIG-UHFFFAOYSA-N,butane,"3-buten-2-ol, 2-methyl-",289.99,3.08,1.1249295969854831,Chromatography,True,train
je050343i.xml,2005,5,IJDNQMDRQITEOD-UHFFFAOYSA-N,HNVRRHSXBLFLIG-UHFFFAOYSA-N,butane,"3-buten-2-ol, 2-methyl-",309.99,2.87,1.0543120297715298,Chromatography,True,train
je050343i.xml,2005,5,IJDNQMDRQITEOD-UHFFFAOYSA-N,HNVRRHSXBLFLIG-UHFFFAOYSA-N,butane,"3-buten-2-ol, 2-methyl-",330.0,2.65,0.9745596399981308,Chromatography,True,train
je060395n.xml,2007,31,IJDNQMDRQITEOD-UHFFFAOYSA-N,IVSZLXZYQVIEFR-UHFFFAOYSA-N,butane,"1,3-dimethylbenzene",270.1,1.77,0.5709795465857378,calculated from henry's law constants,True,train
je060395n.xml,2007,31,IJDNQMDRQITEOD-UHFFFAOYSA-N,IVSZLXZYQVIEFR-UHFFFAOYSA-N,butane,"1,3-dimethylbenzene",289.99,1.73,0.5481214085096876,calculated from henry's law constants,True,train
je060395n.xml,2007,31,IJDNQMDRQITEOD-UHFFFAOYSA-N,IVSZLXZYQVIEFR-UHFFFAOYSA-N,butane,"1,3-dimethylbenzene",309.84,1.7,0.5306282510621704,calculated from henry's law constants,True,train
je060395n.xml,2007,31,IJDNQMDRQITEOD-UHFFFAOYSA-N,IVSZLXZYQVIEFR-UHFFFAOYSA-N,butane,"1,3-dimethylbenzene",329.99,1.61,0.4762341789963717,calculated from henry's law constants,True,train
je100529s.xml,2010,53,IJDNQMDRQITEOD-UHFFFAOYSA-N,IWDCLRJOBJJRNH-UHFFFAOYSA-N,n-butane,4-methylphenol,309.99,6.88,1.928618651945252,Gas Stripping Method,True,train
je100529s.xml,2010,53,IJDNQMDRQITEOD-UHFFFAOYSA-N,IWDCLRJOBJJRNH-UHFFFAOYSA-N,n-butane,4-methylphenol,319.99,6.62,1.890095369948917,Gas Stripping Method,True,train
je100529s.xml,2010,53,IJDNQMDRQITEOD-UHFFFAOYSA-N,IWDCLRJOBJJRNH-UHFFFAOYSA-N,n-butane,4-methylphenol,329.99,6.32,1.843719208158766,Gas Stripping Method,True,train
je100529s.xml,2010,53,IJDNQMDRQITEOD-UHFFFAOYSA-N,IWDCLRJOBJJRNH-UHFFFAOYSA-N,n-butane,4-methylphenol,340.02,6.09,1.8066480817218056,Gas Stripping Method,True,train
j.jct.2004.11.005.xml,2005,21,IJDNQMDRQITEOD-UHFFFAOYSA-N,JYVLIDXNZAXMDK-YFKPBYRVSA-N,butane,2-pentanol,269.96,3.38,1.2178757094949273,Other,True,train
j.jct.2004.11.005.xml,2005,21,IJDNQMDRQITEOD-UHFFFAOYSA-N,JYVLIDXNZAXMDK-YFKPBYRVSA-N,butane,2-pentanol,290.0,3.24,1.175573329804238,Other,True,train
j.jct.2004.11.005.xml,2005,21,IJDNQMDRQITEOD-UHFFFAOYSA-N,JYVLIDXNZAXMDK-YFKPBYRVSA-N,butane,2-pentanol,310.0,3.11,1.1346227261911428,Other,True,train
j.jct.2004.11.005.xml,2005,21,IJDNQMDRQITEOD-UHFFFAOYSA-N,JYVLIDXNZAXMDK-YFKPBYRVSA-N,butane,2-pentanol,330.0,2.94,1.0784095813505905,Other,True,train
je0342116.xml,2004,4,IJDNQMDRQITEOD-UHFFFAOYSA-N,KFZMGEQAYNKOFK-UHFFFAOYSA-N,butane,2-propanol,270.03,5.1,1.62924053973028,Chromatography,True,train
je0342116.xml,2004,4,IJDNQMDRQITEOD-UHFFFAOYSA-N,KFZMGEQAYNKOFK-UHFFFAOYSA-N,butane,2-propanol,290.0,5.1,1.62924053973028,Chromatography,True,train
je0342116.xml,2004,4,IJDNQMDRQITEOD-UHFFFAOYSA-N,KFZMGEQAYNKOFK-UHFFFAOYSA-N,butane,2-propanol,310.0,4.9,1.589235205116581,Chromatography,True,train
je0342116.xml,2004,4,IJDNQMDRQITEOD-UHFFFAOYSA-N,KFZMGEQAYNKOFK-UHFFFAOYSA-N,butane,2-propanol,330.0,4.6,1.5260563034950492,Chromatography,True,train
je034265f.xml,2004,5,IJDNQMDRQITEOD-UHFFFAOYSA-N,LRHPLDYGYMQRHN-UHFFFAOYSA-N,butane,1-butanol,250.01,4.1,1.410986973710262,Other,True,train
je034265f.xml,2004,5,IJDNQMDRQITEOD-UHFFFAOYSA-N,LRHPLDYGYMQRHN-UHFFFAOYSA-N,butane,1-butanol,270.04,4.1,1.410986973710262,Other,True,train
je034265f.xml,2004,5,IJDNQMDRQITEOD-UHFFFAOYSA-N,LRHPLDYGYMQRHN-UHFFFAOYSA-N,butane,1-butanol,290.01,4.1,1.410986973710262,Other,True,train
je034265f.xml,2004,5,IJDNQMDRQITEOD-UHFFFAOYSA-N,LRHPLDYGYMQRHN-UHFFFAOYSA-N,butane,1-butanol,310.01,4.0,1.3862943611198906,Other,True,train
je034265f.xml,2004,5,IJDNQMDRQITEOD-UHFFFAOYSA-N,LRHPLDYGYMQRHN-UHFFFAOYSA-N,butane,1-butanol,330.0,3.9,1.3609765531356006,Other,True,train
je060395n.xml,2007,35,IJDNQMDRQITEOD-UHFFFAOYSA-N,PPBRXRYQALVLMV-UHFFFAOYSA-N,butane,styrene,270.07,3.97,1.3787660946990992,calculated from henry's law constants,True,train
je060395n.xml,2007,35,IJDNQMDRQITEOD-UHFFFAOYSA-N,PPBRXRYQALVLMV-UHFFFAOYSA-N,butane,styrene,309.84,3.39,1.220829921392359,calculated from henry's law constants,True,train
je060395n.xml,2007,35,IJDNQMDRQITEOD-UHFFFAOYSA-N,PPBRXRYQALVLMV-UHFFFAOYSA-N,butane,styrene,329.99,3.16,1.1505720275988207,calculated from henry's law constants,True,train
je100529s.xml,2010,5,IJDNQMDRQITEOD-UHFFFAOYSA-N,QWVGKYWNOKOFNN-UHFFFAOYSA-N,n-butane,2-methylphenol,299.99,6.92,1.9344157696295785,Gas Stripping Method,True,train
je100529s.xml,2010,5,IJDNQMDRQITEOD-UHFFFAOYSA-N,QWVGKYWNOKOFNN-UHFFFAOYSA-N,n-butane,2-methylphenol,309.99,6.61,1.888583653863595,Gas Stripping Method,True,train
je100529s.xml,2010,5,IJDNQMDRQITEOD-UHFFFAOYSA-N,QWVGKYWNOKOFNN-UHFFFAOYSA-N,n-butane,2-methylphenol,319.99,6.26,1.8341801851120072,Gas Stripping Method,True,train
je100529s.xml,2010,5,IJDNQMDRQITEOD-UHFFFAOYSA-N,QWVGKYWNOKOFNN-UHFFFAOYSA-N,n-butane,2-methylphenol,329.99,5.92,1.7783364488959144,Gas Stripping Method,True,train
je100529s.xml,2010,29,IJDNQMDRQITEOD-UHFFFAOYSA-N,RLSSMJSEOOYNOY-UHFFFAOYSA-N,n-butane,3-methylphenol,289.98,7.22,1.9768549529047348,Gas Stripping Method,True,train
je100529s.xml,2010,29,IJDNQMDRQITEOD-UHFFFAOYSA-N,RLSSMJSEOOYNOY-UHFFFAOYSA-N,n-butane,3-methylphenol,299.98,7.06,1.9544450515051504,Gas Stripping Method,True,train
je100529s.xml,2010,29,IJDNQMDRQITEOD-UHFFFAOYSA-N,RLSSMJSEOOYNOY-UHFFFAOYSA-N,n-butane,3-methylphenol,309.99,6.88,1.928618651945252,Gas Stripping Method,True,train
je100529s.xml,2010,29,IJDNQMDRQITEOD-UHFFFAOYSA-N,RLSSMJSEOOYNOY-UHFFFAOYSA-N,n-butane,3-methylphenol,319.99,6.6,1.88706964903238,Gas Stripping Method,True,train
je100529s.xml,2010,29,IJDNQMDRQITEOD-UHFFFAOYSA-N,RLSSMJSEOOYNOY-UHFFFAOYSA-N,n-butane,3-methylphenol,329.99,6.33,1.8453002361560848,Gas Stripping Method,True,train
je060395n.xml,2007,25,IJDNQMDRQITEOD-UHFFFAOYSA-N,UHOVQNZJYSORNB-UHFFFAOYSA-N,butane,benzene,279.99,2.51,0.9202827531436923,calculated from henry's law constants,True,train
je060395n.xml,2007,25,IJDNQMDRQITEOD-UHFFFAOYSA-N,UHOVQNZJYSORNB-UHFFFAOYSA-N,butane,benzene,289.99,2.36,0.8586616190375187,calculated from henry's law constants,True,train
je060395n.xml,2007,25,IJDNQMDRQITEOD-UHFFFAOYSA-N,UHOVQNZJYSORNB-UHFFFAOYSA-N,butane,benzene,309.99,2.22,0.7975071958841882,calculated from henry's law constants,True,train
je060395n.xml,2007,25,IJDNQMDRQITEOD-UHFFFAOYSA-N,UHOVQNZJYSORNB-UHFFFAOYSA-N,butane,benzene,329.99,1.96,0.6729444732424258,calculated from henry's law constants,True,train
je060395n.xml,2007,33,IJDNQMDRQITEOD-UHFFFAOYSA-N,URLKBWYHVLBVBO-UHFFFAOYSA-N,butane,"1,4-dimethylbenzene",289.99,1.68,0.5187937934151675,calculated from henry's law constants,True,test_one
je060395n.xml,2007,33,IJDNQMDRQITEOD-UHFFFAOYSA-N,URLKBWYHVLBVBO-UHFFFAOYSA-N,butane,"1,4-dimethylbenzene",299.99,1.64,0.494696241836107,calculated from henry's law constants,True,test_one
je060395n.xml,2007,33,IJDNQMDRQITEOD-UHFFFAOYSA-N,URLKBWYHVLBVBO-UHFFFAOYSA-N,butane,"1,4-dimethylbenzene",309.85,1.61,0.4762341789963717,calculated from henry's law constants,True,test_one
je060395n.xml,2007,33,IJDNQMDRQITEOD-UHFFFAOYSA-N,URLKBWYHVLBVBO-UHFFFAOYSA-N,butane,"1,4-dimethylbenzene",319.99,1.58,0.4574248470388755,calculated from henry's law constants,True,test_one
je060395n.xml,2007,33,IJDNQMDRQITEOD-UHFFFAOYSA-N,URLKBWYHVLBVBO-UHFFFAOYSA-N,butane,"1,4-dimethylbenzene",329.99,1.56,0.4446858212614457,calculated from henry's law constants,True,test_one
je0502647.xml,2005,5,IJDNQMDRQITEOD-UHFFFAOYSA-N,XXROGKLTLUQVRX-UHFFFAOYSA-N,butane,2-propenol,270.01,8.84,2.179286876649552,gas stripping method,True,train
je0502647.xml,2005,5,IJDNQMDRQITEOD-UHFFFAOYSA-N,XXROGKLTLUQVRX-UHFFFAOYSA-N,butane,2-propenol,289.99,8.2,2.1041341542702074,gas stripping method,True,train
je0502647.xml,2005,5,IJDNQMDRQITEOD-UHFFFAOYSA-N,XXROGKLTLUQVRX-UHFFFAOYSA-N,butane,2-propenol,309.995,7.58,2.0255131996542803,gas stripping method,True,train
je0502647.xml,2005,5,IJDNQMDRQITEOD-UHFFFAOYSA-N,XXROGKLTLUQVRX-UHFFFAOYSA-N,butane,2-propenol,329.99,6.79,1.9154509415706047,gas stripping method,True,train
je060395n.xml,2007,27,IJDNQMDRQITEOD-UHFFFAOYSA-N,YXFVVABEGXRONW-UHFFFAOYSA-N,butane,toluene,270.0,1.97,0.6780335427498971,calculated from henry's law constants,True,train
je060395n.xml,2007,27,IJDNQMDRQITEOD-UHFFFAOYSA-N,YXFVVABEGXRONW-UHFFFAOYSA-N,butane,toluene,289.98,1.88,0.6312717768418578,calculated from henry's law constants,True,train
je060395n.xml,2007,27,IJDNQMDRQITEOD-UHFFFAOYSA-N,YXFVVABEGXRONW-UHFFFAOYSA-N,butane,toluene,309.94,1.79,0.5822156198526637,calculated from henry's law constants,True,train
je060395n.xml,2007,27,IJDNQMDRQITEOD-UHFFFAOYSA-N,YXFVVABEGXRONW-UHFFFAOYSA-N,butane,toluene,329.99,1.71,0.5364933705145685,calculated from henry's law constants,True,train
je0495942.xml,2005,19,IKHGUXGNUITLKF-UHFFFAOYSA-N,XLYOFNOQVPJJNP-UHFFFAOYSA-N,ethanal,water,298.13,4.08,1.4060969884160703,Chromatography,True,train
je0495942.xml,2005,19,IKHGUXGNUITLKF-UHFFFAOYSA-N,XLYOFNOQVPJJNP-UHFFFAOYSA-N,ethanal,water,298.13,4.11,1.4134230285081433,Chromatography,True,train
je0495942.xml,2005,19,IKHGUXGNUITLKF-UHFFFAOYSA-N,XLYOFNOQVPJJNP-UHFFFAOYSA-N,ethanal,water,298.15,4.14,1.4206957878372228,Chromatography,True,train
je0495942.xml,2005,19,IKHGUXGNUITLKF-UHFFFAOYSA-N,XLYOFNOQVPJJNP-UHFFFAOYSA-N,ethanal,water,298.13,4.13,1.4182774069729414,Chromatography,True,train
je0495942.xml,2005,19,IKHGUXGNUITLKF-UHFFFAOYSA-N,XLYOFNOQVPJJNP-UHFFFAOYSA-N,ethanal,water,298.13,4.18,1.430311246536665,Chromatography,True,train
j.tca.2015.11.010.xml,2016,3,IMNFDUFMRHMDMM-UHFFFAOYSA-N,ATHHXGZTWNVVOU-UHFFFAOYSA-N,n-heptane,N-methylformamide,298.15,60.5,4.102643365036796,Other,True,train
j.jct.2014.06.006.xml,2014,1,IMNFDUFMRHMDMM-UHFFFAOYSA-N,DNIAPMSPPWPWGF-UHFFFAOYSA-N,n-heptane,propylene glycol,298.0,109.0,4.691347882229144,Chromatography,True,train
j.jct.2012.12.009.xml,2013,62,IMNFDUFMRHMDMM-UHFFFAOYSA-N,DTOSIQBPPRVQHS-PDBXOOCHSA-N,n-heptane,"9,12,15-octadecatrienoic acid",303.13,3.834,1.3439086446234527,Chromatography,True,train
j.jct.2012.12.009.xml,2013,62,IMNFDUFMRHMDMM-UHFFFAOYSA-N,DTOSIQBPPRVQHS-PDBXOOCHSA-N,n-heptane,"9,12,15-octadecatrienoic acid",313.25,3.066,1.1203737804496223,Chromatography,True,train
j.jct.2012.12.009.xml,2013,62,IMNFDUFMRHMDMM-UHFFFAOYSA-N,DTOSIQBPPRVQHS-PDBXOOCHSA-N,n-heptane,"9,12,15-octadecatrienoic acid",323.26,3.265,1.1832597627283945,Chromatography,True,train
j.jct.2012.06.009.xml,2012,1,IMNFDUFMRHMDMM-UHFFFAOYSA-N,GHVNFZFCNZKVNT-UHFFFAOYSA-N,heptane,capric acid,314.1,1.87,0.6259384308664954,Chromatography,True,train
j.jct.2012.06.009.xml,2012,1,IMNFDUFMRHMDMM-UHFFFAOYSA-N,GHVNFZFCNZKVNT-UHFFFAOYSA-N,heptane,capric acid,314.24,1.901,0.6423800635062922,Chromatography,True,train
j.jct.2012.06.009.xml,2012,1,IMNFDUFMRHMDMM-UHFFFAOYSA-N,GHVNFZFCNZKVNT-UHFFFAOYSA-N,heptane,capric acid,333.26,1.827,0.6026752773958697,Chromatography,True,train
j.jct.2012.06.009.xml,2012,1,IMNFDUFMRHMDMM-UHFFFAOYSA-N,GHVNFZFCNZKVNT-UHFFFAOYSA-N,heptane,capric acid,333.38,1.824,0.6010318916521397,Chromatography,True,train
j.jct.2012.06.009.xml,2012,1,IMNFDUFMRHMDMM-UHFFFAOYSA-N,GHVNFZFCNZKVNT-UHFFFAOYSA-N,heptane,capric acid,353.3,1.754,0.5618988939499913,Chromatography,True,train
je700139p.xml,2007,6,IMNFDUFMRHMDMM-UHFFFAOYSA-N,HXJUTPCZVOIRIF-UHFFFAOYSA-N,heptane,sulfolane,333.15,60.256,4.098602152474742,Chromatography,True,test_one
je700139p.xml,2007,6,IMNFDUFMRHMDMM-UHFFFAOYSA-N,HXJUTPCZVOIRIF-UHFFFAOYSA-N,heptane,sulfolane,343.15,53.102,3.972214592322021,Chromatography,True,test_one
je700139p.xml,2007,6,IMNFDUFMRHMDMM-UHFFFAOYSA-N,HXJUTPCZVOIRIF-UHFFFAOYSA-N,heptane,sulfolane,353.15,47.647,3.863819669041605,Chromatography,True,test_one
je700139p.xml,2007,6,IMNFDUFMRHMDMM-UHFFFAOYSA-N,HXJUTPCZVOIRIF-UHFFFAOYSA-N,heptane,sulfolane,363.15,41.204,3.718535339021447,Chromatography,True,test_one
je700139p.xml,2007,6,IMNFDUFMRHMDMM-UHFFFAOYSA-N,HXJUTPCZVOIRIF-UHFFFAOYSA-N,heptane,sulfolane,373.15,38.543,3.651774501160695,Chromatography,True,test_one
j.jct.2012.01.016.xml,2012,2,IMNFDUFMRHMDMM-UHFFFAOYSA-N,HYBBIBNJHNGZAN-UHFFFAOYSA-N,heptane,2-furaldehyde,298.15,32.0,3.4657359027997265,Headspace solid phase microextraction,True,test_one
j.jct.2012.01.016.xml,2012,2,IMNFDUFMRHMDMM-UHFFFAOYSA-N,HYBBIBNJHNGZAN-UHFFFAOYSA-N,heptane,2-furaldehyde,298.15,31.6,3.4531571205928664,Headspace solid phase microextraction,True,test_one
j.jct.2012.01.016.xml,2012,2,IMNFDUFMRHMDMM-UHFFFAOYSA-N,HYBBIBNJHNGZAN-UHFFFAOYSA-N,heptane,2-furaldehyde,308.15,30.8,3.427514689979529,Headspace solid phase microextraction,True,test_one
j.jct.2012.01.016.xml,2012,2,IMNFDUFMRHMDMM-UHFFFAOYSA-N,HYBBIBNJHNGZAN-UHFFFAOYSA-N,heptane,2-furaldehyde,308.15,29.6,3.387774361330014,Headspace solid phase microextraction,True,test_one
j.jct.2012.01.016.xml,2012,2,IMNFDUFMRHMDMM-UHFFFAOYSA-N,HYBBIBNJHNGZAN-UHFFFAOYSA-N,heptane,2-furaldehyde,318.15,28.3,3.342861804649192,Headspace solid phase microextraction,True,test_one
j.jct.2012.01.016.xml,2012,2,IMNFDUFMRHMDMM-UHFFFAOYSA-N,HYBBIBNJHNGZAN-UHFFFAOYSA-N,heptane,2-furaldehyde,318.15,26.4,3.2733640101522705,Headspace solid phase microextraction,True,test_one
je030122h.xml,2003,36,IMNFDUFMRHMDMM-UHFFFAOYSA-N,IAZDPXIOMUYVGZ-UHFFFAOYSA-N,heptane,methyl sulfoxide,298.15,146.0,4.983606621708336,Chromatography,True,test_one
j.jct.2012.06.009.xml,2012,65,IMNFDUFMRHMDMM-UHFFFAOYSA-N,IPCSVZSSVZVIGE-UHFFFAOYSA-N,heptane,hexadecanoic acid,340.19,1.399,0.3357576956833441,Chromatography,True,train
j.jct.2012.06.009.xml,2012,65,IMNFDUFMRHMDMM-UHFFFAOYSA-N,IPCSVZSSVZVIGE-UHFFFAOYSA-N,heptane,hexadecanoic acid,348.01,1.38,0.3220834991691132,Chromatography,True,train
j.jct.2012.06.009.xml,2012,65,IMNFDUFMRHMDMM-UHFFFAOYSA-N,IPCSVZSSVZVIGE-UHFFFAOYSA-N,heptane,hexadecanoic acid,358.22,1.372,0.3162695293036935,Chromatography,True,train
j.fluid.2016.10.009.xml,2017,0,IMNFDUFMRHMDMM-UHFFFAOYSA-N,JUJWROOIHBZHMG-UHFFFAOYSA-N,n-heptane,pyridine,298.15,6.78,1.913977101952304,Other,True,train
j.jct.2016.10.013.xml,2017,7,IMNFDUFMRHMDMM-UHFFFAOYSA-N,LYCAIKOWRPUZTN-UHFFFAOYSA-N,n-heptane,ethylene glycol,303.15,1200.0,7.090076835776092,Other,True,train
j.jct.2016.10.013.xml,2017,7,IMNFDUFMRHMDMM-UHFFFAOYSA-N,LYCAIKOWRPUZTN-UHFFFAOYSA-N,n-heptane,ethylene glycol,313.15,1030.0,6.937314081223682,Other,True,train
j.jct.2016.10.013.xml,2017,7,IMNFDUFMRHMDMM-UHFFFAOYSA-N,LYCAIKOWRPUZTN-UHFFFAOYSA-N,n-heptane,ethylene glycol,323.15,860.0,6.756932389247553,Other,True,train
j.jct.2016.10.013.xml,2017,18,IMNFDUFMRHMDMM-UHFFFAOYSA-N,MTHSVFCYNBDYFN-UHFFFAOYSA-N,n-heptane,diethylene glycol,304.15,174.0,5.159055299214529,Other,True,test_one
j.jct.2016.10.013.xml,2017,18,IMNFDUFMRHMDMM-UHFFFAOYSA-N,MTHSVFCYNBDYFN-UHFFFAOYSA-N,n-heptane,diethylene glycol,313.15,151.0,5.017279836814924,Other,True,test_one
j.jct.2016.10.013.xml,2017,18,IMNFDUFMRHMDMM-UHFFFAOYSA-N,MTHSVFCYNBDYFN-UHFFFAOYSA-N,n-heptane,diethylene glycol,323.15,140.0,4.941642422609304,Other,True,test_one
j.jct.2013.05.011.xml,2013,6,IMNFDUFMRHMDMM-UHFFFAOYSA-N,MTHSVFCYNBDYFN-UHFFFAOYSA-N,n-heptane,diethylene glycol,333.2,131.3,4.877484781308751,Chromatography,True,test_one
j.jct.2013.05.011.xml,2013,6,IMNFDUFMRHMDMM-UHFFFAOYSA-N,MTHSVFCYNBDYFN-UHFFFAOYSA-N,n-heptane,diethylene glycol,348.2,122.2,4.805659046737495,Chromatography,True,test_one
j.jct.2013.05.011.xml,2013,6,IMNFDUFMRHMDMM-UHFFFAOYSA-N,MTHSVFCYNBDYFN-UHFFFAOYSA-N,n-heptane,diethylene glycol,363.2,95.37,4.557764063590821,Chromatography,True,test_one
j.jct.2012.12.009.xml,2013,42,IMNFDUFMRHMDMM-UHFFFAOYSA-N,OYHQOLUKZRVURQ-HZJYTTRNSA-N,n-heptane,linoleic acid,338.28,2.322,0.8424288832756998,Chromatography,True,train
j.jct.2012.12.009.xml,2013,42,IMNFDUFMRHMDMM-UHFFFAOYSA-N,OYHQOLUKZRVURQ-HZJYTTRNSA-N,n-heptane,linoleic acid,348.31,2.736,1.0064969997603042,Chromatography,True,train
j.jct.2012.12.009.xml,2013,42,IMNFDUFMRHMDMM-UHFFFAOYSA-N,OYHQOLUKZRVURQ-HZJYTTRNSA-N,n-heptane,linoleic acid,348.28,2.678,0.9850702472689808,Chromatography,True,train
j.jct.2012.12.009.xml,2013,42,IMNFDUFMRHMDMM-UHFFFAOYSA-N,OYHQOLUKZRVURQ-HZJYTTRNSA-N,n-heptane,linoleic acid,358.3,3.232,1.173101140658849,Chromatography,True,train
je900686n.xml,2010,1,IMNFDUFMRHMDMM-UHFFFAOYSA-N,PEDCQBHIVMGVHV-UHFFFAOYSA-N,heptane,glycerol,303.15,580.21,6.363390106974832,Chromatography,True,test_one
je900686n.xml,2010,1,IMNFDUFMRHMDMM-UHFFFAOYSA-N,PEDCQBHIVMGVHV-UHFFFAOYSA-N,heptane,glycerol,313.15,527.48,6.268110949939499,Chromatography,True,test_one
je900686n.xml,2010,1,IMNFDUFMRHMDMM-UHFFFAOYSA-N,PEDCQBHIVMGVHV-UHFFFAOYSA-N,heptane,glycerol,323.15,450.11,6.109491997337135,Chromatography,True,test_one
je900686n.xml,2010,1,IMNFDUFMRHMDMM-UHFFFAOYSA-N,PEDCQBHIVMGVHV-UHFFFAOYSA-N,heptane,glycerol,333.15,385.89,5.9555523547587335,Chromatography,True,test_one
je900686n.xml,2010,1,IMNFDUFMRHMDMM-UHFFFAOYSA-N,PEDCQBHIVMGVHV-UHFFFAOYSA-N,heptane,glycerol,343.15,304.34,5.718145497491968,Chromatography,True,test_one
j.jct.2012.06.009.xml,2012,21,IMNFDUFMRHMDMM-UHFFFAOYSA-N,POULHZVOKOAJMA-UHFFFAOYSA-N,heptane,lauric acid,314.1,1.645,0.4977403842173352,Chromatography,True,train
j.jct.2012.06.009.xml,2012,21,IMNFDUFMRHMDMM-UHFFFAOYSA-N,POULHZVOKOAJMA-UHFFFAOYSA-N,heptane,lauric acid,314.24,1.666,0.5104255437446509,Chromatography,True,train
j.jct.2012.06.009.xml,2012,21,IMNFDUFMRHMDMM-UHFFFAOYSA-N,POULHZVOKOAJMA-UHFFFAOYSA-N,heptane,lauric acid,333.26,1.669,0.5122246446796981,Chromatography,True,train
j.jct.2012.06.009.xml,2012,21,IMNFDUFMRHMDMM-UHFFFAOYSA-N,POULHZVOKOAJMA-UHFFFAOYSA-N,heptane,lauric acid,333.38,1.659,0.5062150112083075,Chromatography,True,train
j.jct.2012.06.009.xml,2012,21,IMNFDUFMRHMDMM-UHFFFAOYSA-N,POULHZVOKOAJMA-UHFFFAOYSA-N,heptane,lauric acid,353.25,1.591,0.4643627493556498,Chromatography,True,train
j.jct.2012.06.009.xml,2012,21,IMNFDUFMRHMDMM-UHFFFAOYSA-N,POULHZVOKOAJMA-UHFFFAOYSA-N,heptane,lauric acid,353.3,1.616,0.4799539600989037,Chromatography,True,train
je200628n.xml,2011,2,IMNFDUFMRHMDMM-UHFFFAOYSA-N,PWGJDPKCLMLPJW-UHFFFAOYSA-N,heptane,"1,8-diaminooctane",328.15,4.355,1.4713246103044662,Chromatography,True,train
je200628n.xml,2011,2,IMNFDUFMRHMDMM-UHFFFAOYSA-N,PWGJDPKCLMLPJW-UHFFFAOYSA-N,heptane,"1,8-diaminooctane",338.15,4.092,1.40903384808938,Chromatography,True,train
je200628n.xml,2011,2,IMNFDUFMRHMDMM-UHFFFAOYSA-N,PWGJDPKCLMLPJW-UHFFFAOYSA-N,heptane,"1,8-diaminooctane",343.15,3.999,1.3860443298646814,Chromatography,True,train
je200628n.xml,2011,2,IMNFDUFMRHMDMM-UHFFFAOYSA-N,PWGJDPKCLMLPJW-UHFFFAOYSA-N,heptane,"1,8-diaminooctane",348.15,3.947,1.37295579668071,Chromatography,True,train
je200628n.xml,2011,56,IMNFDUFMRHMDMM-UHFFFAOYSA-N,QFTYSVGGYOXFRQ-UHFFFAOYSA-N,heptane,"1,12-diaminododecane",348.25,5.213,1.6511555057859688,Chromatography,False,train
je200628n.xml,2011,56,IMNFDUFMRHMDMM-UHFFFAOYSA-N,QFTYSVGGYOXFRQ-UHFFFAOYSA-N,heptane,"1,12-diaminododecane",353.15,5.132,1.63549544675339,Chromatography,False,train
je200628n.xml,2011,56,IMNFDUFMRHMDMM-UHFFFAOYSA-N,QFTYSVGGYOXFRQ-UHFFFAOYSA-N,heptane,"1,12-diaminododecane",358.25,5.041,1.617604475100494,Chromatography,False,train
je200628n.xml,2011,56,IMNFDUFMRHMDMM-UHFFFAOYSA-N,QFTYSVGGYOXFRQ-UHFFFAOYSA-N,heptane,"1,12-diaminododecane",363.21,4.967,1.6028160361252133,Chromatography,False,train
j.jct.2012.12.009.xml,2013,1,IMNFDUFMRHMDMM-UHFFFAOYSA-N,QIQXTHQIDYTFRH-UHFFFAOYSA-N,n-heptane,n-octadecanoic acid,349.47,1.346,0.2971372312225361,Chromatography,True,train
j.jct.2012.12.009.xml,2013,1,IMNFDUFMRHMDMM-UHFFFAOYSA-N,QIQXTHQIDYTFRH-UHFFFAOYSA-N,n-heptane,n-octadecanoic acid,358.4,1.332,0.2866815721181974,Chromatography,True,train
j.jct.2012.12.009.xml,2013,1,IMNFDUFMRHMDMM-UHFFFAOYSA-N,QIQXTHQIDYTFRH-UHFFFAOYSA-N,n-heptane,n-octadecanoic acid,368.13,1.279,0.2460785225967055,Chromatography,True,train
j.jct.2013.02.006.xml,2013,26,IMNFDUFMRHMDMM-UHFFFAOYSA-N,SECXISVLQFMRJM-UHFFFAOYSA-N,n-heptane,1-methylpyrrolidone,333.2,11.43,2.4362414778067194,Chromatography,True,train
j.jct.2013.02.006.xml,2013,26,IMNFDUFMRHMDMM-UHFFFAOYSA-N,SECXISVLQFMRJM-UHFFFAOYSA-N,n-heptane,1-methylpyrrolidone,348.2,10.74,2.3739750890807185,Chromatography,True,train
j.jct.2013.02.006.xml,2013,26,IMNFDUFMRHMDMM-UHFFFAOYSA-N,SECXISVLQFMRJM-UHFFFAOYSA-N,n-heptane,1-methylpyrrolidone,363.2,10.0,2.302585092994046,Chromatography,True,train
j.jct.2012.06.009.xml,2012,43,IMNFDUFMRHMDMM-UHFFFAOYSA-N,TUNFSRHWOTWDNC-UHFFFAOYSA-N,heptane,tetradecanoic acid,314.1,1.451,0.3722529739020508,Chromatography,True,train
j.jct.2012.06.009.xml,2012,43,IMNFDUFMRHMDMM-UHFFFAOYSA-N,TUNFSRHWOTWDNC-UHFFFAOYSA-N,heptane,tetradecanoic acid,314.24,1.465,0.3818552424690307,Chromatography,True,train
j.jct.2012.06.009.xml,2012,43,IMNFDUFMRHMDMM-UHFFFAOYSA-N,TUNFSRHWOTWDNC-UHFFFAOYSA-N,heptane,tetradecanoic acid,333.38,1.433,0.3597701488460348,Chromatography,True,train
j.jct.2012.06.009.xml,2012,43,IMNFDUFMRHMDMM-UHFFFAOYSA-N,TUNFSRHWOTWDNC-UHFFFAOYSA-N,heptane,tetradecanoic acid,353.25,1.402,0.3378997886123983,Chromatography,True,train
j.jct.2012.06.009.xml,2012,43,IMNFDUFMRHMDMM-UHFFFAOYSA-N,TUNFSRHWOTWDNC-UHFFFAOYSA-N,heptane,tetradecanoic acid,353.3,1.399,0.3357576956833441,Chromatography,True,train
je020196d.xml,2003,28,IMNFDUFMRHMDMM-UHFFFAOYSA-N,UWHCKJMYHZGTIT-UHFFFAOYSA-N,heptane,tetraethylene glycol,333.15,50.197,3.9159552639557513,Chromatography,True,train
je020196d.xml,2003,28,IMNFDUFMRHMDMM-UHFFFAOYSA-N,UWHCKJMYHZGTIT-UHFFFAOYSA-N,heptane,tetraethylene glycol,353.15,37.6276,3.627737823671572,Chromatography,True,train
je020196d.xml,2003,28,IMNFDUFMRHMDMM-UHFFFAOYSA-N,UWHCKJMYHZGTIT-UHFFFAOYSA-N,heptane,tetraethylene glycol,363.15,32.1486,3.470368903856785,Chromatography,True,train
je020196d.xml,2003,28,IMNFDUFMRHMDMM-UHFFFAOYSA-N,UWHCKJMYHZGTIT-UHFFFAOYSA-N,heptane,tetraethylene glycol,373.15,29.7898,3.3941660530403515,Chromatography,True,train
je020196d.xml,2003,28,IMNFDUFMRHMDMM-UHFFFAOYSA-N,UWHCKJMYHZGTIT-UHFFFAOYSA-N,heptane,tetraethylene glycol,383.15,26.0853,3.2613719372707863,Chromatography,True,train
je020196d.xml,2003,28,IMNFDUFMRHMDMM-UHFFFAOYSA-N,UWHCKJMYHZGTIT-UHFFFAOYSA-N,heptane,tetraethylene glycol,393.15,23.0581,3.13801711769094,Chromatography,True,train
je020196d.xml,2003,28,IMNFDUFMRHMDMM-UHFFFAOYSA-N,UWHCKJMYHZGTIT-UHFFFAOYSA-N,heptane,tetraethylene glycol,403.15,20.8123,3.0355441580848805,Chromatography,True,train
j.jct.2014.06.006.xml,2014,13,IMNFDUFMRHMDMM-UHFFFAOYSA-N,XNWFRZJHXBZDAG-UHFFFAOYSA-N,n-heptane,methyl cellosolve,298.0,22.4,3.109060958860994,Chromatography,True,train
je200628n.xml,2011,29,IMNFDUFMRHMDMM-UHFFFAOYSA-N,YQLZOAVZWJBZSY-UHFFFAOYSA-N,heptane,"1,10-diaminodecane",338.2,5.048,1.618992125238912,Chromatography,False,train
je200628n.xml,2011,29,IMNFDUFMRHMDMM-UHFFFAOYSA-N,YQLZOAVZWJBZSY-UHFFFAOYSA-N,heptane,"1,10-diaminodecane",348.15,4.64,1.534714366238164,Chromatography,False,train
je200628n.xml,2011,29,IMNFDUFMRHMDMM-UHFFFAOYSA-N,YQLZOAVZWJBZSY-UHFFFAOYSA-N,heptane,"1,10-diaminodecane",353.22,4.456,1.494251502624983,Chromatography,False,train
je020196d.xml,2003,21,IMNFDUFMRHMDMM-UHFFFAOYSA-N,ZIBGPFATKBEMQZ-UHFFFAOYSA-N,heptane,triethylene glycol,323.15,93.2555,4.535343038017844,Chromatography,True,train
j.jct.2013.05.011.xml,2013,29,IMNFDUFMRHMDMM-UHFFFAOYSA-N,ZIBGPFATKBEMQZ-UHFFFAOYSA-N,n-heptane,triethylene glycol,333.2,62.31,4.132121926556131,Chromatography,True,train
je020196d.xml,2003,21,IMNFDUFMRHMDMM-UHFFFAOYSA-N,ZIBGPFATKBEMQZ-UHFFFAOYSA-N,heptane,triethylene glycol,333.15,82.7251,4.415523062631364,Chromatography,True,train
je020196d.xml,2003,21,IMNFDUFMRHMDMM-UHFFFAOYSA-N,ZIBGPFATKBEMQZ-UHFFFAOYSA-N,heptane,triethylene glycol,343.15,71.9152,4.275487647112961,Chromatography,True,train
j.jct.2013.05.011.xml,2013,29,IMNFDUFMRHMDMM-UHFFFAOYSA-N,ZIBGPFATKBEMQZ-UHFFFAOYSA-N,n-heptane,triethylene glycol,348.2,52.28,3.956613888756021,Chromatography,True,train
je020196d.xml,2003,21,IMNFDUFMRHMDMM-UHFFFAOYSA-N,ZIBGPFATKBEMQZ-UHFFFAOYSA-N,heptane,triethylene glycol,353.15,62.722,4.138712263288851,Chromatography,True,train
j.jct.2013.05.011.xml,2013,29,IMNFDUFMRHMDMM-UHFFFAOYSA-N,ZIBGPFATKBEMQZ-UHFFFAOYSA-N,n-heptane,triethylene glycol,363.2,43.67,3.7766613674974696,Chromatography,True,train
je020196d.xml,2003,21,IMNFDUFMRHMDMM-UHFFFAOYSA-N,ZIBGPFATKBEMQZ-UHFFFAOYSA-N,heptane,triethylene glycol,363.15,55.342,4.013532113929808,Chromatography,True,train
je020196d.xml,2003,21,IMNFDUFMRHMDMM-UHFFFAOYSA-N,ZIBGPFATKBEMQZ-UHFFFAOYSA-N,heptane,triethylene glycol,373.15,50.1877,3.91576997675508,Chromatography,True,train
je020196d.xml,2003,21,IMNFDUFMRHMDMM-UHFFFAOYSA-N,ZIBGPFATKBEMQZ-UHFFFAOYSA-N,heptane,triethylene glycol,383.15,44.3104,3.7912194124782577,Chromatography,True,train
je020196d.xml,2003,21,IMNFDUFMRHMDMM-UHFFFAOYSA-N,ZIBGPFATKBEMQZ-UHFFFAOYSA-N,heptane,triethylene glycol,393.15,40.6484,3.704959474825575,Chromatography,True,train
j.jct.2012.12.009.xml,2013,22,IMNFDUFMRHMDMM-UHFFFAOYSA-N,ZQPPMHVWECSIRJ-KTKRTIGZSA-N,n-heptane,cis-9-octadecenoic acid,338.36,1.516,0.4160752872201799,Chromatography,True,train
j.jct.2012.12.009.xml,2013,22,IMNFDUFMRHMDMM-UHFFFAOYSA-N,ZQPPMHVWECSIRJ-KTKRTIGZSA-N,n-heptane,cis-9-octadecenoic acid,348.29,1.428,0.3562748639173926,Chromatography,True,train
j.jct.2012.12.009.xml,2013,22,IMNFDUFMRHMDMM-UHFFFAOYSA-N,ZQPPMHVWECSIRJ-KTKRTIGZSA-N,n-heptane,cis-9-octadecenoic acid,348.36,1.469,0.3845818971917403,Chromatography,True,train
j.jct.2012.12.009.xml,2013,22,IMNFDUFMRHMDMM-UHFFFAOYSA-N,ZQPPMHVWECSIRJ-KTKRTIGZSA-N,n-heptane,cis-9-octadecenoic acid,358.28,1.369,0.3140805463063118,Chromatography,True,train
j.tca.2015.11.010.xml,2016,22,IVSZLXZYQVIEFR-UHFFFAOYSA-N,ATHHXGZTWNVVOU-UHFFFAOYSA-N,m-xylene,N-methylformamide,298.15,10.8,2.379546134130174,Chromatography,True,train
j.jct.2014.06.006.xml,2014,7,IVSZLXZYQVIEFR-UHFFFAOYSA-N,DNIAPMSPPWPWGF-UHFFFAOYSA-N,m-xylene,propylene glycol,298.0,28.4,3.3463891451671604,Chromatography,True,train
je700139p.xml,2007,4,IVSZLXZYQVIEFR-UHFFFAOYSA-N,HXJUTPCZVOIRIF-UHFFFAOYSA-N,"1,3-dimethylbenzene",sulfolane,333.15,5.354,1.6778439450981608,Chromatography,True,test_one
je700139p.xml,2007,4,IVSZLXZYQVIEFR-UHFFFAOYSA-N,HXJUTPCZVOIRIF-UHFFFAOYSA-N,"1,3-dimethylbenzene",sulfolane,343.15,5.13,1.6351056591826785,Chromatography,True,test_one
je700139p.xml,2007,4,IVSZLXZYQVIEFR-UHFFFAOYSA-N,HXJUTPCZVOIRIF-UHFFFAOYSA-N,"1,3-dimethylbenzene",sulfolane,353.15,4.978,1.6050282039454002,Chromatography,True,test_one
je700139p.xml,2007,4,IVSZLXZYQVIEFR-UHFFFAOYSA-N,HXJUTPCZVOIRIF-UHFFFAOYSA-N,"1,3-dimethylbenzene",sulfolane,363.15,4.769,1.5621366393160874,Chromatography,True,test_one
je700139p.xml,2007,4,IVSZLXZYQVIEFR-UHFFFAOYSA-N,HXJUTPCZVOIRIF-UHFFFAOYSA-N,"1,3-dimethylbenzene",sulfolane,373.15,4.65,1.536867219599265,Chromatography,True,test_one
j.fluid.2016.10.009.xml,2017,9,IVSZLXZYQVIEFR-UHFFFAOYSA-N,JUJWROOIHBZHMG-UHFFFAOYSA-N,m-xylene,pyridine,298.15,1.54,0.4317824164255378,Other,True,train
je900686n.xml,2010,14,IVSZLXZYQVIEFR-UHFFFAOYSA-N,PEDCQBHIVMGVHV-UHFFFAOYSA-N,"1,3-dimethylbenzene",glycerol,303.15,146.79,4.989002993969142,Chromatography,True,test_one
je900686n.xml,2010,14,IVSZLXZYQVIEFR-UHFFFAOYSA-N,PEDCQBHIVMGVHV-UHFFFAOYSA-N,"1,3-dimethylbenzene",glycerol,313.15,127.03,4.844423279035369,Chromatography,True,test_one
je900686n.xml,2010,14,IVSZLXZYQVIEFR-UHFFFAOYSA-N,PEDCQBHIVMGVHV-UHFFFAOYSA-N,"1,3-dimethylbenzene",glycerol,323.15,105.98,4.663250397064616,Chromatography,True,test_one
je900686n.xml,2010,14,IVSZLXZYQVIEFR-UHFFFAOYSA-N,PEDCQBHIVMGVHV-UHFFFAOYSA-N,"1,3-dimethylbenzene",glycerol,333.15,93.19,4.534640419797564,Chromatography,True,test_one
je900686n.xml,2010,14,IVSZLXZYQVIEFR-UHFFFAOYSA-N,PEDCQBHIVMGVHV-UHFFFAOYSA-N,"1,3-dimethylbenzene",glycerol,343.15,76.12,4.332311042427949,Chromatography,True,test_one
j.jct.2014.06.006.xml,2014,29,IVSZLXZYQVIEFR-UHFFFAOYSA-N,XNWFRZJHXBZDAG-UHFFFAOYSA-N,m-xylene,methyl cellosolve,298.0,5.2,1.6486586255873816,Chromatography,True,train
j.jct.2016.10.013.xml,2017,13,JRZJOMJEPLMPRA-UHFFFAOYSA-N,LYCAIKOWRPUZTN-UHFFFAOYSA-N,1-nonene,ethylene glycol,303.15,1610.0,7.383989457978509,Other,True,train
j.jct.2016.10.013.xml,2017,13,JRZJOMJEPLMPRA-UHFFFAOYSA-N,LYCAIKOWRPUZTN-UHFFFAOYSA-N,1-nonene,ethylene glycol,313.15,1300.0,7.170119543449628,Other,True,train
j.jct.2016.10.013.xml,2017,13,JRZJOMJEPLMPRA-UHFFFAOYSA-N,LYCAIKOWRPUZTN-UHFFFAOYSA-N,1-nonene,ethylene glycol,323.15,1170.0,7.064759027791802,Other,True,train
j.jct.2016.10.013.xml,2017,24,JRZJOMJEPLMPRA-UHFFFAOYSA-N,MTHSVFCYNBDYFN-UHFFFAOYSA-N,1-nonene,diethylene glycol,304.15,188.0,5.236441962829949,Other,True,test_one
j.jct.2016.10.013.xml,2017,24,JRZJOMJEPLMPRA-UHFFFAOYSA-N,MTHSVFCYNBDYFN-UHFFFAOYSA-N,1-nonene,diethylene glycol,313.15,174.0,5.159055299214529,Other,True,test_one
j.jct.2016.10.013.xml,2017,24,JRZJOMJEPLMPRA-UHFFFAOYSA-N,MTHSVFCYNBDYFN-UHFFFAOYSA-N,1-nonene,diethylene glycol,323.15,159.0,5.068904202220232,Other,True,test_one
j.fluid.2009.05.005.xml,2009,2,JUJWROOIHBZHMG-UHFFFAOYSA-N,XLYOFNOQVPJJNP-UHFFFAOYSA-N,pyridine,water,333.15,24.0,3.1780538303479458,"Rayleigh distillation, circulation still",True,train
j.fluid.2009.05.005.xml,2009,2,JUJWROOIHBZHMG-UHFFFAOYSA-N,XLYOFNOQVPJJNP-UHFFFAOYSA-N,pyridine,water,343.15,25.5,3.2386784521643803,"Rayleigh distillation, circulation still",True,train
j.fluid.2009.05.005.xml,2009,2,JUJWROOIHBZHMG-UHFFFAOYSA-N,XLYOFNOQVPJJNP-UHFFFAOYSA-N,pyridine,water,353.15,26.0,3.258096538021482,"Rayleigh distillation, circulation still",True,train
j.fluid.2009.05.005.xml,2009,2,JUJWROOIHBZHMG-UHFFFAOYSA-N,XLYOFNOQVPJJNP-UHFFFAOYSA-N,pyridine,water,372.8,25.4,3.2347491740244907,"Rayleigh distillation, circulation still",True,train
je901063s.xml,2010,0,JYVLIDXNZAXMDK-UHFFFAOYSA-N,XLYOFNOQVPJJNP-UHFFFAOYSA-N,pentan-2-ol,water,273.35,58.8,4.074141854904581,"inert gas stripping, headspace analysis in two variants - the classical and the relative, Rayleigh distillation, and circulation still",True,test_one
je901063s.xml,2010,0,JYVLIDXNZAXMDK-UHFFFAOYSA-N,XLYOFNOQVPJJNP-UHFFFAOYSA-N,pentan-2-ol,water,283.15,73.9,4.302712827954156,"inert gas stripping, headspace analysis in two variants - the classical and the relative, Rayleigh distillation, and circulation still",True,test_one
je901063s.xml,2010,0,JYVLIDXNZAXMDK-UHFFFAOYSA-N,XLYOFNOQVPJJNP-UHFFFAOYSA-N,pentan-2-ol,water,293.15,89.2,4.490881039585964,"inert gas stripping, headspace analysis in two variants - the classical and the relative, Rayleigh distillation, and circulation still",True,test_one
je901063s.xml,2010,0,JYVLIDXNZAXMDK-UHFFFAOYSA-N,XLYOFNOQVPJJNP-UHFFFAOYSA-N,pentan-2-ol,water,293.15,86.1,4.455509411433685,"inert gas stripping, headspace analysis in two variants - the classical and the relative, Rayleigh distillation, and circulation still",True,test_one
je901063s.xml,2010,0,JYVLIDXNZAXMDK-UHFFFAOYSA-N,XLYOFNOQVPJJNP-UHFFFAOYSA-N,pentan-2-ol,water,303.15,104.0,4.6443908991413725,"inert gas stripping, headspace analysis in two variants - the classical and the relative, Rayleigh distillation, and circulation still",True,test_one
je901063s.xml,2010,0,JYVLIDXNZAXMDK-UHFFFAOYSA-N,XLYOFNOQVPJJNP-UHFFFAOYSA-N,pentan-2-ol,water,303.15,103.0,4.634728988229636,"inert gas stripping, headspace analysis in two variants - the classical and the relative, Rayleigh distillation, and circulation still",True,test_one
je901063s.xml,2010,0,JYVLIDXNZAXMDK-UHFFFAOYSA-N,XLYOFNOQVPJJNP-UHFFFAOYSA-N,pentan-2-ol,water,313.15,119.0,4.77912349311153,"inert gas stripping, headspace analysis in two variants - the classical and the relative, Rayleigh distillation, and circulation still",True,test_one
je901063s.xml,2010,0,JYVLIDXNZAXMDK-UHFFFAOYSA-N,XLYOFNOQVPJJNP-UHFFFAOYSA-N,pentan-2-ol,water,323.15,129.0,4.859812404361672,"inert gas stripping, headspace analysis in two variants - the classical and the relative, Rayleigh distillation, and circulation still",True,test_one
je901063s.xml,2010,0,JYVLIDXNZAXMDK-UHFFFAOYSA-N,XLYOFNOQVPJJNP-UHFFFAOYSA-N,pentan-2-ol,water,333.15,134.0,4.897839799950911,"inert gas stripping, headspace analysis in two variants - the classical and the relative, Rayleigh distillation, and circulation still",True,test_one
je901063s.xml,2010,0,JYVLIDXNZAXMDK-UHFFFAOYSA-N,XLYOFNOQVPJJNP-UHFFFAOYSA-N,pentan-2-ol,water,343.15,134.0,4.897839799950911,"inert gas stripping, headspace analysis in two variants - the classical and the relative, Rayleigh distillation, and circulation still",True,test_one
je901063s.xml,2010,0,JYVLIDXNZAXMDK-UHFFFAOYSA-N,XLYOFNOQVPJJNP-UHFFFAOYSA-N,pentan-2-ol,water,353.15,124.0,4.820281565605037,"inert gas stripping, headspace analysis in two variants - the classical and the relative, Rayleigh distillation, and circulation still",True,test_one
je901063s.xml,2010,0,JYVLIDXNZAXMDK-UHFFFAOYSA-N,XLYOFNOQVPJJNP-UHFFFAOYSA-N,pentan-2-ol,water,363.15,130.0,4.867534450455582,"inert gas stripping, headspace analysis in two variants - the classical and the relative, Rayleigh distillation, and circulation still",True,test_one
je901063s.xml,2010,0,JYVLIDXNZAXMDK-UHFFFAOYSA-N,XLYOFNOQVPJJNP-UHFFFAOYSA-N,pentan-2-ol,water,371.15,118.0,4.770684624465665,"inert gas stripping, headspace analysis in two variants - the classical and the relative, Rayleigh distillation, and circulation still",True,test_one
j.jct.2004.11.005.xml,2005,15,KAKZBPTYRLMSJV-UHFFFAOYSA-N,AMQJEAYHLZJPGS-UHFFFAOYSA-N,"1,3-butadiene",1-pentanol,270.01,2.51,0.9202827531436923,Other,True,test_one
j.jct.2004.11.005.xml,2005,15,KAKZBPTYRLMSJV-UHFFFAOYSA-N,AMQJEAYHLZJPGS-UHFFFAOYSA-N,"1,3-butadiene",1-pentanol,290.0,2.5,0.9162907318741552,Other,True,test_one
j.jct.2004.11.005.xml,2005,15,KAKZBPTYRLMSJV-UHFFFAOYSA-N,AMQJEAYHLZJPGS-UHFFFAOYSA-N,"1,3-butadiene",1-pentanol,310.0,2.46,0.9001613499442714,Other,True,test_one
j.jct.2004.11.005.xml,2005,15,KAKZBPTYRLMSJV-UHFFFAOYSA-N,AMQJEAYHLZJPGS-UHFFFAOYSA-N,"1,3-butadiene",1-pentanol,330.0,2.33,0.8458682675776092,Other,True,test_one
j.jct.2004.11.005.xml,2005,47,KAKZBPTYRLMSJV-UHFFFAOYSA-N,AQIXEPGDORPWBJ-UHFFFAOYSA-N,"1,3-butadiene",3-pentanol,259.98,3.18,1.1568811967920856,Other,True,train
j.jct.2004.11.005.xml,2005,47,KAKZBPTYRLMSJV-UHFFFAOYSA-N,AQIXEPGDORPWBJ-UHFFFAOYSA-N,"1,3-butadiene",3-pentanol,270.02,3.03,1.1085626195212777,Other,True,train
j.jct.2004.11.005.xml,2005,47,KAKZBPTYRLMSJV-UHFFFAOYSA-N,AQIXEPGDORPWBJ-UHFFFAOYSA-N,"1,3-butadiene",3-pentanol,280.0,2.92,1.0715836162801904,Other,True,train
j.jct.2004.11.005.xml,2005,47,KAKZBPTYRLMSJV-UHFFFAOYSA-N,AQIXEPGDORPWBJ-UHFFFAOYSA-N,"1,3-butadiene",3-pentanol,290.0,2.75,1.01160091167848,Other,True,train
j.jct.2004.11.005.xml,2005,47,KAKZBPTYRLMSJV-UHFFFAOYSA-N,AQIXEPGDORPWBJ-UHFFFAOYSA-N,"1,3-butadiene",3-pentanol,300.0,2.63,0.9669838461896731,Other,True,train
j.jct.2003.08.018.xml,2004,15,KAKZBPTYRLMSJV-UHFFFAOYSA-N,BDERNNFJNOPAEC-UHFFFAOYSA-N,"1,3-butadiene",1-propanol,260.02,4.2,1.4350845252893227,Chromatography,True,train
j.jct.2003.08.018.xml,2004,15,KAKZBPTYRLMSJV-UHFFFAOYSA-N,BDERNNFJNOPAEC-UHFFFAOYSA-N,"1,3-butadiene",1-propanol,280.03,4.15,1.423108334242607,Chromatography,True,train
j.jct.2003.08.018.xml,2004,15,KAKZBPTYRLMSJV-UHFFFAOYSA-N,BDERNNFJNOPAEC-UHFFFAOYSA-N,"1,3-butadiene",1-propanol,299.99,4.1,1.410986973710262,Chromatography,True,train
j.jct.2003.08.018.xml,2004,15,KAKZBPTYRLMSJV-UHFFFAOYSA-N,BDERNNFJNOPAEC-UHFFFAOYSA-N,"1,3-butadiene",1-propanol,320.09,4.06,1.4011829736136412,Chromatography,True,train
j.jct.2003.08.018.xml,2004,15,KAKZBPTYRLMSJV-UHFFFAOYSA-N,BDERNNFJNOPAEC-UHFFFAOYSA-N,"1,3-butadiene",1-propanol,340.06,3.98,1.3812818192963463,Chromatography,True,train
je050343i.xml,2005,41,KAKZBPTYRLMSJV-UHFFFAOYSA-N,CPJRRXSHAYUTGL-UHFFFAOYSA-N,"1,3-butadiene",3-methyl-3-buten-1-ol,270.04,2.69,0.9895411936137476,Chromatography,True,train
je050343i.xml,2005,41,KAKZBPTYRLMSJV-UHFFFAOYSA-N,CPJRRXSHAYUTGL-UHFFFAOYSA-N,"1,3-butadiene",3-methyl-3-buten-1-ol,289.99,2.65,0.9745596399981308,Chromatography,True,train
je050343i.xml,2005,41,KAKZBPTYRLMSJV-UHFFFAOYSA-N,CPJRRXSHAYUTGL-UHFFFAOYSA-N,"1,3-butadiene",3-methyl-3-buten-1-ol,309.99,2.56,0.9400072584914712,Chromatography,True,train
je050343i.xml,2005,41,KAKZBPTYRLMSJV-UHFFFAOYSA-N,CPJRRXSHAYUTGL-UHFFFAOYSA-N,"1,3-butadiene",3-methyl-3-buten-1-ol,330.0,2.45,0.8960880245566357,Chromatography,True,train
je060395n.xml,2007,101,KAKZBPTYRLMSJV-UHFFFAOYSA-N,CTQNGGLPUBDAKN-UHFFFAOYSA-N,"1,3-butadiene","1,2-dimethylbenzene",270.13,1.23,0.2070141693843261,calculated from henry's law constants,True,train
je060395n.xml,2007,101,KAKZBPTYRLMSJV-UHFFFAOYSA-N,CTQNGGLPUBDAKN-UHFFFAOYSA-N,"1,3-butadiene","1,2-dimethylbenzene",289.99,1.22,0.1988508587451651,calculated from henry's law constants,True,train
je060395n.xml,2007,101,KAKZBPTYRLMSJV-UHFFFAOYSA-N,CTQNGGLPUBDAKN-UHFFFAOYSA-N,"1,3-butadiene","1,2-dimethylbenzene",309.84,1.23,0.2070141693843261,calculated from henry's law constants,True,train
je060395n.xml,2007,101,KAKZBPTYRLMSJV-UHFFFAOYSA-N,CTQNGGLPUBDAKN-UHFFFAOYSA-N,"1,3-butadiene","1,2-dimethylbenzene",329.99,1.22,0.1988508587451651,calculated from henry's law constants,True,train
je700270d.xml,2007,17,KAKZBPTYRLMSJV-UHFFFAOYSA-N,DHXVGJBLRPWPCS-UHFFFAOYSA-N,"1,3-butadiene",tetrahydropyran,250.06,0.95,-0.0512932943875505,Chromatography,True,train
je700270d.xml,2007,17,KAKZBPTYRLMSJV-UHFFFAOYSA-N,DHXVGJBLRPWPCS-UHFFFAOYSA-N,"1,3-butadiene",tetrahydropyran,270.12,0.97,-0.0304592074847085,Chromatography,True,train
je700270d.xml,2007,17,KAKZBPTYRLMSJV-UHFFFAOYSA-N,DHXVGJBLRPWPCS-UHFFFAOYSA-N,"1,3-butadiene",tetrahydropyran,289.97,1.01,0.009950330853168,Chromatography,True,train
je700270d.xml,2007,17,KAKZBPTYRLMSJV-UHFFFAOYSA-N,DHXVGJBLRPWPCS-UHFFFAOYSA-N,"1,3-butadiene",tetrahydropyran,309.98,1.05,0.048790164169432,Chromatography,True,train
je700270d.xml,2007,17,KAKZBPTYRLMSJV-UHFFFAOYSA-N,DHXVGJBLRPWPCS-UHFFFAOYSA-N,"1,3-butadiene",tetrahydropyran,329.97,1.09,0.0861776962410524,Chromatography,True,train
je050343i.xml,2005,17,KAKZBPTYRLMSJV-UHFFFAOYSA-N,HNVRRHSXBLFLIG-UHFFFAOYSA-N,"1,3-butadiene","3-buten-2-ol, 2-methyl-",269.95,2.36,0.8586616190375187,Chromatography,True,train
je050343i.xml,2005,17,KAKZBPTYRLMSJV-UHFFFAOYSA-N,HNVRRHSXBLFLIG-UHFFFAOYSA-N,"1,3-butadiene","3-buten-2-ol, 2-methyl-",289.99,2.22,0.7975071958841882,Chromatography,True,train
je050343i.xml,2005,17,KAKZBPTYRLMSJV-UHFFFAOYSA-N,HNVRRHSXBLFLIG-UHFFFAOYSA-N,"1,3-butadiene","3-buten-2-ol, 2-methyl-",309.99,2.05,0.7178397931503168,Chromatography,True,train
je050343i.xml,2005,17,KAKZBPTYRLMSJV-UHFFFAOYSA-N,HNVRRHSXBLFLIG-UHFFFAOYSA-N,"1,3-butadiene","3-buten-2-ol, 2-methyl-",330.0,1.88,0.6312717768418578,Chromatography,True,train
je060395n.xml,2007,103,KAKZBPTYRLMSJV-UHFFFAOYSA-N,IVSZLXZYQVIEFR-UHFFFAOYSA-N,"1,3-butadiene","1,3-dimethylbenzene",270.1,1.15,0.1397619423751586,calculated from henry's law constants,True,train
je060395n.xml,2007,103,KAKZBPTYRLMSJV-UHFFFAOYSA-N,IVSZLXZYQVIEFR-UHFFFAOYSA-N,"1,3-butadiene","1,3-dimethylbenzene",289.99,1.18,0.1655144384775733,calculated from henry's law constants,True,train
je060395n.xml,2007,103,KAKZBPTYRLMSJV-UHFFFAOYSA-N,IVSZLXZYQVIEFR-UHFFFAOYSA-N,"1,3-butadiene","1,3-dimethylbenzene",309.84,1.18,0.1655144384775733,calculated from henry's law constants,True,train
je060395n.xml,2007,103,KAKZBPTYRLMSJV-UHFFFAOYSA-N,IVSZLXZYQVIEFR-UHFFFAOYSA-N,"1,3-butadiene","1,3-dimethylbenzene",329.99,1.18,0.1655144384775733,calculated from henry's law constants,True,train
je100529s.xml,2010,65,KAKZBPTYRLMSJV-UHFFFAOYSA-N,IWDCLRJOBJJRNH-UHFFFAOYSA-N,butadiene,4-methylphenol,309.99,3.26,1.181727195378616,Gas Stripping Method,True,train
je100529s.xml,2010,65,KAKZBPTYRLMSJV-UHFFFAOYSA-N,IWDCLRJOBJJRNH-UHFFFAOYSA-N,butadiene,4-methylphenol,319.99,3.16,1.1505720275988207,Gas Stripping Method,True,train
je100529s.xml,2010,65,KAKZBPTYRLMSJV-UHFFFAOYSA-N,IWDCLRJOBJJRNH-UHFFFAOYSA-N,butadiene,4-methylphenol,329.99,3.07,1.1216775615991057,Gas Stripping Method,True,train
je100529s.xml,2010,65,KAKZBPTYRLMSJV-UHFFFAOYSA-N,IWDCLRJOBJJRNH-UHFFFAOYSA-N,butadiene,4-methylphenol,340.02,2.99,1.095273387402595,Gas Stripping Method,True,train
j.jct.2004.11.005.xml,2005,31,KAKZBPTYRLMSJV-UHFFFAOYSA-N,JYVLIDXNZAXMDK-YFKPBYRVSA-N,"1,3-butadiene",2-pentanol,269.98,2.89,1.0612565021243408,Other,True,train
j.jct.2004.11.005.xml,2005,31,KAKZBPTYRLMSJV-UHFFFAOYSA-N,JYVLIDXNZAXMDK-YFKPBYRVSA-N,"1,3-butadiene",2-pentanol,290.0,2.68,0.9858167945227654,Other,True,train
j.jct.2004.11.005.xml,2005,31,KAKZBPTYRLMSJV-UHFFFAOYSA-N,JYVLIDXNZAXMDK-YFKPBYRVSA-N,"1,3-butadiene",2-pentanol,310.0,2.47,0.904218150639886,Other,True,train
j.jct.2004.11.005.xml,2005,31,KAKZBPTYRLMSJV-UHFFFAOYSA-N,JYVLIDXNZAXMDK-YFKPBYRVSA-N,"1,3-butadiene",2-pentanol,330.0,2.27,0.8197798314933114,Other,True,train
je0342116.xml,2004,14,KAKZBPTYRLMSJV-UHFFFAOYSA-N,KFZMGEQAYNKOFK-UHFFFAOYSA-N,"1,3-butadiene",2-propanol,270.03,3.8,1.33500106673234,Chromatography,True,train
je0342116.xml,2004,14,KAKZBPTYRLMSJV-UHFFFAOYSA-N,KFZMGEQAYNKOFK-UHFFFAOYSA-N,"1,3-butadiene",2-propanol,290.0,3.7,1.308332819650179,Chromatography,True,train
je0342116.xml,2004,14,KAKZBPTYRLMSJV-UHFFFAOYSA-N,KFZMGEQAYNKOFK-UHFFFAOYSA-N,"1,3-butadiene",2-propanol,310.0,3.5,1.252762968495368,Chromatography,True,train
je0342116.xml,2004,14,KAKZBPTYRLMSJV-UHFFFAOYSA-N,KFZMGEQAYNKOFK-UHFFFAOYSA-N,"1,3-butadiene",2-propanol,330.0,3.3,1.1939224684724346,Chromatography,True,train
je034265f.xml,2004,15,KAKZBPTYRLMSJV-UHFFFAOYSA-N,LRHPLDYGYMQRHN-UHFFFAOYSA-N,"1,3-butadiene",1-butanol,250.01,3.0,1.0986122886681098,Other,True,train
je034265f.xml,2004,15,KAKZBPTYRLMSJV-UHFFFAOYSA-N,LRHPLDYGYMQRHN-UHFFFAOYSA-N,"1,3-butadiene",1-butanol,270.04,2.9,1.0647107369924282,Other,True,train
je034265f.xml,2004,15,KAKZBPTYRLMSJV-UHFFFAOYSA-N,LRHPLDYGYMQRHN-UHFFFAOYSA-N,"1,3-butadiene",1-butanol,290.01,2.9,1.0647107369924282,Other,True,train
je034265f.xml,2004,15,KAKZBPTYRLMSJV-UHFFFAOYSA-N,LRHPLDYGYMQRHN-UHFFFAOYSA-N,"1,3-butadiene",1-butanol,310.01,2.9,1.0647107369924282,Other,True,train
je034265f.xml,2004,15,KAKZBPTYRLMSJV-UHFFFAOYSA-N,LRHPLDYGYMQRHN-UHFFFAOYSA-N,"1,3-butadiene",1-butanol,330.0,2.8,1.029619417181158,Other,True,train
j.fluid.2006.06.024.xml,2006,6,KAKZBPTYRLMSJV-UHFFFAOYSA-N,OKKJLVBELUTLKV-UHFFFAOYSA-N,"1,3-butadiene",methanol,374.0,5.0,1.6094379124341005,Chromatography,True,train
j.fluid.2006.06.024.xml,2006,6,KAKZBPTYRLMSJV-UHFFFAOYSA-N,OKKJLVBELUTLKV-UHFFFAOYSA-N,"1,3-butadiene",methanol,393.3,4.7,1.547562508716013,Chromatography,True,train
j.fluid.2006.06.024.xml,2006,6,KAKZBPTYRLMSJV-UHFFFAOYSA-N,OKKJLVBELUTLKV-UHFFFAOYSA-N,"1,3-butadiene",methanol,412.5,4.2,1.4350845252893227,Chromatography,True,train
je060395n.xml,2007,107,KAKZBPTYRLMSJV-UHFFFAOYSA-N,PPBRXRYQALVLMV-UHFFFAOYSA-N,"1,3-butadiene",styrene,270.07,2.09,0.7371640659767196,calculated from henry's law constants,True,train
je060395n.xml,2007,107,KAKZBPTYRLMSJV-UHFFFAOYSA-N,PPBRXRYQALVLMV-UHFFFAOYSA-N,"1,3-butadiene",styrene,309.84,2.05,0.7178397931503168,calculated from henry's law constants,True,train
je060395n.xml,2007,107,KAKZBPTYRLMSJV-UHFFFAOYSA-N,PPBRXRYQALVLMV-UHFFFAOYSA-N,"1,3-butadiene",styrene,329.99,2.02,0.7030975114131134,calculated from henry's law constants,True,train
je100529s.xml,2010,17,KAKZBPTYRLMSJV-UHFFFAOYSA-N,QWVGKYWNOKOFNN-UHFFFAOYSA-N,butadiene,2-methylphenol,299.99,2.87,1.0543120297715298,Gas Stripping Method,True,train
je100529s.xml,2010,17,KAKZBPTYRLMSJV-UHFFFAOYSA-N,QWVGKYWNOKOFNN-UHFFFAOYSA-N,butadiene,2-methylphenol,309.99,2.81,1.0331844833456545,Gas Stripping Method,True,train
je100529s.xml,2010,17,KAKZBPTYRLMSJV-UHFFFAOYSA-N,QWVGKYWNOKOFNN-UHFFFAOYSA-N,butadiene,2-methylphenol,319.99,2.72,1.000631880307906,Gas Stripping Method,True,train
je100529s.xml,2010,17,KAKZBPTYRLMSJV-UHFFFAOYSA-N,QWVGKYWNOKOFNN-UHFFFAOYSA-N,butadiene,2-methylphenol,329.99,2.63,0.9669838461896731,Gas Stripping Method,True,train
je100529s.xml,2010,41,KAKZBPTYRLMSJV-UHFFFAOYSA-N,RLSSMJSEOOYNOY-UHFFFAOYSA-N,butadiene,3-methylphenol,289.98,3.32,1.199964782928397,Gas Stripping Method,True,train
je100529s.xml,2010,41,KAKZBPTYRLMSJV-UHFFFAOYSA-N,RLSSMJSEOOYNOY-UHFFFAOYSA-N,butadiene,3-methylphenol,299.98,3.26,1.181727195378616,Gas Stripping Method,True,train
je100529s.xml,2010,41,KAKZBPTYRLMSJV-UHFFFAOYSA-N,RLSSMJSEOOYNOY-UHFFFAOYSA-N,butadiene,3-methylphenol,309.99,3.22,1.169381359556317,Gas Stripping Method,True,train
je100529s.xml,2010,41,KAKZBPTYRLMSJV-UHFFFAOYSA-N,RLSSMJSEOOYNOY-UHFFFAOYSA-N,butadiene,3-methylphenol,319.99,3.13,1.1410330045520618,Gas Stripping Method,True,train
je100529s.xml,2010,41,KAKZBPTYRLMSJV-UHFFFAOYSA-N,RLSSMJSEOOYNOY-UHFFFAOYSA-N,butadiene,3-methylphenol,329.99,3.05,1.1151415906193205,Gas Stripping Method,True,train
je060395n.xml,2007,97,KAKZBPTYRLMSJV-UHFFFAOYSA-N,UHOVQNZJYSORNB-UHFFFAOYSA-N,"1,3-butadiene",benzene,279.99,1.36,0.3074846997479607,calculated from henry's law constants,True,train
je060395n.xml,2007,97,KAKZBPTYRLMSJV-UHFFFAOYSA-N,UHOVQNZJYSORNB-UHFFFAOYSA-N,"1,3-butadiene",benzene,289.99,1.35,0.3001045924503381,calculated from henry's law constants,True,train
je060395n.xml,2007,97,KAKZBPTYRLMSJV-UHFFFAOYSA-N,UHOVQNZJYSORNB-UHFFFAOYSA-N,"1,3-butadiene",benzene,309.99,1.32,0.2776317365982795,calculated from henry's law constants,True,train
je060395n.xml,2007,97,KAKZBPTYRLMSJV-UHFFFAOYSA-N,UHOVQNZJYSORNB-UHFFFAOYSA-N,"1,3-butadiene",benzene,329.99,1.29,0.2546422183735807,calculated from henry's law constants,True,train
je060395n.xml,2007,105,KAKZBPTYRLMSJV-UHFFFAOYSA-N,URLKBWYHVLBVBO-UHFFFAOYSA-N,"1,3-butadiene","1,4-dimethylbenzene",289.99,1.16,0.1484200051182732,calculated from henry's law constants,True,test_one
je060395n.xml,2007,105,KAKZBPTYRLMSJV-UHFFFAOYSA-N,URLKBWYHVLBVBO-UHFFFAOYSA-N,"1,3-butadiene","1,4-dimethylbenzene",299.99,1.15,0.1397619423751586,calculated from henry's law constants,True,test_one
je060395n.xml,2007,105,KAKZBPTYRLMSJV-UHFFFAOYSA-N,URLKBWYHVLBVBO-UHFFFAOYSA-N,"1,3-butadiene","1,4-dimethylbenzene",309.85,1.16,0.1484200051182732,calculated from henry's law constants,True,test_one
je060395n.xml,2007,105,KAKZBPTYRLMSJV-UHFFFAOYSA-N,URLKBWYHVLBVBO-UHFFFAOYSA-N,"1,3-butadiene","1,4-dimethylbenzene",319.99,1.15,0.1397619423751586,calculated from henry's law constants,True,test_one
je060395n.xml,2007,105,KAKZBPTYRLMSJV-UHFFFAOYSA-N,URLKBWYHVLBVBO-UHFFFAOYSA-N,"1,3-butadiene","1,4-dimethylbenzene",329.99,1.15,0.1397619423751586,calculated from henry's law constants,True,test_one
je0502647.xml,2005,15,KAKZBPTYRLMSJV-UHFFFAOYSA-N,XXROGKLTLUQVRX-UHFFFAOYSA-N,"1,3-butadiene",2-propenol,270.01,4.06,1.4011829736136412,gas stripping method,True,train
je0502647.xml,2005,15,KAKZBPTYRLMSJV-UHFFFAOYSA-N,XXROGKLTLUQVRX-UHFFFAOYSA-N,"1,3-butadiene",2-propenol,289.99,4.02,1.3912819026309295,gas stripping method,True,train
je0502647.xml,2005,15,KAKZBPTYRLMSJV-UHFFFAOYSA-N,XXROGKLTLUQVRX-UHFFFAOYSA-N,"1,3-butadiene",2-propenol,309.995,3.89,1.358409157630355,gas stripping method,True,train
je0502647.xml,2005,15,KAKZBPTYRLMSJV-UHFFFAOYSA-N,XXROGKLTLUQVRX-UHFFFAOYSA-N,"1,3-butadiene",2-propenol,329.99,3.59,1.2781522025001877,gas stripping method,True,train
je060395n.xml,2007,99,KAKZBPTYRLMSJV-UHFFFAOYSA-N,YXFVVABEGXRONW-UHFFFAOYSA-N,"1,3-butadiene",toluene,270.0,1.18,0.1655144384775733,calculated from henry's law constants,True,train
je060395n.xml,2007,99,KAKZBPTYRLMSJV-UHFFFAOYSA-N,YXFVVABEGXRONW-UHFFFAOYSA-N,"1,3-butadiene",toluene,289.98,1.2,0.1823215567939546,calculated from henry's law constants,True,train
je060395n.xml,2007,99,KAKZBPTYRLMSJV-UHFFFAOYSA-N,YXFVVABEGXRONW-UHFFFAOYSA-N,"1,3-butadiene",toluene,309.94,1.2,0.1823215567939546,calculated from henry's law constants,True,train
je060395n.xml,2007,99,KAKZBPTYRLMSJV-UHFFFAOYSA-N,YXFVVABEGXRONW-UHFFFAOYSA-N,"1,3-butadiene",toluene,329.99,1.2,0.1823215567939546,calculated from henry's law constants,True,train
j.jct.2012.06.009.xml,2012,81,KCXMKQUNVWSEMD-UHFFFAOYSA-N,IPCSVZSSVZVIGE-UHFFFAOYSA-N,.alpha.-chlorotoluene,hexadecanoic acid,348.01,1.62,0.4824261492442928,Chromatography,True,train
j.jct.2012.06.009.xml,2012,81,KCXMKQUNVWSEMD-UHFFFAOYSA-N,IPCSVZSSVZVIGE-UHFFFAOYSA-N,.alpha.-chlorotoluene,hexadecanoic acid,358.22,1.569,0.4504384737508955,Chromatography,True,train
j.jct.2012.12.009.xml,2013,57,KCXMKQUNVWSEMD-UHFFFAOYSA-N,OYHQOLUKZRVURQ-HZJYTTRNSA-N,benzyl chloride,linoleic acid,348.31,1.531,0.4259211166755466,Chromatography,True,train
j.jct.2012.12.009.xml,2013,57,KCXMKQUNVWSEMD-UHFFFAOYSA-N,OYHQOLUKZRVURQ-HZJYTTRNSA-N,benzyl chloride,linoleic acid,348.28,1.54,0.4317824164255378,Chromatography,True,train
j.jct.2012.12.009.xml,2013,57,KCXMKQUNVWSEMD-UHFFFAOYSA-N,OYHQOLUKZRVURQ-HZJYTTRNSA-N,benzyl chloride,linoleic acid,358.3,1.608,0.4749911707567746,Chromatography,True,train
j.jct.2012.06.009.xml,2012,38,KCXMKQUNVWSEMD-UHFFFAOYSA-N,POULHZVOKOAJMA-UHFFFAOYSA-N,.alpha.-chlorotoluene,lauric acid,358.06,1.711,0.5370779949100565,Chromatography,True,train
j.jct.2012.06.009.xml,2012,38,KCXMKQUNVWSEMD-UHFFFAOYSA-N,POULHZVOKOAJMA-UHFFFAOYSA-N,.alpha.-chlorotoluene,lauric acid,358.1,1.713,0.5382462193419829,Chromatography,True,train
j.jct.2012.12.009.xml,2013,17,KCXMKQUNVWSEMD-UHFFFAOYSA-N,QIQXTHQIDYTFRH-UHFFFAOYSA-N,benzyl chloride,n-octadecanoic acid,349.47,1.559,0.4440445900756394,Chromatography,True,train
j.jct.2012.12.009.xml,2013,17,KCXMKQUNVWSEMD-UHFFFAOYSA-N,QIQXTHQIDYTFRH-UHFFFAOYSA-N,benzyl chloride,n-octadecanoic acid,349.48,1.545,0.4350239103497087,Chromatography,True,train
j.jct.2012.12.009.xml,2013,17,KCXMKQUNVWSEMD-UHFFFAOYSA-N,QIQXTHQIDYTFRH-UHFFFAOYSA-N,benzyl chloride,n-octadecanoic acid,358.39,1.486,0.3960879462955674,Chromatography,True,train
j.jct.2012.12.009.xml,2013,17,KCXMKQUNVWSEMD-UHFFFAOYSA-N,QIQXTHQIDYTFRH-UHFFFAOYSA-N,benzyl chloride,n-octadecanoic acid,368.13,1.452,0.3729419164026043,Chromatography,True,train
j.jct.2012.06.009.xml,2012,60,KCXMKQUNVWSEMD-UHFFFAOYSA-N,TUNFSRHWOTWDNC-UHFFFAOYSA-N,.alpha.-chlorotoluene,tetradecanoic acid,333.26,1.615,0.4793349566746198,Chromatography,True,train
j.jct.2012.06.009.xml,2012,60,KCXMKQUNVWSEMD-UHFFFAOYSA-N,TUNFSRHWOTWDNC-UHFFFAOYSA-N,.alpha.-chlorotoluene,tetradecanoic acid,333.38,1.605,0.4731237565819792,Chromatography,True,train
j.jct.2012.06.009.xml,2012,60,KCXMKQUNVWSEMD-UHFFFAOYSA-N,TUNFSRHWOTWDNC-UHFFFAOYSA-N,.alpha.-chlorotoluene,tetradecanoic acid,353.25,1.569,0.4504384737508955,Chromatography,True,train
j.jct.2012.06.009.xml,2012,60,KCXMKQUNVWSEMD-UHFFFAOYSA-N,TUNFSRHWOTWDNC-UHFFFAOYSA-N,.alpha.-chlorotoluene,tetradecanoic acid,353.3,1.548,0.4369637751675354,Chromatography,True,train
j.jct.2012.12.009.xml,2013,70,KFZMGEQAYNKOFK-UHFFFAOYSA-N,DTOSIQBPPRVQHS-PDBXOOCHSA-N,isopropanol,"9,12,15-octadecatrienoic acid",313.25,1.081,0.0778865386570712,Chromatography,True,train
j.jct.2012.12.009.xml,2013,70,KFZMGEQAYNKOFK-UHFFFAOYSA-N,DTOSIQBPPRVQHS-PDBXOOCHSA-N,isopropanol,"9,12,15-octadecatrienoic acid",323.26,1.121,0.1142211440900228,Chromatography,True,train
j.jct.2012.06.009.xml,2012,11,KFZMGEQAYNKOFK-UHFFFAOYSA-N,GHVNFZFCNZKVNT-UHFFFAOYSA-N,2-propanol,capric acid,314.1,1.56,0.4446858212614457,Chromatography,True,train
j.jct.2012.06.009.xml,2012,11,KFZMGEQAYNKOFK-UHFFFAOYSA-N,GHVNFZFCNZKVNT-UHFFFAOYSA-N,2-propanol,capric acid,314.24,1.581,0.4580575582273349,Chromatography,True,train
j.jct.2012.06.009.xml,2012,11,KFZMGEQAYNKOFK-UHFFFAOYSA-N,GHVNFZFCNZKVNT-UHFFFAOYSA-N,2-propanol,capric acid,333.26,1.347,0.2978798974282269,Chromatography,True,train
j.jct.2012.06.009.xml,2012,11,KFZMGEQAYNKOFK-UHFFFAOYSA-N,GHVNFZFCNZKVNT-UHFFFAOYSA-N,2-propanol,capric acid,333.38,1.357,0.305276380852732,Chromatography,True,train
j.jct.2012.06.009.xml,2012,11,KFZMGEQAYNKOFK-UHFFFAOYSA-N,GHVNFZFCNZKVNT-UHFFFAOYSA-N,2-propanol,capric acid,353.25,1.198,0.1806534996932575,Chromatography,True,train
j.jct.2012.06.009.xml,2012,11,KFZMGEQAYNKOFK-UHFFFAOYSA-N,GHVNFZFCNZKVNT-UHFFFAOYSA-N,2-propanol,capric acid,353.3,1.151,0.1406311297397456,Chromatography,True,train
j.jct.2012.06.009.xml,2012,75,KFZMGEQAYNKOFK-UHFFFAOYSA-N,IPCSVZSSVZVIGE-UHFFFAOYSA-N,2-propanol,hexadecanoic acid,340.19,1.468,0.3839009301923238,Chromatography,True,train
j.jct.2012.06.009.xml,2012,75,KFZMGEQAYNKOFK-UHFFFAOYSA-N,IPCSVZSSVZVIGE-UHFFFAOYSA-N,2-propanol,hexadecanoic acid,348.01,1.408,0.3421702577358506,Chromatography,True,train
j.jct.2012.06.009.xml,2012,75,KFZMGEQAYNKOFK-UHFFFAOYSA-N,IPCSVZSSVZVIGE-UHFFFAOYSA-N,2-propanol,hexadecanoic acid,358.32,1.291,0.2554171118645054,Chromatography,True,train
j.jct.2013.05.011.xml,2013,23,KFZMGEQAYNKOFK-UHFFFAOYSA-N,MTHSVFCYNBDYFN-UHFFFAOYSA-N,2-propanol,diethylene glycol,333.2,1.79,0.5822156198526637,Chromatography,True,test_one
j.jct.2013.05.011.xml,2013,23,KFZMGEQAYNKOFK-UHFFFAOYSA-N,MTHSVFCYNBDYFN-UHFFFAOYSA-N,2-propanol,diethylene glycol,348.2,1.77,0.5709795465857378,Chromatography,True,test_one
j.jct.2013.05.011.xml,2013,23,KFZMGEQAYNKOFK-UHFFFAOYSA-N,MTHSVFCYNBDYFN-UHFFFAOYSA-N,2-propanol,diethylene glycol,363.2,1.74,0.5538851132264376,Chromatography,True,test_one
j.jct.2012.12.009.xml,2013,52,KFZMGEQAYNKOFK-UHFFFAOYSA-N,OYHQOLUKZRVURQ-HZJYTTRNSA-N,isopropanol,linoleic acid,338.28,1.134,0.1257512053055602,Chromatography,True,train
j.jct.2012.12.009.xml,2013,52,KFZMGEQAYNKOFK-UHFFFAOYSA-N,OYHQOLUKZRVURQ-HZJYTTRNSA-N,isopropanol,linoleic acid,348.28,1.136,0.1275133202989595,Chromatography,True,train
j.jct.2012.12.009.xml,2013,52,KFZMGEQAYNKOFK-UHFFFAOYSA-N,OYHQOLUKZRVURQ-HZJYTTRNSA-N,isopropanol,linoleic acid,358.33,1.127,0.1195592350576392,Chromatography,True,train
j.jct.2012.06.009.xml,2012,32,KFZMGEQAYNKOFK-UHFFFAOYSA-N,POULHZVOKOAJMA-UHFFFAOYSA-N,2-propanol,lauric acid,314.1,1.5,0.4054651081081644,Chromatography,True,train
j.jct.2012.06.009.xml,2012,32,KFZMGEQAYNKOFK-UHFFFAOYSA-N,POULHZVOKOAJMA-UHFFFAOYSA-N,2-propanol,lauric acid,314.24,1.531,0.4259211166755466,Chromatography,True,train
j.jct.2012.06.009.xml,2012,32,KFZMGEQAYNKOFK-UHFFFAOYSA-N,POULHZVOKOAJMA-UHFFFAOYSA-N,2-propanol,lauric acid,333.26,1.334,0.288181947493432,Chromatography,True,train
j.jct.2012.06.009.xml,2012,32,KFZMGEQAYNKOFK-UHFFFAOYSA-N,POULHZVOKOAJMA-UHFFFAOYSA-N,2-propanol,lauric acid,333.38,1.37,0.3148107398400336,Chromatography,True,train
j.jct.2012.06.009.xml,2012,32,KFZMGEQAYNKOFK-UHFFFAOYSA-N,POULHZVOKOAJMA-UHFFFAOYSA-N,2-propanol,lauric acid,353.25,1.222,0.2004888607494035,Chromatography,True,train
j.jct.2012.06.009.xml,2012,32,KFZMGEQAYNKOFK-UHFFFAOYSA-N,POULHZVOKOAJMA-UHFFFAOYSA-N,2-propanol,lauric acid,353.3,1.238,0.2134971742624043,Chromatography,True,train
j.jct.2012.12.009.xml,2013,11,KFZMGEQAYNKOFK-UHFFFAOYSA-N,QIQXTHQIDYTFRH-UHFFFAOYSA-N,isopropanol,n-octadecanoic acid,349.38,1.337,0.2904282981198061,Chromatography,True,train
j.jct.2012.12.009.xml,2013,11,KFZMGEQAYNKOFK-UHFFFAOYSA-N,QIQXTHQIDYTFRH-UHFFFAOYSA-N,isopropanol,n-octadecanoic acid,358.46,1.262,0.2326977641190214,Chromatography,True,train
j.jct.2012.12.009.xml,2013,11,KFZMGEQAYNKOFK-UHFFFAOYSA-N,QIQXTHQIDYTFRH-UHFFFAOYSA-N,isopropanol,n-octadecanoic acid,367.93,1.175,0.1612681475961223,Chromatography,True,train
j.jct.2012.12.009.xml,2013,11,KFZMGEQAYNKOFK-UHFFFAOYSA-N,QIQXTHQIDYTFRH-UHFFFAOYSA-N,isopropanol,n-octadecanoic acid,368.19,1.142,0.1327811112338184,Chromatography,True,train
j.jct.2013.02.006.xml,2013,44,KFZMGEQAYNKOFK-UHFFFAOYSA-N,SECXISVLQFMRJM-UHFFFAOYSA-N,isopropanol,1-methylpyrrolidone,333.2,0.627,-0.4668087383492164,Chromatography,True,train
j.jct.2013.02.006.xml,2013,44,KFZMGEQAYNKOFK-UHFFFAOYSA-N,SECXISVLQFMRJM-UHFFFAOYSA-N,isopropanol,1-methylpyrrolidone,348.2,0.639,-0.4478508246046022,Chromatography,True,train
j.jct.2013.02.006.xml,2013,44,KFZMGEQAYNKOFK-UHFFFAOYSA-N,SECXISVLQFMRJM-UHFFFAOYSA-N,isopropanol,1-methylpyrrolidone,363.2,0.632,-0.4588658848352796,Chromatography,True,train
j.jct.2012.06.009.xml,2012,54,KFZMGEQAYNKOFK-UHFFFAOYSA-N,TUNFSRHWOTWDNC-UHFFFAOYSA-N,2-propanol,tetradecanoic acid,314.1,1.394,0.3321773123383321,Chromatography,True,train
j.jct.2012.06.009.xml,2012,54,KFZMGEQAYNKOFK-UHFFFAOYSA-N,TUNFSRHWOTWDNC-UHFFFAOYSA-N,2-propanol,tetradecanoic acid,314.24,1.421,0.3513608491149636,Chromatography,True,train
j.jct.2012.06.009.xml,2012,54,KFZMGEQAYNKOFK-UHFFFAOYSA-N,TUNFSRHWOTWDNC-UHFFFAOYSA-N,2-propanol,tetradecanoic acid,333.26,1.305,0.2662030407746567,Chromatography,True,train
j.jct.2012.06.009.xml,2012,54,KFZMGEQAYNKOFK-UHFFFAOYSA-N,TUNFSRHWOTWDNC-UHFFFAOYSA-N,2-propanol,tetradecanoic acid,333.38,1.297,0.2600539053343068,Chromatography,True,train
j.jct.2012.06.009.xml,2012,54,KFZMGEQAYNKOFK-UHFFFAOYSA-N,TUNFSRHWOTWDNC-UHFFFAOYSA-N,2-propanol,tetradecanoic acid,353.25,1.194,0.1773090149704103,Chromatography,True,train
j.jct.2012.06.009.xml,2012,54,KFZMGEQAYNKOFK-UHFFFAOYSA-N,TUNFSRHWOTWDNC-UHFFFAOYSA-N,2-propanol,tetradecanoic acid,353.3,1.187,0.171429115627531,Chromatography,True,train
je600567z.xml,2007,0,KFZMGEQAYNKOFK-UHFFFAOYSA-N,XLYOFNOQVPJJNP-UHFFFAOYSA-N,2-propanol,water,283.15,5.37,1.6808279085207734,Relative Headspace Analysis,True,train
je600567z.xml,2007,0,KFZMGEQAYNKOFK-UHFFFAOYSA-N,XLYOFNOQVPJJNP-UHFFFAOYSA-N,2-propanol,water,293.15,6.89,1.9300710850255671,Relative Headspace Analysis,True,train
je600567z.xml,2007,0,KFZMGEQAYNKOFK-UHFFFAOYSA-N,XLYOFNOQVPJJNP-UHFFFAOYSA-N,2-propanol,water,308.15,8.84,2.179286876649552,Relative Headspace Analysis,True,train
je600567z.xml,2007,1,KFZMGEQAYNKOFK-UHFFFAOYSA-N,XLYOFNOQVPJJNP-UHFFFAOYSA-N,2-propanol,water,333.15,11.8,2.468099531471619,Rayleigh distallation,True,train
je600567z.xml,2007,2,KFZMGEQAYNKOFK-UHFFFAOYSA-N,XLYOFNOQVPJJNP-UHFFFAOYSA-N,2-propanol,water,353.15,12.5,2.525728644308256,circulation equilibrium still,True,train
je600567z.xml,2007,2,KFZMGEQAYNKOFK-UHFFFAOYSA-N,XLYOFNOQVPJJNP-UHFFFAOYSA-N,2-propanol,water,363.15,12.9,2.5572273113676265,circulation equilibrium still,True,train
je600567z.xml,2007,2,KFZMGEQAYNKOFK-UHFFFAOYSA-N,XLYOFNOQVPJJNP-UHFFFAOYSA-N,2-propanol,water,371.15,13.1,2.5726122302071057,circulation equilibrium still,True,train
j.jct.2013.05.011.xml,2013,46,KFZMGEQAYNKOFK-UHFFFAOYSA-N,ZIBGPFATKBEMQZ-UHFFFAOYSA-N,2-propanol,triethylene glycol,333.2,1.45,0.371563556432483,Chromatography,True,train
j.jct.2013.05.011.xml,2013,46,KFZMGEQAYNKOFK-UHFFFAOYSA-N,ZIBGPFATKBEMQZ-UHFFFAOYSA-N,2-propanol,triethylene glycol,348.2,1.4,0.3364722366212129,Chromatography,True,train
j.jct.2013.05.011.xml,2013,46,KFZMGEQAYNKOFK-UHFFFAOYSA-N,ZIBGPFATKBEMQZ-UHFFFAOYSA-N,2-propanol,triethylene glycol,363.2,1.38,0.3220834991691132,Chromatography,True,train
j.fluid.2016.10.009.xml,2017,14,KNKRKFALVUDBJE-GSVOUGTGSA-N,JUJWROOIHBZHMG-UHFFFAOYSA-N,"1,2-dichloropropane",pyridine,298.15,0.93,-0.0725706928348353,Other,True,test_one
j.jct.2016.10.013.xml,2017,12,KWKAKUADMBZCLK-UHFFFAOYSA-N,LYCAIKOWRPUZTN-UHFFFAOYSA-N,1-octene,ethylene glycol,303.15,962.0,6.8690144506657065,Other,True,train
j.jct.2016.10.013.xml,2017,12,KWKAKUADMBZCLK-UHFFFAOYSA-N,LYCAIKOWRPUZTN-UHFFFAOYSA-N,1-octene,ethylene glycol,313.15,819.0,6.70808408385307,Other,True,train
j.jct.2016.10.013.xml,2017,12,KWKAKUADMBZCLK-UHFFFAOYSA-N,LYCAIKOWRPUZTN-UHFFFAOYSA-N,1-octene,ethylene glycol,323.15,736.0,6.601230118728877,Other,True,train
j.jct.2016.10.013.xml,2017,23,KWKAKUADMBZCLK-UHFFFAOYSA-N,MTHSVFCYNBDYFN-UHFFFAOYSA-N,1-octene,diethylene glycol,304.15,126.0,4.836281906951478,Other,True,test_one
j.jct.2016.10.013.xml,2017,23,KWKAKUADMBZCLK-UHFFFAOYSA-N,MTHSVFCYNBDYFN-UHFFFAOYSA-N,1-octene,diethylene glycol,313.15,116.0,4.7535901911063645,Other,True,test_one
j.jct.2016.10.013.xml,2017,23,KWKAKUADMBZCLK-UHFFFAOYSA-N,MTHSVFCYNBDYFN-UHFFFAOYSA-N,1-octene,diethylene glycol,323.15,108.0,4.68213122712422,Other,True,test_one
j.jct.2013.05.011.xml,2013,12,KWKAKUADMBZCLK-UHFFFAOYSA-N,MTHSVFCYNBDYFN-UHFFFAOYSA-N,1-octene,diethylene glycol,333.2,100.9,4.614129927359564,Chromatography,True,test_one
j.jct.2013.05.011.xml,2013,12,KWKAKUADMBZCLK-UHFFFAOYSA-N,MTHSVFCYNBDYFN-UHFFFAOYSA-N,1-octene,diethylene glycol,348.2,93.51,4.538068382447356,Chromatography,True,test_one
j.jct.2013.05.011.xml,2013,12,KWKAKUADMBZCLK-UHFFFAOYSA-N,MTHSVFCYNBDYFN-UHFFFAOYSA-N,1-octene,diethylene glycol,363.2,82.61,4.414130738574414,Chromatography,True,test_one
je200628n.xml,2011,8,KWKAKUADMBZCLK-UHFFFAOYSA-N,PWGJDPKCLMLPJW-UHFFFAOYSA-N,1-octene,"1,8-diaminooctane",328.15,3.937,1.3704190119616004,Chromatography,True,train
je200628n.xml,2011,8,KWKAKUADMBZCLK-UHFFFAOYSA-N,PWGJDPKCLMLPJW-UHFFFAOYSA-N,1-octene,"1,8-diaminooctane",338.15,3.377,1.2169877414034307,Chromatography,True,train
je200628n.xml,2011,8,KWKAKUADMBZCLK-UHFFFAOYSA-N,PWGJDPKCLMLPJW-UHFFFAOYSA-N,1-octene,"1,8-diaminooctane",343.15,3.159,1.1502555218199482,Chromatography,True,train
je200628n.xml,2011,8,KWKAKUADMBZCLK-UHFFFAOYSA-N,PWGJDPKCLMLPJW-UHFFFAOYSA-N,1-octene,"1,8-diaminooctane",348.15,3.004,1.0999447339018884,Chromatography,True,train
je200628n.xml,2011,62,KWKAKUADMBZCLK-UHFFFAOYSA-N,QFTYSVGGYOXFRQ-UHFFFAOYSA-N,1-octene,"1,12-diaminododecane",348.25,4.827,1.5742251566783558,Chromatography,False,train
je200628n.xml,2011,62,KWKAKUADMBZCLK-UHFFFAOYSA-N,QFTYSVGGYOXFRQ-UHFFFAOYSA-N,1-octene,"1,12-diaminododecane",353.15,4.53,1.5107219394949427,Chromatography,False,train
je200628n.xml,2011,62,KWKAKUADMBZCLK-UHFFFAOYSA-N,QFTYSVGGYOXFRQ-UHFFFAOYSA-N,1-octene,"1,12-diaminododecane",358.25,4.327,1.4648744612427478,Chromatography,False,train
je200628n.xml,2011,62,KWKAKUADMBZCLK-UHFFFAOYSA-N,QFTYSVGGYOXFRQ-UHFFFAOYSA-N,1-octene,"1,12-diaminododecane",363.21,4.105,1.4122057429043915,Chromatography,False,train
j.jct.2013.02.006.xml,2013,32,KWKAKUADMBZCLK-UHFFFAOYSA-N,SECXISVLQFMRJM-UHFFFAOYSA-N,1-octene,1-methylpyrrolidone,333.2,8.39,2.127040520479115,Chromatography,True,train
j.jct.2013.02.006.xml,2013,32,KWKAKUADMBZCLK-UHFFFAOYSA-N,SECXISVLQFMRJM-UHFFFAOYSA-N,1-octene,1-methylpyrrolidone,348.2,7.6,2.028148247292285,Chromatography,True,train
j.jct.2013.02.006.xml,2013,32,KWKAKUADMBZCLK-UHFFFAOYSA-N,SECXISVLQFMRJM-UHFFFAOYSA-N,1-octene,1-methylpyrrolidone,363.2,6.7,1.9021075263969205,Chromatography,True,train
je200628n.xml,2011,35,KWKAKUADMBZCLK-UHFFFAOYSA-N,YQLZOAVZWJBZSY-UHFFFAOYSA-N,1-octene,"1,10-diaminodecane",338.2,4.089,1.408300441382505,Chromatography,False,train
je200628n.xml,2011,35,KWKAKUADMBZCLK-UHFFFAOYSA-N,YQLZOAVZWJBZSY-UHFFFAOYSA-N,1-octene,"1,10-diaminodecane",348.15,3.651,1.2950011026734998,Chromatography,False,train
je200628n.xml,2011,35,KWKAKUADMBZCLK-UHFFFAOYSA-N,YQLZOAVZWJBZSY-UHFFFAOYSA-N,1-octene,"1,10-diaminodecane",353.22,3.447,1.2375042875347284,Chromatography,False,train
j.jct.2013.05.011.xml,2013,35,KWKAKUADMBZCLK-UHFFFAOYSA-N,ZIBGPFATKBEMQZ-UHFFFAOYSA-N,1-octene,triethylene glycol,333.2,55.9,4.023564380161053,Chromatography,True,train
j.jct.2013.05.011.xml,2013,35,KWKAKUADMBZCLK-UHFFFAOYSA-N,ZIBGPFATKBEMQZ-UHFFFAOYSA-N,1-octene,triethylene glycol,348.2,41.77,3.732178378509084,Chromatography,True,train
j.jct.2013.05.011.xml,2013,35,KWKAKUADMBZCLK-UHFFFAOYSA-N,ZIBGPFATKBEMQZ-UHFFFAOYSA-N,1-octene,triethylene glycol,363.2,36.81,3.60576954739093,Chromatography,True,train
j.jct.2005.08.004.xml,2006,65,LCGLNKUTAGEVQW-UHFFFAOYSA-N,AMQJEAYHLZJPGS-UHFFFAOYSA-N,methoxymethane,1-pentanol,270.06,1.79,0.5822156198526637,Chromatography,True,test_one
j.jct.2005.08.004.xml,2006,65,LCGLNKUTAGEVQW-UHFFFAOYSA-N,AMQJEAYHLZJPGS-UHFFFAOYSA-N,methoxymethane,1-pentanol,290.0,1.61,0.4762341789963717,Chromatography,True,test_one
j.jct.2005.08.004.xml,2006,65,LCGLNKUTAGEVQW-UHFFFAOYSA-N,AMQJEAYHLZJPGS-UHFFFAOYSA-N,methoxymethane,1-pentanol,309.99,1.48,0.3920420877760237,Chromatography,True,test_one
j.jct.2005.08.004.xml,2006,65,LCGLNKUTAGEVQW-UHFFFAOYSA-N,AMQJEAYHLZJPGS-UHFFFAOYSA-N,methoxymethane,1-pentanol,330.0,1.34,0.29266961396282,Chromatography,True,test_one
j.jct.2005.08.004.xml,2006,73,LCGLNKUTAGEVQW-UHFFFAOYSA-N,AQIXEPGDORPWBJ-UHFFFAOYSA-N,methoxymethane,3-pentanol,259.98,1.32,0.2776317365982795,Chromatography,True,train
j.jct.2005.08.004.xml,2006,73,LCGLNKUTAGEVQW-UHFFFAOYSA-N,AQIXEPGDORPWBJ-UHFFFAOYSA-N,methoxymethane,3-pentanol,270.03,1.25,0.2231435513142097,Chromatography,True,train
j.jct.2005.08.004.xml,2006,73,LCGLNKUTAGEVQW-UHFFFAOYSA-N,AQIXEPGDORPWBJ-UHFFFAOYSA-N,methoxymethane,3-pentanol,290.0,1.13,0.1222176327242491,Chromatography,True,train
j.jct.2005.08.004.xml,2006,73,LCGLNKUTAGEVQW-UHFFFAOYSA-N,AQIXEPGDORPWBJ-UHFFFAOYSA-N,methoxymethane,3-pentanol,309.99,1.05,0.048790164169432,Chromatography,True,train
j.jct.2005.08.004.xml,2006,73,LCGLNKUTAGEVQW-UHFFFAOYSA-N,AQIXEPGDORPWBJ-UHFFFAOYSA-N,methoxymethane,3-pentanol,330.0,1.0,0.0,Chromatography,True,train
j.jct.2005.08.004.xml,2006,11,LCGLNKUTAGEVQW-UHFFFAOYSA-N,BDERNNFJNOPAEC-UHFFFAOYSA-N,methoxymethane,1-propanol,259.93,2.11,0.7466879474879751,Chromatography,True,train
j.jct.2005.08.004.xml,2006,11,LCGLNKUTAGEVQW-UHFFFAOYSA-N,BDERNNFJNOPAEC-UHFFFAOYSA-N,methoxymethane,1-propanol,269.98,2.02,0.7030975114131134,Chromatography,True,train
j.jct.2005.08.004.xml,2006,11,LCGLNKUTAGEVQW-UHFFFAOYSA-N,BDERNNFJNOPAEC-UHFFFAOYSA-N,methoxymethane,1-propanol,290.0,1.89,0.636576829071551,Chromatography,True,train
j.jct.2005.08.004.xml,2006,11,LCGLNKUTAGEVQW-UHFFFAOYSA-N,BDERNNFJNOPAEC-UHFFFAOYSA-N,methoxymethane,1-propanol,309.99,1.75,0.5596157879354227,Chromatography,True,train
j.jct.2005.08.004.xml,2006,11,LCGLNKUTAGEVQW-UHFFFAOYSA-N,BDERNNFJNOPAEC-UHFFFAOYSA-N,methoxymethane,1-propanol,330.0,1.61,0.4762341789963717,Chromatography,True,train
je050343i.xml,2005,43,LCGLNKUTAGEVQW-UHFFFAOYSA-N,CPJRRXSHAYUTGL-UHFFFAOYSA-N,methoxymethane,3-methyl-3-buten-1-ol,269.95,1.23,0.2070141693843261,Chromatography,True,train
je050343i.xml,2005,43,LCGLNKUTAGEVQW-UHFFFAOYSA-N,CPJRRXSHAYUTGL-UHFFFAOYSA-N,methoxymethane,3-methyl-3-buten-1-ol,289.9,1.2,0.1823215567939546,Chromatography,True,train
je050343i.xml,2005,43,LCGLNKUTAGEVQW-UHFFFAOYSA-N,CPJRRXSHAYUTGL-UHFFFAOYSA-N,methoxymethane,3-methyl-3-buten-1-ol,309.99,1.17,0.1570037488096647,Chromatography,True,train
je050343i.xml,2005,43,LCGLNKUTAGEVQW-UHFFFAOYSA-N,CPJRRXSHAYUTGL-UHFFFAOYSA-N,methoxymethane,3-methyl-3-buten-1-ol,330.0,1.15,0.1397619423751586,Chromatography,True,train
je060395n.xml,2007,113,LCGLNKUTAGEVQW-UHFFFAOYSA-N,CTQNGGLPUBDAKN-UHFFFAOYSA-N,methoxymethane,"1,2-dimethylbenzene",250.05,1.23,0.2070141693843261,calculated from henry's law constants,True,train
je060395n.xml,2007,113,LCGLNKUTAGEVQW-UHFFFAOYSA-N,CTQNGGLPUBDAKN-UHFFFAOYSA-N,methoxymethane,"1,2-dimethylbenzene",269.91,1.24,0.2151113796169455,calculated from henry's law constants,True,train
je060395n.xml,2007,113,LCGLNKUTAGEVQW-UHFFFAOYSA-N,CTQNGGLPUBDAKN-UHFFFAOYSA-N,methoxymethane,"1,2-dimethylbenzene",289.97,1.25,0.2231435513142097,calculated from henry's law constants,True,train
je060395n.xml,2007,113,LCGLNKUTAGEVQW-UHFFFAOYSA-N,CTQNGGLPUBDAKN-UHFFFAOYSA-N,methoxymethane,"1,2-dimethylbenzene",309.98,1.27,0.2390169004704999,calculated from henry's law constants,True,train
je060395n.xml,2007,113,LCGLNKUTAGEVQW-UHFFFAOYSA-N,CTQNGGLPUBDAKN-UHFFFAOYSA-N,methoxymethane,"1,2-dimethylbenzene",329.99,1.27,0.2390169004704999,calculated from henry's law constants,True,train
je700270d.xml,2007,19,LCGLNKUTAGEVQW-UHFFFAOYSA-N,DHXVGJBLRPWPCS-UHFFFAOYSA-N,methoxymethane,tetrahydropyran,250.0,1.29,0.2546422183735807,Chromatography,True,train
je700270d.xml,2007,19,LCGLNKUTAGEVQW-UHFFFAOYSA-N,DHXVGJBLRPWPCS-UHFFFAOYSA-N,methoxymethane,tetrahydropyran,270.07,1.26,0.2311117209633866,Chromatography,True,train
je700270d.xml,2007,19,LCGLNKUTAGEVQW-UHFFFAOYSA-N,DHXVGJBLRPWPCS-UHFFFAOYSA-N,methoxymethane,tetrahydropyran,289.98,1.26,0.2311117209633866,Chromatography,True,train
je700270d.xml,2007,19,LCGLNKUTAGEVQW-UHFFFAOYSA-N,DHXVGJBLRPWPCS-UHFFFAOYSA-N,methoxymethane,tetrahydropyran,309.98,1.26,0.2311117209633866,Chromatography,True,train
je700270d.xml,2007,19,LCGLNKUTAGEVQW-UHFFFAOYSA-N,DHXVGJBLRPWPCS-UHFFFAOYSA-N,methoxymethane,tetrahydropyran,330.0,1.26,0.2311117209633866,Chromatography,True,train
j.jct.2005.08.004.xml,2006,49,LCGLNKUTAGEVQW-UHFFFAOYSA-N,DKGAVHZHDRPRBM-UHFFFAOYSA-N,methoxymethane,2-methyl-2-propanol,300.0,1.1,0.0953101798043249,Chromatography,True,train
j.jct.2005.08.004.xml,2006,49,LCGLNKUTAGEVQW-UHFFFAOYSA-N,DKGAVHZHDRPRBM-UHFFFAOYSA-N,methoxymethane,2-methyl-2-propanol,310.0,1.07,0.0676586484738148,Chromatography,True,train
j.jct.2005.08.004.xml,2006,49,LCGLNKUTAGEVQW-UHFFFAOYSA-N,DKGAVHZHDRPRBM-UHFFFAOYSA-N,methoxymethane,2-methyl-2-propanol,320.0,1.06,0.0582689081239758,Chromatography,True,train
j.jct.2005.08.004.xml,2006,49,LCGLNKUTAGEVQW-UHFFFAOYSA-N,DKGAVHZHDRPRBM-UHFFFAOYSA-N,methoxymethane,2-methyl-2-propanol,330.0,1.04,0.0392207131532813,Chromatography,True,train
je050343i.xml,2005,19,LCGLNKUTAGEVQW-UHFFFAOYSA-N,HNVRRHSXBLFLIG-UHFFFAOYSA-N,methoxymethane,"3-buten-2-ol, 2-methyl-",250.01,0.62,-0.4780358009429998,Chromatography,True,train
je050343i.xml,2005,19,LCGLNKUTAGEVQW-UHFFFAOYSA-N,HNVRRHSXBLFLIG-UHFFFAOYSA-N,methoxymethane,"3-buten-2-ol, 2-methyl-",269.96,0.67,-0.4004775665971252,Chromatography,True,train
je050343i.xml,2005,19,LCGLNKUTAGEVQW-UHFFFAOYSA-N,HNVRRHSXBLFLIG-UHFFFAOYSA-N,methoxymethane,"3-buten-2-ol, 2-methyl-",289.99,0.7,-0.3566749439387324,Chromatography,True,train
je050343i.xml,2005,19,LCGLNKUTAGEVQW-UHFFFAOYSA-N,HNVRRHSXBLFLIG-UHFFFAOYSA-N,methoxymethane,"3-buten-2-ol, 2-methyl-",309.99,0.72,-0.3285040669720361,Chromatography,True,train
je050343i.xml,2005,19,LCGLNKUTAGEVQW-UHFFFAOYSA-N,HNVRRHSXBLFLIG-UHFFFAOYSA-N,methoxymethane,"3-buten-2-ol, 2-methyl-",330.0,0.74,-0.3011050927839216,Chromatography,True,train
je060395n.xml,2007,115,LCGLNKUTAGEVQW-UHFFFAOYSA-N,IVSZLXZYQVIEFR-UHFFFAOYSA-N,methoxymethane,"1,3-dimethylbenzene",270.05,1.22,0.1988508587451651,calculated from henry's law constants,True,train
je060395n.xml,2007,115,LCGLNKUTAGEVQW-UHFFFAOYSA-N,IVSZLXZYQVIEFR-UHFFFAOYSA-N,methoxymethane,"1,3-dimethylbenzene",289.98,1.21,0.1906203596086497,calculated from henry's law constants,True,train
je060395n.xml,2007,115,LCGLNKUTAGEVQW-UHFFFAOYSA-N,IVSZLXZYQVIEFR-UHFFFAOYSA-N,methoxymethane,"1,3-dimethylbenzene",309.89,1.21,0.1906203596086497,calculated from henry's law constants,True,train
je060395n.xml,2007,115,LCGLNKUTAGEVQW-UHFFFAOYSA-N,IVSZLXZYQVIEFR-UHFFFAOYSA-N,methoxymethane,"1,3-dimethylbenzene",329.99,1.21,0.1906203596086497,calculated from henry's law constants,True,train
je100529s.xml,2010,67,LCGLNKUTAGEVQW-UHFFFAOYSA-N,IWDCLRJOBJJRNH-UHFFFAOYSA-N,methoxymethane,4-methylphenol,309.98,0.16,-1.8325814637483104,Gas Stripping Method,True,train
je100529s.xml,2010,67,LCGLNKUTAGEVQW-UHFFFAOYSA-N,IWDCLRJOBJJRNH-UHFFFAOYSA-N,methoxymethane,4-methylphenol,319.98,0.19,-1.6607312068216509,Gas Stripping Method,True,train
je100529s.xml,2010,67,LCGLNKUTAGEVQW-UHFFFAOYSA-N,IWDCLRJOBJJRNH-UHFFFAOYSA-N,methoxymethane,4-methylphenol,329.99,0.21,-1.5606477482646683,Gas Stripping Method,True,train
je100529s.xml,2010,67,LCGLNKUTAGEVQW-UHFFFAOYSA-N,IWDCLRJOBJJRNH-UHFFFAOYSA-N,methoxymethane,4-methylphenol,340.01,0.24,-1.4271163556401458,Gas Stripping Method,True,train
j.jct.2005.08.004.xml,2006,57,LCGLNKUTAGEVQW-UHFFFAOYSA-N,JYVLIDXNZAXMDK-YFKPBYRVSA-N,methoxymethane,2-pentanol,270.05,1.65,0.5007752879124892,Chromatography,True,train
j.jct.2005.08.004.xml,2006,57,LCGLNKUTAGEVQW-UHFFFAOYSA-N,JYVLIDXNZAXMDK-YFKPBYRVSA-N,methoxymethane,2-pentanol,290.0,1.44,0.3646431135879092,Chromatography,True,train
j.jct.2005.08.004.xml,2006,57,LCGLNKUTAGEVQW-UHFFFAOYSA-N,JYVLIDXNZAXMDK-YFKPBYRVSA-N,methoxymethane,2-pentanol,309.99,1.3,0.262364264467491,Chromatography,True,train
j.jct.2005.08.004.xml,2006,57,LCGLNKUTAGEVQW-UHFFFAOYSA-N,JYVLIDXNZAXMDK-YFKPBYRVSA-N,methoxymethane,2-pentanol,330.01,1.16,0.1484200051182732,Chromatography,True,train
j.jct.2005.08.004.xml,2006,19,LCGLNKUTAGEVQW-UHFFFAOYSA-N,KFZMGEQAYNKOFK-UHFFFAOYSA-N,methoxymethane,2-propanol,269.99,1.94,0.6626879730752367,Chromatography,True,train
j.jct.2005.08.004.xml,2006,19,LCGLNKUTAGEVQW-UHFFFAOYSA-N,KFZMGEQAYNKOFK-UHFFFAOYSA-N,methoxymethane,2-propanol,289.99,1.77,0.5709795465857378,Chromatography,True,train
j.jct.2005.08.004.xml,2006,19,LCGLNKUTAGEVQW-UHFFFAOYSA-N,KFZMGEQAYNKOFK-UHFFFAOYSA-N,methoxymethane,2-propanol,309.99,1.62,0.4824261492442928,Chromatography,True,train
j.jct.2005.08.004.xml,2006,19,LCGLNKUTAGEVQW-UHFFFAOYSA-N,KFZMGEQAYNKOFK-UHFFFAOYSA-N,methoxymethane,2-propanol,330.0,1.46,0.378436435720245,Chromatography,True,train
j.jct.2005.08.004.xml,2006,35,LCGLNKUTAGEVQW-UHFFFAOYSA-N,LRHPLDYGYMQRHN-UHFFFAOYSA-N,methoxymethane,1-butanol,269.94,1.84,0.6097655716208943,Chromatography,True,train
j.jct.2005.08.004.xml,2006,35,LCGLNKUTAGEVQW-UHFFFAOYSA-N,LRHPLDYGYMQRHN-UHFFFAOYSA-N,methoxymethane,1-butanol,289.99,1.7,0.5306282510621704,Chromatography,True,train
j.jct.2005.08.004.xml,2006,35,LCGLNKUTAGEVQW-UHFFFAOYSA-N,LRHPLDYGYMQRHN-UHFFFAOYSA-N,methoxymethane,1-butanol,309.99,1.58,0.4574248470388755,Chromatography,True,train
j.jct.2005.08.004.xml,2006,35,LCGLNKUTAGEVQW-UHFFFAOYSA-N,LRHPLDYGYMQRHN-UHFFFAOYSA-N,methoxymethane,1-butanol,330.01,1.44,0.3646431135879092,Chromatography,True,train
j.jct.2005.08.004.xml,2006,3,LCGLNKUTAGEVQW-UHFFFAOYSA-N,OKKJLVBELUTLKV-UHFFFAOYSA-N,methoxymethane,methanol,269.97,2.41,0.8796267475025636,Chromatography,True,train
j.jct.2005.08.004.xml,2006,3,LCGLNKUTAGEVQW-UHFFFAOYSA-N,OKKJLVBELUTLKV-UHFFFAOYSA-N,methoxymethane,methanol,289.99,2.37,0.8628899551470398,Chromatography,True,train
j.jct.2005.08.004.xml,2006,3,LCGLNKUTAGEVQW-UHFFFAOYSA-N,OKKJLVBELUTLKV-UHFFFAOYSA-N,methoxymethane,methanol,309.99,2.34,0.85015092936961,Chromatography,True,train
j.jct.2005.08.004.xml,2006,3,LCGLNKUTAGEVQW-UHFFFAOYSA-N,OKKJLVBELUTLKV-UHFFFAOYSA-N,methoxymethane,methanol,330.0,2.27,0.8197798314933114,Chromatography,True,train
j.jct.2005.08.004.xml,2006,97,LCGLNKUTAGEVQW-UHFFFAOYSA-N,PHTQWCKDNZKARW-UHFFFAOYSA-N,methoxymethane,3-methyl-1-butanol,270.03,1.71,0.5364933705145685,Chromatography,True,train
j.jct.2005.08.004.xml,2006,97,LCGLNKUTAGEVQW-UHFFFAOYSA-N,PHTQWCKDNZKARW-UHFFFAOYSA-N,methoxymethane,3-methyl-1-butanol,290.0,1.56,0.4446858212614457,Chromatography,True,train
j.jct.2005.08.004.xml,2006,97,LCGLNKUTAGEVQW-UHFFFAOYSA-N,PHTQWCKDNZKARW-UHFFFAOYSA-N,methoxymethane,3-methyl-1-butanol,309.99,1.43,0.3576744442718159,Chromatography,True,train
j.jct.2005.08.004.xml,2006,97,LCGLNKUTAGEVQW-UHFFFAOYSA-N,PHTQWCKDNZKARW-UHFFFAOYSA-N,methoxymethane,3-methyl-1-butanol,329.99,1.31,0.2700271372130602,Chromatography,True,train
je060395n.xml,2007,119,LCGLNKUTAGEVQW-UHFFFAOYSA-N,PPBRXRYQALVLMV-UHFFFAOYSA-N,methoxymethane,styrene,250.04,0.97,-0.0304592074847085,calculated from henry's law constants,True,train
je060395n.xml,2007,119,LCGLNKUTAGEVQW-UHFFFAOYSA-N,PPBRXRYQALVLMV-UHFFFAOYSA-N,methoxymethane,styrene,270.2,1.03,0.0295588022415444,calculated from henry's law constants,True,train
je060395n.xml,2007,119,LCGLNKUTAGEVQW-UHFFFAOYSA-N,PPBRXRYQALVLMV-UHFFFAOYSA-N,methoxymethane,styrene,289.98,1.06,0.0582689081239758,calculated from henry's law constants,True,train
je060395n.xml,2007,119,LCGLNKUTAGEVQW-UHFFFAOYSA-N,PPBRXRYQALVLMV-UHFFFAOYSA-N,methoxymethane,styrene,309.84,1.11,0.1043600153242428,calculated from henry's law constants,True,train
je060395n.xml,2007,119,LCGLNKUTAGEVQW-UHFFFAOYSA-N,PPBRXRYQALVLMV-UHFFFAOYSA-N,methoxymethane,styrene,329.99,1.14,0.131028262406404,calculated from henry's law constants,True,train
j.jct.2005.08.004.xml,2006,81,LCGLNKUTAGEVQW-UHFFFAOYSA-N,QPRQEDXDYOZYLA-YFKPBYRVSA-N,methoxymethane,2-methyl-1-butanol,270.01,1.65,0.5007752879124892,Chromatography,True,train
j.jct.2005.08.004.xml,2006,81,LCGLNKUTAGEVQW-UHFFFAOYSA-N,QPRQEDXDYOZYLA-YFKPBYRVSA-N,methoxymethane,2-methyl-1-butanol,289.99,1.46,0.378436435720245,Chromatography,True,train
j.jct.2005.08.004.xml,2006,81,LCGLNKUTAGEVQW-UHFFFAOYSA-N,QPRQEDXDYOZYLA-YFKPBYRVSA-N,methoxymethane,2-methyl-1-butanol,309.99,1.32,0.2776317365982795,Chromatography,True,train
j.jct.2005.08.004.xml,2006,81,LCGLNKUTAGEVQW-UHFFFAOYSA-N,QPRQEDXDYOZYLA-YFKPBYRVSA-N,methoxymethane,2-methyl-1-butanol,330.0,1.21,0.1906203596086497,Chromatography,True,train
je100529s.xml,2010,19,LCGLNKUTAGEVQW-UHFFFAOYSA-N,QWVGKYWNOKOFNN-UHFFFAOYSA-N,methoxymethane,2-methylphenol,299.99,0.1,-2.302585092994045,Gas Stripping Method,True,train
je100529s.xml,2010,19,LCGLNKUTAGEVQW-UHFFFAOYSA-N,QWVGKYWNOKOFNN-UHFFFAOYSA-N,methoxymethane,2-methylphenol,309.98,0.12,-2.120263536200091,Gas Stripping Method,True,train
je100529s.xml,2010,19,LCGLNKUTAGEVQW-UHFFFAOYSA-N,QWVGKYWNOKOFNN-UHFFFAOYSA-N,methoxymethane,2-methylphenol,319.98,0.14,-1.9661128563728327,Gas Stripping Method,True,train
je100529s.xml,2010,19,LCGLNKUTAGEVQW-UHFFFAOYSA-N,QWVGKYWNOKOFNN-UHFFFAOYSA-N,methoxymethane,2-methylphenol,329.99,0.18,-1.7147984280919266,Gas Stripping Method,True,train
je100529s.xml,2010,43,LCGLNKUTAGEVQW-UHFFFAOYSA-N,RLSSMJSEOOYNOY-UHFFFAOYSA-N,methoxymethane,3-methylphenol,289.97,0.11,-2.2072749131897207,Gas Stripping Method,True,train
je100529s.xml,2010,43,LCGLNKUTAGEVQW-UHFFFAOYSA-N,RLSSMJSEOOYNOY-UHFFFAOYSA-N,methoxymethane,3-methylphenol,299.98,0.13,-2.0402208285265546,Gas Stripping Method,True,train
je100529s.xml,2010,43,LCGLNKUTAGEVQW-UHFFFAOYSA-N,RLSSMJSEOOYNOY-UHFFFAOYSA-N,methoxymethane,3-methylphenol,309.98,0.15,-1.8971199848858813,Gas Stripping Method,True,train
je100529s.xml,2010,43,LCGLNKUTAGEVQW-UHFFFAOYSA-N,RLSSMJSEOOYNOY-UHFFFAOYSA-N,methoxymethane,3-methylphenol,319.99,0.18,-1.7147984280919266,Gas Stripping Method,True,train
je100529s.xml,2010,43,LCGLNKUTAGEVQW-UHFFFAOYSA-N,RLSSMJSEOOYNOY-UHFFFAOYSA-N,methoxymethane,3-methylphenol,329.99,0.2,-1.6094379124341005,Gas Stripping Method,True,train
je060395n.xml,2007,109,LCGLNKUTAGEVQW-UHFFFAOYSA-N,UHOVQNZJYSORNB-UHFFFAOYSA-N,methoxymethane,benzene,279.95,1.13,0.1222176327242491,calculated from henry's law constants,True,train
je060395n.xml,2007,109,LCGLNKUTAGEVQW-UHFFFAOYSA-N,UHOVQNZJYSORNB-UHFFFAOYSA-N,methoxymethane,benzene,289.97,1.15,0.1397619423751586,calculated from henry's law constants,True,train
je060395n.xml,2007,109,LCGLNKUTAGEVQW-UHFFFAOYSA-N,UHOVQNZJYSORNB-UHFFFAOYSA-N,methoxymethane,benzene,309.98,1.18,0.1655144384775733,calculated from henry's law constants,True,train
je060395n.xml,2007,109,LCGLNKUTAGEVQW-UHFFFAOYSA-N,UHOVQNZJYSORNB-UHFFFAOYSA-N,methoxymethane,benzene,329.99,1.26,0.2311117209633866,calculated from henry's law constants,True,train
je060395n.xml,2007,117,LCGLNKUTAGEVQW-UHFFFAOYSA-N,URLKBWYHVLBVBO-UHFFFAOYSA-N,methoxymethane,"1,4-dimethylbenzene",289.97,1.17,0.1570037488096647,calculated from henry's law constants,True,test_one
je060395n.xml,2007,117,LCGLNKUTAGEVQW-UHFFFAOYSA-N,URLKBWYHVLBVBO-UHFFFAOYSA-N,methoxymethane,"1,4-dimethylbenzene",299.98,1.18,0.1655144384775733,calculated from henry's law constants,True,test_one
je060395n.xml,2007,117,LCGLNKUTAGEVQW-UHFFFAOYSA-N,URLKBWYHVLBVBO-UHFFFAOYSA-N,methoxymethane,"1,4-dimethylbenzene",309.98,1.18,0.1655144384775733,calculated from henry's law constants,True,test_one
je060395n.xml,2007,117,LCGLNKUTAGEVQW-UHFFFAOYSA-N,URLKBWYHVLBVBO-UHFFFAOYSA-N,methoxymethane,"1,4-dimethylbenzene",319.99,1.2,0.1823215567939546,calculated from henry's law constants,True,test_one
je060395n.xml,2007,117,LCGLNKUTAGEVQW-UHFFFAOYSA-N,URLKBWYHVLBVBO-UHFFFAOYSA-N,methoxymethane,"1,4-dimethylbenzene",329.99,1.2,0.1823215567939546,calculated from henry's law constants,True,test_one
je0502647.xml,2005,23,LCGLNKUTAGEVQW-UHFFFAOYSA-N,XXROGKLTLUQVRX-UHFFFAOYSA-N,methoxymethane,2-propenol,270.06,1.22,0.1988508587451651,gas stripping method,True,train
je0502647.xml,2005,23,LCGLNKUTAGEVQW-UHFFFAOYSA-N,XXROGKLTLUQVRX-UHFFFAOYSA-N,methoxymethane,2-propenol,289.99,1.2,0.1823215567939546,gas stripping method,True,train
je0502647.xml,2005,23,LCGLNKUTAGEVQW-UHFFFAOYSA-N,XXROGKLTLUQVRX-UHFFFAOYSA-N,methoxymethane,2-propenol,309.98,1.2,0.1823215567939546,gas stripping method,True,train
je0502647.xml,2005,23,LCGLNKUTAGEVQW-UHFFFAOYSA-N,XXROGKLTLUQVRX-UHFFFAOYSA-N,methoxymethane,2-propenol,329.99,1.16,0.1484200051182732,gas stripping method,True,train
je060395n.xml,2007,111,LCGLNKUTAGEVQW-UHFFFAOYSA-N,YXFVVABEGXRONW-UHFFFAOYSA-N,methoxymethane,toluene,250.04,1.07,0.0676586484738148,calculated from henry's law constants,True,train
je060395n.xml,2007,111,LCGLNKUTAGEVQW-UHFFFAOYSA-N,YXFVVABEGXRONW-UHFFFAOYSA-N,methoxymethane,toluene,270.2,1.1,0.0953101798043249,calculated from henry's law constants,True,train
je060395n.xml,2007,111,LCGLNKUTAGEVQW-UHFFFAOYSA-N,YXFVVABEGXRONW-UHFFFAOYSA-N,methoxymethane,toluene,289.98,1.13,0.1222176327242491,calculated from henry's law constants,True,train
je060395n.xml,2007,111,LCGLNKUTAGEVQW-UHFFFAOYSA-N,YXFVVABEGXRONW-UHFFFAOYSA-N,methoxymethane,toluene,309.84,1.16,0.1484200051182732,calculated from henry's law constants,True,train
je060395n.xml,2007,111,LCGLNKUTAGEVQW-UHFFFAOYSA-N,YXFVVABEGXRONW-UHFFFAOYSA-N,methoxymethane,toluene,329.99,1.17,0.1570037488096647,calculated from henry's law constants,True,train
j.jct.2005.08.004.xml,2006,43,LCGLNKUTAGEVQW-UHFFFAOYSA-N,ZXEKIIBDNHEJCQ-UHFFFAOYSA-N,methoxymethane,2-methyl-1-propanol,270.01,1.68,0.5187937934151675,Chromatography,True,test_one
j.jct.2005.08.004.xml,2006,43,LCGLNKUTAGEVQW-UHFFFAOYSA-N,ZXEKIIBDNHEJCQ-UHFFFAOYSA-N,methoxymethane,2-methyl-1-propanol,289.99,1.53,0.4252677354043441,Chromatography,True,test_one
j.jct.2005.08.004.xml,2006,43,LCGLNKUTAGEVQW-UHFFFAOYSA-N,ZXEKIIBDNHEJCQ-UHFFFAOYSA-N,methoxymethane,2-methyl-1-propanol,309.99,1.41,0.3435897043900768,Chromatography,True,test_one
j.jct.2005.08.004.xml,2006,43,LCGLNKUTAGEVQW-UHFFFAOYSA-N,ZXEKIIBDNHEJCQ-UHFFFAOYSA-N,methoxymethane,2-methyl-1-propanol,329.93,1.31,0.2700271372130602,Chromatography,True,test_one
je1005517.xml,2011,26,LFQSCWFLJHTTHZ-UHFFFAOYSA-N,BTFJIXJJCSYFAL-UHFFFAOYSA-N,ethanol,1-eicosanol,338.15,0.1244,-2.084253098677058,GC,True,train
je1005517.xml,2011,26,LFQSCWFLJHTTHZ-UHFFFAOYSA-N,BTFJIXJJCSYFAL-UHFFFAOYSA-N,ethanol,1-eicosanol,343.15,0.1174,-2.142168371588141,GC,True,train
je1005517.xml,2011,26,LFQSCWFLJHTTHZ-UHFFFAOYSA-N,BTFJIXJJCSYFAL-UHFFFAOYSA-N,ethanol,1-eicosanol,348.15,0.1056,-2.248096907709976,GC,True,train
je1005517.xml,2011,26,LFQSCWFLJHTTHZ-UHFFFAOYSA-N,BTFJIXJJCSYFAL-UHFFFAOYSA-N,ethanol,1-eicosanol,353.15,0.095,-2.353878387381596,GC,True,train
j.jct.2012.12.009.xml,2013,68,LFQSCWFLJHTTHZ-UHFFFAOYSA-N,DTOSIQBPPRVQHS-PDBXOOCHSA-N,ethanol,"9,12,15-octadecatrienoic acid",303.13,1.07,0.0676586484738148,Chromatography,True,train
j.jct.2012.12.009.xml,2013,68,LFQSCWFLJHTTHZ-UHFFFAOYSA-N,DTOSIQBPPRVQHS-PDBXOOCHSA-N,ethanol,"9,12,15-octadecatrienoic acid",313.25,1.216,0.1955667835439752,Chromatography,True,train
j.jct.2012.12.009.xml,2013,68,LFQSCWFLJHTTHZ-UHFFFAOYSA-N,DTOSIQBPPRVQHS-PDBXOOCHSA-N,ethanol,"9,12,15-octadecatrienoic acid",323.26,1.316,0.2745968329031255,Chromatography,True,train
j.jct.2012.06.009.xml,2012,8,LFQSCWFLJHTTHZ-UHFFFAOYSA-N,GHVNFZFCNZKVNT-UHFFFAOYSA-N,ethyl alcohol,capric acid,314.1,2.115,0.7490548124982414,Chromatography,True,train
j.jct.2012.06.009.xml,2012,8,LFQSCWFLJHTTHZ-UHFFFAOYSA-N,GHVNFZFCNZKVNT-UHFFFAOYSA-N,ethyl alcohol,capric acid,314.24,2.067,0.7260982806996313,Chromatography,True,train
j.jct.2012.06.009.xml,2012,8,LFQSCWFLJHTTHZ-UHFFFAOYSA-N,GHVNFZFCNZKVNT-UHFFFAOYSA-N,ethyl alcohol,capric acid,333.26,1.728,0.5469646703818639,Chromatography,True,train
j.jct.2012.06.009.xml,2012,8,LFQSCWFLJHTTHZ-UHFFFAOYSA-N,GHVNFZFCNZKVNT-UHFFFAOYSA-N,ethyl alcohol,capric acid,333.38,1.783,0.5782973388810033,Chromatography,True,train
j.jct.2012.06.009.xml,2012,8,LFQSCWFLJHTTHZ-UHFFFAOYSA-N,GHVNFZFCNZKVNT-UHFFFAOYSA-N,ethyl alcohol,capric acid,353.3,1.478,0.39068982252601,Chromatography,True,train
je1005517.xml,2011,4,LFQSCWFLJHTTHZ-UHFFFAOYSA-N,GLDOVTGHNKAZLK-UHFFFAOYSA-N,ethanol,1-octadecanol,333.15,0.0433,-3.139602643973693,GC,True,train
je1005517.xml,2011,4,LFQSCWFLJHTTHZ-UHFFFAOYSA-N,GLDOVTGHNKAZLK-UHFFFAOYSA-N,ethanol,1-octadecanol,338.15,0.0396,-3.228926160721702,GC,True,train
je1005517.xml,2011,4,LFQSCWFLJHTTHZ-UHFFFAOYSA-N,GLDOVTGHNKAZLK-UHFFFAOYSA-N,ethanol,1-octadecanol,343.15,0.0369,-3.299543727935656,GC,True,train
je1005517.xml,2011,4,LFQSCWFLJHTTHZ-UHFFFAOYSA-N,GLDOVTGHNKAZLK-UHFFFAOYSA-N,ethanol,1-octadecanol,348.15,0.0343,-3.372609924810243,GC,True,train
je1005517.xml,2011,4,LFQSCWFLJHTTHZ-UHFFFAOYSA-N,GLDOVTGHNKAZLK-UHFFFAOYSA-N,ethanol,1-octadecanol,353.15,0.032,-3.4420193761824103,GC,True,train
j.jct.2012.06.009.xml,2012,72,LFQSCWFLJHTTHZ-UHFFFAOYSA-N,IPCSVZSSVZVIGE-UHFFFAOYSA-N,ethyl alcohol,hexadecanoic acid,340.19,1.927,0.6559643894322293,Chromatography,True,train
j.jct.2012.06.009.xml,2012,72,LFQSCWFLJHTTHZ-UHFFFAOYSA-N,IPCSVZSSVZVIGE-UHFFFAOYSA-N,ethyl alcohol,hexadecanoic acid,348.01,1.802,0.5888971591861462,Chromatography,True,train
j.jct.2012.06.009.xml,2012,72,LFQSCWFLJHTTHZ-UHFFFAOYSA-N,IPCSVZSSVZVIGE-UHFFFAOYSA-N,ethyl alcohol,hexadecanoic acid,358.23,1.624,0.4848922417394862,Chromatography,True,train
j.jct.2013.05.011.xml,2013,21,LFQSCWFLJHTTHZ-UHFFFAOYSA-N,MTHSVFCYNBDYFN-UHFFFAOYSA-N,ethanol,diethylene glycol,333.2,1.47,0.3852624007906449,Chromatography,True,test_one
j.jct.2013.05.011.xml,2013,21,LFQSCWFLJHTTHZ-UHFFFAOYSA-N,MTHSVFCYNBDYFN-UHFFFAOYSA-N,ethanol,diethylene glycol,348.2,1.46,0.378436435720245,Chromatography,True,test_one
j.jct.2013.05.011.xml,2013,21,LFQSCWFLJHTTHZ-UHFFFAOYSA-N,MTHSVFCYNBDYFN-UHFFFAOYSA-N,ethanol,diethylene glycol,363.2,1.46,0.378436435720245,Chromatography,True,test_one
j.jct.2012.12.009.xml,2013,49,LFQSCWFLJHTTHZ-UHFFFAOYSA-N,OYHQOLUKZRVURQ-HZJYTTRNSA-N,ethanol,linoleic acid,338.28,1.362,0.3089542077273207,Chromatography,True,train
j.jct.2012.12.009.xml,2013,49,LFQSCWFLJHTTHZ-UHFFFAOYSA-N,OYHQOLUKZRVURQ-HZJYTTRNSA-N,ethanol,linoleic acid,348.28,1.222,0.2004888607494035,Chromatography,True,train
j.jct.2012.12.009.xml,2013,49,LFQSCWFLJHTTHZ-UHFFFAOYSA-N,OYHQOLUKZRVURQ-HZJYTTRNSA-N,ethanol,linoleic acid,358.3,1.231,0.2078268472023165,Chromatography,True,train
j.jct.2012.06.009.xml,2012,29,LFQSCWFLJHTTHZ-UHFFFAOYSA-N,POULHZVOKOAJMA-UHFFFAOYSA-N,ethyl alcohol,lauric acid,314.1,1.924,0.6544063522435147,Chromatography,True,train
j.jct.2012.06.009.xml,2012,29,LFQSCWFLJHTTHZ-UHFFFAOYSA-N,POULHZVOKOAJMA-UHFFFAOYSA-N,ethyl alcohol,lauric acid,314.24,2.017,0.7016112589720747,Chromatography,True,train
j.jct.2012.06.009.xml,2012,29,LFQSCWFLJHTTHZ-UHFFFAOYSA-N,POULHZVOKOAJMA-UHFFFAOYSA-N,ethyl alcohol,lauric acid,333.38,1.786,0.5799784824543073,Chromatography,True,train
j.jct.2012.06.009.xml,2012,29,LFQSCWFLJHTTHZ-UHFFFAOYSA-N,POULHZVOKOAJMA-UHFFFAOYSA-N,ethyl alcohol,lauric acid,353.25,1.561,0.445326641533295,Chromatography,True,train
j.jct.2012.06.009.xml,2012,29,LFQSCWFLJHTTHZ-UHFFFAOYSA-N,POULHZVOKOAJMA-UHFFFAOYSA-N,ethyl alcohol,lauric acid,353.3,1.566,0.4485245975686114,Chromatography,True,train
je200628n.xml,2011,11,LFQSCWFLJHTTHZ-UHFFFAOYSA-N,PWGJDPKCLMLPJW-UHFFFAOYSA-N,ethanol,"1,8-diaminooctane",328.15,0.384,-0.95711272639441,Chromatography,True,train
je200628n.xml,2011,11,LFQSCWFLJHTTHZ-UHFFFAOYSA-N,PWGJDPKCLMLPJW-UHFFFAOYSA-N,ethanol,"1,8-diaminooctane",338.15,0.407,-0.8989420935395421,Chromatography,True,train
je200628n.xml,2011,11,LFQSCWFLJHTTHZ-UHFFFAOYSA-N,PWGJDPKCLMLPJW-UHFFFAOYSA-N,ethanol,"1,8-diaminooctane",343.15,0.42,-0.8675005677047231,Chromatography,True,train
je200628n.xml,2011,11,LFQSCWFLJHTTHZ-UHFFFAOYSA-N,PWGJDPKCLMLPJW-UHFFFAOYSA-N,ethanol,"1,8-diaminooctane",348.15,0.435,-0.8324092478934529,Chromatography,True,train
je200628n.xml,2011,65,LFQSCWFLJHTTHZ-UHFFFAOYSA-N,QFTYSVGGYOXFRQ-UHFFFAOYSA-N,ethanol,"1,12-diaminododecane",348.25,0.828,-0.1887421245968774,Chromatography,False,train
je200628n.xml,2011,65,LFQSCWFLJHTTHZ-UHFFFAOYSA-N,QFTYSVGGYOXFRQ-UHFFFAOYSA-N,ethanol,"1,12-diaminododecane",353.15,0.891,-0.1154108515113277,Chromatography,False,train
je200628n.xml,2011,65,LFQSCWFLJHTTHZ-UHFFFAOYSA-N,QFTYSVGGYOXFRQ-UHFFFAOYSA-N,ethanol,"1,12-diaminododecane",358.25,0.952,-0.0491902441907717,Chromatography,False,train
je200628n.xml,2011,65,LFQSCWFLJHTTHZ-UHFFFAOYSA-N,QFTYSVGGYOXFRQ-UHFFFAOYSA-N,ethanol,"1,12-diaminododecane",363.21,1.029,0.0285874568519124,Chromatography,False,train
j.jct.2012.12.009.xml,2013,8,LFQSCWFLJHTTHZ-UHFFFAOYSA-N,QIQXTHQIDYTFRH-UHFFFAOYSA-N,ethanol,n-octadecanoic acid,349.48,1.811,0.5938791789012763,Chromatography,True,train
j.jct.2012.12.009.xml,2013,8,LFQSCWFLJHTTHZ-UHFFFAOYSA-N,QIQXTHQIDYTFRH-UHFFFAOYSA-N,ethanol,n-octadecanoic acid,358.39,1.713,0.5382462193419829,Chromatography,True,train
j.jct.2012.12.009.xml,2013,8,LFQSCWFLJHTTHZ-UHFFFAOYSA-N,QIQXTHQIDYTFRH-UHFFFAOYSA-N,ethanol,n-octadecanoic acid,368.13,1.549,0.4376095614347315,Chromatography,True,train
j.jct.2013.02.006.xml,2013,42,LFQSCWFLJHTTHZ-UHFFFAOYSA-N,SECXISVLQFMRJM-UHFFFAOYSA-N,ethanol,1-methylpyrrolidone,333.2,0.606,-0.5008752929128226,Chromatography,True,train
j.jct.2013.02.006.xml,2013,42,LFQSCWFLJHTTHZ-UHFFFAOYSA-N,SECXISVLQFMRJM-UHFFFAOYSA-N,ethanol,1-methylpyrrolidone,348.2,0.605,-0.5025268209512956,Chromatography,True,train
j.jct.2013.02.006.xml,2013,42,LFQSCWFLJHTTHZ-UHFFFAOYSA-N,SECXISVLQFMRJM-UHFFFAOYSA-N,ethanol,1-methylpyrrolidone,363.2,0.618,-0.4812668215244463,Chromatography,True,train
j.jct.2012.06.009.xml,2012,51,LFQSCWFLJHTTHZ-UHFFFAOYSA-N,TUNFSRHWOTWDNC-UHFFFAOYSA-N,ethyl alcohol,tetradecanoic acid,314.1,1.82,0.598836501088704,Chromatography,True,train
j.jct.2012.06.009.xml,2012,51,LFQSCWFLJHTTHZ-UHFFFAOYSA-N,TUNFSRHWOTWDNC-UHFFFAOYSA-N,ethyl alcohol,tetradecanoic acid,314.24,1.786,0.5799784824543073,Chromatography,True,train
j.jct.2012.06.009.xml,2012,51,LFQSCWFLJHTTHZ-UHFFFAOYSA-N,TUNFSRHWOTWDNC-UHFFFAOYSA-N,ethyl alcohol,tetradecanoic acid,333.26,1.666,0.5104255437446509,Chromatography,True,train
j.jct.2012.06.009.xml,2012,51,LFQSCWFLJHTTHZ-UHFFFAOYSA-N,TUNFSRHWOTWDNC-UHFFFAOYSA-N,ethyl alcohol,tetradecanoic acid,333.38,1.667,0.511025603768657,Chromatography,True,train
j.jct.2012.06.009.xml,2012,51,LFQSCWFLJHTTHZ-UHFFFAOYSA-N,TUNFSRHWOTWDNC-UHFFFAOYSA-N,ethyl alcohol,tetradecanoic acid,353.25,1.533,0.427226599889677,Chromatography,True,train
j.jct.2012.06.009.xml,2012,51,LFQSCWFLJHTTHZ-UHFFFAOYSA-N,TUNFSRHWOTWDNC-UHFFFAOYSA-N,ethyl alcohol,tetradecanoic acid,353.3,1.519,0.4180522236136357,Chromatography,True,train
j.fluid.2005.08.018.xml,2005,3,LFQSCWFLJHTTHZ-UHFFFAOYSA-N,XLYOFNOQVPJJNP-UHFFFAOYSA-N,ethanol,water,273.35,2.54,0.9321640810304452,headspace analysis,True,train
j.fluid.2005.08.018.xml,2005,3,LFQSCWFLJHTTHZ-UHFFFAOYSA-N,XLYOFNOQVPJJNP-UHFFFAOYSA-N,ethanol,water,283.15,3.13,1.1410330045520618,headspace analysis,True,train
je0495942.xml,2005,1,LFQSCWFLJHTTHZ-UHFFFAOYSA-N,XLYOFNOQVPJJNP-UHFFFAOYSA-N,ethanol,water,298.15,3.77,1.3270750014599193,Chromatography,True,train
j.fluid.2005.08.018.xml,2005,4,LFQSCWFLJHTTHZ-UHFFFAOYSA-N,XLYOFNOQVPJJNP-UHFFFAOYSA-N,ethanol,water,303.15,4.14,1.4206957878372228,comparative tensimetry,True,train
j.fluid.2005.08.018.xml,2005,4,LFQSCWFLJHTTHZ-UHFFFAOYSA-N,XLYOFNOQVPJJNP-UHFFFAOYSA-N,ethanol,water,308.15,4.43,1.4883995840570443,comparative tensimetry,True,train
j.fluid.2005.08.018.xml,2005,4,LFQSCWFLJHTTHZ-UHFFFAOYSA-N,XLYOFNOQVPJJNP-UHFFFAOYSA-N,ethanol,water,313.15,4.66,1.5390154481375546,comparative tensimetry,True,train
j.fluid.2005.08.018.xml,2005,4,LFQSCWFLJHTTHZ-UHFFFAOYSA-N,XLYOFNOQVPJJNP-UHFFFAOYSA-N,ethanol,water,318.15,4.85,1.5789787049493915,comparative tensimetry,True,train
j.fluid.2005.08.018.xml,2005,4,LFQSCWFLJHTTHZ-UHFFFAOYSA-N,XLYOFNOQVPJJNP-UHFFFAOYSA-N,ethanol,water,323.15,5.03,1.615419984111648,comparative tensimetry,True,train
j.fluid.2016.08.030.xml,2016,0,LFQSCWFLJHTTHZ-UHFFFAOYSA-N,XLYOFNOQVPJJNP-UHFFFAOYSA-N,ethanol,water,323.15,5.17,1.6428726885203375,solid-phase micro extraction,True,train
j.fluid.2005.08.018.xml,2005,4,LFQSCWFLJHTTHZ-UHFFFAOYSA-N,XLYOFNOQVPJJNP-UHFFFAOYSA-N,ethanol,water,328.15,5.2,1.6486586255873816,comparative tensimetry,True,train
j.fluid.2005.08.018.xml,2005,4,LFQSCWFLJHTTHZ-UHFFFAOYSA-N,XLYOFNOQVPJJNP-UHFFFAOYSA-N,ethanol,water,333.15,5.3,1.667706820558076,comparative tensimetry,True,train
j.fluid.2016.08.030.xml,2016,0,LFQSCWFLJHTTHZ-UHFFFAOYSA-N,XLYOFNOQVPJJNP-UHFFFAOYSA-N,ethanol,water,333.15,4.77,1.5623463049002495,solid-phase micro extraction,True,train
j.fluid.2016.08.030.xml,2016,0,LFQSCWFLJHTTHZ-UHFFFAOYSA-N,XLYOFNOQVPJJNP-UHFFFAOYSA-N,ethanol,water,343.15,4.37,1.4747630091074988,solid-phase micro extraction,True,train
j.fluid.2016.08.030.xml,2016,0,LFQSCWFLJHTTHZ-UHFFFAOYSA-N,XLYOFNOQVPJJNP-UHFFFAOYSA-N,ethanol,water,353.15,4.11,1.4134230285081433,solid-phase micro extraction,True,train
j.fluid.2005.08.018.xml,2005,5,LFQSCWFLJHTTHZ-UHFFFAOYSA-N,XLYOFNOQVPJJNP-UHFFFAOYSA-N,ethanol,water,358.15,5.9,1.7749523509116738,circulating still method,True,train
j.fluid.2005.08.018.xml,2005,5,LFQSCWFLJHTTHZ-UHFFFAOYSA-N,XLYOFNOQVPJJNP-UHFFFAOYSA-N,ethanol,water,363.15,6.0,1.791759469228055,circulating still method,True,train
j.fluid.2005.08.018.xml,2005,5,LFQSCWFLJHTTHZ-UHFFFAOYSA-N,XLYOFNOQVPJJNP-UHFFFAOYSA-N,ethanol,water,368.15,6.1,1.8082887711792652,circulating still method,True,train
j.fluid.2005.08.018.xml,2005,5,LFQSCWFLJHTTHZ-UHFFFAOYSA-N,XLYOFNOQVPJJNP-UHFFFAOYSA-N,ethanol,water,372.15,6.2,1.824549292051046,circulating still method,True,train
j.fluid.2007.09.021.xml,2008,2,LFQSCWFLJHTTHZ-UHFFFAOYSA-N,YNQLUTRBYVCPMQ-UHFFFAOYSA-N,ethanol,ethylbenzene,293.15,20.1,3.0007198150650303,Chromatography,True,train
j.fluid.2007.09.021.xml,2008,2,LFQSCWFLJHTTHZ-UHFFFAOYSA-N,YNQLUTRBYVCPMQ-UHFFFAOYSA-N,ethanol,ethylbenzene,303.15,16.2,2.785011242238338,Chromatography,True,train
j.fluid.2007.09.021.xml,2008,2,LFQSCWFLJHTTHZ-UHFFFAOYSA-N,YNQLUTRBYVCPMQ-UHFFFAOYSA-N,ethanol,ethylbenzene,313.15,13.7,2.617395832834079,Chromatography,True,train
j.fluid.2007.09.021.xml,2008,2,LFQSCWFLJHTTHZ-UHFFFAOYSA-N,YNQLUTRBYVCPMQ-UHFFFAOYSA-N,ethanol,ethylbenzene,323.15,11.2,2.4159137783010487,Chromatography,True,train
je200628n.xml,2011,38,LFQSCWFLJHTTHZ-UHFFFAOYSA-N,YQLZOAVZWJBZSY-UHFFFAOYSA-N,ethanol,"1,10-diaminodecane",338.2,0.602,-0.507497833673316,Chromatography,False,train
je200628n.xml,2011,38,LFQSCWFLJHTTHZ-UHFFFAOYSA-N,YQLZOAVZWJBZSY-UHFFFAOYSA-N,ethanol,"1,10-diaminodecane",348.15,0.676,-0.3915622029391729,Chromatography,False,train
je200628n.xml,2011,38,LFQSCWFLJHTTHZ-UHFFFAOYSA-N,YQLZOAVZWJBZSY-UHFFFAOYSA-N,ethanol,"1,10-diaminodecane",353.22,0.718,-0.3312857099339129,Chromatography,False,train
j.jct.2013.05.011.xml,2013,44,LFQSCWFLJHTTHZ-UHFFFAOYSA-N,ZIBGPFATKBEMQZ-UHFFFAOYSA-N,ethanol,triethylene glycol,333.2,1.18,0.1655144384775733,Chromatography,True,train
j.jct.2013.05.011.xml,2013,44,LFQSCWFLJHTTHZ-UHFFFAOYSA-N,ZIBGPFATKBEMQZ-UHFFFAOYSA-N,ethanol,triethylene glycol,348.2,1.15,0.1397619423751586,Chromatography,True,train
j.jct.2013.05.011.xml,2013,44,LFQSCWFLJHTTHZ-UHFFFAOYSA-N,ZIBGPFATKBEMQZ-UHFFFAOYSA-N,ethanol,triethylene glycol,363.2,1.12,0.1133286853070032,Chromatography,True,train
j.jct.2012.12.009.xml,2013,64,LIKMAJRDDDTEIG-UHFFFAOYSA-N,DTOSIQBPPRVQHS-PDBXOOCHSA-N,1-hexene,"9,12,15-octadecatrienoic acid",303.13,2.52,0.924258901523332,Chromatography,True,train
j.jct.2012.12.009.xml,2013,64,LIKMAJRDDDTEIG-UHFFFAOYSA-N,DTOSIQBPPRVQHS-PDBXOOCHSA-N,1-hexene,"9,12,15-octadecatrienoic acid",313.24,2.123,0.7528301827211191,Chromatography,True,train
j.jct.2012.12.009.xml,2013,64,LIKMAJRDDDTEIG-UHFFFAOYSA-N,DTOSIQBPPRVQHS-PDBXOOCHSA-N,1-hexene,"9,12,15-octadecatrienoic acid",313.25,2.187,0.7825307416946307,Chromatography,True,train
j.jct.2012.12.009.xml,2013,64,LIKMAJRDDDTEIG-UHFFFAOYSA-N,DTOSIQBPPRVQHS-PDBXOOCHSA-N,1-hexene,"9,12,15-octadecatrienoic acid",323.26,2.454,0.8977193462887197,Chromatography,True,train
j.jct.2012.06.009.xml,2012,3,LIKMAJRDDDTEIG-UHFFFAOYSA-N,GHVNFZFCNZKVNT-UHFFFAOYSA-N,1-hexene,capric acid,314.24,1.559,0.4440445900756394,Chromatography,True,train
j.jct.2012.06.009.xml,2012,3,LIKMAJRDDDTEIG-UHFFFAOYSA-N,GHVNFZFCNZKVNT-UHFFFAOYSA-N,1-hexene,capric acid,333.26,1.496,0.4027948795522855,Chromatography,True,train
j.jct.2012.06.009.xml,2012,3,LIKMAJRDDDTEIG-UHFFFAOYSA-N,GHVNFZFCNZKVNT-UHFFFAOYSA-N,1-hexene,capric acid,333.38,1.494,0.4014570867106256,Chromatography,True,train
j.jct.2012.06.009.xml,2012,3,LIKMAJRDDDTEIG-UHFFFAOYSA-N,GHVNFZFCNZKVNT-UHFFFAOYSA-N,1-hexene,capric acid,353.3,1.428,0.3562748639173926,Chromatography,True,train
j.jct.2012.06.009.xml,2012,67,LIKMAJRDDDTEIG-UHFFFAOYSA-N,IPCSVZSSVZVIGE-UHFFFAOYSA-N,1-hexene,hexadecanoic acid,340.17,1.17,0.1570037488096647,Chromatography,True,train
j.jct.2012.06.009.xml,2012,67,LIKMAJRDDDTEIG-UHFFFAOYSA-N,IPCSVZSSVZVIGE-UHFFFAOYSA-N,1-hexene,hexadecanoic acid,348.01,1.178,0.1638180852293949,Chromatography,True,train
j.jct.2012.06.009.xml,2012,67,LIKMAJRDDDTEIG-UHFFFAOYSA-N,IPCSVZSSVZVIGE-UHFFFAOYSA-N,1-hexene,hexadecanoic acid,358.22,1.2,0.1823215567939546,Chromatography,True,train
j.jct.2016.10.013.xml,2017,10,LIKMAJRDDDTEIG-UHFFFAOYSA-N,LYCAIKOWRPUZTN-UHFFFAOYSA-N,1-hexene,ethylene glycol,303.15,330.0,5.799092654460526,Other,True,train
j.jct.2016.10.013.xml,2017,10,LIKMAJRDDDTEIG-UHFFFAOYSA-N,LYCAIKOWRPUZTN-UHFFFAOYSA-N,1-hexene,ethylene glycol,313.15,298.0,5.697093486505405,Other,True,train
j.jct.2016.10.013.xml,2017,10,LIKMAJRDDDTEIG-UHFFFAOYSA-N,LYCAIKOWRPUZTN-UHFFFAOYSA-N,1-hexene,ethylene glycol,323.15,272.0,5.605802066295998,Other,True,train
j.jct.2016.10.013.xml,2017,21,LIKMAJRDDDTEIG-UHFFFAOYSA-N,MTHSVFCYNBDYFN-UHFFFAOYSA-N,1-hexene,diethylene glycol,304.15,56.3,4.030694535145645,Other,True,test_one
j.jct.2016.10.013.xml,2017,21,LIKMAJRDDDTEIG-UHFFFAOYSA-N,MTHSVFCYNBDYFN-UHFFFAOYSA-N,1-hexene,diethylene glycol,313.15,52.4,3.958906591326997,Other,True,test_one
j.jct.2016.10.013.xml,2017,21,LIKMAJRDDDTEIG-UHFFFAOYSA-N,MTHSVFCYNBDYFN-UHFFFAOYSA-N,1-hexene,diethylene glycol,323.15,50.2,3.9160150266976834,Other,True,test_one
j.jct.2013.05.011.xml,2013,10,LIKMAJRDDDTEIG-UHFFFAOYSA-N,MTHSVFCYNBDYFN-UHFFFAOYSA-N,1-hexene,diethylene glycol,333.2,50.67,3.9253340194878175,Chromatography,True,test_one
j.jct.2013.05.011.xml,2013,10,LIKMAJRDDDTEIG-UHFFFAOYSA-N,MTHSVFCYNBDYFN-UHFFFAOYSA-N,1-hexene,diethylene glycol,348.2,47.33,3.857144343918157,Chromatography,True,test_one
j.jct.2013.05.011.xml,2013,10,LIKMAJRDDDTEIG-UHFFFAOYSA-N,MTHSVFCYNBDYFN-UHFFFAOYSA-N,1-hexene,diethylene glycol,363.2,38.87,3.660222744864132,Chromatography,True,test_one
j.jct.2012.12.009.xml,2013,44,LIKMAJRDDDTEIG-UHFFFAOYSA-N,OYHQOLUKZRVURQ-HZJYTTRNSA-N,1-hexene,linoleic acid,338.28,1.726,0.5458065926612362,Chromatography,True,train
j.jct.2012.12.009.xml,2013,44,LIKMAJRDDDTEIG-UHFFFAOYSA-N,OYHQOLUKZRVURQ-HZJYTTRNSA-N,1-hexene,linoleic acid,348.31,1.982,0.6841064359077962,Chromatography,True,train
j.jct.2012.12.009.xml,2013,44,LIKMAJRDDDTEIG-UHFFFAOYSA-N,OYHQOLUKZRVURQ-HZJYTTRNSA-N,1-hexene,linoleic acid,348.28,2.003,0.6946460566836813,Chromatography,True,train
j.jct.2012.12.009.xml,2013,44,LIKMAJRDDDTEIG-UHFFFAOYSA-N,OYHQOLUKZRVURQ-HZJYTTRNSA-N,1-hexene,linoleic acid,358.3,2.36,0.8586616190375187,Chromatography,True,train
j.jct.2012.06.009.xml,2012,24,LIKMAJRDDDTEIG-UHFFFAOYSA-N,POULHZVOKOAJMA-UHFFFAOYSA-N,1-hexene,lauric acid,329.2,1.389,0.3285840637722067,Chromatography,True,train
j.jct.2012.06.009.xml,2012,24,LIKMAJRDDDTEIG-UHFFFAOYSA-N,POULHZVOKOAJMA-UHFFFAOYSA-N,1-hexene,lauric acid,343.39,1.387,0.3271431413326945,Chromatography,True,train
j.jct.2012.06.009.xml,2012,24,LIKMAJRDDDTEIG-UHFFFAOYSA-N,POULHZVOKOAJMA-UHFFFAOYSA-N,1-hexene,lauric acid,358.06,1.342,0.2941610385494901,Chromatography,True,train
je200628n.xml,2011,6,LIKMAJRDDDTEIG-UHFFFAOYSA-N,PWGJDPKCLMLPJW-UHFFFAOYSA-N,1-hexene,"1,8-diaminooctane",328.15,3.18,1.1568811967920856,Chromatography,True,train
je200628n.xml,2011,6,LIKMAJRDDDTEIG-UHFFFAOYSA-N,PWGJDPKCLMLPJW-UHFFFAOYSA-N,1-hexene,"1,8-diaminooctane",338.15,2.942,1.079089622179246,Chromatography,True,train
je200628n.xml,2011,6,LIKMAJRDDDTEIG-UHFFFAOYSA-N,PWGJDPKCLMLPJW-UHFFFAOYSA-N,1-hexene,"1,8-diaminooctane",343.15,2.852,1.0480205025520497,Chromatography,True,train
je200628n.xml,2011,6,LIKMAJRDDDTEIG-UHFFFAOYSA-N,PWGJDPKCLMLPJW-UHFFFAOYSA-N,1-hexene,"1,8-diaminooctane",348.15,2.774,1.0202903218926398,Chromatography,True,train
je200628n.xml,2011,60,LIKMAJRDDDTEIG-UHFFFAOYSA-N,QFTYSVGGYOXFRQ-UHFFFAOYSA-N,1-hexene,"1,12-diaminododecane",348.25,4.28,1.4539530095937054,Chromatography,False,train
je200628n.xml,2011,60,LIKMAJRDDDTEIG-UHFFFAOYSA-N,QFTYSVGGYOXFRQ-UHFFFAOYSA-N,1-hexene,"1,12-diaminododecane",353.15,4.119,1.4156104154539435,Chromatography,False,train
je200628n.xml,2011,60,LIKMAJRDDDTEIG-UHFFFAOYSA-N,QFTYSVGGYOXFRQ-UHFFFAOYSA-N,1-hexene,"1,12-diaminododecane",358.25,3.932,1.3691482022849202,Chromatography,False,train
je200628n.xml,2011,60,LIKMAJRDDDTEIG-UHFFFAOYSA-N,QFTYSVGGYOXFRQ-UHFFFAOYSA-N,1-hexene,"1,12-diaminododecane",363.21,3.801,1.3352641900071118,Chromatography,False,train
j.jct.2012.12.009.xml,2013,3,LIKMAJRDDDTEIG-UHFFFAOYSA-N,QIQXTHQIDYTFRH-UHFFFAOYSA-N,1-hexene,n-octadecanoic acid,349.47,1.151,0.1406311297397456,Chromatography,True,train
j.jct.2012.12.009.xml,2013,3,LIKMAJRDDDTEIG-UHFFFAOYSA-N,QIQXTHQIDYTFRH-UHFFFAOYSA-N,1-hexene,n-octadecanoic acid,358.4,1.134,0.1257512053055602,Chromatography,True,train
j.jct.2012.12.009.xml,2013,3,LIKMAJRDDDTEIG-UHFFFAOYSA-N,QIQXTHQIDYTFRH-UHFFFAOYSA-N,1-hexene,n-octadecanoic acid,368.13,1.085,0.0815799869924228,Chromatography,True,train
j.jct.2013.02.006.xml,2013,30,LIKMAJRDDDTEIG-UHFFFAOYSA-N,SECXISVLQFMRJM-UHFFFAOYSA-N,1-hexene,1-methylpyrrolidone,333.2,5.51,1.706564623164823,Chromatography,True,train
j.jct.2013.02.006.xml,2013,30,LIKMAJRDDDTEIG-UHFFFAOYSA-N,SECXISVLQFMRJM-UHFFFAOYSA-N,1-hexene,1-methylpyrrolidone,348.2,5.44,1.6937790608678511,Chromatography,True,train
j.jct.2013.02.006.xml,2013,30,LIKMAJRDDDTEIG-UHFFFAOYSA-N,SECXISVLQFMRJM-UHFFFAOYSA-N,1-hexene,1-methylpyrrolidone,363.2,5.57,1.717395053939193,Chromatography,True,train
j.jct.2012.06.009.xml,2012,46,LIKMAJRDDDTEIG-UHFFFAOYSA-N,TUNFSRHWOTWDNC-UHFFFAOYSA-N,1-hexene,tetradecanoic acid,314.24,1.24,0.2151113796169455,Chromatography,True,train
j.jct.2012.06.009.xml,2012,46,LIKMAJRDDDTEIG-UHFFFAOYSA-N,TUNFSRHWOTWDNC-UHFFFAOYSA-N,1-hexene,tetradecanoic acid,333.26,1.224,0.2021241840901343,Chromatography,True,train
j.jct.2012.06.009.xml,2012,46,LIKMAJRDDDTEIG-UHFFFAOYSA-N,TUNFSRHWOTWDNC-UHFFFAOYSA-N,1-hexene,tetradecanoic acid,333.38,1.207,0.1881379421153945,Chromatography,True,train
j.jct.2012.06.009.xml,2012,46,LIKMAJRDDDTEIG-UHFFFAOYSA-N,TUNFSRHWOTWDNC-UHFFFAOYSA-N,1-hexene,tetradecanoic acid,353.3,1.182,0.1672079189839064,Chromatography,True,train
je200628n.xml,2011,33,LIKMAJRDDDTEIG-UHFFFAOYSA-N,YQLZOAVZWJBZSY-UHFFFAOYSA-N,1-hexene,"1,10-diaminodecane",338.2,3.372,1.215506040139609,Chromatography,False,train
je200628n.xml,2011,33,LIKMAJRDDDTEIG-UHFFFAOYSA-N,YQLZOAVZWJBZSY-UHFFFAOYSA-N,1-hexene,"1,10-diaminodecane",348.15,3.058,1.1177611075068703,Chromatography,False,train
je200628n.xml,2011,33,LIKMAJRDDDTEIG-UHFFFAOYSA-N,YQLZOAVZWJBZSY-UHFFFAOYSA-N,1-hexene,"1,10-diaminodecane",353.22,2.923,1.0726104861291088,Chromatography,False,train
j.jct.2013.05.011.xml,2013,33,LIKMAJRDDDTEIG-UHFFFAOYSA-N,ZIBGPFATKBEMQZ-UHFFFAOYSA-N,1-hexene,triethylene glycol,333.2,24.55,3.200711854240529,Chromatography,True,train
j.jct.2013.05.011.xml,2013,33,LIKMAJRDDDTEIG-UHFFFAOYSA-N,ZIBGPFATKBEMQZ-UHFFFAOYSA-N,1-hexene,triethylene glycol,348.2,22.73,3.123685637864452,Chromatography,True,train
j.jct.2013.05.011.xml,2013,33,LIKMAJRDDDTEIG-UHFFFAOYSA-N,ZIBGPFATKBEMQZ-UHFFFAOYSA-N,1-hexene,triethylene glycol,363.2,20.35,3.013080911888604,Chromatography,True,train
j.jct.2012.12.009.xml,2013,24,LIKMAJRDDDTEIG-UHFFFAOYSA-N,ZQPPMHVWECSIRJ-KTKRTIGZSA-N,1-hexene,cis-9-octadecenoic acid,338.36,1.213,0.1930966299619131,Chromatography,True,train
j.jct.2012.12.009.xml,2013,24,LIKMAJRDDDTEIG-UHFFFAOYSA-N,ZQPPMHVWECSIRJ-KTKRTIGZSA-N,1-hexene,cis-9-octadecenoic acid,348.29,1.205,0.1864795669426183,Chromatography,True,train
j.jct.2012.12.009.xml,2013,24,LIKMAJRDDDTEIG-UHFFFAOYSA-N,ZQPPMHVWECSIRJ-KTKRTIGZSA-N,1-hexene,cis-9-octadecenoic acid,348.36,1.194,0.1773090149704103,Chromatography,True,train
j.jct.2012.12.009.xml,2013,24,LIKMAJRDDDTEIG-UHFFFAOYSA-N,ZQPPMHVWECSIRJ-KTKRTIGZSA-N,1-hexene,cis-9-octadecenoic acid,358.28,1.152,0.1414995622736994,Chromatography,True,train
j.jct.2010.04.011.xml,2010,13,LPIQUOYDBNQMRZ-UHFFFAOYSA-N,IAZDPXIOMUYVGZ-UHFFFAOYSA-N,cyclopentene,dimethyl sulfoxide,298.0,7.0,1.9459101490553128,Chromatography,True,test_one
je1005517.xml,2011,28,LRHPLDYGYMQRHN-UHFFFAOYSA-N,BTFJIXJJCSYFAL-UHFFFAOYSA-N,butan-1-ol,1-eicosanol,338.15,0.431,-0.8416471888783893,GC,True,train
je1005517.xml,2011,28,LRHPLDYGYMQRHN-UHFFFAOYSA-N,BTFJIXJJCSYFAL-UHFFFAOYSA-N,butan-1-ol,1-eicosanol,343.15,0.3868,-0.9498475154029978,GC,True,train
je1005517.xml,2011,28,LRHPLDYGYMQRHN-UHFFFAOYSA-N,BTFJIXJJCSYFAL-UHFFFAOYSA-N,butan-1-ol,1-eicosanol,348.15,0.3521,-1.0438400528211302,GC,True,train
je1005517.xml,2011,28,LRHPLDYGYMQRHN-UHFFFAOYSA-N,BTFJIXJJCSYFAL-UHFFFAOYSA-N,butan-1-ol,1-eicosanol,353.15,0.3162,-1.1513803542067655,GC,True,train
j.jct.2012.06.009.xml,2012,10,LRHPLDYGYMQRHN-UHFFFAOYSA-N,GHVNFZFCNZKVNT-UHFFFAOYSA-N,1-butanol,capric acid,333.26,1.482,0.3933925268738951,Chromatography,True,train
j.jct.2012.06.009.xml,2012,10,LRHPLDYGYMQRHN-UHFFFAOYSA-N,GHVNFZFCNZKVNT-UHFFFAOYSA-N,1-butanol,capric acid,333.35,1.53,0.4252677354043441,Chromatography,True,train
j.jct.2012.06.009.xml,2012,10,LRHPLDYGYMQRHN-UHFFFAOYSA-N,GHVNFZFCNZKVNT-UHFFFAOYSA-N,1-butanol,capric acid,353.25,1.342,0.2941610385494901,Chromatography,True,train
j.jct.2012.06.009.xml,2012,10,LRHPLDYGYMQRHN-UHFFFAOYSA-N,GHVNFZFCNZKVNT-UHFFFAOYSA-N,1-butanol,capric acid,353.3,1.321,0.2783890255401882,Chromatography,True,train
je1005517.xml,2011,6,LRHPLDYGYMQRHN-UHFFFAOYSA-N,GLDOVTGHNKAZLK-UHFFFAOYSA-N,butan-1-ol,1-octadecanol,333.15,0.1537,-1.8727526284375868,GC,True,train
je1005517.xml,2011,6,LRHPLDYGYMQRHN-UHFFFAOYSA-N,GLDOVTGHNKAZLK-UHFFFAOYSA-N,butan-1-ol,1-octadecanol,338.15,0.136,-1.995100393246085,GC,True,train
je1005517.xml,2011,6,LRHPLDYGYMQRHN-UHFFFAOYSA-N,GLDOVTGHNKAZLK-UHFFFAOYSA-N,butan-1-ol,1-octadecanol,343.15,0.1209,-2.11279152136139,GC,True,train
je1005517.xml,2011,6,LRHPLDYGYMQRHN-UHFFFAOYSA-N,GLDOVTGHNKAZLK-UHFFFAOYSA-N,butan-1-ol,1-octadecanol,348.15,0.1101,-2.206366235253503,GC,True,train
je1005517.xml,2011,6,LRHPLDYGYMQRHN-UHFFFAOYSA-N,GLDOVTGHNKAZLK-UHFFFAOYSA-N,butan-1-ol,1-octadecanol,353.15,0.0992,-2.31061726469131,GC,True,train
je0302295.xml,2004,10,LRHPLDYGYMQRHN-UHFFFAOYSA-N,IMNFDUFMRHMDMM-UHFFFAOYSA-N,1-butanol,heptane,303.15,31.3,3.4436180975461075,Static method,True,train
je0302295.xml,2004,10,LRHPLDYGYMQRHN-UHFFFAOYSA-N,IMNFDUFMRHMDMM-UHFFFAOYSA-N,1-butanol,heptane,313.15,24.5,3.198673117550681,Static method,True,train
je0302295.xml,2004,10,LRHPLDYGYMQRHN-UHFFFAOYSA-N,IMNFDUFMRHMDMM-UHFFFAOYSA-N,1-butanol,heptane,323.15,19.3,2.96010509591084,Static method,True,train
je0302295.xml,2004,10,LRHPLDYGYMQRHN-UHFFFAOYSA-N,IMNFDUFMRHMDMM-UHFFFAOYSA-N,1-butanol,heptane,333.15,14.6,2.681021528714291,Static method,True,train
je0302295.xml,2004,10,LRHPLDYGYMQRHN-UHFFFAOYSA-N,IMNFDUFMRHMDMM-UHFFFAOYSA-N,1-butanol,heptane,343.15,11.6,2.451005098112319,Static method,True,train
j.jct.2012.06.009.xml,2012,74,LRHPLDYGYMQRHN-UHFFFAOYSA-N,IPCSVZSSVZVIGE-UHFFFAOYSA-N,1-butanol,hexadecanoic acid,340.19,1.647,0.4989554511955033,Chromatography,True,train
j.jct.2012.06.009.xml,2012,74,LRHPLDYGYMQRHN-UHFFFAOYSA-N,IPCSVZSSVZVIGE-UHFFFAOYSA-N,1-butanol,hexadecanoic acid,348.01,1.555,0.4414755456311974,Chromatography,True,train
j.jct.2012.06.009.xml,2012,74,LRHPLDYGYMQRHN-UHFFFAOYSA-N,IPCSVZSSVZVIGE-UHFFFAOYSA-N,1-butanol,hexadecanoic acid,358.32,1.43,0.3576744442718159,Chromatography,True,train
j.jct.2012.12.009.xml,2013,51,LRHPLDYGYMQRHN-UHFFFAOYSA-N,OYHQOLUKZRVURQ-HZJYTTRNSA-N,n-butanol,linoleic acid,338.28,1.187,0.171429115627531,Chromatography,True,train
j.jct.2012.12.009.xml,2013,51,LRHPLDYGYMQRHN-UHFFFAOYSA-N,OYHQOLUKZRVURQ-HZJYTTRNSA-N,n-butanol,linoleic acid,348.28,1.181,0.1663615372152252,Chromatography,True,train
j.jct.2012.06.009.xml,2012,31,LRHPLDYGYMQRHN-UHFFFAOYSA-N,POULHZVOKOAJMA-UHFFFAOYSA-N,1-butanol,lauric acid,314.24,1.697,0.5288619862520894,Chromatography,True,train
j.jct.2012.06.009.xml,2012,31,LRHPLDYGYMQRHN-UHFFFAOYSA-N,POULHZVOKOAJMA-UHFFFAOYSA-N,1-butanol,lauric acid,333.26,1.541,0.4324315563379786,Chromatography,True,train
j.jct.2012.06.009.xml,2012,31,LRHPLDYGYMQRHN-UHFFFAOYSA-N,POULHZVOKOAJMA-UHFFFAOYSA-N,1-butanol,lauric acid,333.38,1.509,0.4114471797857117,Chromatography,True,train
j.jct.2012.06.009.xml,2012,31,LRHPLDYGYMQRHN-UHFFFAOYSA-N,POULHZVOKOAJMA-UHFFFAOYSA-N,1-butanol,lauric acid,353.25,1.343,0.2949059175411005,Chromatography,True,train
j.jct.2012.06.009.xml,2012,31,LRHPLDYGYMQRHN-UHFFFAOYSA-N,POULHZVOKOAJMA-UHFFFAOYSA-N,1-butanol,lauric acid,353.3,1.356,0.3045391895182039,Chromatography,True,train
je200628n.xml,2011,13,LRHPLDYGYMQRHN-UHFFFAOYSA-N,PWGJDPKCLMLPJW-UHFFFAOYSA-N,n-butyl alcohol,"1,8-diaminooctane",328.15,0.669,-0.4019712188539085,Chromatography,True,train
je200628n.xml,2011,13,LRHPLDYGYMQRHN-UHFFFAOYSA-N,PWGJDPKCLMLPJW-UHFFFAOYSA-N,n-butyl alcohol,"1,8-diaminooctane",338.15,0.675,-0.3930425881096072,Chromatography,True,train
je200628n.xml,2011,13,LRHPLDYGYMQRHN-UHFFFAOYSA-N,PWGJDPKCLMLPJW-UHFFFAOYSA-N,n-butyl alcohol,"1,8-diaminooctane",343.15,0.681,-0.3841929728326246,Chromatography,True,train
je200628n.xml,2011,13,LRHPLDYGYMQRHN-UHFFFAOYSA-N,PWGJDPKCLMLPJW-UHFFFAOYSA-N,n-butyl alcohol,"1,8-diaminooctane",348.15,0.692,-0.3681693233644675,Chromatography,True,train
je200628n.xml,2011,67,LRHPLDYGYMQRHN-UHFFFAOYSA-N,QFTYSVGGYOXFRQ-UHFFFAOYSA-N,n-butyl alcohol,"1,12-diaminododecane",348.25,1.075,0.072320661579626,Chromatography,False,train
je200628n.xml,2011,67,LRHPLDYGYMQRHN-UHFFFAOYSA-N,QFTYSVGGYOXFRQ-UHFFFAOYSA-N,n-butyl alcohol,"1,12-diaminododecane",353.15,1.096,0.0916671885258238,Chromatography,False,train
je200628n.xml,2011,67,LRHPLDYGYMQRHN-UHFFFAOYSA-N,QFTYSVGGYOXFRQ-UHFFFAOYSA-N,n-butyl alcohol,"1,12-diaminododecane",358.25,1.123,0.1160036757563061,Chromatography,False,train
je200628n.xml,2011,67,LRHPLDYGYMQRHN-UHFFFAOYSA-N,QFTYSVGGYOXFRQ-UHFFFAOYSA-N,n-butyl alcohol,"1,12-diaminododecane",363.21,1.159,0.1475575643576147,Chromatography,False,train
j.jct.2012.12.009.xml,2013,10,LRHPLDYGYMQRHN-UHFFFAOYSA-N,QIQXTHQIDYTFRH-UHFFFAOYSA-N,n-butanol,n-octadecanoic acid,349.38,1.501,0.4061315526513248,Chromatography,True,train
j.jct.2012.12.009.xml,2013,10,LRHPLDYGYMQRHN-UHFFFAOYSA-N,QIQXTHQIDYTFRH-UHFFFAOYSA-N,n-butanol,n-octadecanoic acid,349.48,1.481,0.3927175352856618,Chromatography,True,train
j.jct.2012.12.009.xml,2013,10,LRHPLDYGYMQRHN-UHFFFAOYSA-N,QIQXTHQIDYTFRH-UHFFFAOYSA-N,n-butanol,n-octadecanoic acid,358.46,1.363,0.3096881527143955,Chromatography,True,train
j.jct.2012.12.009.xml,2013,10,LRHPLDYGYMQRHN-UHFFFAOYSA-N,QIQXTHQIDYTFRH-UHFFFAOYSA-N,n-butanol,n-octadecanoic acid,367.93,1.307,0.2677344346420848,Chromatography,True,train
j.jct.2012.12.009.xml,2013,10,LRHPLDYGYMQRHN-UHFFFAOYSA-N,QIQXTHQIDYTFRH-UHFFFAOYSA-N,n-butanol,n-octadecanoic acid,368.13,1.315,0.2738366656297278,Chromatography,True,train
j.jct.2012.06.009.xml,2012,53,LRHPLDYGYMQRHN-UHFFFAOYSA-N,TUNFSRHWOTWDNC-UHFFFAOYSA-N,1-butanol,tetradecanoic acid,314.1,1.488,0.3974329364109001,Chromatography,True,train
j.jct.2012.06.009.xml,2012,53,LRHPLDYGYMQRHN-UHFFFAOYSA-N,TUNFSRHWOTWDNC-UHFFFAOYSA-N,1-butanol,tetradecanoic acid,314.24,1.543,0.4337285733810237,Chromatography,True,train
j.jct.2012.06.009.xml,2012,53,LRHPLDYGYMQRHN-UHFFFAOYSA-N,TUNFSRHWOTWDNC-UHFFFAOYSA-N,1-butanol,tetradecanoic acid,333.26,1.452,0.3729419164026043,Chromatography,True,train
j.jct.2012.06.009.xml,2012,53,LRHPLDYGYMQRHN-UHFFFAOYSA-N,TUNFSRHWOTWDNC-UHFFFAOYSA-N,1-butanol,tetradecanoic acid,333.38,1.42,0.3506568716131693,Chromatography,True,train
j.jct.2012.06.009.xml,2012,53,LRHPLDYGYMQRHN-UHFFFAOYSA-N,TUNFSRHWOTWDNC-UHFFFAOYSA-N,1-butanol,tetradecanoic acid,353.25,1.224,0.2021241840901343,Chromatography,True,train
j.jct.2012.06.009.xml,2012,53,LRHPLDYGYMQRHN-UHFFFAOYSA-N,TUNFSRHWOTWDNC-UHFFFAOYSA-N,1-butanol,tetradecanoic acid,353.3,1.318,0.2761154360803155,Chromatography,True,train
je0302295.xml,2004,11,LRHPLDYGYMQRHN-UHFFFAOYSA-N,TVMXDCGIABBOFY-UHFFFAOYSA-N,1-butanol,octane,303.15,32.1,3.4688560301359703,Static method,True,train
je0302295.xml,2004,11,LRHPLDYGYMQRHN-UHFFFAOYSA-N,TVMXDCGIABBOFY-UHFFFAOYSA-N,1-butanol,octane,313.15,23.9,3.173878458937465,Static method,True,train
je0302295.xml,2004,11,LRHPLDYGYMQRHN-UHFFFAOYSA-N,TVMXDCGIABBOFY-UHFFFAOYSA-N,1-butanol,octane,323.15,18.4,2.91235066461494,Static method,True,train
je0302295.xml,2004,11,LRHPLDYGYMQRHN-UHFFFAOYSA-N,TVMXDCGIABBOFY-UHFFFAOYSA-N,1-butanol,octane,333.15,14.5,2.6741486494265287,Static method,True,train
je0302295.xml,2004,11,LRHPLDYGYMQRHN-UHFFFAOYSA-N,TVMXDCGIABBOFY-UHFFFAOYSA-N,1-butanol,octane,343.15,11.2,2.4159137783010487,Static method,True,train
j.fluid.2005.08.018.xml,2005,9,LRHPLDYGYMQRHN-UHFFFAOYSA-N,XLYOFNOQVPJJNP-UHFFFAOYSA-N,1-butanol,water,273.35,32.6,3.484312288372662,headspace analysis,True,train
j.fluid.2005.08.018.xml,2005,9,LRHPLDYGYMQRHN-UHFFFAOYSA-N,XLYOFNOQVPJJNP-UHFFFAOYSA-N,1-butanol,water,283.15,40.4,3.698829784967104,headspace analysis,True,train
j.fluid.2005.08.018.xml,2005,9,LRHPLDYGYMQRHN-UHFFFAOYSA-N,XLYOFNOQVPJJNP-UHFFFAOYSA-N,1-butanol,water,293.15,48.4,3.879499813722586,headspace analysis,True,train
j.fluid.2005.08.018.xml,2005,10,LRHPLDYGYMQRHN-UHFFFAOYSA-N,XLYOFNOQVPJJNP-UHFFFAOYSA-N,1-butanol,water,303.15,53.4,3.977810745966149,comparative tensimetry,True,train
j.fluid.2015.01.010.xml,2015,0,LRHPLDYGYMQRHN-UHFFFAOYSA-N,XLYOFNOQVPJJNP-UHFFFAOYSA-N,1-butanol,water,303.15,52.0,3.951243718581428,Chromatography,True,train
j.fluid.2005.08.018.xml,2005,10,LRHPLDYGYMQRHN-UHFFFAOYSA-N,XLYOFNOQVPJJNP-UHFFFAOYSA-N,1-butanol,water,308.15,57.2,4.046553898385752,comparative tensimetry,True,train
j.fluid.2015.01.010.xml,2015,0,LRHPLDYGYMQRHN-UHFFFAOYSA-N,XLYOFNOQVPJJNP-UHFFFAOYSA-N,1-butanol,water,308.15,57.0,4.04305126783455,Chromatography,True,train
j.fluid.2005.08.018.xml,2005,10,LRHPLDYGYMQRHN-UHFFFAOYSA-N,XLYOFNOQVPJJNP-UHFFFAOYSA-N,1-butanol,water,313.15,58.9,4.075841090657541,comparative tensimetry,True,train
j.fluid.2015.01.010.xml,2015,0,LRHPLDYGYMQRHN-UHFFFAOYSA-N,XLYOFNOQVPJJNP-UHFFFAOYSA-N,1-butanol,water,313.15,58.0,4.060443010546419,Chromatography,True,train
j.fluid.2005.08.018.xml,2005,10,LRHPLDYGYMQRHN-UHFFFAOYSA-N,XLYOFNOQVPJJNP-UHFFFAOYSA-N,1-butanol,water,318.15,60.2,4.097672352314776,comparative tensimetry,True,train
j.fluid.2015.01.010.xml,2015,0,LRHPLDYGYMQRHN-UHFFFAOYSA-N,XLYOFNOQVPJJNP-UHFFFAOYSA-N,1-butanol,water,318.15,64.0,4.158883083359672,Chromatography,True,train
j.fluid.2005.08.018.xml,2005,9,LRHPLDYGYMQRHN-UHFFFAOYSA-N,XLYOFNOQVPJJNP-UHFFFAOYSA-N,1-butanol,water,323.15,58.7,4.072439726834051,headspace analysis,True,train
j.fluid.2005.08.018.xml,2005,9,LRHPLDYGYMQRHN-UHFFFAOYSA-N,XLYOFNOQVPJJNP-UHFFFAOYSA-N,1-butanol,water,323.15,59.4,4.084294226368599,headspace analysis,True,train
j.fluid.2005.08.018.xml,2005,10,LRHPLDYGYMQRHN-UHFFFAOYSA-N,XLYOFNOQVPJJNP-UHFFFAOYSA-N,1-butanol,water,323.15,61.5,4.119037174812473,comparative tensimetry,True,train
j.fluid.2015.01.010.xml,2015,0,LRHPLDYGYMQRHN-UHFFFAOYSA-N,XLYOFNOQVPJJNP-UHFFFAOYSA-N,1-butanol,water,323.15,69.0,4.23410650459726,Chromatography,True,train
j.fluid.2005.08.018.xml,2005,10,LRHPLDYGYMQRHN-UHFFFAOYSA-N,XLYOFNOQVPJJNP-UHFFFAOYSA-N,1-butanol,water,328.15,62.8,4.139955073474153,comparative tensimetry,True,train
j.fluid.2015.01.010.xml,2015,0,LRHPLDYGYMQRHN-UHFFFAOYSA-N,XLYOFNOQVPJJNP-UHFFFAOYSA-N,1-butanol,water,328.15,72.0,4.276666119016055,Chromatography,True,train
j.fluid.2005.08.018.xml,2005,10,LRHPLDYGYMQRHN-UHFFFAOYSA-N,XLYOFNOQVPJJNP-UHFFFAOYSA-N,1-butanol,water,333.15,63.4,4.14946386144318,comparative tensimetry,True,train
j.fluid.2015.01.010.xml,2015,0,LRHPLDYGYMQRHN-UHFFFAOYSA-N,XLYOFNOQVPJJNP-UHFFFAOYSA-N,1-butanol,water,333.15,80.0,4.382026634673881,Chromatography,True,train
j.fluid.2015.01.010.xml,2015,0,LRHPLDYGYMQRHN-UHFFFAOYSA-N,XLYOFNOQVPJJNP-UHFFFAOYSA-N,1-butanol,water,338.15,78.0,4.356708826689592,Chromatography,True,train
j.fluid.2005.08.018.xml,2005,11,LRHPLDYGYMQRHN-UHFFFAOYSA-N,XLYOFNOQVPJJNP-UHFFFAOYSA-N,1-butanol,water,372.15,56.1,4.027135812528651,circulating still method,True,train
j.fluid.2007.09.021.xml,2008,6,LRHPLDYGYMQRHN-UHFFFAOYSA-N,YNQLUTRBYVCPMQ-UHFFFAOYSA-N,1-butanol,ethylbenzene,303.15,11.8,2.468099531471619,Chromatography,True,train
j.fluid.2007.09.021.xml,2008,6,LRHPLDYGYMQRHN-UHFFFAOYSA-N,YNQLUTRBYVCPMQ-UHFFFAOYSA-N,1-butanol,ethylbenzene,313.15,9.49,2.2502386126218363,Chromatography,True,train
j.fluid.2007.09.021.xml,2008,6,LRHPLDYGYMQRHN-UHFFFAOYSA-N,YNQLUTRBYVCPMQ-UHFFFAOYSA-N,1-butanol,ethylbenzene,323.15,7.63,2.032087845296365,Chromatography,True,train
j.fluid.2007.09.021.xml,2008,7,LRHPLDYGYMQRHN-UHFFFAOYSA-N,YNQLUTRBYVCPMQ-UHFFFAOYSA-N,1-butanol,ethylbenzene,398.15,2.55,0.9360933591703348,Differential ebulliometry,True,train
j.fluid.2007.09.021.xml,2008,7,LRHPLDYGYMQRHN-UHFFFAOYSA-N,YNQLUTRBYVCPMQ-UHFFFAOYSA-N,1-butanol,ethylbenzene,409.15,2.24,0.8064758658669485,Differential ebulliometry,True,train
je200628n.xml,2011,40,LRHPLDYGYMQRHN-UHFFFAOYSA-N,YQLZOAVZWJBZSY-UHFFFAOYSA-N,n-butyl alcohol,"1,10-diaminodecane",338.2,0.721,-0.327116141697188,Chromatography,False,train
je200628n.xml,2011,40,LRHPLDYGYMQRHN-UHFFFAOYSA-N,YQLZOAVZWJBZSY-UHFFFAOYSA-N,n-butyl alcohol,"1,10-diaminodecane",348.15,0.774,-0.2561834053924099,Chromatography,False,train
je200628n.xml,2011,40,LRHPLDYGYMQRHN-UHFFFAOYSA-N,YQLZOAVZWJBZSY-UHFFFAOYSA-N,n-butyl alcohol,"1,10-diaminodecane",353.22,0.815,-0.2045671657412744,Chromatography,False,train
j.jct.2012.12.009.xml,2013,75,LRHPLDYGYMQRHN-UHFFFAOYSA-N,ZQPPMHVWECSIRJ-KTKRTIGZSA-N,n-butanol,cis-9-octadecenoic acid,338.36,1.26,0.2311117209633866,Chromatography,True,train
j.jct.2012.12.009.xml,2013,75,LRHPLDYGYMQRHN-UHFFFAOYSA-N,ZQPPMHVWECSIRJ-KTKRTIGZSA-N,n-butanol,cis-9-octadecenoic acid,348.36,1.226,0.2037568375140196,Chromatography,True,train
j.jct.2012.12.009.xml,2013,75,LRHPLDYGYMQRHN-UHFFFAOYSA-N,ZQPPMHVWECSIRJ-KTKRTIGZSA-N,n-butanol,cis-9-octadecenoic acid,358.28,1.224,0.2021241840901343,Chromatography,True,train
je200628n.xml,2011,16,MLRVZFYXUZQSRU-UHFFFAOYSA-N,PWGJDPKCLMLPJW-UHFFFAOYSA-N,hexyl chloride,"1,8-diaminooctane",328.15,3.855,1.349371007015293,Chromatography,True,train
je200628n.xml,2011,16,MLRVZFYXUZQSRU-UHFFFAOYSA-N,PWGJDPKCLMLPJW-UHFFFAOYSA-N,hexyl chloride,"1,8-diaminooctane",338.15,2.728,1.0035687399812157,Chromatography,True,train
je200628n.xml,2011,16,MLRVZFYXUZQSRU-UHFFFAOYSA-N,PWGJDPKCLMLPJW-UHFFFAOYSA-N,hexyl chloride,"1,8-diaminooctane",343.15,2.378,0.8662597982685901,Chromatography,True,train
je200628n.xml,2011,16,MLRVZFYXUZQSRU-UHFFFAOYSA-N,PWGJDPKCLMLPJW-UHFFFAOYSA-N,hexyl chloride,"1,8-diaminooctane",348.15,2.02,0.7030975114131134,Chromatography,True,train
je200628n.xml,2011,70,MLRVZFYXUZQSRU-UHFFFAOYSA-N,QFTYSVGGYOXFRQ-UHFFFAOYSA-N,hexyl chloride,"1,12-diaminododecane",348.25,4.503,1.5047438413194347,Chromatography,False,train
je200628n.xml,2011,70,MLRVZFYXUZQSRU-UHFFFAOYSA-N,QFTYSVGGYOXFRQ-UHFFFAOYSA-N,hexyl chloride,"1,12-diaminododecane",353.15,4.267,1.450911004205863,Chromatography,False,train
je200628n.xml,2011,70,MLRVZFYXUZQSRU-UHFFFAOYSA-N,QFTYSVGGYOXFRQ-UHFFFAOYSA-N,hexyl chloride,"1,12-diaminododecane",358.25,4.112,1.413909528152864,Chromatography,False,train
je200628n.xml,2011,70,MLRVZFYXUZQSRU-UHFFFAOYSA-N,QFTYSVGGYOXFRQ-UHFFFAOYSA-N,hexyl chloride,"1,12-diaminododecane",363.21,3.943,1.37194185489549,Chromatography,False,train
je200628n.xml,2011,43,MLRVZFYXUZQSRU-UHFFFAOYSA-N,YQLZOAVZWJBZSY-UHFFFAOYSA-N,hexyl chloride,"1,10-diaminodecane",338.2,3.461,1.241557564653207,Chromatography,False,train
je200628n.xml,2011,43,MLRVZFYXUZQSRU-UHFFFAOYSA-N,YQLZOAVZWJBZSY-UHFFFAOYSA-N,hexyl chloride,"1,10-diaminodecane",348.15,2.81,1.0331844833456545,Chromatography,False,train
je200628n.xml,2011,43,MLRVZFYXUZQSRU-UHFFFAOYSA-N,YQLZOAVZWJBZSY-UHFFFAOYSA-N,hexyl chloride,"1,10-diaminodecane",353.22,2.543,0.9333444864399828,Chromatography,False,train
j.fluid.2015.01.010.xml,2015,4,MLUCVPSAIODCQM-NSCUHMNNSA-N,XLYOFNOQVPJJNP-UHFFFAOYSA-N,(E)-crotonaldehyde,water,298.15,39.0,3.6635616461296463,Chromatography,True,train
j.fluid.2015.01.010.xml,2015,4,MLUCVPSAIODCQM-NSCUHMNNSA-N,XLYOFNOQVPJJNP-UHFFFAOYSA-N,(E)-crotonaldehyde,water,308.15,42.8,3.756538102587751,Chromatography,True,train
j.fluid.2015.01.010.xml,2015,4,MLUCVPSAIODCQM-NSCUHMNNSA-N,XLYOFNOQVPJJNP-UHFFFAOYSA-N,(E)-crotonaldehyde,water,313.15,44.4,3.7932394694381792,Chromatography,True,train
j.fluid.2015.01.010.xml,2015,4,MLUCVPSAIODCQM-NSCUHMNNSA-N,XLYOFNOQVPJJNP-UHFFFAOYSA-N,(E)-crotonaldehyde,water,318.15,46.2,3.832979798087693,Chromatography,True,train
j.fluid.2015.01.010.xml,2015,4,MLUCVPSAIODCQM-NSCUHMNNSA-N,XLYOFNOQVPJJNP-UHFFFAOYSA-N,(E)-crotonaldehyde,water,323.15,47.0,3.8501476017100575,Chromatography,True,train
j.fluid.2015.01.010.xml,2015,4,MLUCVPSAIODCQM-NSCUHMNNSA-N,XLYOFNOQVPJJNP-UHFFFAOYSA-N,(E)-crotonaldehyde,water,328.15,47.3,3.856510295497887,Chromatography,True,train
j.fluid.2015.01.010.xml,2015,4,MLUCVPSAIODCQM-NSCUHMNNSA-N,XLYOFNOQVPJJNP-UHFFFAOYSA-N,(E)-crotonaldehyde,water,333.15,48.0,3.871201010907891,Chromatography,True,train
je901063s.xml,2010,5,MSXVEPNJUHWQHW-UHFFFAOYSA-N,XLYOFNOQVPJJNP-UHFFFAOYSA-N,tert-pentyl alcohol,water,273.35,18.3,2.9069010598473755,"inert gas stripping, headspace analysis in two variants - the classical and the relative, Rayleigh distillation, and circulation still",True,train
je901063s.xml,2010,5,MSXVEPNJUHWQHW-UHFFFAOYSA-N,XLYOFNOQVPJJNP-UHFFFAOYSA-N,tert-pentyl alcohol,water,283.15,24.5,3.198673117550681,"inert gas stripping, headspace analysis in two variants - the classical and the relative, Rayleigh distillation, and circulation still",True,train
je901063s.xml,2010,5,MSXVEPNJUHWQHW-UHFFFAOYSA-N,XLYOFNOQVPJJNP-UHFFFAOYSA-N,tert-pentyl alcohol,water,293.15,31.7,3.456316680883235,"inert gas stripping, headspace analysis in two variants - the classical and the relative, Rayleigh distillation, and circulation still",True,train
je901063s.xml,2010,5,MSXVEPNJUHWQHW-UHFFFAOYSA-N,XLYOFNOQVPJJNP-UHFFFAOYSA-N,tert-pentyl alcohol,water,293.15,34.6,3.543853682063679,"inert gas stripping, headspace analysis in two variants - the classical and the relative, Rayleigh distillation, and circulation still",True,train
je901063s.xml,2010,5,MSXVEPNJUHWQHW-UHFFFAOYSA-N,XLYOFNOQVPJJNP-UHFFFAOYSA-N,tert-pentyl alcohol,water,303.15,41.3,3.720862499966987,"inert gas stripping, headspace analysis in two variants - the classical and the relative, Rayleigh distillation, and circulation still",True,train
je901063s.xml,2010,5,MSXVEPNJUHWQHW-UHFFFAOYSA-N,XLYOFNOQVPJJNP-UHFFFAOYSA-N,tert-pentyl alcohol,water,303.15,39.2,3.6686767467964168,"inert gas stripping, headspace analysis in two variants - the classical and the relative, Rayleigh distillation, and circulation still",True,train
je901063s.xml,2010,5,MSXVEPNJUHWQHW-UHFFFAOYSA-N,XLYOFNOQVPJJNP-UHFFFAOYSA-N,tert-pentyl alcohol,water,313.15,49.0,3.8918202981106265,"inert gas stripping, headspace analysis in two variants - the classical and the relative, Rayleigh distillation, and circulation still",True,train
je901063s.xml,2010,5,MSXVEPNJUHWQHW-UHFFFAOYSA-N,XLYOFNOQVPJJNP-UHFFFAOYSA-N,tert-pentyl alcohol,water,313.15,46.5,3.8394523125933104,"inert gas stripping, headspace analysis in two variants - the classical and the relative, Rayleigh distillation, and circulation still",True,train
je901063s.xml,2010,5,MSXVEPNJUHWQHW-UHFFFAOYSA-N,XLYOFNOQVPJJNP-UHFFFAOYSA-N,tert-pentyl alcohol,water,323.15,52.3,3.956996371070877,"inert gas stripping, headspace analysis in two variants - the classical and the relative, Rayleigh distillation, and circulation still",True,train
je901063s.xml,2010,5,MSXVEPNJUHWQHW-UHFFFAOYSA-N,XLYOFNOQVPJJNP-UHFFFAOYSA-N,tert-pentyl alcohol,water,323.15,56.9,4.041295341132285,"inert gas stripping, headspace analysis in two variants - the classical and the relative, Rayleigh distillation, and circulation still",True,train
je901063s.xml,2010,5,MSXVEPNJUHWQHW-UHFFFAOYSA-N,XLYOFNOQVPJJNP-UHFFFAOYSA-N,tert-pentyl alcohol,water,333.15,59.3,4.08260930600368,"inert gas stripping, headspace analysis in two variants - the classical and the relative, Rayleigh distillation, and circulation still",True,train
je901063s.xml,2010,5,MSXVEPNJUHWQHW-UHFFFAOYSA-N,XLYOFNOQVPJJNP-UHFFFAOYSA-N,tert-pentyl alcohol,water,333.15,61.4,4.117409835153096,"inert gas stripping, headspace analysis in two variants - the classical and the relative, Rayleigh distillation, and circulation still",True,train
je901063s.xml,2010,5,MSXVEPNJUHWQHW-UHFFFAOYSA-N,XLYOFNOQVPJJNP-UHFFFAOYSA-N,tert-pentyl alcohol,water,343.15,64.2,4.162003210695915,"inert gas stripping, headspace analysis in two variants - the classical and the relative, Rayleigh distillation, and circulation still",True,train
je901063s.xml,2010,5,MSXVEPNJUHWQHW-UHFFFAOYSA-N,XLYOFNOQVPJJNP-UHFFFAOYSA-N,tert-pentyl alcohol,water,353.15,67.1,4.206184043977636,"inert gas stripping, headspace analysis in two variants - the classical and the relative, Rayleigh distillation, and circulation still",True,train
je901063s.xml,2010,5,MSXVEPNJUHWQHW-UHFFFAOYSA-N,XLYOFNOQVPJJNP-UHFFFAOYSA-N,tert-pentyl alcohol,water,361.25,75.4,4.32280727501391,"inert gas stripping, headspace analysis in two variants - the classical and the relative, Rayleigh distillation, and circulation still",True,train
je901063s.xml,2010,5,MSXVEPNJUHWQHW-UHFFFAOYSA-N,XLYOFNOQVPJJNP-UHFFFAOYSA-N,tert-pentyl alcohol,water,371.45,73.9,4.302712827954156,"inert gas stripping, headspace analysis in two variants - the classical and the relative, Rayleigh distillation, and circulation still",True,train
j.tca.2015.11.010.xml,2016,29,MVPPADPHJFYWMZ-UHFFFAOYSA-N,ATHHXGZTWNVVOU-UHFFFAOYSA-N,chlorobenzene,N-methylformamide,298.15,5.2,1.6486586255873816,Chromatography,True,train
j.jct.2014.06.006.xml,2014,10,MVPPADPHJFYWMZ-UHFFFAOYSA-N,DNIAPMSPPWPWGF-UHFFFAOYSA-N,chlorobenzene,propylene glycol,298.0,13.6,2.6100697927420065,Chromatography,True,train
j.jct.2012.06.009.xml,2012,15,MVPPADPHJFYWMZ-UHFFFAOYSA-N,GHVNFZFCNZKVNT-UHFFFAOYSA-N,monochlorobenzene,capric acid,333.26,1.163,0.1510028735365274,Chromatography,True,train
j.jct.2012.06.009.xml,2012,15,MVPPADPHJFYWMZ-UHFFFAOYSA-N,GHVNFZFCNZKVNT-UHFFFAOYSA-N,monochlorobenzene,capric acid,333.38,1.181,0.1663615372152252,Chromatography,True,train
j.jct.2012.06.009.xml,2012,15,MVPPADPHJFYWMZ-UHFFFAOYSA-N,GHVNFZFCNZKVNT-UHFFFAOYSA-N,monochlorobenzene,capric acid,353.25,1.17,0.1570037488096647,Chromatography,True,train
j.jct.2012.06.009.xml,2012,15,MVPPADPHJFYWMZ-UHFFFAOYSA-N,GHVNFZFCNZKVNT-UHFFFAOYSA-N,monochlorobenzene,capric acid,353.3,1.151,0.1406311297397456,Chromatography,True,train
j.jct.2012.06.009.xml,2012,79,MVPPADPHJFYWMZ-UHFFFAOYSA-N,IPCSVZSSVZVIGE-UHFFFAOYSA-N,monochlorobenzene,hexadecanoic acid,340.19,0.974,-0.0263439753396019,Chromatography,True,train
j.jct.2012.06.009.xml,2012,79,MVPPADPHJFYWMZ-UHFFFAOYSA-N,IPCSVZSSVZVIGE-UHFFFAOYSA-N,monochlorobenzene,hexadecanoic acid,348.01,0.957,-0.0439518875291828,Chromatography,True,train
j.jct.2012.06.009.xml,2012,79,MVPPADPHJFYWMZ-UHFFFAOYSA-N,IPCSVZSSVZVIGE-UHFFFAOYSA-N,monochlorobenzene,hexadecanoic acid,358.22,0.974,-0.0263439753396019,Chromatography,True,train
j.fluid.2013.06.028.xml,2013,17,MVPPADPHJFYWMZ-UHFFFAOYSA-N,LYCAIKOWRPUZTN-UHFFFAOYSA-N,"benzene, chloro-","1,2-dihydroxyethane",298.0,40.0,3.688879454113936,Chromatography,True,train
j.jct.2012.12.009.xml,2013,55,MVPPADPHJFYWMZ-UHFFFAOYSA-N,OYHQOLUKZRVURQ-HZJYTTRNSA-N,"benzene, chloro-",linoleic acid,338.28,1.002,0.001998002662673,Chromatography,True,train
j.jct.2012.12.009.xml,2013,55,MVPPADPHJFYWMZ-UHFFFAOYSA-N,OYHQOLUKZRVURQ-HZJYTTRNSA-N,"benzene, chloro-",linoleic acid,338.28,0.996,-0.0040080213975388,Chromatography,True,train
j.jct.2012.12.009.xml,2013,55,MVPPADPHJFYWMZ-UHFFFAOYSA-N,OYHQOLUKZRVURQ-HZJYTTRNSA-N,"benzene, chloro-",linoleic acid,348.31,1.072,0.0695260626486103,Chromatography,True,train
j.jct.2012.12.009.xml,2013,55,MVPPADPHJFYWMZ-UHFFFAOYSA-N,OYHQOLUKZRVURQ-HZJYTTRNSA-N,"benzene, chloro-",linoleic acid,348.28,1.069,0.0667236320429081,Chromatography,True,train
j.jct.2012.12.009.xml,2013,55,MVPPADPHJFYWMZ-UHFFFAOYSA-N,OYHQOLUKZRVURQ-HZJYTTRNSA-N,"benzene, chloro-",linoleic acid,358.3,1.162,0.1501426584297194,Chromatography,True,train
j.jct.2012.06.009.xml,2012,36,MVPPADPHJFYWMZ-UHFFFAOYSA-N,POULHZVOKOAJMA-UHFFFAOYSA-N,monochlorobenzene,lauric acid,314.1,1.108,0.1025565883250921,Chromatography,True,train
j.jct.2012.06.009.xml,2012,36,MVPPADPHJFYWMZ-UHFFFAOYSA-N,POULHZVOKOAJMA-UHFFFAOYSA-N,monochlorobenzene,lauric acid,314.24,1.118,0.1115413747329075,Chromatography,True,train
j.jct.2012.06.009.xml,2012,36,MVPPADPHJFYWMZ-UHFFFAOYSA-N,POULHZVOKOAJMA-UHFFFAOYSA-N,monochlorobenzene,lauric acid,333.26,1.081,0.0778865386570712,Chromatography,True,train
j.jct.2012.06.009.xml,2012,36,MVPPADPHJFYWMZ-UHFFFAOYSA-N,POULHZVOKOAJMA-UHFFFAOYSA-N,monochlorobenzene,lauric acid,343.65,1.075,0.072320661579626,Chromatography,True,train
j.jct.2012.06.009.xml,2012,36,MVPPADPHJFYWMZ-UHFFFAOYSA-N,POULHZVOKOAJMA-UHFFFAOYSA-N,monochlorobenzene,lauric acid,353.25,1.066,0.0639133257436528,Chromatography,True,train
j.jct.2012.12.009.xml,2013,15,MVPPADPHJFYWMZ-UHFFFAOYSA-N,QIQXTHQIDYTFRH-UHFFFAOYSA-N,"benzene, chloro-",n-octadecanoic acid,349.47,0.954,-0.0470916075338505,Chromatography,True,train
j.jct.2012.12.009.xml,2013,15,MVPPADPHJFYWMZ-UHFFFAOYSA-N,QIQXTHQIDYTFRH-UHFFFAOYSA-N,"benzene, chloro-",n-octadecanoic acid,358.4,0.936,-0.0661398025045449,Chromatography,True,train
j.jct.2012.12.009.xml,2013,15,MVPPADPHJFYWMZ-UHFFFAOYSA-N,QIQXTHQIDYTFRH-UHFFFAOYSA-N,"benzene, chloro-",n-octadecanoic acid,368.19,0.924,-0.0790432073404528,Chromatography,True,train
j.jct.2012.06.009.xml,2012,58,MVPPADPHJFYWMZ-UHFFFAOYSA-N,TUNFSRHWOTWDNC-UHFFFAOYSA-N,monochlorobenzene,tetradecanoic acid,314.1,0.983,-0.0171461588349705,Chromatography,True,train
j.jct.2012.06.009.xml,2012,58,MVPPADPHJFYWMZ-UHFFFAOYSA-N,TUNFSRHWOTWDNC-UHFFFAOYSA-N,monochlorobenzene,tetradecanoic acid,314.24,0.998,-0.002002002670673,Chromatography,True,train
j.jct.2012.06.009.xml,2012,58,MVPPADPHJFYWMZ-UHFFFAOYSA-N,TUNFSRHWOTWDNC-UHFFFAOYSA-N,monochlorobenzene,tetradecanoic acid,333.26,0.996,-0.0040080213975388,Chromatography,True,train
j.jct.2012.06.009.xml,2012,58,MVPPADPHJFYWMZ-UHFFFAOYSA-N,TUNFSRHWOTWDNC-UHFFFAOYSA-N,monochlorobenzene,tetradecanoic acid,333.38,0.982,-0.0181639706276711,Chromatography,True,train
j.jct.2012.06.009.xml,2012,58,MVPPADPHJFYWMZ-UHFFFAOYSA-N,TUNFSRHWOTWDNC-UHFFFAOYSA-N,monochlorobenzene,tetradecanoic acid,353.25,0.979,-0.0212236364516266,Chromatography,True,train
j.jct.2012.06.009.xml,2012,58,MVPPADPHJFYWMZ-UHFFFAOYSA-N,TUNFSRHWOTWDNC-UHFFFAOYSA-N,monochlorobenzene,tetradecanoic acid,353.3,0.961,-0.0397808700118446,Chromatography,True,train
j.jct.2014.06.006.xml,2014,33,MVPPADPHJFYWMZ-UHFFFAOYSA-N,XNWFRZJHXBZDAG-UHFFFAOYSA-N,chlorobenzene,methyl cellosolve,298.0,2.9,1.0647107369924282,Chromatography,True,train
j.jct.2013.05.006.xml,2013,11,MVPPADPHJFYWMZ-UHFFFAOYSA-N,ZHNUHDYFZUAESO-UHFFFAOYSA-N,chlorobenzene,formamide,298.0,94.0,4.543294782270004,Chromatography,True,train
je901063s.xml,2010,6,MXLMTQWGSQIYOW-RXMQYKEDSA-N,XLYOFNOQVPJJNP-UHFFFAOYSA-N,3-methyl-2-butanol,water,273.35,43.5,3.7727609380946383,"inert gas stripping, headspace analysis in two variants - the classical and the relative, Rayleigh distillation, and circulation still",True,train
je901063s.xml,2010,6,MXLMTQWGSQIYOW-RXMQYKEDSA-N,XLYOFNOQVPJJNP-UHFFFAOYSA-N,3-methyl-2-butanol,water,283.15,61.5,4.119037174812473,"inert gas stripping, headspace analysis in two variants - the classical and the relative, Rayleigh distillation, and circulation still",True,train
je901063s.xml,2010,6,MXLMTQWGSQIYOW-RXMQYKEDSA-N,XLYOFNOQVPJJNP-UHFFFAOYSA-N,3-methyl-2-butanol,water,293.15,73.9,4.302712827954156,"inert gas stripping, headspace analysis in two variants - the classical and the relative, Rayleigh distillation, and circulation still",True,train
je901063s.xml,2010,6,MXLMTQWGSQIYOW-RXMQYKEDSA-N,XLYOFNOQVPJJNP-UHFFFAOYSA-N,3-methyl-2-butanol,water,303.15,86.5,4.460144413937834,"inert gas stripping, headspace analysis in two variants - the classical and the relative, Rayleigh distillation, and circulation still",True,train
je901063s.xml,2010,6,MXLMTQWGSQIYOW-RXMQYKEDSA-N,XLYOFNOQVPJJNP-UHFFFAOYSA-N,3-methyl-2-butanol,water,313.15,96.6,4.570578741218473,"inert gas stripping, headspace analysis in two variants - the classical and the relative, Rayleigh distillation, and circulation still",True,train
je901063s.xml,2010,6,MXLMTQWGSQIYOW-RXMQYKEDSA-N,XLYOFNOQVPJJNP-UHFFFAOYSA-N,3-methyl-2-butanol,water,323.15,104.0,4.6443908991413725,"inert gas stripping, headspace analysis in two variants - the classical and the relative, Rayleigh distillation, and circulation still",True,train
je901063s.xml,2010,6,MXLMTQWGSQIYOW-RXMQYKEDSA-N,XLYOFNOQVPJJNP-UHFFFAOYSA-N,3-methyl-2-butanol,water,333.15,110.0,4.700480365792417,"inert gas stripping, headspace analysis in two variants - the classical and the relative, Rayleigh distillation, and circulation still",True,train
je901063s.xml,2010,6,MXLMTQWGSQIYOW-RXMQYKEDSA-N,XLYOFNOQVPJJNP-UHFFFAOYSA-N,3-methyl-2-butanol,water,343.15,111.0,4.709530201312334,"inert gas stripping, headspace analysis in two variants - the classical and the relative, Rayleigh distillation, and circulation still",True,train
je901063s.xml,2010,6,MXLMTQWGSQIYOW-RXMQYKEDSA-N,XLYOFNOQVPJJNP-UHFFFAOYSA-N,3-methyl-2-butanol,water,353.15,107.0,4.672828834461906,"inert gas stripping, headspace analysis in two variants - the classical and the relative, Rayleigh distillation, and circulation still",True,train
je901063s.xml,2010,6,MXLMTQWGSQIYOW-RXMQYKEDSA-N,XLYOFNOQVPJJNP-UHFFFAOYSA-N,3-methyl-2-butanol,water,371.15,108.0,4.68213122712422,"inert gas stripping, headspace analysis in two variants - the classical and the relative, Rayleigh distillation, and circulation still",True,train
j.fluid.2016.10.009.xml,2017,15,NAMYKGVDVNBCFQ-UHFFFAOYSA-N,JUJWROOIHBZHMG-UHFFFAOYSA-N,2-bromopropane,pyridine,298.15,1.35,0.3001045924503381,Other,True,train
j.jct.2012.12.009.xml,2013,63,NHTMVDHEPJAVLT-UHFFFAOYSA-N,DTOSIQBPPRVQHS-PDBXOOCHSA-N,"2,2,4-trimethylpentane","9,12,15-octadecatrienoic acid",303.13,4.57,1.5195132049061133,Chromatography,True,train
j.jct.2012.12.009.xml,2013,63,NHTMVDHEPJAVLT-UHFFFAOYSA-N,DTOSIQBPPRVQHS-PDBXOOCHSA-N,"2,2,4-trimethylpentane","9,12,15-octadecatrienoic acid",313.25,3.535,1.2627132993485362,Chromatography,True,train
j.jct.2012.12.009.xml,2013,63,NHTMVDHEPJAVLT-UHFFFAOYSA-N,DTOSIQBPPRVQHS-PDBXOOCHSA-N,"2,2,4-trimethylpentane","9,12,15-octadecatrienoic acid",323.26,4.012,1.389289870099689,Chromatography,True,train
j.jct.2012.06.009.xml,2012,2,NHTMVDHEPJAVLT-UHFFFAOYSA-N,GHVNFZFCNZKVNT-UHFFFAOYSA-N,isooctane,capric acid,314.1,2.018,0.7021069219314171,Chromatography,True,train
j.jct.2012.06.009.xml,2012,2,NHTMVDHEPJAVLT-UHFFFAOYSA-N,GHVNFZFCNZKVNT-UHFFFAOYSA-N,isooctane,capric acid,314.24,1.983,0.6846108495376589,Chromatography,True,train
j.jct.2012.06.009.xml,2012,2,NHTMVDHEPJAVLT-UHFFFAOYSA-N,GHVNFZFCNZKVNT-UHFFFAOYSA-N,isooctane,capric acid,333.26,1.914,0.6491952930307625,Chromatography,True,train
j.jct.2012.06.009.xml,2012,2,NHTMVDHEPJAVLT-UHFFFAOYSA-N,GHVNFZFCNZKVNT-UHFFFAOYSA-N,isooctane,capric acid,353.25,1.858,0.6195006403916469,Chromatography,True,train
j.jct.2012.06.009.xml,2012,66,NHTMVDHEPJAVLT-UHFFFAOYSA-N,IPCSVZSSVZVIGE-UHFFFAOYSA-N,isooctane,hexadecanoic acid,340.19,1.499,0.4047982191204607,Chromatography,True,train
j.jct.2012.06.009.xml,2012,66,NHTMVDHEPJAVLT-UHFFFAOYSA-N,IPCSVZSSVZVIGE-UHFFFAOYSA-N,isooctane,hexadecanoic acid,348.01,1.455,0.3750059006234559,Chromatography,True,train
j.jct.2012.06.009.xml,2012,66,NHTMVDHEPJAVLT-UHFFFAOYSA-N,IPCSVZSSVZVIGE-UHFFFAOYSA-N,isooctane,hexadecanoic acid,358.32,1.416,0.347835995271528,Chromatography,True,train
j.jct.2012.12.009.xml,2013,43,NHTMVDHEPJAVLT-UHFFFAOYSA-N,OYHQOLUKZRVURQ-HZJYTTRNSA-N,"2,2,4-trimethylpentane",linoleic acid,338.28,2.434,0.8895359945653355,Chromatography,True,train
j.jct.2012.12.009.xml,2013,43,NHTMVDHEPJAVLT-UHFFFAOYSA-N,OYHQOLUKZRVURQ-HZJYTTRNSA-N,"2,2,4-trimethylpentane",linoleic acid,348.31,2.975,1.0902440389975931,Chromatography,True,train
j.jct.2012.12.009.xml,2013,43,NHTMVDHEPJAVLT-UHFFFAOYSA-N,OYHQOLUKZRVURQ-HZJYTTRNSA-N,"2,2,4-trimethylpentane",linoleic acid,348.28,2.962,1.0858647158456072,Chromatography,True,train
j.jct.2012.12.009.xml,2013,43,NHTMVDHEPJAVLT-UHFFFAOYSA-N,OYHQOLUKZRVURQ-HZJYTTRNSA-N,"2,2,4-trimethylpentane",linoleic acid,358.3,3.632,1.2897834607390468,Chromatography,True,train
je900686n.xml,2010,7,NHTMVDHEPJAVLT-UHFFFAOYSA-N,PEDCQBHIVMGVHV-UHFFFAOYSA-N,"2,2,4-trimethylpentane",glycerol,303.15,635.76,6.454821133631924,Chromatography,True,test_one
je900686n.xml,2010,7,NHTMVDHEPJAVLT-UHFFFAOYSA-N,PEDCQBHIVMGVHV-UHFFFAOYSA-N,"2,2,4-trimethylpentane",glycerol,313.15,584.53,6.370808105514582,Chromatography,True,test_one
je900686n.xml,2010,7,NHTMVDHEPJAVLT-UHFFFAOYSA-N,PEDCQBHIVMGVHV-UHFFFAOYSA-N,"2,2,4-trimethylpentane",glycerol,323.15,496.94,6.208469294462782,Chromatography,True,test_one
je900686n.xml,2010,7,NHTMVDHEPJAVLT-UHFFFAOYSA-N,PEDCQBHIVMGVHV-UHFFFAOYSA-N,"2,2,4-trimethylpentane",glycerol,333.15,405.81,6.005885069769212,Chromatography,True,test_one
je900686n.xml,2010,7,NHTMVDHEPJAVLT-UHFFFAOYSA-N,PEDCQBHIVMGVHV-UHFFFAOYSA-N,"2,2,4-trimethylpentane",glycerol,343.15,328.93,5.795844962170038,Chromatography,True,test_one
j.jct.2012.06.009.xml,2012,23,NHTMVDHEPJAVLT-UHFFFAOYSA-N,POULHZVOKOAJMA-UHFFFAOYSA-N,isooctane,lauric acid,314.1,1.746,0.5573274574174104,Chromatography,True,train
j.jct.2012.06.009.xml,2012,23,NHTMVDHEPJAVLT-UHFFFAOYSA-N,POULHZVOKOAJMA-UHFFFAOYSA-N,isooctane,lauric acid,314.24,1.771,0.5715443588006964,Chromatography,True,train
j.jct.2012.06.009.xml,2012,23,NHTMVDHEPJAVLT-UHFFFAOYSA-N,POULHZVOKOAJMA-UHFFFAOYSA-N,isooctane,lauric acid,333.26,1.697,0.5288619862520894,Chromatography,True,train
j.jct.2012.06.009.xml,2012,23,NHTMVDHEPJAVLT-UHFFFAOYSA-N,POULHZVOKOAJMA-UHFFFAOYSA-N,isooctane,lauric acid,333.38,1.718,0.5411608235620636,Chromatography,True,train
j.jct.2012.06.009.xml,2012,23,NHTMVDHEPJAVLT-UHFFFAOYSA-N,POULHZVOKOAJMA-UHFFFAOYSA-N,isooctane,lauric acid,353.25,1.674,0.5152159720672835,Chromatography,True,train
j.jct.2012.06.009.xml,2012,23,NHTMVDHEPJAVLT-UHFFFAOYSA-N,POULHZVOKOAJMA-UHFFFAOYSA-N,isooctane,lauric acid,353.3,1.688,0.5235443961737654,Chromatography,True,train
j.jct.2012.12.009.xml,2013,2,NHTMVDHEPJAVLT-UHFFFAOYSA-N,QIQXTHQIDYTFRH-UHFFFAOYSA-N,"2,2,4-trimethylpentane",n-octadecanoic acid,349.47,1.419,0.3499523981779056,Chromatography,True,train
j.jct.2012.12.009.xml,2013,2,NHTMVDHEPJAVLT-UHFFFAOYSA-N,QIQXTHQIDYTFRH-UHFFFAOYSA-N,"2,2,4-trimethylpentane",n-octadecanoic acid,358.4,1.407,0.341459778132252,Chromatography,True,train
j.jct.2012.12.009.xml,2013,2,NHTMVDHEPJAVLT-UHFFFAOYSA-N,QIQXTHQIDYTFRH-UHFFFAOYSA-N,"2,2,4-trimethylpentane",n-octadecanoic acid,368.19,1.365,0.311154428636923,Chromatography,True,train
j.jct.2012.12.009.xml,2013,2,NHTMVDHEPJAVLT-UHFFFAOYSA-N,QIQXTHQIDYTFRH-UHFFFAOYSA-N,"2,2,4-trimethylpentane",n-octadecanoic acid,368.13,1.354,0.3030631744900833,Chromatography,True,train
j.jct.2012.06.009.xml,2012,44,NHTMVDHEPJAVLT-UHFFFAOYSA-N,TUNFSRHWOTWDNC-UHFFFAOYSA-N,isooctane,tetradecanoic acid,338.27,1.534,0.4278787029450644,Chromatography,True,train
j.jct.2012.06.009.xml,2012,44,NHTMVDHEPJAVLT-UHFFFAOYSA-N,TUNFSRHWOTWDNC-UHFFFAOYSA-N,isooctane,tetradecanoic acid,348.3,1.505,0.4087928982008389,Chromatography,True,train
j.jct.2012.06.009.xml,2012,44,NHTMVDHEPJAVLT-UHFFFAOYSA-N,TUNFSRHWOTWDNC-UHFFFAOYSA-N,isooctane,tetradecanoic acid,358.33,1.448,0.3701832939635246,Chromatography,True,train
j.jct.2012.12.009.xml,2013,23,NHTMVDHEPJAVLT-UHFFFAOYSA-N,ZQPPMHVWECSIRJ-KTKRTIGZSA-N,"2,2,4-trimethylpentane",cis-9-octadecenoic acid,338.36,1.627,0.4867378282369007,Chromatography,True,train
j.jct.2012.12.009.xml,2013,23,NHTMVDHEPJAVLT-UHFFFAOYSA-N,ZQPPMHVWECSIRJ-KTKRTIGZSA-N,"2,2,4-trimethylpentane",cis-9-octadecenoic acid,348.29,1.519,0.4180522236136357,Chromatography,True,train
j.jct.2012.12.009.xml,2013,23,NHTMVDHEPJAVLT-UHFFFAOYSA-N,ZQPPMHVWECSIRJ-KTKRTIGZSA-N,"2,2,4-trimethylpentane",cis-9-octadecenoic acid,348.36,1.544,0.4343764516025845,Chromatography,True,train
j.jct.2012.12.009.xml,2013,23,NHTMVDHEPJAVLT-UHFFFAOYSA-N,ZQPPMHVWECSIRJ-KTKRTIGZSA-N,"2,2,4-trimethylpentane",cis-9-octadecenoic acid,358.28,1.477,0.3900130035492428,Chromatography,True,train
j.fluid.2007.08.013.xml,2007,6,NKDDWNXOKDWJAK-UHFFFAOYSA-N,XLYOFNOQVPJJNP-UHFFFAOYSA-N,dimethoxymethane,water,273.35,10.8,2.379546134130174,Chromatography,True,train
j.fluid.2007.08.013.xml,2007,6,NKDDWNXOKDWJAK-UHFFFAOYSA-N,XLYOFNOQVPJJNP-UHFFFAOYSA-N,dimethoxymethane,water,283.15,13.7,2.617395832834079,Chromatography,True,train
j.fluid.2007.08.013.xml,2007,6,NKDDWNXOKDWJAK-UHFFFAOYSA-N,XLYOFNOQVPJJNP-UHFFFAOYSA-N,dimethoxymethane,water,293.15,15.6,2.747270914255491,Chromatography,True,train
j.fluid.2007.08.013.xml,2007,6,NKDDWNXOKDWJAK-UHFFFAOYSA-N,XLYOFNOQVPJJNP-UHFFFAOYSA-N,dimethoxymethane,water,298.15,16.9,2.827313621929028,Chromatography,True,train
j.fluid.2007.08.013.xml,2007,6,NKDDWNXOKDWJAK-UHFFFAOYSA-N,XLYOFNOQVPJJNP-UHFFFAOYSA-N,dimethoxymethane,water,303.15,18.0,2.8903717578961645,Chromatography,True,train
j.fluid.2007.08.013.xml,2007,6,NKDDWNXOKDWJAK-UHFFFAOYSA-N,XLYOFNOQVPJJNP-UHFFFAOYSA-N,dimethoxymethane,water,313.15,19.9,2.990719731730447,Chromatography,True,train
j.fluid.2007.08.013.xml,2007,6,NKDDWNXOKDWJAK-UHFFFAOYSA-N,XLYOFNOQVPJJNP-UHFFFAOYSA-N,dimethoxymethane,water,323.15,22.0,3.091042453358316,Chromatography,True,train
j.fluid.2007.08.013.xml,2007,6,NKDDWNXOKDWJAK-UHFFFAOYSA-N,XLYOFNOQVPJJNP-UHFFFAOYSA-N,dimethoxymethane,water,333.15,23.9,3.173878458937465,Chromatography,True,train
j.jct.2004.11.005.xml,2005,7,NNPPMTNAJDCUHE-UHFFFAOYSA-N,AMQJEAYHLZJPGS-UHFFFAOYSA-N,2-methylpropane,1-pentanol,270.01,3.59,1.2781522025001877,Other,True,test_one
j.jct.2004.11.005.xml,2005,7,NNPPMTNAJDCUHE-UHFFFAOYSA-N,AMQJEAYHLZJPGS-UHFFFAOYSA-N,2-methylpropane,1-pentanol,290.0,3.56,1.269760544863939,Other,True,test_one
j.jct.2004.11.005.xml,2005,7,NNPPMTNAJDCUHE-UHFFFAOYSA-N,AMQJEAYHLZJPGS-UHFFFAOYSA-N,2-methylpropane,1-pentanol,310.0,3.51,1.2556160374777745,Other,True,test_one
j.jct.2004.11.005.xml,2005,7,NNPPMTNAJDCUHE-UHFFFAOYSA-N,AMQJEAYHLZJPGS-UHFFFAOYSA-N,2-methylpropane,1-pentanol,330.0,3.4,1.2237754316221157,Other,True,test_one
j.jct.2004.11.005.xml,2005,39,NNPPMTNAJDCUHE-UHFFFAOYSA-N,AQIXEPGDORPWBJ-UHFFFAOYSA-N,2-methylpropane,3-pentanol,259.96,3.66,1.297463147413275,Other,True,train
j.jct.2004.11.005.xml,2005,39,NNPPMTNAJDCUHE-UHFFFAOYSA-N,AQIXEPGDORPWBJ-UHFFFAOYSA-N,2-methylpropane,3-pentanol,270.02,3.62,1.2864740258376797,Other,True,train
j.jct.2004.11.005.xml,2005,39,NNPPMTNAJDCUHE-UHFFFAOYSA-N,AQIXEPGDORPWBJ-UHFFFAOYSA-N,2-methylpropane,3-pentanol,280.0,3.53,1.2612978709452054,Other,True,train
j.jct.2004.11.005.xml,2005,39,NNPPMTNAJDCUHE-UHFFFAOYSA-N,AQIXEPGDORPWBJ-UHFFFAOYSA-N,2-methylpropane,3-pentanol,290.0,3.45,1.2383742310432684,Other,True,train
j.jct.2004.11.005.xml,2005,39,NNPPMTNAJDCUHE-UHFFFAOYSA-N,AQIXEPGDORPWBJ-UHFFFAOYSA-N,2-methylpropane,3-pentanol,300.0,3.35,1.208960345836975,Other,True,train
j.jct.2004.11.005.xml,2005,39,NNPPMTNAJDCUHE-UHFFFAOYSA-N,AQIXEPGDORPWBJ-UHFFFAOYSA-N,2-methylpropane,3-pentanol,310.01,3.22,1.169381359556317,Other,True,train
j.jct.2004.11.005.xml,2005,39,NNPPMTNAJDCUHE-UHFFFAOYSA-N,AQIXEPGDORPWBJ-UHFFFAOYSA-N,2-methylpropane,3-pentanol,320.0,3.09,1.128171090909654,Other,True,train
j.jct.2004.11.005.xml,2005,39,NNPPMTNAJDCUHE-UHFFFAOYSA-N,AQIXEPGDORPWBJ-UHFFFAOYSA-N,2-methylpropane,3-pentanol,330.01,2.98,1.091923300517313,Other,True,train
j.jct.2003.08.018.xml,2004,3,NNPPMTNAJDCUHE-UHFFFAOYSA-N,BDERNNFJNOPAEC-UHFFFAOYSA-N,2-methylpropane,1-propanol,259.98,5.48,1.7011051009599245,Chromatography,True,train
j.jct.2003.08.018.xml,2004,3,NNPPMTNAJDCUHE-UHFFFAOYSA-N,BDERNNFJNOPAEC-UHFFFAOYSA-N,2-methylpropane,1-propanol,279.94,5.37,1.6808279085207734,Chromatography,True,train
j.jct.2003.08.018.xml,2004,3,NNPPMTNAJDCUHE-UHFFFAOYSA-N,BDERNNFJNOPAEC-UHFFFAOYSA-N,2-methylpropane,1-propanol,300.16,5.24,1.6563214983329508,Chromatography,True,train
j.jct.2003.08.018.xml,2004,3,NNPPMTNAJDCUHE-UHFFFAOYSA-N,BDERNNFJNOPAEC-UHFFFAOYSA-N,2-methylpropane,1-propanol,320.0,5.14,1.6370530794670737,Chromatography,True,train
j.jct.2003.08.018.xml,2004,3,NNPPMTNAJDCUHE-UHFFFAOYSA-N,BDERNNFJNOPAEC-UHFFFAOYSA-N,2-methylpropane,1-propanol,339.92,5.05,1.6193882432872684,Chromatography,True,train
je050343i.xml,2005,31,NNPPMTNAJDCUHE-UHFFFAOYSA-N,CPJRRXSHAYUTGL-UHFFFAOYSA-N,2-methylpropane,3-methyl-3-buten-1-ol,270.04,4.98,1.6054298910365616,Chromatography,True,train
je050343i.xml,2005,31,NNPPMTNAJDCUHE-UHFFFAOYSA-N,CPJRRXSHAYUTGL-UHFFFAOYSA-N,2-methylpropane,3-methyl-3-buten-1-ol,289.99,4.73,1.5539252025038417,Chromatography,True,train
je050343i.xml,2005,31,NNPPMTNAJDCUHE-UHFFFAOYSA-N,CPJRRXSHAYUTGL-UHFFFAOYSA-N,2-methylpropane,3-methyl-3-buten-1-ol,309.99,4.54,1.5129270120532563,Chromatography,True,train
je050343i.xml,2005,31,NNPPMTNAJDCUHE-UHFFFAOYSA-N,CPJRRXSHAYUTGL-UHFFFAOYSA-N,2-methylpropane,3-methyl-3-buten-1-ol,330.0,4.29,1.4562867329399256,Chromatography,True,train
je060395n.xml,2007,41,NNPPMTNAJDCUHE-UHFFFAOYSA-N,CTQNGGLPUBDAKN-UHFFFAOYSA-N,2-methylpropane,"1,2-dimethylbenzene",270.13,2.25,0.8109302162163288,calculated from henry's law constants,True,train
je060395n.xml,2007,41,NNPPMTNAJDCUHE-UHFFFAOYSA-N,CTQNGGLPUBDAKN-UHFFFAOYSA-N,2-methylpropane,"1,2-dimethylbenzene",289.99,2.13,0.7561219797213337,calculated from henry's law constants,True,train
je060395n.xml,2007,41,NNPPMTNAJDCUHE-UHFFFAOYSA-N,CTQNGGLPUBDAKN-UHFFFAOYSA-N,2-methylpropane,"1,2-dimethylbenzene",309.84,2.04,0.712949807856125,calculated from henry's law constants,True,train
je060395n.xml,2007,41,NNPPMTNAJDCUHE-UHFFFAOYSA-N,CTQNGGLPUBDAKN-UHFFFAOYSA-N,2-methylpropane,"1,2-dimethylbenzene",329.99,1.94,0.6626879730752367,calculated from henry's law constants,True,train
je700270d.xml,2007,7,NNPPMTNAJDCUHE-UHFFFAOYSA-N,DHXVGJBLRPWPCS-UHFFFAOYSA-N,2-methylpropane,tetrahydropyran,250.06,2.14,0.7608058290337602,Chromatography,True,train
je700270d.xml,2007,7,NNPPMTNAJDCUHE-UHFFFAOYSA-N,DHXVGJBLRPWPCS-UHFFFAOYSA-N,2-methylpropane,tetrahydropyran,270.12,2.04,0.712949807856125,Chromatography,True,train
je700270d.xml,2007,7,NNPPMTNAJDCUHE-UHFFFAOYSA-N,DHXVGJBLRPWPCS-UHFFFAOYSA-N,2-methylpropane,tetrahydropyran,289.97,1.94,0.6626879730752367,Chromatography,True,train
je700270d.xml,2007,7,NNPPMTNAJDCUHE-UHFFFAOYSA-N,DHXVGJBLRPWPCS-UHFFFAOYSA-N,2-methylpropane,tetrahydropyran,309.98,1.88,0.6312717768418578,Chromatography,True,train
je700270d.xml,2007,7,NNPPMTNAJDCUHE-UHFFFAOYSA-N,DHXVGJBLRPWPCS-UHFFFAOYSA-N,2-methylpropane,tetrahydropyran,329.97,1.82,0.598836501088704,Chromatography,True,train
je050343i.xml,2005,7,NNPPMTNAJDCUHE-UHFFFAOYSA-N,HNVRRHSXBLFLIG-UHFFFAOYSA-N,2-methylpropane,"3-buten-2-ol, 2-methyl-",269.95,3.42,1.229640551074514,Chromatography,True,train
je050343i.xml,2005,7,NNPPMTNAJDCUHE-UHFFFAOYSA-N,HNVRRHSXBLFLIG-UHFFFAOYSA-N,2-methylpropane,"3-buten-2-ol, 2-methyl-",289.99,3.27,1.184789984909162,Chromatography,True,train
je050343i.xml,2005,7,NNPPMTNAJDCUHE-UHFFFAOYSA-N,HNVRRHSXBLFLIG-UHFFFAOYSA-N,2-methylpropane,"3-buten-2-ol, 2-methyl-",309.99,3.06,1.118414915964289,Chromatography,True,train
je050343i.xml,2005,7,NNPPMTNAJDCUHE-UHFFFAOYSA-N,HNVRRHSXBLFLIG-UHFFFAOYSA-N,2-methylpropane,"3-buten-2-ol, 2-methyl-",330.0,2.83,1.0402767116551463,Chromatography,True,train
je060395n.xml,2007,43,NNPPMTNAJDCUHE-UHFFFAOYSA-N,IVSZLXZYQVIEFR-UHFFFAOYSA-N,2-methylpropane,"1,3-dimethylbenzene",270.1,2.04,0.712949807856125,calculated from henry's law constants,True,train
je060395n.xml,2007,43,NNPPMTNAJDCUHE-UHFFFAOYSA-N,IVSZLXZYQVIEFR-UHFFFAOYSA-N,2-methylpropane,"1,3-dimethylbenzene",289.99,1.97,0.6780335427498971,calculated from henry's law constants,True,train
je060395n.xml,2007,43,NNPPMTNAJDCUHE-UHFFFAOYSA-N,IVSZLXZYQVIEFR-UHFFFAOYSA-N,2-methylpropane,"1,3-dimethylbenzene",309.84,1.89,0.636576829071551,calculated from henry's law constants,True,train
je060395n.xml,2007,43,NNPPMTNAJDCUHE-UHFFFAOYSA-N,IVSZLXZYQVIEFR-UHFFFAOYSA-N,2-methylpropane,"1,3-dimethylbenzene",329.99,1.8,0.5877866649021191,calculated from henry's law constants,True,train
je100529s.xml,2010,55,NNPPMTNAJDCUHE-UHFFFAOYSA-N,IWDCLRJOBJJRNH-UHFFFAOYSA-N,"propane, 2-methyl-",4-methylphenol,309.99,7.93,2.0706530356467567,Gas Stripping Method,True,train
je100529s.xml,2010,55,NNPPMTNAJDCUHE-UHFFFAOYSA-N,IWDCLRJOBJJRNH-UHFFFAOYSA-N,"propane, 2-methyl-",4-methylphenol,319.99,7.62,2.030776369698555,Gas Stripping Method,True,train
je100529s.xml,2010,55,NNPPMTNAJDCUHE-UHFFFAOYSA-N,IWDCLRJOBJJRNH-UHFFFAOYSA-N,"propane, 2-methyl-",4-methylphenol,329.99,7.3,1.9878743481543453,Gas Stripping Method,True,train
je100529s.xml,2010,55,NNPPMTNAJDCUHE-UHFFFAOYSA-N,IWDCLRJOBJJRNH-UHFFFAOYSA-N,"propane, 2-methyl-",4-methylphenol,340.02,7.03,1.9501867058225733,Gas Stripping Method,True,train
j.jct.2004.11.005.xml,2005,23,NNPPMTNAJDCUHE-UHFFFAOYSA-N,JYVLIDXNZAXMDK-YFKPBYRVSA-N,2-methylpropane,2-pentanol,250.01,3.66,1.297463147413275,Other,True,train
j.jct.2004.11.005.xml,2005,23,NNPPMTNAJDCUHE-UHFFFAOYSA-N,JYVLIDXNZAXMDK-YFKPBYRVSA-N,2-methylpropane,2-pentanol,269.96,3.61,1.2837077723447896,Other,True,train
j.jct.2004.11.005.xml,2005,23,NNPPMTNAJDCUHE-UHFFFAOYSA-N,JYVLIDXNZAXMDK-YFKPBYRVSA-N,2-methylpropane,2-pentanol,290.0,3.49,1.249901736214336,Other,True,train
j.jct.2004.11.005.xml,2005,23,NNPPMTNAJDCUHE-UHFFFAOYSA-N,JYVLIDXNZAXMDK-YFKPBYRVSA-N,2-methylpropane,2-pentanol,310.0,3.3,1.1939224684724346,Other,True,train
j.jct.2004.11.005.xml,2005,23,NNPPMTNAJDCUHE-UHFFFAOYSA-N,JYVLIDXNZAXMDK-YFKPBYRVSA-N,2-methylpropane,2-pentanol,330.0,3.1,1.1314021114911006,Other,True,train
je0342116.xml,2004,6,NNPPMTNAJDCUHE-UHFFFAOYSA-N,KFZMGEQAYNKOFK-UHFFFAOYSA-N,2-methylpropane,2-propanol,270.04,5.3,1.667706820558076,Chromatography,True,train
je0342116.xml,2004,6,NNPPMTNAJDCUHE-UHFFFAOYSA-N,KFZMGEQAYNKOFK-UHFFFAOYSA-N,2-methylpropane,2-propanol,290.0,5.2,1.6486586255873816,Chromatography,True,train
je0342116.xml,2004,6,NNPPMTNAJDCUHE-UHFFFAOYSA-N,KFZMGEQAYNKOFK-UHFFFAOYSA-N,2-methylpropane,2-propanol,310.0,5.0,1.6094379124341005,Chromatography,True,train
je0342116.xml,2004,6,NNPPMTNAJDCUHE-UHFFFAOYSA-N,KFZMGEQAYNKOFK-UHFFFAOYSA-N,2-methylpropane,2-propanol,330.0,4.7,1.547562508716013,Chromatography,True,train
je034265f.xml,2004,7,NNPPMTNAJDCUHE-UHFFFAOYSA-N,LRHPLDYGYMQRHN-UHFFFAOYSA-N,2-methylpropane,1-butanol,250.01,4.4,1.4816045409242156,Other,True,train
je034265f.xml,2004,7,NNPPMTNAJDCUHE-UHFFFAOYSA-N,LRHPLDYGYMQRHN-UHFFFAOYSA-N,2-methylpropane,1-butanol,270.04,4.4,1.4816045409242156,Other,True,train
je034265f.xml,2004,7,NNPPMTNAJDCUHE-UHFFFAOYSA-N,LRHPLDYGYMQRHN-UHFFFAOYSA-N,2-methylpropane,1-butanol,290.01,4.3,1.4586150226995167,Other,True,train
je034265f.xml,2004,7,NNPPMTNAJDCUHE-UHFFFAOYSA-N,LRHPLDYGYMQRHN-UHFFFAOYSA-N,2-methylpropane,1-butanol,310.01,4.3,1.4586150226995167,Other,True,train
je034265f.xml,2004,7,NNPPMTNAJDCUHE-UHFFFAOYSA-N,LRHPLDYGYMQRHN-UHFFFAOYSA-N,2-methylpropane,1-butanol,330.0,4.1,1.410986973710262,Other,True,train
je060395n.xml,2007,47,NNPPMTNAJDCUHE-UHFFFAOYSA-N,PPBRXRYQALVLMV-UHFFFAOYSA-N,2-methylpropane,styrene,270.07,4.64,1.534714366238164,calculated from henry's law constants,True,train
je060395n.xml,2007,47,NNPPMTNAJDCUHE-UHFFFAOYSA-N,PPBRXRYQALVLMV-UHFFFAOYSA-N,2-methylpropane,styrene,309.84,3.91,1.3635373739972745,calculated from henry's law constants,True,train
je060395n.xml,2007,47,NNPPMTNAJDCUHE-UHFFFAOYSA-N,PPBRXRYQALVLMV-UHFFFAOYSA-N,2-methylpropane,styrene,329.99,3.6,1.2809338454620642,calculated from henry's law constants,True,train
je100529s.xml,2010,7,NNPPMTNAJDCUHE-UHFFFAOYSA-N,QWVGKYWNOKOFNN-UHFFFAOYSA-N,"propane, 2-methyl-",2-methylphenol,299.99,7.92,2.069391205826334,Gas Stripping Method,True,train
je100529s.xml,2010,7,NNPPMTNAJDCUHE-UHFFFAOYSA-N,QWVGKYWNOKOFNN-UHFFFAOYSA-N,"propane, 2-methyl-",2-methylphenol,309.99,7.57,2.0241930674493576,Gas Stripping Method,True,train
je100529s.xml,2010,7,NNPPMTNAJDCUHE-UHFFFAOYSA-N,QWVGKYWNOKOFNN-UHFFFAOYSA-N,"propane, 2-methyl-",2-methylphenol,319.99,7.14,1.965712776351493,Gas Stripping Method,True,train
je100529s.xml,2010,7,NNPPMTNAJDCUHE-UHFFFAOYSA-N,QWVGKYWNOKOFNN-UHFFFAOYSA-N,"propane, 2-methyl-",2-methylphenol,329.99,6.73,1.9065751436566365,Gas Stripping Method,True,train
je100529s.xml,2010,31,NNPPMTNAJDCUHE-UHFFFAOYSA-N,RLSSMJSEOOYNOY-UHFFFAOYSA-N,"propane, 2-methyl-",3-methylphenol,289.98,8.35,2.122261538862764,Gas Stripping Method,True,train
je100529s.xml,2010,31,NNPPMTNAJDCUHE-UHFFFAOYSA-N,RLSSMJSEOOYNOY-UHFFFAOYSA-N,"propane, 2-methyl-",3-methylphenol,299.98,8.11,2.0930978681273213,Gas Stripping Method,True,train
je100529s.xml,2010,31,NNPPMTNAJDCUHE-UHFFFAOYSA-N,RLSSMJSEOOYNOY-UHFFFAOYSA-N,"propane, 2-methyl-",3-methylphenol,309.99,7.87,2.063058062429312,Gas Stripping Method,True,train
je100529s.xml,2010,31,NNPPMTNAJDCUHE-UHFFFAOYSA-N,RLSSMJSEOOYNOY-UHFFFAOYSA-N,"propane, 2-methyl-",3-methylphenol,319.99,7.54,2.020222182019865,Gas Stripping Method,True,train
je100529s.xml,2010,31,NNPPMTNAJDCUHE-UHFFFAOYSA-N,RLSSMJSEOOYNOY-UHFFFAOYSA-N,"propane, 2-methyl-",3-methylphenol,329.99,7.21,1.9754689512968575,Gas Stripping Method,True,train
je060395n.xml,2007,37,NNPPMTNAJDCUHE-UHFFFAOYSA-N,UHOVQNZJYSORNB-UHFFFAOYSA-N,2-methylpropane,benzene,279.99,2.81,1.0331844833456545,calculated from henry's law constants,True,train
je060395n.xml,2007,37,NNPPMTNAJDCUHE-UHFFFAOYSA-N,UHOVQNZJYSORNB-UHFFFAOYSA-N,2-methylpropane,benzene,289.99,2.64,0.9707789171582248,calculated from henry's law constants,True,train
je060395n.xml,2007,37,NNPPMTNAJDCUHE-UHFFFAOYSA-N,UHOVQNZJYSORNB-UHFFFAOYSA-N,2-methylpropane,benzene,309.99,2.43,0.8878912573524571,calculated from henry's law constants,True,train
je060395n.xml,2007,37,NNPPMTNAJDCUHE-UHFFFAOYSA-N,UHOVQNZJYSORNB-UHFFFAOYSA-N,2-methylpropane,benzene,329.99,2.19,0.7839015438284094,calculated from henry's law constants,True,train
je060395n.xml,2007,45,NNPPMTNAJDCUHE-UHFFFAOYSA-N,URLKBWYHVLBVBO-UHFFFAOYSA-N,2-methylpropane,"1,4-dimethylbenzene",289.99,1.91,0.6471032420585384,calculated from henry's law constants,True,test_one
je060395n.xml,2007,45,NNPPMTNAJDCUHE-UHFFFAOYSA-N,URLKBWYHVLBVBO-UHFFFAOYSA-N,2-methylpropane,"1,4-dimethylbenzene",299.99,1.86,0.62057648772511,calculated from henry's law constants,True,test_one
je060395n.xml,2007,45,NNPPMTNAJDCUHE-UHFFFAOYSA-N,URLKBWYHVLBVBO-UHFFFAOYSA-N,2-methylpropane,"1,4-dimethylbenzene",309.85,1.83,0.6043159668533296,calculated from henry's law constants,True,test_one
je060395n.xml,2007,45,NNPPMTNAJDCUHE-UHFFFAOYSA-N,URLKBWYHVLBVBO-UHFFFAOYSA-N,2-methylpropane,"1,4-dimethylbenzene",319.99,1.79,0.5822156198526637,calculated from henry's law constants,True,test_one
je060395n.xml,2007,45,NNPPMTNAJDCUHE-UHFFFAOYSA-N,URLKBWYHVLBVBO-UHFFFAOYSA-N,2-methylpropane,"1,4-dimethylbenzene",329.99,1.74,0.5538851132264376,calculated from henry's law constants,True,test_one
je0502647.xml,2005,7,NNPPMTNAJDCUHE-UHFFFAOYSA-N,XXROGKLTLUQVRX-UHFFFAOYSA-N,2-methylpropane,2-propenol,270.01,9.51,2.252343876557299,gas stripping method,True,train
je0502647.xml,2005,7,NNPPMTNAJDCUHE-UHFFFAOYSA-N,XXROGKLTLUQVRX-UHFFFAOYSA-N,2-methylpropane,2-propenol,289.99,8.83,2.178155014615869,gas stripping method,True,train
je0502647.xml,2005,7,NNPPMTNAJDCUHE-UHFFFAOYSA-N,XXROGKLTLUQVRX-UHFFFAOYSA-N,2-methylpropane,2-propenol,309.995,8.11,2.0930978681273213,gas stripping method,True,train
je0502647.xml,2005,7,NNPPMTNAJDCUHE-UHFFFAOYSA-N,XXROGKLTLUQVRX-UHFFFAOYSA-N,2-methylpropane,2-propenol,329.99,7.14,1.965712776351493,gas stripping method,True,train
je060395n.xml,2007,39,NNPPMTNAJDCUHE-UHFFFAOYSA-N,YXFVVABEGXRONW-UHFFFAOYSA-N,2-methylpropane,toluene,270.0,2.25,0.8109302162163288,calculated from henry's law constants,True,train
je060395n.xml,2007,39,NNPPMTNAJDCUHE-UHFFFAOYSA-N,YXFVVABEGXRONW-UHFFFAOYSA-N,2-methylpropane,toluene,289.98,2.12,0.7514160886839212,calculated from henry's law constants,True,train
je060395n.xml,2007,39,NNPPMTNAJDCUHE-UHFFFAOYSA-N,YXFVVABEGXRONW-UHFFFAOYSA-N,2-methylpropane,toluene,309.94,2.01,0.6981347220709843,calculated from henry's law constants,True,train
je060395n.xml,2007,39,NNPPMTNAJDCUHE-UHFFFAOYSA-N,YXFVVABEGXRONW-UHFFFAOYSA-N,2-methylpropane,toluene,329.99,1.91,0.6471032420585384,calculated from henry's law constants,True,train
j.jct.2005.08.004.xml,2006,69,NPNPZTNLOVBDOC-UHFFFAOYSA-N,AMQJEAYHLZJPGS-UHFFFAOYSA-N,"1,1-difluoroethane",1-pentanol,270.06,5.76,1.7509374747078,Chromatography,True,test_one
j.jct.2005.08.004.xml,2006,69,NPNPZTNLOVBDOC-UHFFFAOYSA-N,AMQJEAYHLZJPGS-UHFFFAOYSA-N,"1,1-difluoroethane",1-pentanol,290.0,5.2,1.6486586255873816,Chromatography,True,test_one
j.jct.2005.08.004.xml,2006,69,NPNPZTNLOVBDOC-UHFFFAOYSA-N,AMQJEAYHLZJPGS-UHFFFAOYSA-N,"1,1-difluoroethane",1-pentanol,309.99,4.6,1.5260563034950492,Chromatography,True,test_one
j.jct.2005.08.004.xml,2006,69,NPNPZTNLOVBDOC-UHFFFAOYSA-N,AMQJEAYHLZJPGS-UHFFFAOYSA-N,"1,1-difluoroethane",1-pentanol,330.0,4.05,1.3987168811184478,Chromatography,True,test_one
j.jct.2005.08.004.xml,2006,77,NPNPZTNLOVBDOC-UHFFFAOYSA-N,AQIXEPGDORPWBJ-UHFFFAOYSA-N,"1,1-difluoroethane",3-pentanol,259.98,8.85,2.180417459019838,Chromatography,True,train
j.jct.2005.08.004.xml,2006,77,NPNPZTNLOVBDOC-UHFFFAOYSA-N,AQIXEPGDORPWBJ-UHFFFAOYSA-N,"1,1-difluoroethane",3-pentanol,270.03,7.77,2.050270164379556,Chromatography,True,train
j.jct.2005.08.004.xml,2006,77,NPNPZTNLOVBDOC-UHFFFAOYSA-N,AQIXEPGDORPWBJ-UHFFFAOYSA-N,"1,1-difluoroethane",3-pentanol,290.0,5.92,1.7783364488959144,Chromatography,True,train
j.jct.2005.08.004.xml,2006,77,NPNPZTNLOVBDOC-UHFFFAOYSA-N,AQIXEPGDORPWBJ-UHFFFAOYSA-N,"1,1-difluoroethane",3-pentanol,309.99,4.57,1.5195132049061133,Chromatography,True,train
j.jct.2005.08.004.xml,2006,77,NPNPZTNLOVBDOC-UHFFFAOYSA-N,AQIXEPGDORPWBJ-UHFFFAOYSA-N,"1,1-difluoroethane",3-pentanol,330.0,3.62,1.2864740258376797,Chromatography,True,train
j.jct.2005.08.004.xml,2006,15,NPNPZTNLOVBDOC-UHFFFAOYSA-N,BDERNNFJNOPAEC-UHFFFAOYSA-N,"1,1-difluoroethane",1-propanol,259.93,5.61,1.724550719534605,Chromatography,True,train
j.jct.2005.08.004.xml,2006,15,NPNPZTNLOVBDOC-UHFFFAOYSA-N,BDERNNFJNOPAEC-UHFFFAOYSA-N,"1,1-difluoroethane",1-propanol,269.98,5.47,1.6992786164338898,Chromatography,True,train
j.jct.2005.08.004.xml,2006,15,NPNPZTNLOVBDOC-UHFFFAOYSA-N,BDERNNFJNOPAEC-UHFFFAOYSA-N,"1,1-difluoroethane",1-propanol,290.0,5.17,1.6428726885203375,Chromatography,True,train
j.jct.2005.08.004.xml,2006,15,NPNPZTNLOVBDOC-UHFFFAOYSA-N,BDERNNFJNOPAEC-UHFFFAOYSA-N,"1,1-difluoroethane",1-propanol,309.99,4.79,1.5665304114228238,Chromatography,True,train
j.jct.2005.08.004.xml,2006,15,NPNPZTNLOVBDOC-UHFFFAOYSA-N,BDERNNFJNOPAEC-UHFFFAOYSA-N,"1,1-difluoroethane",1-propanol,330.0,4.36,1.472472057360943,Chromatography,True,train
je050343i.xml,2005,47,NPNPZTNLOVBDOC-UHFFFAOYSA-N,CPJRRXSHAYUTGL-UHFFFAOYSA-N,"1,1-difluoroethane",3-methyl-3-buten-1-ol,269.95,4.53,1.5107219394949427,Chromatography,True,train
je050343i.xml,2005,47,NPNPZTNLOVBDOC-UHFFFAOYSA-N,CPJRRXSHAYUTGL-UHFFFAOYSA-N,"1,1-difluoroethane",3-methyl-3-buten-1-ol,289.9,4.12,1.415853163361435,Chromatography,True,train
je050343i.xml,2005,47,NPNPZTNLOVBDOC-UHFFFAOYSA-N,CPJRRXSHAYUTGL-UHFFFAOYSA-N,"1,1-difluoroethane",3-methyl-3-buten-1-ol,309.99,3.74,1.3190856114264409,Chromatography,True,train
je050343i.xml,2005,47,NPNPZTNLOVBDOC-UHFFFAOYSA-N,CPJRRXSHAYUTGL-UHFFFAOYSA-N,"1,1-difluoroethane",3-methyl-3-buten-1-ol,330.0,3.5,1.252762968495368,Chromatography,True,train
je060395n.xml,2007,137,NPNPZTNLOVBDOC-UHFFFAOYSA-N,CTQNGGLPUBDAKN-UHFFFAOYSA-N,"1,1-difluoroethane","1,2-dimethylbenzene",270.13,2.61,0.959350221334602,calculated from henry's law constants,True,train
je060395n.xml,2007,137,NPNPZTNLOVBDOC-UHFFFAOYSA-N,CTQNGGLPUBDAKN-UHFFFAOYSA-N,"1,1-difluoroethane","1,2-dimethylbenzene",289.99,2.52,0.924258901523332,calculated from henry's law constants,True,train
je060395n.xml,2007,137,NPNPZTNLOVBDOC-UHFFFAOYSA-N,CTQNGGLPUBDAKN-UHFFFAOYSA-N,"1,1-difluoroethane","1,2-dimethylbenzene",309.84,2.44,0.8919980393051105,calculated from henry's law constants,True,train
je060395n.xml,2007,137,NPNPZTNLOVBDOC-UHFFFAOYSA-N,CTQNGGLPUBDAKN-UHFFFAOYSA-N,"1,1-difluoroethane","1,2-dimethylbenzene",329.99,2.31,0.8372475245337022,calculated from henry's law constants,True,train
je700270d.xml,2007,23,NPNPZTNLOVBDOC-UHFFFAOYSA-N,DHXVGJBLRPWPCS-UHFFFAOYSA-N,"1,1-difluoroethane",tetrahydropyran,250.06,1.57,0.4510756193602167,Chromatography,True,train
je700270d.xml,2007,23,NPNPZTNLOVBDOC-UHFFFAOYSA-N,DHXVGJBLRPWPCS-UHFFFAOYSA-N,"1,1-difluoroethane",tetrahydropyran,270.12,1.64,0.494696241836107,Chromatography,True,train
je700270d.xml,2007,23,NPNPZTNLOVBDOC-UHFFFAOYSA-N,DHXVGJBLRPWPCS-UHFFFAOYSA-N,"1,1-difluoroethane",tetrahydropyran,289.97,1.67,0.5128236264286637,Chromatography,True,train
je700270d.xml,2007,23,NPNPZTNLOVBDOC-UHFFFAOYSA-N,DHXVGJBLRPWPCS-UHFFFAOYSA-N,"1,1-difluoroethane",tetrahydropyran,309.98,1.69,0.5247285289349821,Chromatography,True,train
je700270d.xml,2007,23,NPNPZTNLOVBDOC-UHFFFAOYSA-N,DHXVGJBLRPWPCS-UHFFFAOYSA-N,"1,1-difluoroethane",tetrahydropyran,329.97,1.66,0.5068176023684519,Chromatography,True,train
j.jct.2005.08.004.xml,2006,53,NPNPZTNLOVBDOC-UHFFFAOYSA-N,DKGAVHZHDRPRBM-UHFFFAOYSA-N,"1,1-difluoroethane",2-methyl-2-propanol,300.0,4.31,1.4609379041156565,Chromatography,True,train
j.jct.2005.08.004.xml,2006,53,NPNPZTNLOVBDOC-UHFFFAOYSA-N,DKGAVHZHDRPRBM-UHFFFAOYSA-N,"1,1-difluoroethane",2-methyl-2-propanol,309.99,3.79,1.332366019094335,Chromatography,True,train
j.jct.2005.08.004.xml,2006,53,NPNPZTNLOVBDOC-UHFFFAOYSA-N,DKGAVHZHDRPRBM-UHFFFAOYSA-N,"1,1-difluoroethane",2-methyl-2-propanol,320.0,3.42,1.229640551074514,Chromatography,True,train
j.jct.2005.08.004.xml,2006,53,NPNPZTNLOVBDOC-UHFFFAOYSA-N,DKGAVHZHDRPRBM-UHFFFAOYSA-N,"1,1-difluoroethane",2-methyl-2-propanol,330.0,3.13,1.1410330045520618,Chromatography,True,train
je050343i.xml,2005,23,NPNPZTNLOVBDOC-UHFFFAOYSA-N,HNVRRHSXBLFLIG-UHFFFAOYSA-N,"1,1-difluoroethane","3-buten-2-ol, 2-methyl-",250.0,4.68,1.5432981099295553,Chromatography,True,train
je050343i.xml,2005,23,NPNPZTNLOVBDOC-UHFFFAOYSA-N,HNVRRHSXBLFLIG-UHFFFAOYSA-N,"1,1-difluoroethane","3-buten-2-ol, 2-methyl-",269.96,3.99,1.383791230901772,Chromatography,True,train
je050343i.xml,2005,23,NPNPZTNLOVBDOC-UHFFFAOYSA-N,HNVRRHSXBLFLIG-UHFFFAOYSA-N,"1,1-difluoroethane","3-buten-2-ol, 2-methyl-",289.99,3.39,1.220829921392359,Chromatography,True,train
je050343i.xml,2005,23,NPNPZTNLOVBDOC-UHFFFAOYSA-N,HNVRRHSXBLFLIG-UHFFFAOYSA-N,"1,1-difluoroethane","3-buten-2-ol, 2-methyl-",309.99,2.89,1.0612565021243408,Chromatography,True,train
je050343i.xml,2005,23,NPNPZTNLOVBDOC-UHFFFAOYSA-N,HNVRRHSXBLFLIG-UHFFFAOYSA-N,"1,1-difluoroethane","3-buten-2-ol, 2-methyl-",330.0,2.47,0.904218150639886,Chromatography,True,train
je060395n.xml,2007,139,NPNPZTNLOVBDOC-UHFFFAOYSA-N,IVSZLXZYQVIEFR-UHFFFAOYSA-N,"1,1-difluoroethane","1,3-dimethylbenzene",270.1,2.46,0.9001613499442714,calculated from henry's law constants,True,train
je060395n.xml,2007,139,NPNPZTNLOVBDOC-UHFFFAOYSA-N,IVSZLXZYQVIEFR-UHFFFAOYSA-N,"1,1-difluoroethane","1,3-dimethylbenzene",289.99,2.42,0.883767540168595,calculated from henry's law constants,True,train
je060395n.xml,2007,139,NPNPZTNLOVBDOC-UHFFFAOYSA-N,IVSZLXZYQVIEFR-UHFFFAOYSA-N,"1,1-difluoroethane","1,3-dimethylbenzene",309.84,2.33,0.8458682675776092,calculated from henry's law constants,True,train
je060395n.xml,2007,139,NPNPZTNLOVBDOC-UHFFFAOYSA-N,IVSZLXZYQVIEFR-UHFFFAOYSA-N,"1,1-difluoroethane","1,3-dimethylbenzene",329.99,2.23,0.8020015854720274,calculated from henry's law constants,True,train
je100529s.xml,2010,71,NPNPZTNLOVBDOC-UHFFFAOYSA-N,IWDCLRJOBJJRNH-UHFFFAOYSA-N,freon 152a,4-methylphenol,309.99,4.46,1.4951487660319729,Gas Stripping Method,True,train
je100529s.xml,2010,71,NPNPZTNLOVBDOC-UHFFFAOYSA-N,IWDCLRJOBJJRNH-UHFFFAOYSA-N,freon 152a,4-methylphenol,319.99,4.26,1.449269160281279,Gas Stripping Method,True,train
je100529s.xml,2010,71,NPNPZTNLOVBDOC-UHFFFAOYSA-N,IWDCLRJOBJJRNH-UHFFFAOYSA-N,freon 152a,4-methylphenol,329.99,4.07,1.4036429994545037,Gas Stripping Method,True,train
je100529s.xml,2010,71,NPNPZTNLOVBDOC-UHFFFAOYSA-N,IWDCLRJOBJJRNH-UHFFFAOYSA-N,freon 152a,4-methylphenol,340.02,3.88,1.355835153635182,Gas Stripping Method,True,train
j.jct.2005.08.004.xml,2006,61,NPNPZTNLOVBDOC-UHFFFAOYSA-N,JYVLIDXNZAXMDK-YFKPBYRVSA-N,"1,1-difluoroethane",2-pentanol,270.05,7.28,1.9851308622085944,Chromatography,True,train
j.jct.2005.08.004.xml,2006,61,NPNPZTNLOVBDOC-UHFFFAOYSA-N,JYVLIDXNZAXMDK-YFKPBYRVSA-N,"1,1-difluoroethane",2-pentanol,290.0,5.92,1.7783364488959144,Chromatography,True,train
j.jct.2005.08.004.xml,2006,61,NPNPZTNLOVBDOC-UHFFFAOYSA-N,JYVLIDXNZAXMDK-YFKPBYRVSA-N,"1,1-difluoroethane",2-pentanol,309.99,4.76,1.5602476682433286,Chromatography,True,train
j.jct.2005.08.004.xml,2006,61,NPNPZTNLOVBDOC-UHFFFAOYSA-N,JYVLIDXNZAXMDK-YFKPBYRVSA-N,"1,1-difluoroethane",2-pentanol,330.01,3.71,1.3110318766193438,Chromatography,True,train
j.jct.2005.08.004.xml,2006,23,NPNPZTNLOVBDOC-UHFFFAOYSA-N,KFZMGEQAYNKOFK-UHFFFAOYSA-N,"1,1-difluoroethane",2-propanol,269.99,5.49,1.7029282555214391,Chromatography,True,train
j.jct.2005.08.004.xml,2006,23,NPNPZTNLOVBDOC-UHFFFAOYSA-N,KFZMGEQAYNKOFK-UHFFFAOYSA-N,"1,1-difluoroethane",2-propanol,289.99,5.05,1.6193882432872684,Chromatography,True,train
j.jct.2005.08.004.xml,2006,23,NPNPZTNLOVBDOC-UHFFFAOYSA-N,KFZMGEQAYNKOFK-UHFFFAOYSA-N,"1,1-difluoroethane",2-propanol,309.99,4.54,1.5129270120532563,Chromatography,True,train
j.jct.2005.08.004.xml,2006,23,NPNPZTNLOVBDOC-UHFFFAOYSA-N,KFZMGEQAYNKOFK-UHFFFAOYSA-N,"1,1-difluoroethane",2-propanol,330.0,3.98,1.3812818192963463,Chromatography,True,train
j.jct.2005.08.004.xml,2006,39,NPNPZTNLOVBDOC-UHFFFAOYSA-N,LRHPLDYGYMQRHN-UHFFFAOYSA-N,"1,1-difluoroethane",1-butanol,269.94,5.59,1.7209792871670078,Chromatography,True,train
j.jct.2005.08.004.xml,2006,39,NPNPZTNLOVBDOC-UHFFFAOYSA-N,LRHPLDYGYMQRHN-UHFFFAOYSA-N,"1,1-difluoroethane",1-butanol,289.99,5.2,1.6486586255873816,Chromatography,True,train
j.jct.2005.08.004.xml,2006,39,NPNPZTNLOVBDOC-UHFFFAOYSA-N,LRHPLDYGYMQRHN-UHFFFAOYSA-N,"1,1-difluoroethane",1-butanol,309.99,4.73,1.5539252025038417,Chromatography,True,train
j.jct.2005.08.004.xml,2006,39,NPNPZTNLOVBDOC-UHFFFAOYSA-N,LRHPLDYGYMQRHN-UHFFFAOYSA-N,"1,1-difluoroethane",1-butanol,330.01,4.25,1.4469189829363254,Chromatography,True,train
j.jct.2005.08.004.xml,2006,7,NPNPZTNLOVBDOC-UHFFFAOYSA-N,OKKJLVBELUTLKV-UHFFFAOYSA-N,"1,1-difluoroethane",methanol,269.97,4.43,1.4883995840570443,Chromatography,True,train
j.jct.2005.08.004.xml,2006,7,NPNPZTNLOVBDOC-UHFFFAOYSA-N,OKKJLVBELUTLKV-UHFFFAOYSA-N,"1,1-difluoroethane",methanol,289.99,4.53,1.5107219394949427,Chromatography,True,train
j.jct.2005.08.004.xml,2006,7,NPNPZTNLOVBDOC-UHFFFAOYSA-N,OKKJLVBELUTLKV-UHFFFAOYSA-N,"1,1-difluoroethane",methanol,300.0,4.56,1.5173226235262949,Chromatography,True,train
j.jct.2005.08.004.xml,2006,7,NPNPZTNLOVBDOC-UHFFFAOYSA-N,OKKJLVBELUTLKV-UHFFFAOYSA-N,"1,1-difluoroethane",methanol,310.0,4.55,1.5151272329628591,Chromatography,True,train
j.jct.2005.08.004.xml,2006,7,NPNPZTNLOVBDOC-UHFFFAOYSA-N,OKKJLVBELUTLKV-UHFFFAOYSA-N,"1,1-difluoroethane",methanol,320.0,4.51,1.506297153514587,Chromatography,True,train
j.jct.2005.08.004.xml,2006,7,NPNPZTNLOVBDOC-UHFFFAOYSA-N,OKKJLVBELUTLKV-UHFFFAOYSA-N,"1,1-difluoroethane",methanol,330.0,4.42,1.4861396960896067,Chromatography,True,train
j.jct.2005.08.004.xml,2006,101,NPNPZTNLOVBDOC-UHFFFAOYSA-N,PHTQWCKDNZKARW-UHFFFAOYSA-N,"1,1-difluoroethane",3-methyl-1-butanol,270.03,5.4,1.6863989535702288,Chromatography,True,train
j.jct.2005.08.004.xml,2006,101,NPNPZTNLOVBDOC-UHFFFAOYSA-N,PHTQWCKDNZKARW-UHFFFAOYSA-N,"1,1-difluoroethane",3-methyl-1-butanol,290.0,4.91,1.5912739418064292,Chromatography,True,train
j.jct.2005.08.004.xml,2006,101,NPNPZTNLOVBDOC-UHFFFAOYSA-N,PHTQWCKDNZKARW-UHFFFAOYSA-N,"1,1-difluoroethane",3-methyl-1-butanol,309.99,4.38,1.4770487243883548,Chromatography,True,train
j.jct.2005.08.004.xml,2006,101,NPNPZTNLOVBDOC-UHFFFAOYSA-N,PHTQWCKDNZKARW-UHFFFAOYSA-N,"1,1-difluoroethane",3-methyl-1-butanol,329.99,3.86,1.3506671834767394,Chromatography,True,train
je060395n.xml,2007,143,NPNPZTNLOVBDOC-UHFFFAOYSA-N,PPBRXRYQALVLMV-UHFFFAOYSA-N,"1,1-difluoroethane",styrene,270.07,3.67,1.3001916620664788,calculated from henry's law constants,True,train
je060395n.xml,2007,143,NPNPZTNLOVBDOC-UHFFFAOYSA-N,PPBRXRYQALVLMV-UHFFFAOYSA-N,"1,1-difluoroethane",styrene,309.84,3.5,1.252762968495368,calculated from henry's law constants,True,train
je060395n.xml,2007,143,NPNPZTNLOVBDOC-UHFFFAOYSA-N,PPBRXRYQALVLMV-UHFFFAOYSA-N,"1,1-difluoroethane",styrene,329.99,3.4,1.2237754316221157,calculated from henry's law constants,True,train
j.jct.2005.08.004.xml,2006,85,NPNPZTNLOVBDOC-UHFFFAOYSA-N,QPRQEDXDYOZYLA-YFKPBYRVSA-N,"1,1-difluoroethane",2-methyl-1-butanol,270.01,6.59,1.885553348514416,Chromatography,True,train
j.jct.2005.08.004.xml,2006,85,NPNPZTNLOVBDOC-UHFFFAOYSA-N,QPRQEDXDYOZYLA-YFKPBYRVSA-N,"1,1-difluoroethane",2-methyl-1-butanol,289.99,5.77,1.7526720805200082,Chromatography,True,train
j.jct.2005.08.004.xml,2006,85,NPNPZTNLOVBDOC-UHFFFAOYSA-N,QPRQEDXDYOZYLA-YFKPBYRVSA-N,"1,1-difluoroethane",2-methyl-1-butanol,309.99,4.95,1.599387576580599,Chromatography,True,train
j.jct.2005.08.004.xml,2006,85,NPNPZTNLOVBDOC-UHFFFAOYSA-N,QPRQEDXDYOZYLA-YFKPBYRVSA-N,"1,1-difluoroethane",2-methyl-1-butanol,330.0,4.19,1.4327007339340465,Chromatography,True,train
je100529s.xml,2010,23,NPNPZTNLOVBDOC-UHFFFAOYSA-N,QWVGKYWNOKOFNN-UHFFFAOYSA-N,freon 152a,2-methylphenol,299.99,4.02,1.3912819026309295,Gas Stripping Method,True,train
je100529s.xml,2010,23,NPNPZTNLOVBDOC-UHFFFAOYSA-N,QWVGKYWNOKOFNN-UHFFFAOYSA-N,freon 152a,2-methylphenol,309.99,3.84,1.3454723665996355,Gas Stripping Method,True,train
je100529s.xml,2010,23,NPNPZTNLOVBDOC-UHFFFAOYSA-N,QWVGKYWNOKOFNN-UHFFFAOYSA-N,freon 152a,2-methylphenol,319.99,3.67,1.3001916620664788,Gas Stripping Method,True,train
je100529s.xml,2010,23,NPNPZTNLOVBDOC-UHFFFAOYSA-N,QWVGKYWNOKOFNN-UHFFFAOYSA-N,freon 152a,2-methylphenol,329.99,3.49,1.249901736214336,Gas Stripping Method,True,train
je100529s.xml,2010,47,NPNPZTNLOVBDOC-UHFFFAOYSA-N,RLSSMJSEOOYNOY-UHFFFAOYSA-N,freon 152a,3-methylphenol,289.98,4.79,1.5665304114228238,Gas Stripping Method,True,train
je100529s.xml,2010,47,NPNPZTNLOVBDOC-UHFFFAOYSA-N,RLSSMJSEOOYNOY-UHFFFAOYSA-N,freon 152a,3-methylphenol,299.98,4.59,1.5238800240724537,Gas Stripping Method,True,train
je100529s.xml,2010,47,NPNPZTNLOVBDOC-UHFFFAOYSA-N,RLSSMJSEOOYNOY-UHFFFAOYSA-N,freon 152a,3-methylphenol,309.99,4.37,1.4747630091074988,Gas Stripping Method,True,train
je100529s.xml,2010,47,NPNPZTNLOVBDOC-UHFFFAOYSA-N,RLSSMJSEOOYNOY-UHFFFAOYSA-N,freon 152a,3-methylphenol,319.99,4.16,1.425515074273172,Gas Stripping Method,True,train
je100529s.xml,2010,47,NPNPZTNLOVBDOC-UHFFFAOYSA-N,RLSSMJSEOOYNOY-UHFFFAOYSA-N,freon 152a,3-methylphenol,329.99,3.98,1.3812818192963463,Gas Stripping Method,True,train
je060395n.xml,2007,133,NPNPZTNLOVBDOC-UHFFFAOYSA-N,UHOVQNZJYSORNB-UHFFFAOYSA-N,"1,1-difluoroethane",benzene,279.99,2.42,0.883767540168595,calculated from henry's law constants,True,train
je060395n.xml,2007,133,NPNPZTNLOVBDOC-UHFFFAOYSA-N,UHOVQNZJYSORNB-UHFFFAOYSA-N,"1,1-difluoroethane",benzene,289.99,2.37,0.8628899551470398,calculated from henry's law constants,True,train
je060395n.xml,2007,133,NPNPZTNLOVBDOC-UHFFFAOYSA-N,UHOVQNZJYSORNB-UHFFFAOYSA-N,"1,1-difluoroethane",benzene,309.99,2.27,0.8197798314933114,calculated from henry's law constants,True,train
je060395n.xml,2007,133,NPNPZTNLOVBDOC-UHFFFAOYSA-N,UHOVQNZJYSORNB-UHFFFAOYSA-N,"1,1-difluoroethane",benzene,329.99,2.2,0.7884573603642703,calculated from henry's law constants,True,train
je060395n.xml,2007,141,NPNPZTNLOVBDOC-UHFFFAOYSA-N,URLKBWYHVLBVBO-UHFFFAOYSA-N,"1,1-difluoroethane","1,4-dimethylbenzene",289.99,2.36,0.8586616190375187,calculated from henry's law constants,True,test_one
je060395n.xml,2007,141,NPNPZTNLOVBDOC-UHFFFAOYSA-N,URLKBWYHVLBVBO-UHFFFAOYSA-N,"1,1-difluoroethane","1,4-dimethylbenzene",299.99,2.29,0.8285518175661483,calculated from henry's law constants,True,test_one
je060395n.xml,2007,141,NPNPZTNLOVBDOC-UHFFFAOYSA-N,URLKBWYHVLBVBO-UHFFFAOYSA-N,"1,1-difluoroethane","1,4-dimethylbenzene",309.85,2.27,0.8197798314933114,calculated from henry's law constants,True,test_one
je060395n.xml,2007,141,NPNPZTNLOVBDOC-UHFFFAOYSA-N,URLKBWYHVLBVBO-UHFFFAOYSA-N,"1,1-difluoroethane","1,4-dimethylbenzene",319.99,2.23,0.8020015854720274,calculated from henry's law constants,True,test_one
je060395n.xml,2007,141,NPNPZTNLOVBDOC-UHFFFAOYSA-N,URLKBWYHVLBVBO-UHFFFAOYSA-N,"1,1-difluoroethane","1,4-dimethylbenzene",329.99,2.18,0.7793248768009977,calculated from henry's law constants,True,test_one
je0502647.xml,2005,21,NPNPZTNLOVBDOC-UHFFFAOYSA-N,XXROGKLTLUQVRX-UHFFFAOYSA-N,"1,1-difluoroethane",2-propenol,270.06,4.94,1.5973653311998313,gas stripping method,True,train
je0502647.xml,2005,21,NPNPZTNLOVBDOC-UHFFFAOYSA-N,XXROGKLTLUQVRX-UHFFFAOYSA-N,"1,1-difluoroethane",2-propenol,289.99,4.68,1.5432981099295553,gas stripping method,True,train
je0502647.xml,2005,21,NPNPZTNLOVBDOC-UHFFFAOYSA-N,XXROGKLTLUQVRX-UHFFFAOYSA-N,"1,1-difluoroethane",2-propenol,309.98,4.39,1.47932922708708,gas stripping method,True,train
je0502647.xml,2005,21,NPNPZTNLOVBDOC-UHFFFAOYSA-N,XXROGKLTLUQVRX-UHFFFAOYSA-N,"1,1-difluoroethane",2-propenol,329.99,4.02,1.3912819026309295,gas stripping method,True,train
je060395n.xml,2007,135,NPNPZTNLOVBDOC-UHFFFAOYSA-N,YXFVVABEGXRONW-UHFFFAOYSA-N,"1,1-difluoroethane",toluene,270.0,2.33,0.8458682675776092,calculated from henry's law constants,True,train
je060395n.xml,2007,135,NPNPZTNLOVBDOC-UHFFFAOYSA-N,YXFVVABEGXRONW-UHFFFAOYSA-N,"1,1-difluoroethane",toluene,289.98,2.28,0.8241754429663494,calculated from henry's law constants,True,train
je060395n.xml,2007,135,NPNPZTNLOVBDOC-UHFFFAOYSA-N,YXFVVABEGXRONW-UHFFFAOYSA-N,"1,1-difluoroethane",toluene,309.94,2.2,0.7884573603642703,calculated from henry's law constants,True,train
je060395n.xml,2007,135,NPNPZTNLOVBDOC-UHFFFAOYSA-N,YXFVVABEGXRONW-UHFFFAOYSA-N,"1,1-difluoroethane",toluene,329.99,2.14,0.7608058290337602,calculated from henry's law constants,True,train
j.jct.2005.08.004.xml,2006,103,NPNPZTNLOVBDOC-UHFFFAOYSA-N,ZXEKIIBDNHEJCQ-UHFFFAOYSA-N,"1,1-difluoroethane",2-methyl-1-propanol,270.01,6.07,1.803358605071407,Chromatography,True,test_one
j.jct.2005.08.004.xml,2006,103,NPNPZTNLOVBDOC-UHFFFAOYSA-N,ZXEKIIBDNHEJCQ-UHFFFAOYSA-N,"1,1-difluoroethane",2-methyl-1-propanol,289.99,5.44,1.6937790608678511,Chromatography,True,test_one
j.jct.2005.08.004.xml,2006,103,NPNPZTNLOVBDOC-UHFFFAOYSA-N,ZXEKIIBDNHEJCQ-UHFFFAOYSA-N,"1,1-difluoroethane",2-methyl-1-propanol,309.99,4.78,1.5644405465033646,Chromatography,True,test_one
j.jct.2005.08.004.xml,2006,103,NPNPZTNLOVBDOC-UHFFFAOYSA-N,ZXEKIIBDNHEJCQ-UHFFFAOYSA-N,"1,1-difluoroethane",2-methyl-1-propanol,329.93,4.16,1.425515074273172,Chromatography,True,test_one
j.fluid.2009.05.005.xml,2009,3,NQRYJNQNLNOLGT-UHFFFAOYSA-N,XLYOFNOQVPJJNP-UHFFFAOYSA-N,piperidine,water,333.15,11.9,2.476538400117484,"Rayleigh distillation, circulation still",True,train
j.fluid.2009.05.005.xml,2009,3,NQRYJNQNLNOLGT-UHFFFAOYSA-N,XLYOFNOQVPJJNP-UHFFFAOYSA-N,piperidine,water,343.15,14.7,2.6878474937846906,"Rayleigh distillation, circulation still",True,train
j.fluid.2009.05.005.xml,2009,3,NQRYJNQNLNOLGT-UHFFFAOYSA-N,XLYOFNOQVPJJNP-UHFFFAOYSA-N,piperidine,water,353.15,17.7,2.873564639579784,"Rayleigh distillation, circulation still",True,train
j.fluid.2009.05.005.xml,2009,3,NQRYJNQNLNOLGT-UHFFFAOYSA-N,XLYOFNOQVPJJNP-UHFFFAOYSA-N,piperidine,water,372.6,21.0,3.044522437723423,"Rayleigh distillation, circulation still",True,train
j.fluid.2014.05.023.xml,2014,4,OBNCKNCVKJNDBV-UHFFFAOYSA-N,XLYOFNOQVPJJNP-UHFFFAOYSA-N,ethyl butanoate,water,293.15,993.0,6.900730664045173,Chromatography,True,train
j.fluid.2014.05.023.xml,2014,4,OBNCKNCVKJNDBV-UHFFFAOYSA-N,XLYOFNOQVPJJNP-UHFFFAOYSA-N,ethyl butanoate,water,303.15,1091.0,6.994849985833071,Chromatography,True,train
j.fluid.2014.05.023.xml,2014,4,OBNCKNCVKJNDBV-UHFFFAOYSA-N,XLYOFNOQVPJJNP-UHFFFAOYSA-N,ethyl butanoate,water,313.15,1148.0,7.045776576879511,Chromatography,True,train
j.fluid.2014.05.023.xml,2014,4,OBNCKNCVKJNDBV-UHFFFAOYSA-N,XLYOFNOQVPJJNP-UHFFFAOYSA-N,ethyl butanoate,water,323.15,1176.0,7.069874128458572,Chromatography,True,train
j.fluid.2014.05.023.xml,2014,4,OBNCKNCVKJNDBV-UHFFFAOYSA-N,XLYOFNOQVPJJNP-UHFFFAOYSA-N,ethyl butanoate,water,333.15,1175.0,7.069023426578259,Chromatography,True,train
j.fluid.2014.05.023.xml,2014,4,OBNCKNCVKJNDBV-UHFFFAOYSA-N,XLYOFNOQVPJJNP-UHFFFAOYSA-N,ethyl butanoate,water,341.15,1108.0,7.010311867307229,Chromatography,True,train
j.fluid.2014.05.023.xml,2014,4,OBNCKNCVKJNDBV-UHFFFAOYSA-N,XLYOFNOQVPJJNP-UHFFFAOYSA-N,ethyl butanoate,water,351.15,1034.0,6.941190055068375,Chromatography,True,train
je1005517.xml,2011,22,OFBQJSOFQDEBGM-UHFFFAOYSA-N,BTFJIXJJCSYFAL-UHFFFAOYSA-N,pentane,1-eicosanol,338.15,0.0954,-2.349676700527896,GC,True,train
je1005517.xml,2011,22,OFBQJSOFQDEBGM-UHFFFAOYSA-N,BTFJIXJJCSYFAL-UHFFFAOYSA-N,pentane,1-eicosanol,343.15,0.0801,-2.5244794249078235,GC,True,train
je1005517.xml,2011,22,OFBQJSOFQDEBGM-UHFFFAOYSA-N,BTFJIXJJCSYFAL-UHFFFAOYSA-N,pentane,1-eicosanol,348.15,0.0668,-2.706052198439537,GC,True,train
je1005517.xml,2011,22,OFBQJSOFQDEBGM-UHFFFAOYSA-N,BTFJIXJJCSYFAL-UHFFFAOYSA-N,pentane,1-eicosanol,353.15,0.0564,-2.875286120478124,GC,True,train
je1005517.xml,2011,0,OFBQJSOFQDEBGM-UHFFFAOYSA-N,GLDOVTGHNKAZLK-UHFFFAOYSA-N,pentane,1-octadecanol,333.15,0.0292,-3.533586569707901,GC,True,train
je1005517.xml,2011,0,OFBQJSOFQDEBGM-UHFFFAOYSA-N,GLDOVTGHNKAZLK-UHFFFAOYSA-N,pentane,1-octadecanol,338.15,0.0272,-3.6045383056801854,GC,True,train
je1005517.xml,2011,0,OFBQJSOFQDEBGM-UHFFFAOYSA-N,GLDOVTGHNKAZLK-UHFFFAOYSA-N,pentane,1-octadecanol,343.15,0.0259,-3.653512310276645,GC,True,train
je1005517.xml,2011,0,OFBQJSOFQDEBGM-UHFFFAOYSA-N,GLDOVTGHNKAZLK-UHFFFAOYSA-N,pentane,1-octadecanol,348.15,0.0243,-3.7172789286356345,GC,True,train
je1005517.xml,2011,0,OFBQJSOFQDEBGM-UHFFFAOYSA-N,GLDOVTGHNKAZLK-UHFFFAOYSA-N,pentane,1-octadecanol,353.15,0.0231,-3.767922661454389,GC,True,train
j.jct.2012.01.016.xml,2012,0,OFBQJSOFQDEBGM-UHFFFAOYSA-N,HYBBIBNJHNGZAN-UHFFFAOYSA-N,pentane,2-furaldehyde,298.15,20.8,3.0349529867072724,Headspace solid phase microextraction,True,test_one
j.jct.2012.01.016.xml,2012,0,OFBQJSOFQDEBGM-UHFFFAOYSA-N,HYBBIBNJHNGZAN-UHFFFAOYSA-N,pentane,2-furaldehyde,298.15,20.4,3.0155349008501706,Headspace solid phase microextraction,True,test_one
j.jct.2012.01.016.xml,2012,0,OFBQJSOFQDEBGM-UHFFFAOYSA-N,HYBBIBNJHNGZAN-UHFFFAOYSA-N,pentane,2-furaldehyde,308.15,17.9,2.884800712846709,Headspace solid phase microextraction,True,test_one
j.jct.2012.01.016.xml,2012,0,OFBQJSOFQDEBGM-UHFFFAOYSA-N,HYBBIBNJHNGZAN-UHFFFAOYSA-N,pentane,2-furaldehyde,308.15,16.9,2.827313621929028,Headspace solid phase microextraction,True,test_one
j.jct.2012.01.016.xml,2012,0,OFBQJSOFQDEBGM-UHFFFAOYSA-N,HYBBIBNJHNGZAN-UHFFFAOYSA-N,pentane,2-furaldehyde,318.15,16.8,2.8213788864092133,Headspace solid phase microextraction,True,test_one
j.jct.2012.01.016.xml,2012,0,OFBQJSOFQDEBGM-UHFFFAOYSA-N,HYBBIBNJHNGZAN-UHFFFAOYSA-N,pentane,2-furaldehyde,318.15,15.0,2.70805020110221,Headspace solid phase microextraction,True,test_one
j.jct.2016.10.013.xml,2017,4,OFBQJSOFQDEBGM-UHFFFAOYSA-N,LYCAIKOWRPUZTN-UHFFFAOYSA-N,n-pentane,ethylene glycol,303.15,436.0,6.077642243349034,Other,True,train
j.jct.2016.10.013.xml,2017,4,OFBQJSOFQDEBGM-UHFFFAOYSA-N,LYCAIKOWRPUZTN-UHFFFAOYSA-N,n-pentane,ethylene glycol,313.15,389.0,5.963579343618446,Other,True,train
j.jct.2016.10.013.xml,2017,4,OFBQJSOFQDEBGM-UHFFFAOYSA-N,LYCAIKOWRPUZTN-UHFFFAOYSA-N,n-pentane,ethylene glycol,323.15,338.0,5.823045895483019,Other,True,train
j.jct.2016.10.013.xml,2017,5,OFBQJSOFQDEBGM-UHFFFAOYSA-N,MTHSVFCYNBDYFN-UHFFFAOYSA-N,n-pentane,diethylene glycol,304.15,74.1,4.3054155323020415,Other,True,test_one
j.jct.2016.10.013.xml,2017,5,OFBQJSOFQDEBGM-UHFFFAOYSA-N,MTHSVFCYNBDYFN-UHFFFAOYSA-N,n-pentane,diethylene glycol,313.15,70.5,4.255612709818223,Other,True,test_one
j.jct.2016.10.013.xml,2017,5,OFBQJSOFQDEBGM-UHFFFAOYSA-N,MTHSVFCYNBDYFN-UHFFFAOYSA-N,n-pentane,diethylene glycol,323.15,66.4,4.1956970564823886,Other,True,test_one
j.jct.2013.05.011.xml,2013,4,OFBQJSOFQDEBGM-UHFFFAOYSA-N,MTHSVFCYNBDYFN-UHFFFAOYSA-N,n-pentane,diethylene glycol,333.2,70.18,4.2510633701550695,Chromatography,True,test_one
j.jct.2013.05.011.xml,2013,4,OFBQJSOFQDEBGM-UHFFFAOYSA-N,MTHSVFCYNBDYFN-UHFFFAOYSA-N,n-pentane,diethylene glycol,348.2,53.76,3.984529696214894,Chromatography,True,test_one
j.jct.2013.05.011.xml,2013,4,OFBQJSOFQDEBGM-UHFFFAOYSA-N,MTHSVFCYNBDYFN-UHFFFAOYSA-N,n-pentane,diethylene glycol,363.2,54.19,3.992496389578023,Chromatography,True,test_one
je200628n.xml,2011,0,OFBQJSOFQDEBGM-UHFFFAOYSA-N,PWGJDPKCLMLPJW-UHFFFAOYSA-N,pentane,"1,8-diaminooctane",328.21,1.373,0.316998126785834,Chromatography,True,train
je200628n.xml,2011,0,OFBQJSOFQDEBGM-UHFFFAOYSA-N,PWGJDPKCLMLPJW-UHFFFAOYSA-N,pentane,"1,8-diaminooctane",338.23,1.266,0.2358623237219844,Chromatography,True,train
je200628n.xml,2011,0,OFBQJSOFQDEBGM-UHFFFAOYSA-N,PWGJDPKCLMLPJW-UHFFFAOYSA-N,pentane,"1,8-diaminooctane",343.19,1.215,0.1947440767925118,Chromatography,True,train
je200628n.xml,2011,0,OFBQJSOFQDEBGM-UHFFFAOYSA-N,PWGJDPKCLMLPJW-UHFFFAOYSA-N,pentane,"1,8-diaminooctane",348.25,1.163,0.1510028735365274,Chromatography,True,train
je200628n.xml,2011,54,OFBQJSOFQDEBGM-UHFFFAOYSA-N,QFTYSVGGYOXFRQ-UHFFFAOYSA-N,pentane,"1,12-diaminododecane",348.25,4.756,1.5594069788285354,Chromatography,False,train
je200628n.xml,2011,54,OFBQJSOFQDEBGM-UHFFFAOYSA-N,QFTYSVGGYOXFRQ-UHFFFAOYSA-N,pentane,"1,12-diaminododecane",353.15,4.736,1.5551928975817044,Chromatography,False,train
je200628n.xml,2011,54,OFBQJSOFQDEBGM-UHFFFAOYSA-N,QFTYSVGGYOXFRQ-UHFFFAOYSA-N,pentane,"1,12-diaminododecane",358.25,4.681,1.5435117623179335,Chromatography,False,train
je200628n.xml,2011,54,OFBQJSOFQDEBGM-UHFFFAOYSA-N,QFTYSVGGYOXFRQ-UHFFFAOYSA-N,pentane,"1,12-diaminododecane",363.21,4.627,1.5319087099248625,Chromatography,False,train
j.jct.2013.02.006.xml,2013,24,OFBQJSOFQDEBGM-UHFFFAOYSA-N,SECXISVLQFMRJM-UHFFFAOYSA-N,pentane,1-methylpyrrolidone,333.2,8.32,2.1186622548331173,Chromatography,True,train
j.jct.2013.02.006.xml,2013,24,OFBQJSOFQDEBGM-UHFFFAOYSA-N,SECXISVLQFMRJM-UHFFFAOYSA-N,pentane,1-methylpyrrolidone,348.2,8.11,2.0930978681273213,Chromatography,True,train
j.jct.2013.02.006.xml,2013,24,OFBQJSOFQDEBGM-UHFFFAOYSA-N,SECXISVLQFMRJM-UHFFFAOYSA-N,pentane,1-methylpyrrolidone,363.2,7.54,2.020222182019865,Chromatography,True,train
j.jct.2013.05.011.xml,2013,27,OFBQJSOFQDEBGM-UHFFFAOYSA-N,ZIBGPFATKBEMQZ-UHFFFAOYSA-N,n-pentane,triethylene glycol,333.2,33.71,3.5177945292459696,Chromatography,True,train
j.jct.2013.05.011.xml,2013,27,OFBQJSOFQDEBGM-UHFFFAOYSA-N,ZIBGPFATKBEMQZ-UHFFFAOYSA-N,n-pentane,triethylene glycol,348.2,30.84,3.4288125486951286,Chromatography,True,train
j.jct.2013.05.011.xml,2013,27,OFBQJSOFQDEBGM-UHFFFAOYSA-N,ZIBGPFATKBEMQZ-UHFFFAOYSA-N,n-pentane,triethylene glycol,363.2,23.18,3.1432898379116057,Chromatography,True,train
je800517r.xml,2008,5,OHLUUHNLEMFGTQ-UHFFFAOYSA-N,XLYOFNOQVPJJNP-UHFFFAOYSA-N,N-methylacetamide,water,333.15,1.7,0.5306282510621704,"comparative ebulliometry, circulation still, and differential distillation method",True,test_one
je800517r.xml,2008,5,OHLUUHNLEMFGTQ-UHFFFAOYSA-N,XLYOFNOQVPJJNP-UHFFFAOYSA-N,N-methylacetamide,water,343.15,1.78,0.5766133643039938,"comparative ebulliometry, circulation still, and differential distillation method",True,test_one
je800517r.xml,2008,5,OHLUUHNLEMFGTQ-UHFFFAOYSA-N,XLYOFNOQVPJJNP-UHFFFAOYSA-N,N-methylacetamide,water,353.15,1.82,0.598836501088704,"comparative ebulliometry, circulation still, and differential distillation method",True,test_one
j.fluid.2010.05.010.xml,2010,2,OIFBSDVPJOWBCH-UHFFFAOYSA-N,XLYOFNOQVPJJNP-UHFFFAOYSA-N,diethyl carbonate,water,273.35,246.0,5.5053315359323625,Inert gas stripping,True,train
j.fluid.2010.05.010.xml,2010,2,OIFBSDVPJOWBCH-UHFFFAOYSA-N,XLYOFNOQVPJJNP-UHFFFAOYSA-N,diethyl carbonate,water,283.15,299.0,5.700443573390687,Inert gas stripping,True,train
j.fluid.2010.05.010.xml,2010,2,OIFBSDVPJOWBCH-UHFFFAOYSA-N,XLYOFNOQVPJJNP-UHFFFAOYSA-N,diethyl carbonate,water,293.15,353.0,5.8664680569332965,Inert gas stripping,True,train
j.fluid.2010.05.010.xml,2010,2,OIFBSDVPJOWBCH-UHFFFAOYSA-N,XLYOFNOQVPJJNP-UHFFFAOYSA-N,diethyl carbonate,water,298.15,374.0,5.924255797414532,Inert gas stripping,True,train
j.fluid.2010.05.010.xml,2010,2,OIFBSDVPJOWBCH-UHFFFAOYSA-N,XLYOFNOQVPJJNP-UHFFFAOYSA-N,diethyl carbonate,water,303.15,394.0,5.976350909297934,Inert gas stripping,True,train
j.fluid.2010.05.010.xml,2010,2,OIFBSDVPJOWBCH-UHFFFAOYSA-N,XLYOFNOQVPJJNP-UHFFFAOYSA-N,diethyl carbonate,water,313.15,408.0,6.0112671744041615,Inert gas stripping,True,train
j.fluid.2010.05.010.xml,2010,2,OIFBSDVPJOWBCH-UHFFFAOYSA-N,XLYOFNOQVPJJNP-UHFFFAOYSA-N,diethyl carbonate,water,323.15,394.0,5.976350909297934,Inert gas stripping,True,train
j.fluid.2010.05.010.xml,2010,2,OIFBSDVPJOWBCH-UHFFFAOYSA-N,XLYOFNOQVPJJNP-UHFFFAOYSA-N,diethyl carbonate,water,333.15,388.0,5.961005339623274,Inert gas stripping,True,train
je1005517.xml,2011,25,OKKJLVBELUTLKV-UHFFFAOYSA-N,BTFJIXJJCSYFAL-UHFFFAOYSA-N,methanol,1-eicosanol,338.15,0.1219,-2.104554242494911,GC,True,train
je1005517.xml,2011,25,OKKJLVBELUTLKV-UHFFFAOYSA-N,BTFJIXJJCSYFAL-UHFFFAOYSA-N,methanol,1-eicosanol,343.15,0.0967,-2.3361418765228885,GC,True,train
je1005517.xml,2011,25,OKKJLVBELUTLKV-UHFFFAOYSA-N,BTFJIXJJCSYFAL-UHFFFAOYSA-N,methanol,1-eicosanol,348.15,0.0737,-2.6077524797868463,GC,True,train
je1005517.xml,2011,25,OKKJLVBELUTLKV-UHFFFAOYSA-N,BTFJIXJJCSYFAL-UHFFFAOYSA-N,methanol,1-eicosanol,353.15,0.0574,-2.8577109756566164,GC,True,train
j.jct.2012.12.009.xml,2013,67,OKKJLVBELUTLKV-UHFFFAOYSA-N,DTOSIQBPPRVQHS-PDBXOOCHSA-N,methyl alcohol,"9,12,15-octadecatrienoic acid",303.13,1.164,0.151862349309246,Chromatography,True,train
j.jct.2012.12.009.xml,2013,67,OKKJLVBELUTLKV-UHFFFAOYSA-N,DTOSIQBPPRVQHS-PDBXOOCHSA-N,methyl alcohol,"9,12,15-octadecatrienoic acid",313.24,1.291,0.2554171118645054,Chromatography,True,train
j.jct.2012.12.009.xml,2013,67,OKKJLVBELUTLKV-UHFFFAOYSA-N,DTOSIQBPPRVQHS-PDBXOOCHSA-N,methyl alcohol,"9,12,15-octadecatrienoic acid",323.26,1.357,0.305276380852732,Chromatography,True,train
j.jct.2012.06.009.xml,2012,7,OKKJLVBELUTLKV-UHFFFAOYSA-N,GHVNFZFCNZKVNT-UHFFFAOYSA-N,methanol,capric acid,314.24,2.14,0.7608058290337602,Chromatography,True,train
j.jct.2012.06.009.xml,2012,7,OKKJLVBELUTLKV-UHFFFAOYSA-N,GHVNFZFCNZKVNT-UHFFFAOYSA-N,methanol,capric acid,333.38,1.845,0.6124792774924905,Chromatography,True,train
j.jct.2012.06.009.xml,2012,7,OKKJLVBELUTLKV-UHFFFAOYSA-N,GHVNFZFCNZKVNT-UHFFFAOYSA-N,methanol,capric acid,353.08,1.462,0.3798053613275867,Chromatography,True,train
j.jct.2012.06.009.xml,2012,7,OKKJLVBELUTLKV-UHFFFAOYSA-N,GHVNFZFCNZKVNT-UHFFFAOYSA-N,methanol,capric acid,353.3,1.569,0.4504384737508955,Chromatography,True,train
je1005517.xml,2011,3,OKKJLVBELUTLKV-UHFFFAOYSA-N,GLDOVTGHNKAZLK-UHFFFAOYSA-N,methanol,1-octadecanol,333.15,0.0423,-3.1629681929299047,GC,True,train
je1005517.xml,2011,3,OKKJLVBELUTLKV-UHFFFAOYSA-N,GLDOVTGHNKAZLK-UHFFFAOYSA-N,methanol,1-octadecanol,338.15,0.0386,-3.254503002511352,GC,True,train
je1005517.xml,2011,3,OKKJLVBELUTLKV-UHFFFAOYSA-N,GLDOVTGHNKAZLK-UHFFFAOYSA-N,methanol,1-octadecanol,343.15,0.0357,-3.3326045901965435,GC,True,train
je1005517.xml,2011,3,OKKJLVBELUTLKV-UHFFFAOYSA-N,GLDOVTGHNKAZLK-UHFFFAOYSA-N,methanol,1-octadecanol,348.15,0.033,-3.4112477175156566,GC,True,train
je1005517.xml,2011,3,OKKJLVBELUTLKV-UHFFFAOYSA-N,GLDOVTGHNKAZLK-UHFFFAOYSA-N,methanol,1-octadecanol,353.15,0.0306,-3.486755270023802,GC,True,train
j.jct.2012.06.009.xml,2012,71,OKKJLVBELUTLKV-UHFFFAOYSA-N,IPCSVZSSVZVIGE-UHFFFAOYSA-N,methanol,hexadecanoic acid,340.17,2.088,0.7362066700203923,Chromatography,True,train
j.jct.2012.06.009.xml,2012,71,OKKJLVBELUTLKV-UHFFFAOYSA-N,IPCSVZSSVZVIGE-UHFFFAOYSA-N,methanol,hexadecanoic acid,347.93,1.935,0.6601073264817452,Chromatography,True,train
j.jct.2012.06.009.xml,2012,71,OKKJLVBELUTLKV-UHFFFAOYSA-N,IPCSVZSSVZVIGE-UHFFFAOYSA-N,methanol,hexadecanoic acid,358.23,1.798,0.5866749360494286,Chromatography,True,train
j.jct.2013.05.011.xml,2013,20,OKKJLVBELUTLKV-UHFFFAOYSA-N,MTHSVFCYNBDYFN-UHFFFAOYSA-N,methanol,diethylene glycol,333.2,0.988,-0.0120725812342692,Chromatography,True,test_one
j.jct.2013.05.011.xml,2013,20,OKKJLVBELUTLKV-UHFFFAOYSA-N,MTHSVFCYNBDYFN-UHFFFAOYSA-N,methanol,diethylene glycol,348.2,1.01,0.009950330853168,Chromatography,True,test_one
j.jct.2013.05.011.xml,2013,20,OKKJLVBELUTLKV-UHFFFAOYSA-N,MTHSVFCYNBDYFN-UHFFFAOYSA-N,methanol,diethylene glycol,363.2,1.02,0.0198026272961797,Chromatography,True,test_one
j.jct.2012.12.009.xml,2013,48,OKKJLVBELUTLKV-UHFFFAOYSA-N,OYHQOLUKZRVURQ-HZJYTTRNSA-N,methyl alcohol,linoleic acid,338.28,1.454,0.3743183791113276,Chromatography,True,train
j.jct.2012.12.009.xml,2013,48,OKKJLVBELUTLKV-UHFFFAOYSA-N,OYHQOLUKZRVURQ-HZJYTTRNSA-N,methyl alcohol,linoleic acid,348.31,1.328,0.2836740510542421,Chromatography,True,train
j.jct.2012.06.009.xml,2012,28,OKKJLVBELUTLKV-UHFFFAOYSA-N,POULHZVOKOAJMA-UHFFFAOYSA-N,methanol,lauric acid,314.1,1.811,0.5938791789012763,Chromatography,True,train
j.jct.2012.06.009.xml,2012,28,OKKJLVBELUTLKV-UHFFFAOYSA-N,POULHZVOKOAJMA-UHFFFAOYSA-N,methanol,lauric acid,328.82,1.896,0.63974640383283,Chromatography,True,train
j.jct.2012.06.009.xml,2012,28,OKKJLVBELUTLKV-UHFFFAOYSA-N,POULHZVOKOAJMA-UHFFFAOYSA-N,methanol,lauric acid,333.26,1.672,0.5140205146625099,Chromatography,True,train
j.jct.2012.06.009.xml,2012,28,OKKJLVBELUTLKV-UHFFFAOYSA-N,POULHZVOKOAJMA-UHFFFAOYSA-N,methanol,lauric acid,343.65,1.656,0.504405055963068,Chromatography,True,train
j.jct.2012.06.009.xml,2012,28,OKKJLVBELUTLKV-UHFFFAOYSA-N,POULHZVOKOAJMA-UHFFFAOYSA-N,methanol,lauric acid,353.3,1.582,0.4586898693454622,Chromatography,True,train
je200628n.xml,2011,10,OKKJLVBELUTLKV-UHFFFAOYSA-N,PWGJDPKCLMLPJW-UHFFFAOYSA-N,methanol,"1,8-diaminooctane",328.15,0.284,-1.258781040820931,Chromatography,True,train
je200628n.xml,2011,10,OKKJLVBELUTLKV-UHFFFAOYSA-N,PWGJDPKCLMLPJW-UHFFFAOYSA-N,methanol,"1,8-diaminooctane",338.15,0.317,-1.1488535051048565,Chromatography,True,train
je200628n.xml,2011,10,OKKJLVBELUTLKV-UHFFFAOYSA-N,PWGJDPKCLMLPJW-UHFFFAOYSA-N,methanol,"1,8-diaminooctane",343.15,0.34,-1.0788096613719298,Chromatography,True,train
je200628n.xml,2011,10,OKKJLVBELUTLKV-UHFFFAOYSA-N,PWGJDPKCLMLPJW-UHFFFAOYSA-N,methanol,"1,8-diaminooctane",348.15,0.369,-0.99695863494161,Chromatography,True,train
je200628n.xml,2011,64,OKKJLVBELUTLKV-UHFFFAOYSA-N,QFTYSVGGYOXFRQ-UHFFFAOYSA-N,methanol,"1,12-diaminododecane",348.25,0.774,-0.2561834053924099,Chromatography,False,train
je200628n.xml,2011,64,OKKJLVBELUTLKV-UHFFFAOYSA-N,QFTYSVGGYOXFRQ-UHFFFAOYSA-N,methanol,"1,12-diaminododecane",353.15,0.841,-0.173163619009189,Chromatography,False,train
je200628n.xml,2011,64,OKKJLVBELUTLKV-UHFFFAOYSA-N,QFTYSVGGYOXFRQ-UHFFFAOYSA-N,methanol,"1,12-diaminododecane",358.25,0.919,-0.0844691566264499,Chromatography,False,train
je200628n.xml,2011,64,OKKJLVBELUTLKV-UHFFFAOYSA-N,QFTYSVGGYOXFRQ-UHFFFAOYSA-N,methanol,"1,12-diaminododecane",363.21,1.006,0.0059820716775474,Chromatography,False,train
j.jct.2012.12.009.xml,2013,7,OKKJLVBELUTLKV-UHFFFAOYSA-N,QIQXTHQIDYTFRH-UHFFFAOYSA-N,methyl alcohol,n-octadecanoic acid,349.48,1.964,0.6749832099322741,Chromatography,True,train
j.jct.2012.12.009.xml,2013,7,OKKJLVBELUTLKV-UHFFFAOYSA-N,QIQXTHQIDYTFRH-UHFFFAOYSA-N,methyl alcohol,n-octadecanoic acid,358.39,1.924,0.6544063522435147,Chromatography,True,train
j.jct.2012.12.009.xml,2013,7,OKKJLVBELUTLKV-UHFFFAOYSA-N,QIQXTHQIDYTFRH-UHFFFAOYSA-N,methyl alcohol,n-octadecanoic acid,368.13,1.751,0.5601870533037148,Chromatography,True,train
j.jct.2013.02.006.xml,2013,41,OKKJLVBELUTLKV-UHFFFAOYSA-N,SECXISVLQFMRJM-UHFFFAOYSA-N,methyl alcohol,1-methylpyrrolidone,333.2,0.482,-0.7298111649315367,Chromatography,True,train
j.jct.2013.02.006.xml,2013,41,OKKJLVBELUTLKV-UHFFFAOYSA-N,SECXISVLQFMRJM-UHFFFAOYSA-N,methyl alcohol,1-methylpyrrolidone,348.2,0.556,-0.5869869847315546,Chromatography,True,train
j.jct.2013.02.006.xml,2013,41,OKKJLVBELUTLKV-UHFFFAOYSA-N,SECXISVLQFMRJM-UHFFFAOYSA-N,methyl alcohol,1-methylpyrrolidone,363.2,0.511,-0.6713856887784326,Chromatography,True,train
j.jct.2012.06.009.xml,2012,50,OKKJLVBELUTLKV-UHFFFAOYSA-N,TUNFSRHWOTWDNC-UHFFFAOYSA-N,methanol,tetradecanoic acid,314.24,1.919,0.6518042170255629,Chromatography,True,train
j.jct.2012.06.009.xml,2012,50,OKKJLVBELUTLKV-UHFFFAOYSA-N,TUNFSRHWOTWDNC-UHFFFAOYSA-N,methanol,tetradecanoic acid,333.26,1.732,0.5492768101402434,Chromatography,True,train
j.jct.2012.06.009.xml,2012,50,OKKJLVBELUTLKV-UHFFFAOYSA-N,TUNFSRHWOTWDNC-UHFFFAOYSA-N,methanol,tetradecanoic acid,333.38,1.709,0.5359084041334539,Chromatography,True,train
j.jct.2012.06.009.xml,2012,50,OKKJLVBELUTLKV-UHFFFAOYSA-N,TUNFSRHWOTWDNC-UHFFFAOYSA-N,methanol,tetradecanoic acid,338.29,1.997,0.6916460544336782,Chromatography,True,train
j.jct.2012.06.009.xml,2012,50,OKKJLVBELUTLKV-UHFFFAOYSA-N,TUNFSRHWOTWDNC-UHFFFAOYSA-N,methanol,tetradecanoic acid,353.3,1.564,0.4472466421231194,Chromatography,True,train
j.jct.2012.06.009.xml,2012,50,OKKJLVBELUTLKV-UHFFFAOYSA-N,TUNFSRHWOTWDNC-UHFFFAOYSA-N,methanol,tetradecanoic acid,358.31,1.596,0.4675004990276171,Chromatography,True,train
j.fluid.2005.08.018.xml,2005,0,OKKJLVBELUTLKV-UHFFFAOYSA-N,XLYOFNOQVPJJNP-UHFFFAOYSA-N,methanol,water,273.35,1.23,0.2070141693843261,headspace analysis,True,train
j.fluid.2005.08.018.xml,2005,0,OKKJLVBELUTLKV-UHFFFAOYSA-N,XLYOFNOQVPJJNP-UHFFFAOYSA-N,methanol,water,283.15,1.4,0.3364722366212129,headspace analysis,True,train
j.fluid.2005.08.018.xml,2005,0,OKKJLVBELUTLKV-UHFFFAOYSA-N,XLYOFNOQVPJJNP-UHFFFAOYSA-N,methanol,water,293.15,1.55,0.4382549309311553,headspace analysis,True,train
j.fluid.2005.08.018.xml,2005,1,OKKJLVBELUTLKV-UHFFFAOYSA-N,XLYOFNOQVPJJNP-UHFFFAOYSA-N,methanol,water,303.15,1.71,0.5364933705145685,comparative tensimetry,True,train
j.fluid.2005.08.018.xml,2005,1,OKKJLVBELUTLKV-UHFFFAOYSA-N,XLYOFNOQVPJJNP-UHFFFAOYSA-N,methanol,water,308.15,1.8,0.5877866649021191,comparative tensimetry,True,train
j.fluid.2005.08.018.xml,2005,1,OKKJLVBELUTLKV-UHFFFAOYSA-N,XLYOFNOQVPJJNP-UHFFFAOYSA-N,methanol,water,313.15,1.88,0.6312717768418578,comparative tensimetry,True,train
j.fluid.2005.08.018.xml,2005,1,OKKJLVBELUTLKV-UHFFFAOYSA-N,XLYOFNOQVPJJNP-UHFFFAOYSA-N,methanol,water,318.15,1.95,0.6678293725756554,comparative tensimetry,True,train
j.fluid.2005.08.018.xml,2005,1,OKKJLVBELUTLKV-UHFFFAOYSA-N,XLYOFNOQVPJJNP-UHFFFAOYSA-N,methanol,water,323.15,2.02,0.7030975114131134,comparative tensimetry,True,train
j.fluid.2005.08.018.xml,2005,1,OKKJLVBELUTLKV-UHFFFAOYSA-N,XLYOFNOQVPJJNP-UHFFFAOYSA-N,methanol,water,328.15,2.09,0.7371640659767196,comparative tensimetry,True,train
j.fluid.2005.08.018.xml,2005,1,OKKJLVBELUTLKV-UHFFFAOYSA-N,XLYOFNOQVPJJNP-UHFFFAOYSA-N,methanol,water,333.15,2.16,0.7701082216960737,comparative tensimetry,True,train
j.fluid.2005.08.018.xml,2005,2,OKKJLVBELUTLKV-UHFFFAOYSA-N,XLYOFNOQVPJJNP-UHFFFAOYSA-N,methanol,water,358.15,2.31,0.8372475245337022,circulation still method,True,train
j.fluid.2005.08.018.xml,2005,2,OKKJLVBELUTLKV-UHFFFAOYSA-N,XLYOFNOQVPJJNP-UHFFFAOYSA-N,methanol,water,363.15,2.38,0.8671004876833833,circulation still method,True,train
j.fluid.2005.08.018.xml,2005,2,OKKJLVBELUTLKV-UHFFFAOYSA-N,XLYOFNOQVPJJNP-UHFFFAOYSA-N,methanol,water,368.15,2.41,0.8796267475025636,circulation still method,True,train
j.fluid.2005.08.018.xml,2005,2,OKKJLVBELUTLKV-UHFFFAOYSA-N,XLYOFNOQVPJJNP-UHFFFAOYSA-N,methanol,water,372.15,2.4,0.8754687373538999,circulation still method,True,train
j.fluid.2007.09.021.xml,2008,0,OKKJLVBELUTLKV-UHFFFAOYSA-N,YNQLUTRBYVCPMQ-UHFFFAOYSA-N,methanol,ethylbenzene,293.15,26.2,3.265759410767051,Chromatography,True,train
j.fluid.2007.09.021.xml,2008,0,OKKJLVBELUTLKV-UHFFFAOYSA-N,YNQLUTRBYVCPMQ-UHFFFAOYSA-N,methanol,ethylbenzene,303.15,21.4,3.0633909220278057,Chromatography,True,train
j.fluid.2007.09.021.xml,2008,0,OKKJLVBELUTLKV-UHFFFAOYSA-N,YNQLUTRBYVCPMQ-UHFFFAOYSA-N,methanol,ethylbenzene,313.15,18.0,2.8903717578961645,Chromatography,True,train
j.fluid.2007.09.021.xml,2008,0,OKKJLVBELUTLKV-UHFFFAOYSA-N,YNQLUTRBYVCPMQ-UHFFFAOYSA-N,methanol,ethylbenzene,323.15,15.0,2.70805020110221,Chromatography,True,train
je200628n.xml,2011,37,OKKJLVBELUTLKV-UHFFFAOYSA-N,YQLZOAVZWJBZSY-UHFFFAOYSA-N,methanol,"1,10-diaminodecane",338.2,0.551,-0.5960204698292225,Chromatography,False,train
je200628n.xml,2011,37,OKKJLVBELUTLKV-UHFFFAOYSA-N,YQLZOAVZWJBZSY-UHFFFAOYSA-N,methanol,"1,10-diaminodecane",348.15,0.634,-0.4557063245449111,Chromatography,False,train
je200628n.xml,2011,37,OKKJLVBELUTLKV-UHFFFAOYSA-N,YQLZOAVZWJBZSY-UHFFFAOYSA-N,methanol,"1,10-diaminodecane",353.22,0.682,-0.3827256211386748,Chromatography,False,train
j.jct.2013.05.011.xml,2013,43,OKKJLVBELUTLKV-UHFFFAOYSA-N,ZIBGPFATKBEMQZ-UHFFFAOYSA-N,methanol,triethylene glycol,333.2,0.788,-0.2382571891242579,Chromatography,True,train
j.jct.2013.05.011.xml,2013,43,OKKJLVBELUTLKV-UHFFFAOYSA-N,ZIBGPFATKBEMQZ-UHFFFAOYSA-N,methanol,triethylene glycol,348.2,0.787,-0.2395270305647338,Chromatography,True,train
je050316s.xml,2006,31,PAFZNILMFXTMIY-UHFFFAOYSA-N,PAYRUJLWNCNPSJ-UHFFFAOYSA-N,cyclohexylamine,aniline,383.15,0.84,-0.1743533871447778,Differential ebulliometry,True,test_one
je050316s.xml,2006,31,PAFZNILMFXTMIY-UHFFFAOYSA-N,PAYRUJLWNCNPSJ-UHFFFAOYSA-N,cyclohexylamine,aniline,393.15,0.94,-0.0618754037180875,Differential ebulliometry,True,test_one
je050316s.xml,2006,31,PAFZNILMFXTMIY-UHFFFAOYSA-N,PAYRUJLWNCNPSJ-UHFFFAOYSA-N,cyclohexylamine,aniline,403.15,1.03,0.0295588022415444,Differential ebulliometry,True,test_one
je050316s.xml,2006,25,PAFZNILMFXTMIY-UHFFFAOYSA-N,TVMXDCGIABBOFY-UHFFFAOYSA-N,cyclohexylamine,octane,353.15,1.61,0.4762341789963717,Differential ebulliometry,True,train
je050316s.xml,2006,25,PAFZNILMFXTMIY-UHFFFAOYSA-N,TVMXDCGIABBOFY-UHFFFAOYSA-N,cyclohexylamine,octane,373.15,1.5,0.4054651081081644,Differential ebulliometry,True,train
je050316s.xml,2006,25,PAFZNILMFXTMIY-UHFFFAOYSA-N,TVMXDCGIABBOFY-UHFFFAOYSA-N,cyclohexylamine,octane,393.15,1.42,0.3506568716131693,Differential ebulliometry,True,train
je060136y.xml,2006,7,PAFZNILMFXTMIY-UHFFFAOYSA-N,XLYOFNOQVPJJNP-UHFFFAOYSA-N,cyclohexylamine,water,298.15,19.0,2.9444389791664403,headspace analysis,True,train
je060136y.xml,2006,7,PAFZNILMFXTMIY-UHFFFAOYSA-N,XLYOFNOQVPJJNP-UHFFFAOYSA-N,cyclohexylamine,water,313.15,29.1,3.370738174177447,headspace analysis,True,train
je060136y.xml,2006,5,PAFZNILMFXTMIY-UHFFFAOYSA-N,XLYOFNOQVPJJNP-UHFFFAOYSA-N,cyclohexylamine,water,333.15,36.7,3.6027767550605247,Rayleigh distillation method,True,train
je060136y.xml,2006,5,PAFZNILMFXTMIY-UHFFFAOYSA-N,XLYOFNOQVPJJNP-UHFFFAOYSA-N,cyclohexylamine,water,343.15,44.8,3.80220813942094,Rayleigh distillation method,True,train
je060136y.xml,2006,5,PAFZNILMFXTMIY-UHFFFAOYSA-N,XLYOFNOQVPJJNP-UHFFFAOYSA-N,cyclohexylamine,water,353.15,51.2,3.9357395320454622,Rayleigh distillation method,True,train
je060136y.xml,2006,6,PAFZNILMFXTMIY-UHFFFAOYSA-N,XLYOFNOQVPJJNP-UHFFFAOYSA-N,cyclohexylamine,water,372.65,64.5,4.166665223801727,circulation still method,True,train
je060136y.xml,2006,6,PAFZNILMFXTMIY-UHFFFAOYSA-N,XLYOFNOQVPJJNP-UHFFFAOYSA-N,cyclohexylamine,water,372.82,53.5,3.979681653901961,circulation still method,True,train
je060136y.xml,2006,6,PAFZNILMFXTMIY-UHFFFAOYSA-N,XLYOFNOQVPJJNP-UHFFFAOYSA-N,cyclohexylamine,water,372.82,64.6,4.168214410788556,circulation still method,True,train
je050316s.xml,2006,36,PAFZNILMFXTMIY-UHFFFAOYSA-N,YNQLUTRBYVCPMQ-UHFFFAOYSA-N,cyclohexylamine,ethylbenzene,353.15,1.13,0.1222176327242491,Differential ebulliometry,True,train
je050316s.xml,2006,36,PAFZNILMFXTMIY-UHFFFAOYSA-N,YNQLUTRBYVCPMQ-UHFFFAOYSA-N,cyclohexylamine,ethylbenzene,373.15,1.09,0.0861776962410524,Differential ebulliometry,True,train
je050316s.xml,2006,36,PAFZNILMFXTMIY-UHFFFAOYSA-N,YNQLUTRBYVCPMQ-UHFFFAOYSA-N,cyclohexylamine,ethylbenzene,393.15,1.06,0.0582689081239758,Differential ebulliometry,True,train
je050316s.xml,2006,32,PAFZNILMFXTMIY-UHFFFAOYSA-N,YXFVVABEGXRONW-UHFFFAOYSA-N,cyclohexylamine,toluene,353.15,1.19,0.1739533071234379,Differential ebulliometry,True,train
je050316s.xml,2006,32,PAFZNILMFXTMIY-UHFFFAOYSA-N,YXFVVABEGXRONW-UHFFFAOYSA-N,cyclohexylamine,toluene,373.15,1.12,0.1133286853070032,Differential ebulliometry,True,train
je060136y.xml,2006,3,PAYRUJLWNCNPSJ-UHFFFAOYSA-N,XLYOFNOQVPJJNP-UHFFFAOYSA-N,aniline,water,298.15,145.0,4.976733742420574,headspace analysis,True,test_one
je060136y.xml,2006,4,PAYRUJLWNCNPSJ-UHFFFAOYSA-N,XLYOFNOQVPJJNP-UHFFFAOYSA-N,aniline,water,333.15,130.0,4.867534450455582,Rayleigh distillation method,True,test_one
je060136y.xml,2006,4,PAYRUJLWNCNPSJ-UHFFFAOYSA-N,XLYOFNOQVPJJNP-UHFFFAOYSA-N,aniline,water,343.15,121.0,4.795790545596741,Rayleigh distillation method,True,test_one
je060136y.xml,2006,4,PAYRUJLWNCNPSJ-UHFFFAOYSA-N,XLYOFNOQVPJJNP-UHFFFAOYSA-N,aniline,water,343.15,119.0,4.77912349311153,Rayleigh distillation method,True,test_one
je060136y.xml,2006,4,PAYRUJLWNCNPSJ-UHFFFAOYSA-N,XLYOFNOQVPJJNP-UHFFFAOYSA-N,aniline,water,353.15,111.0,4.709530201312334,Rayleigh distillation method,True,test_one
je060136y.xml,2006,2,PAYRUJLWNCNPSJ-UHFFFAOYSA-N,XLYOFNOQVPJJNP-UHFFFAOYSA-N,aniline,water,372.47,92.7,4.529368472571809,ciculation still method,True,test_one
j.fluid.2016.10.009.xml,2017,18,PGMYKACGEOXYJE-UHFFFAOYSA-N,JUJWROOIHBZHMG-UHFFFAOYSA-N,pentyl acetate,pyridine,298.15,1.12,0.1133286853070032,Other,True,train
je901063s.xml,2010,4,PHTQWCKDNZKARW-UHFFFAOYSA-N,XLYOFNOQVPJJNP-UHFFFAOYSA-N,"1-butanol, 3-methyl-",water,273.35,94.9,4.552823705615882,"inert gas stripping, headspace analysis in two variants - the classical and the relative, Rayleigh distillation, and circulation still",True,train
je901063s.xml,2010,4,PHTQWCKDNZKARW-UHFFFAOYSA-N,XLYOFNOQVPJJNP-UHFFFAOYSA-N,"1-butanol, 3-methyl-",water,283.15,126.0,4.836281906951478,"inert gas stripping, headspace analysis in two variants - the classical and the relative, Rayleigh distillation, and circulation still",True,train
je901063s.xml,2010,4,PHTQWCKDNZKARW-UHFFFAOYSA-N,XLYOFNOQVPJJNP-UHFFFAOYSA-N,"1-butanol, 3-methyl-",water,293.15,148.0,4.997212273764115,"inert gas stripping, headspace analysis in two variants - the classical and the relative, Rayleigh distillation, and circulation still",True,train
je901063s.xml,2010,4,PHTQWCKDNZKARW-UHFFFAOYSA-N,XLYOFNOQVPJJNP-UHFFFAOYSA-N,"1-butanol, 3-methyl-",water,293.15,146.0,4.983606621708336,"inert gas stripping, headspace analysis in two variants - the classical and the relative, Rayleigh distillation, and circulation still",True,train
je901063s.xml,2010,4,PHTQWCKDNZKARW-UHFFFAOYSA-N,XLYOFNOQVPJJNP-UHFFFAOYSA-N,"1-butanol, 3-methyl-",water,303.15,161.0,5.081404364984463,"inert gas stripping, headspace analysis in two variants - the classical and the relative, Rayleigh distillation, and circulation still",True,train
je901063s.xml,2010,4,PHTQWCKDNZKARW-UHFFFAOYSA-N,XLYOFNOQVPJJNP-UHFFFAOYSA-N,"1-butanol, 3-methyl-",water,303.15,164.0,5.099866427824199,"inert gas stripping, headspace analysis in two variants - the classical and the relative, Rayleigh distillation, and circulation still",True,train
je901063s.xml,2010,4,PHTQWCKDNZKARW-UHFFFAOYSA-N,XLYOFNOQVPJJNP-UHFFFAOYSA-N,"1-butanol, 3-methyl-",water,313.15,173.0,5.153291594497779,"inert gas stripping, headspace analysis in two variants - the classical and the relative, Rayleigh distillation, and circulation still",True,train
je901063s.xml,2010,4,PHTQWCKDNZKARW-UHFFFAOYSA-N,XLYOFNOQVPJJNP-UHFFFAOYSA-N,"1-butanol, 3-methyl-",water,313.15,175.0,5.1647859739235145,"inert gas stripping, headspace analysis in two variants - the classical and the relative, Rayleigh distillation, and circulation still",True,train
je901063s.xml,2010,4,PHTQWCKDNZKARW-UHFFFAOYSA-N,XLYOFNOQVPJJNP-UHFFFAOYSA-N,"1-butanol, 3-methyl-",water,323.15,179.0,5.187385805840755,"inert gas stripping, headspace analysis in two variants - the classical and the relative, Rayleigh distillation, and circulation still",True,train
je901063s.xml,2010,4,PHTQWCKDNZKARW-UHFFFAOYSA-N,XLYOFNOQVPJJNP-UHFFFAOYSA-N,"1-butanol, 3-methyl-",water,323.15,184.0,5.214935757608986,"inert gas stripping, headspace analysis in two variants - the classical and the relative, Rayleigh distillation, and circulation still",True,train
je901063s.xml,2010,4,PHTQWCKDNZKARW-UHFFFAOYSA-N,XLYOFNOQVPJJNP-UHFFFAOYSA-N,"1-butanol, 3-methyl-",water,333.15,182.0,5.204006687076795,"inert gas stripping, headspace analysis in two variants - the classical and the relative, Rayleigh distillation, and circulation still",True,train
je901063s.xml,2010,4,PHTQWCKDNZKARW-UHFFFAOYSA-N,XLYOFNOQVPJJNP-UHFFFAOYSA-N,"1-butanol, 3-methyl-",water,333.15,178.0,5.181783550292085,"inert gas stripping, headspace analysis in two variants - the classical and the relative, Rayleigh distillation, and circulation still",True,train
je901063s.xml,2010,4,PHTQWCKDNZKARW-UHFFFAOYSA-N,XLYOFNOQVPJJNP-UHFFFAOYSA-N,"1-butanol, 3-methyl-",water,343.15,179.0,5.187385805840755,"inert gas stripping, headspace analysis in two variants - the classical and the relative, Rayleigh distillation, and circulation still",True,train
je901063s.xml,2010,4,PHTQWCKDNZKARW-UHFFFAOYSA-N,XLYOFNOQVPJJNP-UHFFFAOYSA-N,"1-butanol, 3-methyl-",water,353.15,164.0,5.099866427824199,"inert gas stripping, headspace analysis in two variants - the classical and the relative, Rayleigh distillation, and circulation still",True,train
je901063s.xml,2010,4,PHTQWCKDNZKARW-UHFFFAOYSA-N,XLYOFNOQVPJJNP-UHFFFAOYSA-N,"1-butanol, 3-methyl-",water,371.15,149.0,5.003946305945459,"inert gas stripping, headspace analysis in two variants - the classical and the relative, Rayleigh distillation, and circulation still",True,train
j.jct.2012.06.009.xml,2012,22,POULHZVOKOAJMA-UHFFFAOYSA-N,NHTMVDHEPJAVLT-UHFFFAOYSA-N,lauric acid,isooctane,314.1,1.746,0.5573274574174104,Chromatography,True,train
j.jct.2012.06.009.xml,2012,22,POULHZVOKOAJMA-UHFFFAOYSA-N,NHTMVDHEPJAVLT-UHFFFAOYSA-N,lauric acid,isooctane,314.24,1.771,0.5715443588006964,Chromatography,True,train
j.jct.2012.06.009.xml,2012,22,POULHZVOKOAJMA-UHFFFAOYSA-N,NHTMVDHEPJAVLT-UHFFFAOYSA-N,lauric acid,isooctane,333.26,1.697,0.5288619862520894,Chromatography,True,train
j.jct.2012.06.009.xml,2012,22,POULHZVOKOAJMA-UHFFFAOYSA-N,NHTMVDHEPJAVLT-UHFFFAOYSA-N,lauric acid,isooctane,333.38,1.718,0.5411608235620636,Chromatography,True,train
j.jct.2012.06.009.xml,2012,22,POULHZVOKOAJMA-UHFFFAOYSA-N,NHTMVDHEPJAVLT-UHFFFAOYSA-N,lauric acid,isooctane,353.25,1.674,0.5152159720672835,Chromatography,True,train
j.jct.2012.06.009.xml,2012,22,POULHZVOKOAJMA-UHFFFAOYSA-N,NHTMVDHEPJAVLT-UHFFFAOYSA-N,lauric acid,isooctane,353.3,1.688,0.5235443961737654,Chromatography,True,train
je900686n.xml,2010,9,PPBRXRYQALVLMV-UHFFFAOYSA-N,PEDCQBHIVMGVHV-UHFFFAOYSA-N,styrene,glycerol,303.15,124.66,4.825590031380704,Chromatography,True,test_one
je900686n.xml,2010,9,PPBRXRYQALVLMV-UHFFFAOYSA-N,PEDCQBHIVMGVHV-UHFFFAOYSA-N,styrene,glycerol,313.15,102.51,4.62996035479531,Chromatography,True,test_one
je900686n.xml,2010,9,PPBRXRYQALVLMV-UHFFFAOYSA-N,PEDCQBHIVMGVHV-UHFFFAOYSA-N,styrene,glycerol,323.15,81.69,4.4029315953537775,Chromatography,True,test_one
je900686n.xml,2010,9,PPBRXRYQALVLMV-UHFFFAOYSA-N,PEDCQBHIVMGVHV-UHFFFAOYSA-N,styrene,glycerol,333.15,61.53,4.119524860752399,Chromatography,True,test_one
je900686n.xml,2010,9,PPBRXRYQALVLMV-UHFFFAOYSA-N,PEDCQBHIVMGVHV-UHFFFAOYSA-N,styrene,glycerol,343.15,44.46,3.7945899085360506,Chromatography,True,test_one
j.jct.2010.04.011.xml,2010,1,PYGSKMBEVAICCR-UHFFFAOYSA-N,DCAYPVUWAIABOU-UHFFFAOYSA-N,"1,5-hexadiene",cetane,298.0,0.8,-0.2231435513142097,Chromatography,True,test_one
j.jct.2010.04.011.xml,2010,0,PYGSKMBEVAICCR-UHFFFAOYSA-N,IAZDPXIOMUYVGZ-UHFFFAOYSA-N,"1,5-hexadiene",dimethyl sulfoxide,298.0,11.6,2.451005098112319,Chromatography,True,test_both
j.tca.2015.11.010.xml,2016,27,PYLWMHQQBFSUBP-UHFFFAOYSA-N,ATHHXGZTWNVVOU-UHFFFAOYSA-N,fluorobenzene,N-methylformamide,298.15,4.0,1.3862943611198906,Other,True,train
j.jct.2014.06.006.xml,2014,9,PYLWMHQQBFSUBP-UHFFFAOYSA-N,DNIAPMSPPWPWGF-UHFFFAOYSA-N,fluorobenzene,propylene glycol,298.0,8.5,2.1400661634962708,Chromatography,True,train
j.fluid.2013.06.028.xml,2013,15,PYLWMHQQBFSUBP-UHFFFAOYSA-N,LYCAIKOWRPUZTN-UHFFFAOYSA-N,"benzene, fluoro-","1,2-dihydroxyethane",298.0,32.0,3.4657359027997265,Chromatography,True,train
j.jct.2014.06.006.xml,2014,32,PYLWMHQQBFSUBP-UHFFFAOYSA-N,XNWFRZJHXBZDAG-UHFFFAOYSA-N,fluorobenzene,methyl cellosolve,298.0,1.8,0.5877866649021191,Chromatography,True,train
j.jct.2013.05.006.xml,2013,9,PYLWMHQQBFSUBP-UHFFFAOYSA-N,ZHNUHDYFZUAESO-UHFFFAOYSA-N,fluorobenzene,formamide,298.0,54.0,3.9889840465642745,Chromatography,True,train
j.tca.2015.11.010.xml,2016,31,QARVLSVVCXYDNA-UHFFFAOYSA-N,ATHHXGZTWNVVOU-UHFFFAOYSA-N,bromobenzene,N-methylformamide,298.15,6.3,1.840549633397487,Chromatography,True,train
j.fluid.2013.06.028.xml,2013,19,QARVLSVVCXYDNA-UHFFFAOYSA-N,LYCAIKOWRPUZTN-UHFFFAOYSA-N,"benzene, bromo-","1,2-dihydroxyethane",298.0,45.0,3.80666248977032,Chromatography,True,train
j.jct.2014.06.006.xml,2014,34,QARVLSVVCXYDNA-UHFFFAOYSA-N,XNWFRZJHXBZDAG-UHFFFAOYSA-N,bromobenzene,methyl cellosolve,298.0,3.5,1.252762968495368,Chromatography,True,train
j.jct.2013.05.006.xml,2013,13,QARVLSVVCXYDNA-UHFFFAOYSA-N,ZHNUHDYFZUAESO-UHFFFAOYSA-N,bromobenzene,formamide,298.0,107.0,4.672828834461906,Chromatography,True,train
j.fluid.2010.03.027.xml,2010,6,QMMFVYPAHWMCMS-UHFFFAOYSA-N,FXNDIJDIPNCZQJ-UHFFFAOYSA-N,2-thiapropane,"2,4,4-trimethyl-1-pentene",288.15,1.5,0.4054651081081644,dilutor technique,True,train
j.fluid.2010.03.027.xml,2010,6,QMMFVYPAHWMCMS-UHFFFAOYSA-N,FXNDIJDIPNCZQJ-UHFFFAOYSA-N,2-thiapropane,"2,4,4-trimethyl-1-pentene",298.15,1.45,0.371563556432483,dilutor technique,True,train
j.fluid.2010.03.027.xml,2010,6,QMMFVYPAHWMCMS-UHFFFAOYSA-N,FXNDIJDIPNCZQJ-UHFFFAOYSA-N,2-thiapropane,"2,4,4-trimethyl-1-pentene",303.15,1.4,0.3364722366212129,dilutor technique,True,train
j.fluid.2010.03.027.xml,2010,4,QMMFVYPAHWMCMS-UHFFFAOYSA-N,LIKMAJRDDDTEIG-UHFFFAOYSA-N,2-thiapropane,1-hexene,288.15,1.77,0.5709795465857378,dilutor technique,True,train
j.fluid.2010.03.027.xml,2010,4,QMMFVYPAHWMCMS-UHFFFAOYSA-N,LIKMAJRDDDTEIG-UHFFFAOYSA-N,2-thiapropane,1-hexene,298.15,1.71,0.5364933705145685,dilutor technique,True,train
j.fluid.2010.03.027.xml,2010,4,QMMFVYPAHWMCMS-UHFFFAOYSA-N,LIKMAJRDDDTEIG-UHFFFAOYSA-N,2-thiapropane,1-hexene,303.15,1.64,0.494696241836107,dilutor technique,True,train
j.fluid.2010.03.027.xml,2010,5,QMMFVYPAHWMCMS-UHFFFAOYSA-N,NHTMVDHEPJAVLT-UHFFFAOYSA-N,2-thiapropane,"2,2,4-trimethylpentane",288.15,1.77,0.5709795465857378,dilutor technique,True,train
j.fluid.2010.03.027.xml,2010,5,QMMFVYPAHWMCMS-UHFFFAOYSA-N,NHTMVDHEPJAVLT-UHFFFAOYSA-N,2-thiapropane,"2,2,4-trimethylpentane",298.15,1.72,0.5423242908253617,dilutor technique,True,train
j.fluid.2010.03.027.xml,2010,5,QMMFVYPAHWMCMS-UHFFFAOYSA-N,NHTMVDHEPJAVLT-UHFFFAOYSA-N,2-thiapropane,"2,2,4-trimethylpentane",303.15,1.67,0.5128236264286637,dilutor technique,True,train
j.fluid.2010.03.027.xml,2010,3,QMMFVYPAHWMCMS-UHFFFAOYSA-N,VLKZOEOYAKHREP-UHFFFAOYSA-N,2-thiapropane,hexane,288.15,2.16,0.7701082216960737,dilutor technique,True,train
j.fluid.2010.03.027.xml,2010,3,QMMFVYPAHWMCMS-UHFFFAOYSA-N,VLKZOEOYAKHREP-UHFFFAOYSA-N,2-thiapropane,hexane,293.15,2.04,0.712949807856125,dilutor technique,True,train
j.fluid.2010.03.027.xml,2010,3,QMMFVYPAHWMCMS-UHFFFAOYSA-N,VLKZOEOYAKHREP-UHFFFAOYSA-N,2-thiapropane,hexane,298.15,1.95,0.6678293725756554,dilutor technique,True,train
j.fluid.2010.03.027.xml,2010,3,QMMFVYPAHWMCMS-UHFFFAOYSA-N,VLKZOEOYAKHREP-UHFFFAOYSA-N,2-thiapropane,hexane,303.15,1.91,0.6471032420585384,dilutor technique,True,train
je0495942.xml,2005,15,QMMFVYPAHWMCMS-UHFFFAOYSA-N,XLYOFNOQVPJJNP-UHFFFAOYSA-N,2-thiapropane,water,298.01,175.0,5.1647859739235145,Chromatography,True,train
je0495942.xml,2005,15,QMMFVYPAHWMCMS-UHFFFAOYSA-N,XLYOFNOQVPJJNP-UHFFFAOYSA-N,2-thiapropane,water,298.03,170.0,5.135798437050262,Chromatography,True,train
je0495942.xml,2005,15,QMMFVYPAHWMCMS-UHFFFAOYSA-N,XLYOFNOQVPJJNP-UHFFFAOYSA-N,2-thiapropane,water,298.03,173.0,5.153291594497779,Chromatography,True,train
je0495942.xml,2005,15,QMMFVYPAHWMCMS-UHFFFAOYSA-N,XLYOFNOQVPJJNP-UHFFFAOYSA-N,2-thiapropane,water,298.01,173.0,5.153291594497779,Chromatography,True,train
je0495942.xml,2005,15,QMMFVYPAHWMCMS-UHFFFAOYSA-N,XLYOFNOQVPJJNP-UHFFFAOYSA-N,2-thiapropane,water,298.01,171.0,5.14166355650266,Chromatography,True,train
je0495942.xml,2005,15,QMMFVYPAHWMCMS-UHFFFAOYSA-N,XLYOFNOQVPJJNP-UHFFFAOYSA-N,2-thiapropane,water,298.07,178.0,5.181783550292085,Chromatography,True,train
je0495942.xml,2005,15,QMMFVYPAHWMCMS-UHFFFAOYSA-N,XLYOFNOQVPJJNP-UHFFFAOYSA-N,2-thiapropane,water,298.02,184.0,5.214935757608986,Chromatography,True,train
je0495942.xml,2005,15,QMMFVYPAHWMCMS-UHFFFAOYSA-N,XLYOFNOQVPJJNP-UHFFFAOYSA-N,2-thiapropane,water,298.02,185.0,5.220355825078324,Chromatography,True,train
je901063s.xml,2010,2,QPRQEDXDYOZYLA-YFKPBYRVSA-N,XLYOFNOQVPJJNP-UHFFFAOYSA-N,2-methyl-1-butanol,water,273.35,86.3,4.457829598089382,"inert gas stripping, headspace analysis in two variants - the classical and the relative, Rayleigh distillation, and circulation still",True,train
je901063s.xml,2010,2,QPRQEDXDYOZYLA-YFKPBYRVSA-N,XLYOFNOQVPJJNP-UHFFFAOYSA-N,2-methyl-1-butanol,water,283.15,117.0,4.762173934797756,"inert gas stripping, headspace analysis in two variants - the classical and the relative, Rayleigh distillation, and circulation still",True,train
je901063s.xml,2010,2,QPRQEDXDYOZYLA-YFKPBYRVSA-N,XLYOFNOQVPJJNP-UHFFFAOYSA-N,2-methyl-1-butanol,water,293.15,138.0,4.927253685157205,"inert gas stripping, headspace analysis in two variants - the classical and the relative, Rayleigh distillation, and circulation still",True,train
je901063s.xml,2010,2,QPRQEDXDYOZYLA-YFKPBYRVSA-N,XLYOFNOQVPJJNP-UHFFFAOYSA-N,2-methyl-1-butanol,water,293.15,134.0,4.897839799950911,"inert gas stripping, headspace analysis in two variants - the classical and the relative, Rayleigh distillation, and circulation still",True,train
je901063s.xml,2010,2,QPRQEDXDYOZYLA-YFKPBYRVSA-N,XLYOFNOQVPJJNP-UHFFFAOYSA-N,2-methyl-1-butanol,water,303.15,158.0,5.062595033026967,"inert gas stripping, headspace analysis in two variants - the classical and the relative, Rayleigh distillation, and circulation still",True,train
je901063s.xml,2010,2,QPRQEDXDYOZYLA-YFKPBYRVSA-N,XLYOFNOQVPJJNP-UHFFFAOYSA-N,2-methyl-1-butanol,water,303.15,151.0,5.017279836814924,"inert gas stripping, headspace analysis in two variants - the classical and the relative, Rayleigh distillation, and circulation still",True,train
je901063s.xml,2010,2,QPRQEDXDYOZYLA-YFKPBYRVSA-N,XLYOFNOQVPJJNP-UHFFFAOYSA-N,2-methyl-1-butanol,water,313.15,163.0,5.093750200806762,"inert gas stripping, headspace analysis in two variants - the classical and the relative, Rayleigh distillation, and circulation still",True,train
je901063s.xml,2010,2,QPRQEDXDYOZYLA-YFKPBYRVSA-N,XLYOFNOQVPJJNP-UHFFFAOYSA-N,2-methyl-1-butanol,water,313.15,173.0,5.153291594497779,"inert gas stripping, headspace analysis in two variants - the classical and the relative, Rayleigh distillation, and circulation still",True,train
je901063s.xml,2010,2,QPRQEDXDYOZYLA-YFKPBYRVSA-N,XLYOFNOQVPJJNP-UHFFFAOYSA-N,2-methyl-1-butanol,water,323.15,180.0,5.19295685089021,"inert gas stripping, headspace analysis in two variants - the classical and the relative, Rayleigh distillation, and circulation still",True,train
je901063s.xml,2010,2,QPRQEDXDYOZYLA-YFKPBYRVSA-N,XLYOFNOQVPJJNP-UHFFFAOYSA-N,2-methyl-1-butanol,water,323.15,173.0,5.153291594497779,"inert gas stripping, headspace analysis in two variants - the classical and the relative, Rayleigh distillation, and circulation still",True,train
je901063s.xml,2010,2,QPRQEDXDYOZYLA-YFKPBYRVSA-N,XLYOFNOQVPJJNP-UHFFFAOYSA-N,2-methyl-1-butanol,water,333.15,170.0,5.135798437050262,"inert gas stripping, headspace analysis in two variants - the classical and the relative, Rayleigh distillation, and circulation still",True,train
je901063s.xml,2010,2,QPRQEDXDYOZYLA-YFKPBYRVSA-N,XLYOFNOQVPJJNP-UHFFFAOYSA-N,2-methyl-1-butanol,water,333.15,179.0,5.187385805840755,"inert gas stripping, headspace analysis in two variants - the classical and the relative, Rayleigh distillation, and circulation still",True,train
je901063s.xml,2010,2,QPRQEDXDYOZYLA-YFKPBYRVSA-N,XLYOFNOQVPJJNP-UHFFFAOYSA-N,2-methyl-1-butanol,water,343.15,169.0,5.1298987149230735,"inert gas stripping, headspace analysis in two variants - the classical and the relative, Rayleigh distillation, and circulation still",True,train
je901063s.xml,2010,2,QPRQEDXDYOZYLA-YFKPBYRVSA-N,XLYOFNOQVPJJNP-UHFFFAOYSA-N,2-methyl-1-butanol,water,353.15,160.0,5.075173815233827,"inert gas stripping, headspace analysis in two variants - the classical and the relative, Rayleigh distillation, and circulation still",True,train
je901063s.xml,2010,2,QPRQEDXDYOZYLA-YFKPBYRVSA-N,XLYOFNOQVPJJNP-UHFFFAOYSA-N,2-methyl-1-butanol,water,363.15,162.0,5.087596335232384,"inert gas stripping, headspace analysis in two variants - the classical and the relative, Rayleigh distillation, and circulation still",True,train
j.jct.2004.11.005.xml,2005,3,QQONPFPTGQHPMA-UHFFFAOYSA-N,AMQJEAYHLZJPGS-UHFFFAOYSA-N,propene,1-pentanol,269.99,2.59,0.9516578757114464,Other,True,test_one
j.jct.2004.11.005.xml,2005,3,QQONPFPTGQHPMA-UHFFFAOYSA-N,AMQJEAYHLZJPGS-UHFFFAOYSA-N,propene,1-pentanol,290.0,2.6,0.9555114450274363,Other,True,test_one
j.jct.2004.11.005.xml,2005,3,QQONPFPTGQHPMA-UHFFFAOYSA-N,AMQJEAYHLZJPGS-UHFFFAOYSA-N,propene,1-pentanol,310.0,2.59,0.9516578757114464,Other,True,test_one
j.jct.2004.11.005.xml,2005,3,QQONPFPTGQHPMA-UHFFFAOYSA-N,AMQJEAYHLZJPGS-UHFFFAOYSA-N,propene,1-pentanol,330.0,2.51,0.9202827531436923,Other,True,test_one
j.jct.2004.11.005.xml,2005,35,QQONPFPTGQHPMA-UHFFFAOYSA-N,AQIXEPGDORPWBJ-UHFFFAOYSA-N,propene,3-pentanol,259.94,2.97,1.0885619528146082,Other,True,train
j.jct.2004.11.005.xml,2005,35,QQONPFPTGQHPMA-UHFFFAOYSA-N,AQIXEPGDORPWBJ-UHFFFAOYSA-N,propene,3-pentanol,270.02,2.87,1.0543120297715298,Other,True,train
j.jct.2004.11.005.xml,2005,35,QQONPFPTGQHPMA-UHFFFAOYSA-N,AQIXEPGDORPWBJ-UHFFFAOYSA-N,propene,3-pentanol,280.0,2.82,1.0367368849500225,Other,True,train
j.jct.2004.11.005.xml,2005,35,QQONPFPTGQHPMA-UHFFFAOYSA-N,AQIXEPGDORPWBJ-UHFFFAOYSA-N,propene,3-pentanol,290.0,2.74,1.007957920399979,Other,True,train
j.jct.2004.11.005.xml,2005,35,QQONPFPTGQHPMA-UHFFFAOYSA-N,AQIXEPGDORPWBJ-UHFFFAOYSA-N,propene,3-pentanol,300.0,2.63,0.9669838461896731,Other,True,train
j.jct.2004.11.005.xml,2005,35,QQONPFPTGQHPMA-UHFFFAOYSA-N,AQIXEPGDORPWBJ-UHFFFAOYSA-N,propene,3-pentanol,310.01,2.53,0.9282193027394288,Other,True,train
j.jct.2004.11.005.xml,2005,35,QQONPFPTGQHPMA-UHFFFAOYSA-N,AQIXEPGDORPWBJ-UHFFFAOYSA-N,propene,3-pentanol,320.0,2.42,0.883767540168595,Other,True,train
j.jct.2004.11.005.xml,2005,35,QQONPFPTGQHPMA-UHFFFAOYSA-N,AQIXEPGDORPWBJ-UHFFFAOYSA-N,propene,3-pentanol,330.01,2.32,0.8415671856782185,Other,True,train
j.jct.2003.08.018.xml,2004,11,QQONPFPTGQHPMA-UHFFFAOYSA-N,BDERNNFJNOPAEC-UHFFFAOYSA-N,propene,1-propanol,259.92,3.58,1.275362800412609,Chromatography,True,train
j.jct.2003.08.018.xml,2004,11,QQONPFPTGQHPMA-UHFFFAOYSA-N,BDERNNFJNOPAEC-UHFFFAOYSA-N,propene,1-propanol,279.94,3.61,1.2837077723447896,Chromatography,True,train
j.jct.2003.08.018.xml,2004,11,QQONPFPTGQHPMA-UHFFFAOYSA-N,BDERNNFJNOPAEC-UHFFFAOYSA-N,propene,1-propanol,300.03,3.66,1.297463147413275,Chromatography,True,train
j.jct.2003.08.018.xml,2004,11,QQONPFPTGQHPMA-UHFFFAOYSA-N,BDERNNFJNOPAEC-UHFFFAOYSA-N,propene,1-propanol,320.02,3.64,1.2919836816486494,Chromatography,True,train
j.jct.2003.08.018.xml,2004,11,QQONPFPTGQHPMA-UHFFFAOYSA-N,BDERNNFJNOPAEC-UHFFFAOYSA-N,propene,1-propanol,340.1,3.64,1.2919836816486494,Chromatography,True,train
je050343i.xml,2005,27,QQONPFPTGQHPMA-UHFFFAOYSA-N,CPJRRXSHAYUTGL-UHFFFAOYSA-N,propene,3-methyl-3-buten-1-ol,270.04,3.04,1.1118575154181305,Chromatography,True,train
je050343i.xml,2005,27,QQONPFPTGQHPMA-UHFFFAOYSA-N,CPJRRXSHAYUTGL-UHFFFAOYSA-N,propene,3-methyl-3-buten-1-ol,289.99,2.99,1.095273387402595,Chromatography,True,train
je050343i.xml,2005,27,QQONPFPTGQHPMA-UHFFFAOYSA-N,CPJRRXSHAYUTGL-UHFFFAOYSA-N,propene,3-methyl-3-buten-1-ol,309.99,2.92,1.0715836162801904,Chromatography,True,train
je050343i.xml,2005,27,QQONPFPTGQHPMA-UHFFFAOYSA-N,CPJRRXSHAYUTGL-UHFFFAOYSA-N,propene,3-methyl-3-buten-1-ol,330.0,2.8,1.029619417181158,Chromatography,True,train
je060395n.xml,2007,17,QQONPFPTGQHPMA-UHFFFAOYSA-N,CTQNGGLPUBDAKN-UHFFFAOYSA-N,propene,"1,2-dimethylbenzene",270.13,1.56,0.4446858212614457,calculated from henry's law constants,True,train
je060395n.xml,2007,17,QQONPFPTGQHPMA-UHFFFAOYSA-N,CTQNGGLPUBDAKN-UHFFFAOYSA-N,propene,"1,2-dimethylbenzene",289.99,1.55,0.4382549309311553,calculated from henry's law constants,True,train
je060395n.xml,2007,17,QQONPFPTGQHPMA-UHFFFAOYSA-N,CTQNGGLPUBDAKN-UHFFFAOYSA-N,propene,"1,2-dimethylbenzene",309.84,1.53,0.4252677354043441,calculated from henry's law constants,True,train
je060395n.xml,2007,17,QQONPFPTGQHPMA-UHFFFAOYSA-N,CTQNGGLPUBDAKN-UHFFFAOYSA-N,propene,"1,2-dimethylbenzene",329.99,1.51,0.412109650826833,calculated from henry's law constants,True,train
je700270d.xml,2007,3,QQONPFPTGQHPMA-UHFFFAOYSA-N,DHXVGJBLRPWPCS-UHFFFAOYSA-N,propene,tetrahydropyran,250.06,1.42,0.3506568716131693,Chromatography,True,train
je700270d.xml,2007,3,QQONPFPTGQHPMA-UHFFFAOYSA-N,DHXVGJBLRPWPCS-UHFFFAOYSA-N,propene,tetrahydropyran,270.12,1.42,0.3506568716131693,Chromatography,True,train
je700270d.xml,2007,3,QQONPFPTGQHPMA-UHFFFAOYSA-N,DHXVGJBLRPWPCS-UHFFFAOYSA-N,propene,tetrahydropyran,289.97,1.43,0.3576744442718159,Chromatography,True,train
je700270d.xml,2007,3,QQONPFPTGQHPMA-UHFFFAOYSA-N,DHXVGJBLRPWPCS-UHFFFAOYSA-N,propene,tetrahydropyran,309.98,1.44,0.3646431135879092,Chromatography,True,train
je700270d.xml,2007,3,QQONPFPTGQHPMA-UHFFFAOYSA-N,DHXVGJBLRPWPCS-UHFFFAOYSA-N,propene,tetrahydropyran,329.97,1.44,0.3646431135879092,Chromatography,True,train
je050343i.xml,2005,3,QQONPFPTGQHPMA-UHFFFAOYSA-N,HNVRRHSXBLFLIG-UHFFFAOYSA-N,propene,"3-buten-2-ol, 2-methyl-",269.95,2.38,0.8671004876833833,Chromatography,True,train
je050343i.xml,2005,3,QQONPFPTGQHPMA-UHFFFAOYSA-N,HNVRRHSXBLFLIG-UHFFFAOYSA-N,propene,"3-buten-2-ol, 2-methyl-",289.99,2.3,0.8329091229351039,Chromatography,True,train
je050343i.xml,2005,3,QQONPFPTGQHPMA-UHFFFAOYSA-N,HNVRRHSXBLFLIG-UHFFFAOYSA-N,propene,"3-buten-2-ol, 2-methyl-",309.99,2.17,0.7747271675523681,Chromatography,True,train
je050343i.xml,2005,3,QQONPFPTGQHPMA-UHFFFAOYSA-N,HNVRRHSXBLFLIG-UHFFFAOYSA-N,propene,"3-buten-2-ol, 2-methyl-",330.0,2.05,0.7178397931503168,Chromatography,True,train
je060395n.xml,2007,19,QQONPFPTGQHPMA-UHFFFAOYSA-N,IVSZLXZYQVIEFR-UHFFFAOYSA-N,propene,"1,3-dimethylbenzene",270.1,1.46,0.378436435720245,calculated from henry's law constants,True,train
je060395n.xml,2007,19,QQONPFPTGQHPMA-UHFFFAOYSA-N,IVSZLXZYQVIEFR-UHFFFAOYSA-N,propene,"1,3-dimethylbenzene",289.99,1.47,0.3852624007906449,calculated from henry's law constants,True,train
je060395n.xml,2007,19,QQONPFPTGQHPMA-UHFFFAOYSA-N,IVSZLXZYQVIEFR-UHFFFAOYSA-N,propene,"1,3-dimethylbenzene",309.84,1.46,0.378436435720245,calculated from henry's law constants,True,train
je060395n.xml,2007,19,QQONPFPTGQHPMA-UHFFFAOYSA-N,IVSZLXZYQVIEFR-UHFFFAOYSA-N,propene,"1,3-dimethylbenzene",329.99,1.45,0.371563556432483,calculated from henry's law constants,True,train
je100529s.xml,2010,51,QQONPFPTGQHPMA-UHFFFAOYSA-N,IWDCLRJOBJJRNH-UHFFFAOYSA-N,propene,4-methylphenol,309.99,4.07,1.4036429994545037,Gas Stripping Method,True,train
je100529s.xml,2010,51,QQONPFPTGQHPMA-UHFFFAOYSA-N,IWDCLRJOBJJRNH-UHFFFAOYSA-N,propene,4-methylphenol,319.99,4.02,1.3912819026309295,Gas Stripping Method,True,train
je100529s.xml,2010,51,QQONPFPTGQHPMA-UHFFFAOYSA-N,IWDCLRJOBJJRNH-UHFFFAOYSA-N,propene,4-methylphenol,329.99,3.92,1.366091653802371,Gas Stripping Method,True,train
je100529s.xml,2010,51,QQONPFPTGQHPMA-UHFFFAOYSA-N,IWDCLRJOBJJRNH-UHFFFAOYSA-N,propene,4-methylphenol,340.02,3.84,1.3454723665996355,Gas Stripping Method,True,train
j.jct.2004.11.005.xml,2005,19,QQONPFPTGQHPMA-UHFFFAOYSA-N,JYVLIDXNZAXMDK-YFKPBYRVSA-N,propene,2-pentanol,269.99,2.77,1.0188473201992472,Other,True,train
j.jct.2004.11.005.xml,2005,19,QQONPFPTGQHPMA-UHFFFAOYSA-N,JYVLIDXNZAXMDK-YFKPBYRVSA-N,propene,2-pentanol,290.0,2.66,0.9783261227936078,Other,True,train
j.jct.2004.11.005.xml,2005,19,QQONPFPTGQHPMA-UHFFFAOYSA-N,JYVLIDXNZAXMDK-YFKPBYRVSA-N,propene,2-pentanol,310.0,2.53,0.9282193027394288,Other,True,train
j.jct.2004.11.005.xml,2005,19,QQONPFPTGQHPMA-UHFFFAOYSA-N,JYVLIDXNZAXMDK-YFKPBYRVSA-N,propene,2-pentanol,330.0,2.37,0.8628899551470398,Other,True,train
je0342116.xml,2004,2,QQONPFPTGQHPMA-UHFFFAOYSA-N,KFZMGEQAYNKOFK-UHFFFAOYSA-N,propene,2-propanol,270.04,3.7,1.308332819650179,Chromatography,True,train
je0342116.xml,2004,2,QQONPFPTGQHPMA-UHFFFAOYSA-N,KFZMGEQAYNKOFK-UHFFFAOYSA-N,propene,2-propanol,290.0,3.7,1.308332819650179,Chromatography,True,train
je0342116.xml,2004,2,QQONPFPTGQHPMA-UHFFFAOYSA-N,KFZMGEQAYNKOFK-UHFFFAOYSA-N,propene,2-propanol,310.0,3.6,1.2809338454620642,Chromatography,True,train
je0342116.xml,2004,2,QQONPFPTGQHPMA-UHFFFAOYSA-N,KFZMGEQAYNKOFK-UHFFFAOYSA-N,propene,2-propanol,330.0,3.4,1.2237754316221157,Chromatography,True,train
je034265f.xml,2004,3,QQONPFPTGQHPMA-UHFFFAOYSA-N,LRHPLDYGYMQRHN-UHFFFAOYSA-N,propene,1-butanol,270.0,3.0,1.0986122886681098,Other,True,train
je034265f.xml,2004,3,QQONPFPTGQHPMA-UHFFFAOYSA-N,LRHPLDYGYMQRHN-UHFFFAOYSA-N,propene,1-butanol,290.01,3.0,1.0986122886681098,Other,True,train
je034265f.xml,2004,3,QQONPFPTGQHPMA-UHFFFAOYSA-N,LRHPLDYGYMQRHN-UHFFFAOYSA-N,propene,1-butanol,310.0,3.0,1.0986122886681098,Other,True,train
je034265f.xml,2004,3,QQONPFPTGQHPMA-UHFFFAOYSA-N,LRHPLDYGYMQRHN-UHFFFAOYSA-N,propene,1-butanol,330.0,3.0,1.0986122886681098,Other,True,train
je060395n.xml,2007,23,QQONPFPTGQHPMA-UHFFFAOYSA-N,PPBRXRYQALVLMV-UHFFFAOYSA-N,propene,styrene,270.07,2.75,1.01160091167848,calculated from henry's law constants,True,train
je060395n.xml,2007,23,QQONPFPTGQHPMA-UHFFFAOYSA-N,PPBRXRYQALVLMV-UHFFFAOYSA-N,propene,styrene,309.84,2.61,0.959350221334602,calculated from henry's law constants,True,train
je060395n.xml,2007,23,QQONPFPTGQHPMA-UHFFFAOYSA-N,PPBRXRYQALVLMV-UHFFFAOYSA-N,propene,styrene,329.99,2.58,0.947789398933526,calculated from henry's law constants,True,train
je100529s.xml,2010,3,QQONPFPTGQHPMA-UHFFFAOYSA-N,QWVGKYWNOKOFNN-UHFFFAOYSA-N,propene,2-methylphenol,299.99,3.81,1.3376291891386096,Gas Stripping Method,True,train
je100529s.xml,2010,3,QQONPFPTGQHPMA-UHFFFAOYSA-N,QWVGKYWNOKOFNN-UHFFFAOYSA-N,propene,2-methylphenol,309.99,3.71,1.3110318766193438,Gas Stripping Method,True,train
je100529s.xml,2010,3,QQONPFPTGQHPMA-UHFFFAOYSA-N,QWVGKYWNOKOFNN-UHFFFAOYSA-N,propene,2-methylphenol,319.99,3.6,1.2809338454620642,Gas Stripping Method,True,train
je100529s.xml,2010,3,QQONPFPTGQHPMA-UHFFFAOYSA-N,QWVGKYWNOKOFNN-UHFFFAOYSA-N,propene,2-methylphenol,329.99,3.48,1.247032293786383,Gas Stripping Method,True,train
je100529s.xml,2010,27,QQONPFPTGQHPMA-UHFFFAOYSA-N,RLSSMJSEOOYNOY-UHFFFAOYSA-N,propene,3-methylphenol,289.98,4.1,1.410986973710262,Gas Stripping Method,True,train
je100529s.xml,2010,27,QQONPFPTGQHPMA-UHFFFAOYSA-N,RLSSMJSEOOYNOY-UHFFFAOYSA-N,propene,3-methylphenol,299.98,4.13,1.4182774069729414,Gas Stripping Method,True,train
je100529s.xml,2010,27,QQONPFPTGQHPMA-UHFFFAOYSA-N,RLSSMJSEOOYNOY-UHFFFAOYSA-N,propene,3-methylphenol,309.99,4.05,1.3987168811184478,Gas Stripping Method,True,train
je100529s.xml,2010,27,QQONPFPTGQHPMA-UHFFFAOYSA-N,RLSSMJSEOOYNOY-UHFFFAOYSA-N,propene,3-methylphenol,319.99,3.97,1.3787660946990992,Gas Stripping Method,True,train
je100529s.xml,2010,27,QQONPFPTGQHPMA-UHFFFAOYSA-N,RLSSMJSEOOYNOY-UHFFFAOYSA-N,propene,3-methylphenol,329.99,3.88,1.355835153635182,Gas Stripping Method,True,train
je060395n.xml,2007,13,QQONPFPTGQHPMA-UHFFFAOYSA-N,UHOVQNZJYSORNB-UHFFFAOYSA-N,propene,benzene,279.99,1.77,0.5709795465857378,calculated from henry's law constants,True,train
je060395n.xml,2007,13,QQONPFPTGQHPMA-UHFFFAOYSA-N,UHOVQNZJYSORNB-UHFFFAOYSA-N,propene,benzene,289.99,1.74,0.5538851132264376,calculated from henry's law constants,True,train
je060395n.xml,2007,13,QQONPFPTGQHPMA-UHFFFAOYSA-N,UHOVQNZJYSORNB-UHFFFAOYSA-N,propene,benzene,309.99,1.67,0.5128236264286637,calculated from henry's law constants,True,train
je060395n.xml,2007,13,QQONPFPTGQHPMA-UHFFFAOYSA-N,UHOVQNZJYSORNB-UHFFFAOYSA-N,propene,benzene,329.99,1.66,0.5068176023684519,calculated from henry's law constants,True,train
je060395n.xml,2007,21,QQONPFPTGQHPMA-UHFFFAOYSA-N,URLKBWYHVLBVBO-UHFFFAOYSA-N,propene,"1,4-dimethylbenzene",289.99,1.39,0.3293037471426003,calculated from henry's law constants,True,test_one
je060395n.xml,2007,21,QQONPFPTGQHPMA-UHFFFAOYSA-N,URLKBWYHVLBVBO-UHFFFAOYSA-N,propene,"1,4-dimethylbenzene",299.99,1.39,0.3293037471426003,calculated from henry's law constants,True,test_one
je060395n.xml,2007,21,QQONPFPTGQHPMA-UHFFFAOYSA-N,URLKBWYHVLBVBO-UHFFFAOYSA-N,propene,"1,4-dimethylbenzene",309.85,1.39,0.3293037471426003,calculated from henry's law constants,True,test_one
je060395n.xml,2007,21,QQONPFPTGQHPMA-UHFFFAOYSA-N,URLKBWYHVLBVBO-UHFFFAOYSA-N,propene,"1,4-dimethylbenzene",319.99,1.39,0.3293037471426003,calculated from henry's law constants,True,test_one
je060395n.xml,2007,21,QQONPFPTGQHPMA-UHFFFAOYSA-N,URLKBWYHVLBVBO-UHFFFAOYSA-N,propene,"1,4-dimethylbenzene",329.99,1.39,0.3293037471426003,calculated from henry's law constants,True,test_one
je060395n.xml,2007,15,QQONPFPTGQHPMA-UHFFFAOYSA-N,YXFVVABEGXRONW-UHFFFAOYSA-N,propene,toluene,270.0,1.51,0.412109650826833,calculated from henry's law constants,True,train
je060395n.xml,2007,15,QQONPFPTGQHPMA-UHFFFAOYSA-N,YXFVVABEGXRONW-UHFFFAOYSA-N,propene,toluene,289.98,1.51,0.412109650826833,calculated from henry's law constants,True,train
je060395n.xml,2007,15,QQONPFPTGQHPMA-UHFFFAOYSA-N,YXFVVABEGXRONW-UHFFFAOYSA-N,propene,toluene,309.94,1.49,0.3987761199573678,calculated from henry's law constants,True,train
je060395n.xml,2007,15,QQONPFPTGQHPMA-UHFFFAOYSA-N,YXFVVABEGXRONW-UHFFFAOYSA-N,propene,toluene,329.99,1.48,0.3920420877760237,calculated from henry's law constants,True,train
je0495942.xml,2005,11,QQZOPKMRPOGIEB-UHFFFAOYSA-N,XLYOFNOQVPJJNP-UHFFFAOYSA-N,2-hexanone,water,297.85,319.0,5.765191102784844,Chromatography,True,train
je0495942.xml,2005,11,QQZOPKMRPOGIEB-UHFFFAOYSA-N,XLYOFNOQVPJJNP-UHFFFAOYSA-N,2-hexanone,water,298.15,265.0,5.579729825986222,Chromatography,True,train
je0495942.xml,2005,13,QSJXEFYPDANLFS-UHFFFAOYSA-N,XLYOFNOQVPJJNP-UHFFFAOYSA-N,"2,3-butanedione",water,298.1,13.3,2.5877640352277083,Chromatography,True,train
je0495942.xml,2005,13,QSJXEFYPDANLFS-UHFFFAOYSA-N,XLYOFNOQVPJJNP-UHFFFAOYSA-N,"2,3-butanedione",water,298.1,13.3,2.5877640352277083,Chromatography,True,train
je0495942.xml,2005,13,QSJXEFYPDANLFS-UHFFFAOYSA-N,XLYOFNOQVPJJNP-UHFFFAOYSA-N,"2,3-butanedione",water,298.1,13.2,2.580216829592325,Chromatography,True,train
je0495942.xml,2005,13,QSJXEFYPDANLFS-UHFFFAOYSA-N,XLYOFNOQVPJJNP-UHFFFAOYSA-N,"2,3-butanedione",water,298.17,13.2,2.580216829592325,Chromatography,True,train
je0495942.xml,2005,13,QSJXEFYPDANLFS-UHFFFAOYSA-N,XLYOFNOQVPJJNP-UHFFFAOYSA-N,"2,3-butanedione",water,298.17,13.1,2.5726122302071057,Chromatography,True,train
je0495942.xml,2005,13,QSJXEFYPDANLFS-UHFFFAOYSA-N,XLYOFNOQVPJJNP-UHFFFAOYSA-N,"2,3-butanedione",water,298.17,13.2,2.580216829592325,Chromatography,True,train
je049540s.xml,2005,12,QWVGKYWNOKOFNN-UHFFFAOYSA-N,BKIMMITUMNQMOS-UHFFFAOYSA-N,2-methylphenol,nonane,373.15,5.84,1.7647307968401356,Differential ebulliometry,True,test_one
je049540s.xml,2005,12,QWVGKYWNOKOFNN-UHFFFAOYSA-N,BKIMMITUMNQMOS-UHFFFAOYSA-N,2-methylphenol,nonane,393.15,4.58,1.5216989981260935,Differential ebulliometry,True,test_one
je049540s.xml,2005,12,QWVGKYWNOKOFNN-UHFFFAOYSA-N,BKIMMITUMNQMOS-UHFFFAOYSA-N,2-methylphenol,nonane,413.15,3.8,1.33500106673234,Differential ebulliometry,True,test_one
je049540s.xml,2005,14,QWVGKYWNOKOFNN-UHFFFAOYSA-N,DIOQZVSQGTUSAI-UHFFFAOYSA-N,2-methylphenol,decane,393.15,4.15,1.423108334242607,Differential ebulliometry,True,train
je049540s.xml,2005,14,QWVGKYWNOKOFNN-UHFFFAOYSA-N,DIOQZVSQGTUSAI-UHFFFAOYSA-N,2-methylphenol,decane,413.15,3.49,1.249901736214336,Differential ebulliometry,True,train
je049540s.xml,2005,14,QWVGKYWNOKOFNN-UHFFFAOYSA-N,DIOQZVSQGTUSAI-UHFFFAOYSA-N,2-methylphenol,decane,433.15,3.04,1.1118575154181305,Differential ebulliometry,True,train
je049540s.xml,2005,16,QWVGKYWNOKOFNN-UHFFFAOYSA-N,RSJKGSCJYJTIGS-UHFFFAOYSA-N,2-methylphenol,undecane,393.15,4.47,1.4973884086254774,Differential ebulliometry,True,train
je049540s.xml,2005,16,QWVGKYWNOKOFNN-UHFFFAOYSA-N,RSJKGSCJYJTIGS-UHFFFAOYSA-N,2-methylphenol,undecane,413.15,3.77,1.3270750014599193,Differential ebulliometry,True,train
je049540s.xml,2005,16,QWVGKYWNOKOFNN-UHFFFAOYSA-N,RSJKGSCJYJTIGS-UHFFFAOYSA-N,2-methylphenol,undecane,433.15,2.85,1.0473189942805592,Differential ebulliometry,True,train
j.jct.2012.06.009.xml,2012,19,RDOXTESZEPMUJZ-UHFFFAOYSA-N,GHVNFZFCNZKVNT-UHFFFAOYSA-N,"benzene, methoxy-",capric acid,353.25,1.432,0.3590720685384538,Chromatography,True,train
j.jct.2012.06.009.xml,2012,19,RDOXTESZEPMUJZ-UHFFFAOYSA-N,GHVNFZFCNZKVNT-UHFFFAOYSA-N,"benzene, methoxy-",capric acid,353.3,1.449,0.3708736633385454,Chromatography,True,train
j.jct.2012.06.009.xml,2012,84,RDOXTESZEPMUJZ-UHFFFAOYSA-N,IPCSVZSSVZVIGE-UHFFFAOYSA-N,"benzene, methoxy-",hexadecanoic acid,340.19,1.303,0.264669298142708,Chromatography,True,train
j.jct.2012.06.009.xml,2012,84,RDOXTESZEPMUJZ-UHFFFAOYSA-N,IPCSVZSSVZVIGE-UHFFFAOYSA-N,"benzene, methoxy-",hexadecanoic acid,348.01,1.278,0.245296355955343,Chromatography,True,train
j.jct.2012.06.009.xml,2012,84,RDOXTESZEPMUJZ-UHFFFAOYSA-N,IPCSVZSSVZVIGE-UHFFFAOYSA-N,"benzene, methoxy-",hexadecanoic acid,358.22,1.253,0.2255406759139311,Chromatography,True,train
j.jct.2012.12.009.xml,2013,60,RDOXTESZEPMUJZ-UHFFFAOYSA-N,OYHQOLUKZRVURQ-HZJYTTRNSA-N,methoxybenzene,linoleic acid,338.28,1.242,0.216722983511287,Chromatography,True,train
j.jct.2012.12.009.xml,2013,60,RDOXTESZEPMUJZ-UHFFFAOYSA-N,OYHQOLUKZRVURQ-HZJYTTRNSA-N,methoxybenzene,linoleic acid,348.31,1.292,0.2561914053604101,Chromatography,True,train
j.jct.2012.12.009.xml,2013,60,RDOXTESZEPMUJZ-UHFFFAOYSA-N,OYHQOLUKZRVURQ-HZJYTTRNSA-N,methoxybenzene,linoleic acid,348.28,1.317,0.2753564227611439,Chromatography,True,train
j.jct.2012.12.009.xml,2013,60,RDOXTESZEPMUJZ-UHFFFAOYSA-N,OYHQOLUKZRVURQ-HZJYTTRNSA-N,methoxybenzene,linoleic acid,358.3,1.369,0.3140805463063118,Chromatography,True,train
j.jct.2012.06.009.xml,2012,41,RDOXTESZEPMUJZ-UHFFFAOYSA-N,POULHZVOKOAJMA-UHFFFAOYSA-N,"benzene, methoxy-",lauric acid,333.26,1.374,0.3177261938001576,Chromatography,True,train
j.jct.2012.06.009.xml,2012,41,RDOXTESZEPMUJZ-UHFFFAOYSA-N,POULHZVOKOAJMA-UHFFFAOYSA-N,"benzene, methoxy-",lauric acid,343.65,1.347,0.2978798974282269,Chromatography,True,train
j.jct.2012.06.009.xml,2012,41,RDOXTESZEPMUJZ-UHFFFAOYSA-N,POULHZVOKOAJMA-UHFFFAOYSA-N,"benzene, methoxy-",lauric acid,353.25,1.334,0.288181947493432,Chromatography,True,train
j.jct.2012.06.009.xml,2012,41,RDOXTESZEPMUJZ-UHFFFAOYSA-N,POULHZVOKOAJMA-UHFFFAOYSA-N,"benzene, methoxy-",lauric acid,353.3,1.353,0.302324349188651,Chromatography,True,train
j.jct.2012.12.009.xml,2013,20,RDOXTESZEPMUJZ-UHFFFAOYSA-N,QIQXTHQIDYTFRH-UHFFFAOYSA-N,methoxybenzene,n-octadecanoic acid,349.47,1.216,0.1955667835439752,Chromatography,True,train
j.jct.2012.12.009.xml,2013,20,RDOXTESZEPMUJZ-UHFFFAOYSA-N,QIQXTHQIDYTFRH-UHFFFAOYSA-N,methoxybenzene,n-octadecanoic acid,349.48,1.224,0.2021241840901343,Chromatography,True,train
j.jct.2012.12.009.xml,2013,20,RDOXTESZEPMUJZ-UHFFFAOYSA-N,QIQXTHQIDYTFRH-UHFFFAOYSA-N,methoxybenzene,n-octadecanoic acid,358.39,1.189,0.1731126177086448,Chromatography,True,train
j.jct.2012.12.009.xml,2013,20,RDOXTESZEPMUJZ-UHFFFAOYSA-N,QIQXTHQIDYTFRH-UHFFFAOYSA-N,methoxybenzene,n-octadecanoic acid,358.4,1.194,0.1773090149704103,Chromatography,True,train
j.jct.2012.12.009.xml,2013,20,RDOXTESZEPMUJZ-UHFFFAOYSA-N,QIQXTHQIDYTFRH-UHFFFAOYSA-N,methoxybenzene,n-octadecanoic acid,368.19,1.173,0.1595645696713384,Chromatography,True,train
j.jct.2012.12.009.xml,2013,20,RDOXTESZEPMUJZ-UHFFFAOYSA-N,QIQXTHQIDYTFRH-UHFFFAOYSA-N,methoxybenzene,n-octadecanoic acid,368.13,1.157,0.1458304482115395,Chromatography,True,train
j.jct.2012.06.009.xml,2012,63,RDOXTESZEPMUJZ-UHFFFAOYSA-N,TUNFSRHWOTWDNC-UHFFFAOYSA-N,"benzene, methoxy-",tetradecanoic acid,314.1,1.322,0.2791457414294946,Chromatography,True,train
j.jct.2012.06.009.xml,2012,63,RDOXTESZEPMUJZ-UHFFFAOYSA-N,TUNFSRHWOTWDNC-UHFFFAOYSA-N,"benzene, methoxy-",tetradecanoic acid,314.24,1.3,0.262364264467491,Chromatography,True,train
j.jct.2012.06.009.xml,2012,63,RDOXTESZEPMUJZ-UHFFFAOYSA-N,TUNFSRHWOTWDNC-UHFFFAOYSA-N,"benzene, methoxy-",tetradecanoic acid,333.26,1.286,0.2515366258154277,Chromatography,True,train
j.jct.2012.06.009.xml,2012,63,RDOXTESZEPMUJZ-UHFFFAOYSA-N,TUNFSRHWOTWDNC-UHFFFAOYSA-N,"benzene, methoxy-",tetradecanoic acid,333.38,1.268,0.2374408560150342,Chromatography,True,train
j.jct.2012.06.009.xml,2012,63,RDOXTESZEPMUJZ-UHFFFAOYSA-N,TUNFSRHWOTWDNC-UHFFFAOYSA-N,"benzene, methoxy-",tetradecanoic acid,353.25,1.238,0.2134971742624043,Chromatography,True,train
j.jct.2012.06.009.xml,2012,63,RDOXTESZEPMUJZ-UHFFFAOYSA-N,TUNFSRHWOTWDNC-UHFFFAOYSA-N,"benzene, methoxy-",tetradecanoic acid,353.3,1.208,0.1889660995126231,Chromatography,True,train
j.jct.2013.05.006.xml,2013,15,RFFLAFLAYFXFSW-UHFFFAOYSA-N,ZHNUHDYFZUAESO-UHFFFAOYSA-N,"1,2-dichlorobenzene",formamide,298.0,159.0,5.068904202220232,Chromatography,True,train
j.jct.2012.01.016.xml,2012,3,RGSFGYAAUTVSQA-UHFFFAOYSA-N,HYBBIBNJHNGZAN-UHFFFAOYSA-N,cyclopentane,2-furaldehyde,298.15,11.6,2.451005098112319,Headspace solid phase microextraction,True,test_one
j.jct.2012.01.016.xml,2012,3,RGSFGYAAUTVSQA-UHFFFAOYSA-N,HYBBIBNJHNGZAN-UHFFFAOYSA-N,cyclopentane,2-furaldehyde,298.15,11.4,2.4336133554004498,Headspace solid phase microextraction,True,test_one
j.jct.2012.01.016.xml,2012,3,RGSFGYAAUTVSQA-UHFFFAOYSA-N,HYBBIBNJHNGZAN-UHFFFAOYSA-N,cyclopentane,2-furaldehyde,308.15,10.7,2.3702437414678603,Headspace solid phase microextraction,True,test_one
j.jct.2012.01.016.xml,2012,3,RGSFGYAAUTVSQA-UHFFFAOYSA-N,HYBBIBNJHNGZAN-UHFFFAOYSA-N,cyclopentane,2-furaldehyde,308.15,10.1,2.312535423847214,Headspace solid phase microextraction,True,test_one
j.jct.2012.01.016.xml,2012,3,RGSFGYAAUTVSQA-UHFFFAOYSA-N,HYBBIBNJHNGZAN-UHFFFAOYSA-N,cyclopentane,2-furaldehyde,318.15,10.4,2.341805806147327,Headspace solid phase microextraction,True,test_one
j.jct.2012.01.016.xml,2012,3,RGSFGYAAUTVSQA-UHFFFAOYSA-N,HYBBIBNJHNGZAN-UHFFFAOYSA-N,cyclopentane,2-furaldehyde,318.15,9.3,2.2300144001592104,Headspace solid phase microextraction,True,test_one
j.jct.2016.10.013.xml,2017,14,RGSFGYAAUTVSQA-UHFFFAOYSA-N,LYCAIKOWRPUZTN-UHFFFAOYSA-N,cyclopentane,ethylene glycol,303.15,163.0,5.093750200806762,Other,True,train
j.jct.2016.10.013.xml,2017,14,RGSFGYAAUTVSQA-UHFFFAOYSA-N,LYCAIKOWRPUZTN-UHFFFAOYSA-N,cyclopentane,ethylene glycol,313.15,149.0,5.003946305945459,Other,True,train
j.jct.2016.10.013.xml,2017,14,RGSFGYAAUTVSQA-UHFFFAOYSA-N,LYCAIKOWRPUZTN-UHFFFAOYSA-N,cyclopentane,ethylene glycol,323.15,133.0,4.890349128221754,Other,True,train
j.jct.2016.10.013.xml,2017,25,RGSFGYAAUTVSQA-UHFFFAOYSA-N,MTHSVFCYNBDYFN-UHFFFAOYSA-N,cyclopentane,diethylene glycol,304.15,33.8,3.520460802488973,Other,True,test_one
j.jct.2016.10.013.xml,2017,25,RGSFGYAAUTVSQA-UHFFFAOYSA-N,MTHSVFCYNBDYFN-UHFFFAOYSA-N,cyclopentane,diethylene glycol,313.15,31.6,3.4531571205928664,Other,True,test_one
j.jct.2016.10.013.xml,2017,25,RGSFGYAAUTVSQA-UHFFFAOYSA-N,MTHSVFCYNBDYFN-UHFFFAOYSA-N,cyclopentane,diethylene glycol,323.15,30.1,3.40452517175483,Other,True,test_one
j.jct.2013.05.011.xml,2013,16,RGSFGYAAUTVSQA-UHFFFAOYSA-N,MTHSVFCYNBDYFN-UHFFFAOYSA-N,cyclopentane,diethylene glycol,333.2,30.92,3.4314032237192214,Chromatography,True,test_one
j.jct.2013.05.011.xml,2013,16,RGSFGYAAUTVSQA-UHFFFAOYSA-N,MTHSVFCYNBDYFN-UHFFFAOYSA-N,cyclopentane,diethylene glycol,348.2,27.6,3.317815772723105,Chromatography,True,test_one
j.jct.2013.05.011.xml,2013,16,RGSFGYAAUTVSQA-UHFFFAOYSA-N,MTHSVFCYNBDYFN-UHFFFAOYSA-N,cyclopentane,diethylene glycol,363.2,25.92,3.255014871484074,Chromatography,True,test_one
j.jct.2013.02.006.xml,2013,37,RGSFGYAAUTVSQA-UHFFFAOYSA-N,SECXISVLQFMRJM-UHFFFAOYSA-N,cyclopentane,1-methylpyrrolidone,333.2,5.16,1.6409365794934714,Chromatography,True,train
j.jct.2013.02.006.xml,2013,37,RGSFGYAAUTVSQA-UHFFFAOYSA-N,SECXISVLQFMRJM-UHFFFAOYSA-N,cyclopentane,1-methylpyrrolidone,348.2,4.68,1.5432981099295553,Chromatography,True,train
j.jct.2013.02.006.xml,2013,37,RGSFGYAAUTVSQA-UHFFFAOYSA-N,SECXISVLQFMRJM-UHFFFAOYSA-N,cyclopentane,1-methylpyrrolidone,363.2,4.55,1.5151272329628591,Chromatography,True,train
j.jct.2013.05.011.xml,2013,39,RGSFGYAAUTVSQA-UHFFFAOYSA-N,ZIBGPFATKBEMQZ-UHFFFAOYSA-N,cyclopentane,triethylene glycol,333.2,15.19,2.7206373166076814,Chromatography,True,train
j.jct.2013.05.011.xml,2013,39,RGSFGYAAUTVSQA-UHFFFAOYSA-N,ZIBGPFATKBEMQZ-UHFFFAOYSA-N,cyclopentane,triethylene glycol,348.2,13.98,2.637627736805664,Chromatography,True,train
j.jct.2013.05.011.xml,2013,39,RGSFGYAAUTVSQA-UHFFFAOYSA-N,ZIBGPFATKBEMQZ-UHFFFAOYSA-N,cyclopentane,triethylene glycol,363.2,12.69,2.540814281726296,Chromatography,True,train
je049540s.xml,2005,18,RLSSMJSEOOYNOY-UHFFFAOYSA-N,BKIMMITUMNQMOS-UHFFFAOYSA-N,3-methylphenol,nonane,373.15,9.21,2.2202898502672155,Differential ebulliometry,True,test_one
je049540s.xml,2005,18,RLSSMJSEOOYNOY-UHFFFAOYSA-N,BKIMMITUMNQMOS-UHFFFAOYSA-N,3-methylphenol,nonane,393.15,7.06,1.9544450515051504,Differential ebulliometry,True,test_one
je049540s.xml,2005,18,RLSSMJSEOOYNOY-UHFFFAOYSA-N,BKIMMITUMNQMOS-UHFFFAOYSA-N,3-methylphenol,nonane,413.15,5.96,1.7850704810772584,Differential ebulliometry,True,test_one
je049540s.xml,2005,20,RLSSMJSEOOYNOY-UHFFFAOYSA-N,DIOQZVSQGTUSAI-UHFFFAOYSA-N,3-methylphenol,decane,373.15,7.79,2.052840859882657,Differential ebulliometry,True,train
je049540s.xml,2005,20,RLSSMJSEOOYNOY-UHFFFAOYSA-N,DIOQZVSQGTUSAI-UHFFFAOYSA-N,3-methylphenol,decane,403.15,5.37,1.6808279085207734,Differential ebulliometry,True,train
je049540s.xml,2005,20,RLSSMJSEOOYNOY-UHFFFAOYSA-N,DIOQZVSQGTUSAI-UHFFFAOYSA-N,3-methylphenol,decane,433.15,4.26,1.449269160281279,Differential ebulliometry,True,train
je049540s.xml,2005,21,RLSSMJSEOOYNOY-UHFFFAOYSA-N,RSJKGSCJYJTIGS-UHFFFAOYSA-N,3-methylphenol,undecane,393.15,6.25,1.8325814637483104,Differential ebulliometry,True,train
je049540s.xml,2005,21,RLSSMJSEOOYNOY-UHFFFAOYSA-N,RSJKGSCJYJTIGS-UHFFFAOYSA-N,3-methylphenol,undecane,413.15,4.9,1.589235205116581,Differential ebulliometry,True,train
je049540s.xml,2005,21,RLSSMJSEOOYNOY-UHFFFAOYSA-N,RSJKGSCJYJTIGS-UHFFFAOYSA-N,3-methylphenol,undecane,433.15,3.93,1.3686394258811698,Differential ebulliometry,True,train
j.tca.2015.11.010.xml,2016,10,RSJKGSCJYJTIGS-UHFFFAOYSA-N,ATHHXGZTWNVVOU-UHFFFAOYSA-N,n-undecane,N-methylformamide,298.15,318.3,5.762994334288047,Other,True,train
j.fluid.2016.10.009.xml,2017,4,RSJKGSCJYJTIGS-UHFFFAOYSA-N,JUJWROOIHBZHMG-UHFFFAOYSA-N,n-undecane,pyridine,298.15,10.2,2.322387720290225,Other,True,train
j.jct.2014.06.006.xml,2014,17,RSJKGSCJYJTIGS-UHFFFAOYSA-N,XNWFRZJHXBZDAG-UHFFFAOYSA-N,n-undecane,methyl cellosolve,298.0,94.6,4.549657476057832,Chromatography,True,train
je1005517.xml,2011,43,RTZKZFJDLAIYFH-UHFFFAOYSA-N,BTFJIXJJCSYFAL-UHFFFAOYSA-N,"ethane, 1,1'-oxybis-",1-eicosanol,338.15,0.0652,-2.73029581004953,GC,True,train
je1005517.xml,2011,43,RTZKZFJDLAIYFH-UHFFFAOYSA-N,BTFJIXJJCSYFAL-UHFFFAOYSA-N,"ethane, 1,1'-oxybis-",1-eicosanol,343.15,0.0624,-2.7741900036067557,GC,True,train
je1005517.xml,2011,43,RTZKZFJDLAIYFH-UHFFFAOYSA-N,BTFJIXJJCSYFAL-UHFFFAOYSA-N,"ethane, 1,1'-oxybis-",1-eicosanol,348.15,0.0598,-2.816749618025551,GC,True,train
je1005517.xml,2011,43,RTZKZFJDLAIYFH-UHFFFAOYSA-N,BTFJIXJJCSYFAL-UHFFFAOYSA-N,"ethane, 1,1'-oxybis-",1-eicosanol,353.15,0.0572,-2.861201380596385,GC,True,train
je1005517.xml,2011,21,RTZKZFJDLAIYFH-UHFFFAOYSA-N,GLDOVTGHNKAZLK-UHFFFAOYSA-N,"ethane, 1,1'-oxybis-",1-octadecanol,333.15,0.0257,-3.661264287080963,GC,True,train
je1005517.xml,2011,21,RTZKZFJDLAIYFH-UHFFFAOYSA-N,GLDOVTGHNKAZLK-UHFFFAOYSA-N,"ethane, 1,1'-oxybis-",1-octadecanol,338.15,0.0235,-3.750754857832024,GC,True,train
je1005517.xml,2011,21,RTZKZFJDLAIYFH-UHFFFAOYSA-N,GLDOVTGHNKAZLK-UHFFFAOYSA-N,"ethane, 1,1'-oxybis-",1-octadecanol,343.15,0.0219,-3.8212686421596818,GC,True,train
je1005517.xml,2011,21,RTZKZFJDLAIYFH-UHFFFAOYSA-N,GLDOVTGHNKAZLK-UHFFFAOYSA-N,"ethane, 1,1'-oxybis-",1-octadecanol,348.15,0.0204,-3.892220378131966,GC,True,train
je1005517.xml,2011,21,RTZKZFJDLAIYFH-UHFFFAOYSA-N,GLDOVTGHNKAZLK-UHFFFAOYSA-N,"ethane, 1,1'-oxybis-",1-octadecanol,353.15,0.019,-3.963316299815697,GC,True,train
je200628n.xml,2011,25,RTZKZFJDLAIYFH-UHFFFAOYSA-N,PWGJDPKCLMLPJW-UHFFFAOYSA-N,ethyl ether,"1,8-diaminooctane",328.15,3.517,1.2576083534918454,Chromatography,True,train
je200628n.xml,2011,25,RTZKZFJDLAIYFH-UHFFFAOYSA-N,PWGJDPKCLMLPJW-UHFFFAOYSA-N,ethyl ether,"1,8-diaminooctane",338.15,3.405,1.2252449396014755,Chromatography,True,train
je200628n.xml,2011,25,RTZKZFJDLAIYFH-UHFFFAOYSA-N,PWGJDPKCLMLPJW-UHFFFAOYSA-N,ethyl ether,"1,8-diaminooctane",343.15,3.371,1.2152094362519237,Chromatography,True,train
je200628n.xml,2011,25,RTZKZFJDLAIYFH-UHFFFAOYSA-N,PWGJDPKCLMLPJW-UHFFFAOYSA-N,ethyl ether,"1,8-diaminooctane",348.15,3.364,1.2131307421107016,Chromatography,True,train
je200628n.xml,2011,79,RTZKZFJDLAIYFH-UHFFFAOYSA-N,QFTYSVGGYOXFRQ-UHFFFAOYSA-N,ethyl ether,"1,12-diaminododecane",348.25,4.446,1.4920048155420047,Chromatography,False,train
je200628n.xml,2011,79,RTZKZFJDLAIYFH-UHFFFAOYSA-N,QFTYSVGGYOXFRQ-UHFFFAOYSA-N,ethyl ether,"1,12-diaminododecane",353.15,4.369,1.4745341499692988,Chromatography,False,train
je200628n.xml,2011,79,RTZKZFJDLAIYFH-UHFFFAOYSA-N,QFTYSVGGYOXFRQ-UHFFFAOYSA-N,ethyl ether,"1,12-diaminododecane",358.25,4.332,1.466029329138744,Chromatography,False,train
je200628n.xml,2011,79,RTZKZFJDLAIYFH-UHFFFAOYSA-N,QFTYSVGGYOXFRQ-UHFFFAOYSA-N,ethyl ether,"1,12-diaminododecane",363.21,4.25,1.4469189829363254,Chromatography,False,train
j.fluid.2007.08.013.xml,2007,0,RTZKZFJDLAIYFH-UHFFFAOYSA-N,XLYOFNOQVPJJNP-UHFFFAOYSA-N,diethyl ether,water,273.35,33.9,3.5234150143864045,Chromatography,True,train
j.fluid.2007.08.013.xml,2007,0,RTZKZFJDLAIYFH-UHFFFAOYSA-N,XLYOFNOQVPJJNP-UHFFFAOYSA-N,diethyl ether,water,278.15,41.2,3.7184382563554808,Chromatography,True,train
j.fluid.2007.08.013.xml,2007,0,RTZKZFJDLAIYFH-UHFFFAOYSA-N,XLYOFNOQVPJJNP-UHFFFAOYSA-N,diethyl ether,water,283.15,49.4,3.899950424193877,Chromatography,True,train
j.fluid.2007.08.013.xml,2007,0,RTZKZFJDLAIYFH-UHFFFAOYSA-N,XLYOFNOQVPJJNP-UHFFFAOYSA-N,diethyl ether,water,288.15,58.5,4.069026754237811,Chromatography,True,train
j.fluid.2007.08.013.xml,2007,0,RTZKZFJDLAIYFH-UHFFFAOYSA-N,XLYOFNOQVPJJNP-UHFFFAOYSA-N,diethyl ether,water,293.15,68.6,4.22829253473184,Chromatography,True,train
j.fluid.2007.08.013.xml,2007,0,RTZKZFJDLAIYFH-UHFFFAOYSA-N,XLYOFNOQVPJJNP-UHFFFAOYSA-N,diethyl ether,water,298.15,77.1,4.345103280569283,Chromatography,True,train
j.fluid.2007.08.013.xml,2007,0,RTZKZFJDLAIYFH-UHFFFAOYSA-N,XLYOFNOQVPJJNP-UHFFFAOYSA-N,diethyl ether,water,303.15,88.8,4.486386649998124,Chromatography,True,train
j.fluid.2007.08.013.xml,2007,0,RTZKZFJDLAIYFH-UHFFFAOYSA-N,XLYOFNOQVPJJNP-UHFFFAOYSA-N,diethyl ether,water,308.15,98.8,4.593097604753822,Chromatography,True,train
j.fluid.2007.08.013.xml,2007,0,RTZKZFJDLAIYFH-UHFFFAOYSA-N,XLYOFNOQVPJJNP-UHFFFAOYSA-N,diethyl ether,water,318.15,121.0,4.795790545596741,Chromatography,True,train
j.fluid.2007.08.013.xml,2007,0,RTZKZFJDLAIYFH-UHFFFAOYSA-N,XLYOFNOQVPJJNP-UHFFFAOYSA-N,diethyl ether,water,328.15,139.5,4.93806460126142,Chromatography,True,train
je200628n.xml,2011,52,RTZKZFJDLAIYFH-UHFFFAOYSA-N,YQLZOAVZWJBZSY-UHFFFAOYSA-N,ethyl ether,"1,10-diaminodecane",338.2,3.837,1.3446908112648157,Chromatography,False,train
je200628n.xml,2011,52,RTZKZFJDLAIYFH-UHFFFAOYSA-N,YQLZOAVZWJBZSY-UHFFFAOYSA-N,ethyl ether,"1,10-diaminodecane",348.15,3.686,1.3045418592476314,Chromatography,False,train
je200628n.xml,2011,52,RTZKZFJDLAIYFH-UHFFFAOYSA-N,YQLZOAVZWJBZSY-UHFFFAOYSA-N,ethyl ether,"1,10-diaminodecane",353.22,3.64,1.2919836816486494,Chromatography,False,train
j.fluid.2007.08.013.xml,2007,16,RYHBNJHYFVUHQT-UHFFFAOYSA-N,XLYOFNOQVPJJNP-UHFFFAOYSA-N,"1,4-dioxane",water,273.35,3.53,1.2612978709452054,relative headspace analysis,True,train
j.fluid.2007.08.013.xml,2007,16,RYHBNJHYFVUHQT-UHFFFAOYSA-N,XLYOFNOQVPJJNP-UHFFFAOYSA-N,"1,4-dioxane",water,278.15,4.0,1.3862943611198906,relative headspace analysis,True,train
j.fluid.2007.08.013.xml,2007,16,RYHBNJHYFVUHQT-UHFFFAOYSA-N,XLYOFNOQVPJJNP-UHFFFAOYSA-N,"1,4-dioxane",water,288.15,4.75,1.55814461804655,relative headspace analysis,True,train
j.fluid.2007.08.013.xml,2007,17,RYHBNJHYFVUHQT-UHFFFAOYSA-N,XLYOFNOQVPJJNP-UHFFFAOYSA-N,"1,4-dioxane",water,288.15,5.17,1.6428726885203375,headspace analysis,True,train
j.fluid.2007.08.013.xml,2007,17,RYHBNJHYFVUHQT-UHFFFAOYSA-N,XLYOFNOQVPJJNP-UHFFFAOYSA-N,"1,4-dioxane",water,298.15,5.88,1.7715567619105357,headspace analysis,True,train
j.fluid.2007.08.013.xml,2007,16,RYHBNJHYFVUHQT-UHFFFAOYSA-N,XLYOFNOQVPJJNP-UHFFFAOYSA-N,"1,4-dioxane",water,308.15,6.15,1.8164520818184269,relative headspace analysis,True,train
j.fluid.2007.08.013.xml,2007,17,RYHBNJHYFVUHQT-UHFFFAOYSA-N,XLYOFNOQVPJJNP-UHFFFAOYSA-N,"1,4-dioxane",water,308.15,6.7,1.9021075263969205,headspace analysis,True,train
j.fluid.2007.08.013.xml,2007,16,RYHBNJHYFVUHQT-UHFFFAOYSA-N,XLYOFNOQVPJJNP-UHFFFAOYSA-N,"1,4-dioxane",water,318.15,6.82,1.9198594718553708,relative headspace analysis,True,train
j.fluid.2007.08.013.xml,2007,18,RYHBNJHYFVUHQT-UHFFFAOYSA-N,XLYOFNOQVPJJNP-UHFFFAOYSA-N,"1,4-dioxane",water,328.15,7.76,2.048982334195127,non steady state GLC,True,train
j.fluid.2007.08.013.xml,2007,18,RYHBNJHYFVUHQT-UHFFFAOYSA-N,XLYOFNOQVPJJNP-UHFFFAOYSA-N,"1,4-dioxane",water,338.15,8.27,2.1126345090356,non steady state GLC,True,train
j.fluid.2007.08.013.xml,2007,19,RYHBNJHYFVUHQT-UHFFFAOYSA-N,XLYOFNOQVPJJNP-UHFFFAOYSA-N,"1,4-dioxane",water,338.15,8.22,2.1065702090680887,Chromatography,True,train
j.fluid.2007.08.013.xml,2007,20,RYHBNJHYFVUHQT-UHFFFAOYSA-N,XLYOFNOQVPJJNP-UHFFFAOYSA-N,"1,4-dioxane",water,348.15,8.43,2.131796772013764,rayleigh distillation,True,train
j.fluid.2007.08.013.xml,2007,21,RYHBNJHYFVUHQT-UHFFFAOYSA-N,XLYOFNOQVPJJNP-UHFFFAOYSA-N,"1,4-dioxane",water,372.5,10.3,2.33214389523559,circulation still,True,train
j.fluid.2009.05.005.xml,2009,0,SECXISVLQFMRJM-UHFFFAOYSA-N,XLYOFNOQVPJJNP-UHFFFAOYSA-N,N-methyl-2-pyrrolidone,water,333.15,1.34,0.29266961396282,"differential distillation, circulation still",True,train
j.fluid.2009.05.005.xml,2009,0,SECXISVLQFMRJM-UHFFFAOYSA-N,XLYOFNOQVPJJNP-UHFFFAOYSA-N,N-methyl-2-pyrrolidone,water,343.15,1.56,0.4446858212614457,"differential distillation, circulation still",True,train
j.fluid.2009.05.005.xml,2009,0,SECXISVLQFMRJM-UHFFFAOYSA-N,XLYOFNOQVPJJNP-UHFFFAOYSA-N,N-methyl-2-pyrrolidone,water,353.15,1.75,0.5596157879354227,"differential distillation, circulation still",True,train
j.fluid.2009.05.005.xml,2009,0,SECXISVLQFMRJM-UHFFFAOYSA-N,XLYOFNOQVPJJNP-UHFFFAOYSA-N,N-methyl-2-pyrrolidone,water,372.85,2.07,0.7275486072772777,"differential distillation, circulation still",True,train
je1005517.xml,2011,30,SNMVRZFUUCLYTO-UHFFFAOYSA-N,BTFJIXJJCSYFAL-UHFFFAOYSA-N,"propane, 1-chloro-",1-eicosanol,338.15,0.0779,-2.5523293261054345,GC,True,train
je1005517.xml,2011,30,SNMVRZFUUCLYTO-UHFFFAOYSA-N,BTFJIXJJCSYFAL-UHFFFAOYSA-N,"propane, 1-chloro-",1-eicosanol,343.15,0.0778,-2.553613847797791,GC,True,train
je1005517.xml,2011,30,SNMVRZFUUCLYTO-UHFFFAOYSA-N,BTFJIXJJCSYFAL-UHFFFAOYSA-N,"propane, 1-chloro-",1-eicosanol,348.15,0.0778,-2.553613847797791,GC,True,train
je1005517.xml,2011,30,SNMVRZFUUCLYTO-UHFFFAOYSA-N,BTFJIXJJCSYFAL-UHFFFAOYSA-N,"propane, 1-chloro-",1-eicosanol,353.15,0.0777,-2.554900021608536,GC,True,train
je1005517.xml,2011,8,SNMVRZFUUCLYTO-UHFFFAOYSA-N,GLDOVTGHNKAZLK-UHFFFAOYSA-N,"propane, 1-chloro-",1-octadecanol,333.15,0.0331,-3.40822199659912,GC,True,train
je1005517.xml,2011,8,SNMVRZFUUCLYTO-UHFFFAOYSA-N,GLDOVTGHNKAZLK-UHFFFAOYSA-N,"propane, 1-chloro-",1-octadecanol,338.15,0.0294,-3.5267606046375013,GC,True,train
je1005517.xml,2011,8,SNMVRZFUUCLYTO-UHFFFAOYSA-N,GLDOVTGHNKAZLK-UHFFFAOYSA-N,"propane, 1-chloro-",1-octadecanol,343.15,0.0269,-3.615628992374344,GC,True,train
je1005517.xml,2011,8,SNMVRZFUUCLYTO-UHFFFAOYSA-N,GLDOVTGHNKAZLK-UHFFFAOYSA-N,"propane, 1-chloro-",1-octadecanol,348.15,0.0245,-3.709082161431456,GC,True,train
je1005517.xml,2011,8,SNMVRZFUUCLYTO-UHFFFAOYSA-N,GLDOVTGHNKAZLK-UHFFFAOYSA-N,"propane, 1-chloro-",1-octadecanol,353.15,0.0225,-3.7942399697717626,GC,True,train
je200628n.xml,2011,15,SQCZQTSHSZLZIQ-UHFFFAOYSA-N,PWGJDPKCLMLPJW-UHFFFAOYSA-N,"pentane, 1-chloro-","1,8-diaminooctane",328.15,2.71,0.9969486348916096,Chromatography,True,test_one
je200628n.xml,2011,15,SQCZQTSHSZLZIQ-UHFFFAOYSA-N,PWGJDPKCLMLPJW-UHFFFAOYSA-N,"pentane, 1-chloro-","1,8-diaminooctane",338.15,2.125,0.7537718023763802,Chromatography,True,test_one
je200628n.xml,2011,15,SQCZQTSHSZLZIQ-UHFFFAOYSA-N,PWGJDPKCLMLPJW-UHFFFAOYSA-N,"pentane, 1-chloro-","1,8-diaminooctane",343.15,1.918,0.6512829764612464,Chromatography,True,test_one
je200628n.xml,2011,15,SQCZQTSHSZLZIQ-UHFFFAOYSA-N,PWGJDPKCLMLPJW-UHFFFAOYSA-N,"pentane, 1-chloro-","1,8-diaminooctane",348.15,1.732,0.5492768101402434,Chromatography,True,test_one
je200628n.xml,2011,69,SQCZQTSHSZLZIQ-UHFFFAOYSA-N,QFTYSVGGYOXFRQ-UHFFFAOYSA-N,"pentane, 1-chloro-","1,12-diaminododecane",348.25,3.075,1.1233049012584813,Chromatography,False,test_one
je200628n.xml,2011,69,SQCZQTSHSZLZIQ-UHFFFAOYSA-N,QFTYSVGGYOXFRQ-UHFFFAOYSA-N,"pentane, 1-chloro-","1,12-diaminododecane",353.15,2.906,1.0667775651480913,Chromatography,False,test_one
je200628n.xml,2011,69,SQCZQTSHSZLZIQ-UHFFFAOYSA-N,QFTYSVGGYOXFRQ-UHFFFAOYSA-N,"pentane, 1-chloro-","1,12-diaminododecane",358.25,2.726,1.002835333274341,Chromatography,False,test_one
je200628n.xml,2011,69,SQCZQTSHSZLZIQ-UHFFFAOYSA-N,QFTYSVGGYOXFRQ-UHFFFAOYSA-N,"pentane, 1-chloro-","1,12-diaminododecane",363.21,2.677,0.9846967645382154,Chromatography,False,test_one
je200628n.xml,2011,42,SQCZQTSHSZLZIQ-UHFFFAOYSA-N,YQLZOAVZWJBZSY-UHFFFAOYSA-N,"pentane, 1-chloro-","1,10-diaminodecane",338.2,2.94,1.0784095813505905,Chromatography,False,test_one
je200628n.xml,2011,42,SQCZQTSHSZLZIQ-UHFFFAOYSA-N,YQLZOAVZWJBZSY-UHFFFAOYSA-N,"pentane, 1-chloro-","1,10-diaminodecane",348.15,2.431,0.8883026953339863,Chromatography,False,test_one
je200628n.xml,2011,42,SQCZQTSHSZLZIQ-UHFFFAOYSA-N,YQLZOAVZWJBZSY-UHFFFAOYSA-N,"pentane, 1-chloro-","1,10-diaminodecane",353.22,2.235,0.8042412280655321,Chromatography,False,test_one
j.tca.2015.11.010.xml,2016,5,TVMXDCGIABBOFY-UHFFFAOYSA-N,ATHHXGZTWNVVOU-UHFFFAOYSA-N,n-octane,N-methylformamide,298.15,83.9,4.429625613473161,Chromatography,True,train
je1005517.xml,2011,24,TVMXDCGIABBOFY-UHFFFAOYSA-N,BTFJIXJJCSYFAL-UHFFFAOYSA-N,octane,1-eicosanol,338.15,0.187,-1.6766466621275504,GC,True,train
je1005517.xml,2011,24,TVMXDCGIABBOFY-UHFFFAOYSA-N,BTFJIXJJCSYFAL-UHFFFAOYSA-N,octane,1-eicosanol,343.15,0.1606,-1.828838477469476,GC,True,train
je1005517.xml,2011,24,TVMXDCGIABBOFY-UHFFFAOYSA-N,BTFJIXJJCSYFAL-UHFFFAOYSA-N,octane,1-eicosanol,348.15,0.1381,-1.9797772185668907,GC,True,train
je1005517.xml,2011,24,TVMXDCGIABBOFY-UHFFFAOYSA-N,BTFJIXJJCSYFAL-UHFFFAOYSA-N,octane,1-eicosanol,353.15,0.1204,-2.1169357461074165,GC,True,train
j.jct.2015.12.034.xml,2016,8,TVMXDCGIABBOFY-UHFFFAOYSA-N,CSCPPACGZOOCGX-UHFFFAOYSA-N,n-octane,acetone,298.15,10.7,2.3702437414678603,Other,True,train
j.jct.2014.06.006.xml,2014,2,TVMXDCGIABBOFY-UHFFFAOYSA-N,DNIAPMSPPWPWGF-UHFFFAOYSA-N,n-octane,propylene glycol,298.0,150.0,5.010635294096256,Chromatography,True,train
je1005517.xml,2011,2,TVMXDCGIABBOFY-UHFFFAOYSA-N,GLDOVTGHNKAZLK-UHFFFAOYSA-N,octane,1-octadecanol,333.15,0.0513,-2.9700645268054133,GC,True,train
je1005517.xml,2011,2,TVMXDCGIABBOFY-UHFFFAOYSA-N,GLDOVTGHNKAZLK-UHFFFAOYSA-N,octane,1-octadecanol,338.15,0.0497,-3.001750345879554,GC,True,train
je1005517.xml,2011,2,TVMXDCGIABBOFY-UHFFFAOYSA-N,GLDOVTGHNKAZLK-UHFFFAOYSA-N,octane,1-octadecanol,343.15,0.0485,-3.0261914810386994,GC,True,train
je1005517.xml,2011,2,TVMXDCGIABBOFY-UHFFFAOYSA-N,GLDOVTGHNKAZLK-UHFFFAOYSA-N,octane,1-octadecanol,348.15,0.0473,-3.0512449834842497,GC,True,train
je1005517.xml,2011,2,TVMXDCGIABBOFY-UHFFFAOYSA-N,GLDOVTGHNKAZLK-UHFFFAOYSA-N,octane,1-octadecanol,353.15,0.0461,-3.076942328979534,GC,True,train
j.fluid.2013.02.008.xml,2013,7,TVMXDCGIABBOFY-UHFFFAOYSA-N,HLZKNKRTKFSKGZ-UHFFFAOYSA-N,octane,1-tetradecanol,353.0,1.87,0.6259384308664954,Chromatography,True,train
j.fluid.2013.02.008.xml,2013,7,TVMXDCGIABBOFY-UHFFFAOYSA-N,HLZKNKRTKFSKGZ-UHFFFAOYSA-N,octane,1-tetradecanol,372.4,1.76,0.5653138090500605,Chromatography,True,train
j.fluid.2013.02.008.xml,2013,7,TVMXDCGIABBOFY-UHFFFAOYSA-N,HLZKNKRTKFSKGZ-UHFFFAOYSA-N,octane,1-tetradecanol,391.9,1.69,0.5247285289349821,Chromatography,True,train
j.fluid.2013.02.008.xml,2013,7,TVMXDCGIABBOFY-UHFFFAOYSA-N,HLZKNKRTKFSKGZ-UHFFFAOYSA-N,octane,1-tetradecanol,410.6,1.63,0.4885800148186709,Chromatography,True,train
j.fluid.2013.02.008.xml,2013,7,TVMXDCGIABBOFY-UHFFFAOYSA-N,HLZKNKRTKFSKGZ-UHFFFAOYSA-N,octane,1-tetradecanol,430.6,1.61,0.4762341789963717,Chromatography,True,train
je700139p.xml,2007,7,TVMXDCGIABBOFY-UHFFFAOYSA-N,HXJUTPCZVOIRIF-UHFFFAOYSA-N,octane,sulfolane,333.15,80.699,4.3907261836253975,Chromatography,True,test_one
je700139p.xml,2007,7,TVMXDCGIABBOFY-UHFFFAOYSA-N,HXJUTPCZVOIRIF-UHFFFAOYSA-N,octane,sulfolane,343.15,70.45,4.254903238344689,Chromatography,True,test_one
je700139p.xml,2007,7,TVMXDCGIABBOFY-UHFFFAOYSA-N,HXJUTPCZVOIRIF-UHFFFAOYSA-N,octane,sulfolane,353.15,61.712,4.122478401465872,Chromatography,True,test_one
je700139p.xml,2007,7,TVMXDCGIABBOFY-UHFFFAOYSA-N,HXJUTPCZVOIRIF-UHFFFAOYSA-N,octane,sulfolane,363.15,54.252,3.993639858100469,Chromatography,True,test_one
je700139p.xml,2007,7,TVMXDCGIABBOFY-UHFFFAOYSA-N,HXJUTPCZVOIRIF-UHFFFAOYSA-N,octane,sulfolane,373.15,48.632,3.8842817504464215,Chromatography,True,test_one
j.fluid.2016.10.009.xml,2017,1,TVMXDCGIABBOFY-UHFFFAOYSA-N,JUJWROOIHBZHMG-UHFFFAOYSA-N,n-octane,pyridine,298.15,7.93,2.0706530356467567,Other,True,train
j.fluid.2013.02.008.xml,2013,4,TVMXDCGIABBOFY-UHFFFAOYSA-N,LQZZUXJYWNFBMV-UHFFFAOYSA-N,octane,1-dodecanol,353.3,2.29,0.8285518175661483,Chromatography,True,train
j.fluid.2013.02.008.xml,2013,4,TVMXDCGIABBOFY-UHFFFAOYSA-N,LQZZUXJYWNFBMV-UHFFFAOYSA-N,octane,1-dodecanol,362.6,2.21,0.7929925155296614,Chromatography,True,train
j.fluid.2013.02.008.xml,2013,4,TVMXDCGIABBOFY-UHFFFAOYSA-N,LQZZUXJYWNFBMV-UHFFFAOYSA-N,octane,1-dodecanol,372.4,2.16,0.7701082216960737,Chromatography,True,train
j.fluid.2013.02.008.xml,2013,4,TVMXDCGIABBOFY-UHFFFAOYSA-N,LQZZUXJYWNFBMV-UHFFFAOYSA-N,octane,1-dodecanol,383.0,2.08,0.7323678937132266,Chromatography,True,train
j.fluid.2013.02.008.xml,2013,4,TVMXDCGIABBOFY-UHFFFAOYSA-N,LQZZUXJYWNFBMV-UHFFFAOYSA-N,octane,1-dodecanol,411.1,1.9,0.6418538861723947,Chromatography,True,train
j.fluid.2013.02.008.xml,2013,4,TVMXDCGIABBOFY-UHFFFAOYSA-N,LQZZUXJYWNFBMV-UHFFFAOYSA-N,octane,1-dodecanol,430.6,1.76,0.5653138090500605,Chromatography,True,train
j.jct.2016.10.013.xml,2017,8,TVMXDCGIABBOFY-UHFFFAOYSA-N,LYCAIKOWRPUZTN-UHFFFAOYSA-N,n-octane,ethylene glycol,303.15,1960.0,7.580699752224563,Other,True,train
j.jct.2016.10.013.xml,2017,8,TVMXDCGIABBOFY-UHFFFAOYSA-N,LYCAIKOWRPUZTN-UHFFFAOYSA-N,n-octane,ethylene glycol,313.15,1600.0,7.377758908227872,Other,True,train
j.jct.2016.10.013.xml,2017,8,TVMXDCGIABBOFY-UHFFFAOYSA-N,LYCAIKOWRPUZTN-UHFFFAOYSA-N,n-octane,ethylene glycol,323.15,1340.0,7.200424892944957,Other,True,train
j.fluid.2013.02.008.xml,2013,10,TVMXDCGIABBOFY-UHFFFAOYSA-N,LYCAIKOWRPUZTN-UHFFFAOYSA-N,octane,"1,2-ethanediol",332.1,631.0,6.447305862541213,Chromatography,True,train
j.fluid.2013.02.008.xml,2013,10,TVMXDCGIABBOFY-UHFFFAOYSA-N,LYCAIKOWRPUZTN-UHFFFAOYSA-N,octane,"1,2-ethanediol",353.6,447.0,6.102558594613569,Chromatography,True,train
j.fluid.2013.02.008.xml,2013,10,TVMXDCGIABBOFY-UHFFFAOYSA-N,LYCAIKOWRPUZTN-UHFFFAOYSA-N,octane,"1,2-ethanediol",372.7,383.0,5.948034989180646,Chromatography,True,train
j.fluid.2013.02.008.xml,2013,10,TVMXDCGIABBOFY-UHFFFAOYSA-N,LYCAIKOWRPUZTN-UHFFFAOYSA-N,octane,"1,2-ethanediol",392.4,313.0,5.746203190540153,Chromatography,True,train
j.jct.2016.10.013.xml,2017,19,TVMXDCGIABBOFY-UHFFFAOYSA-N,MTHSVFCYNBDYFN-UHFFFAOYSA-N,n-octane,diethylene glycol,304.15,249.0,5.517452896464707,Other,True,test_one
j.jct.2016.10.013.xml,2017,19,TVMXDCGIABBOFY-UHFFFAOYSA-N,MTHSVFCYNBDYFN-UHFFFAOYSA-N,n-octane,diethylene glycol,313.15,223.0,5.407171771460119,Other,True,test_one
j.jct.2016.10.013.xml,2017,19,TVMXDCGIABBOFY-UHFFFAOYSA-N,MTHSVFCYNBDYFN-UHFFFAOYSA-N,n-octane,diethylene glycol,323.15,203.0,5.313205979041787,Other,True,test_one
j.jct.2013.05.011.xml,2013,7,TVMXDCGIABBOFY-UHFFFAOYSA-N,MTHSVFCYNBDYFN-UHFFFAOYSA-N,n-octane,diethylene glycol,333.2,187.6,5.234312036572124,Chromatography,True,test_one
j.jct.2013.05.011.xml,2013,7,TVMXDCGIABBOFY-UHFFFAOYSA-N,MTHSVFCYNBDYFN-UHFFFAOYSA-N,n-octane,diethylene glycol,348.2,168.0,5.123963979403259,Chromatography,True,test_one
j.jct.2013.05.011.xml,2013,7,TVMXDCGIABBOFY-UHFFFAOYSA-N,MTHSVFCYNBDYFN-UHFFFAOYSA-N,n-octane,diethylene glycol,363.2,145.6,4.980863135762585,Chromatography,True,test_one
j.fluid.2013.02.008.xml,2013,1,TVMXDCGIABBOFY-UHFFFAOYSA-N,MWKFXSUHUHTGQN-UHFFFAOYSA-N,octane,1-decanol,352.7,2.44,0.8919980393051105,Chromatography,True,test_one
j.fluid.2013.02.008.xml,2013,1,TVMXDCGIABBOFY-UHFFFAOYSA-N,MWKFXSUHUHTGQN-UHFFFAOYSA-N,octane,1-decanol,372.2,2.28,0.8241754429663494,Chromatography,True,test_one
j.fluid.2013.02.008.xml,2013,1,TVMXDCGIABBOFY-UHFFFAOYSA-N,MWKFXSUHUHTGQN-UHFFFAOYSA-N,octane,1-decanol,391.8,2.15,0.7654678421395714,Chromatography,True,test_one
je050316s.xml,2006,26,TVMXDCGIABBOFY-UHFFFAOYSA-N,PAFZNILMFXTMIY-UHFFFAOYSA-N,octane,cyclohexylamine,353.15,1.36,0.3074846997479607,Differential ebulliometry,True,train
je050316s.xml,2006,26,TVMXDCGIABBOFY-UHFFFAOYSA-N,PAFZNILMFXTMIY-UHFFFAOYSA-N,octane,cyclohexylamine,373.15,1.29,0.2546422183735807,Differential ebulliometry,True,train
je050316s.xml,2006,26,TVMXDCGIABBOFY-UHFFFAOYSA-N,PAFZNILMFXTMIY-UHFFFAOYSA-N,octane,cyclohexylamine,393.15,1.2,0.1823215567939546,Differential ebulliometry,True,train
je900686n.xml,2010,2,TVMXDCGIABBOFY-UHFFFAOYSA-N,PEDCQBHIVMGVHV-UHFFFAOYSA-N,octane,glycerol,303.15,677.12,6.517848509789825,Chromatography,True,test_one
je900686n.xml,2010,2,TVMXDCGIABBOFY-UHFFFAOYSA-N,PEDCQBHIVMGVHV-UHFFFAOYSA-N,octane,glycerol,313.15,601.45,6.399343406440082,Chromatography,True,test_one
je900686n.xml,2010,2,TVMXDCGIABBOFY-UHFFFAOYSA-N,PEDCQBHIVMGVHV-UHFFFAOYSA-N,octane,glycerol,323.15,511.31,6.236976059884137,Chromatography,True,test_one
je900686n.xml,2010,2,TVMXDCGIABBOFY-UHFFFAOYSA-N,PEDCQBHIVMGVHV-UHFFFAOYSA-N,octane,glycerol,333.15,445.23,6.098591002575836,Chromatography,True,test_one
je900686n.xml,2010,2,TVMXDCGIABBOFY-UHFFFAOYSA-N,PEDCQBHIVMGVHV-UHFFFAOYSA-N,octane,glycerol,343.15,379.3,5.938327448694853,Chromatography,True,test_one
je200628n.xml,2011,3,TVMXDCGIABBOFY-UHFFFAOYSA-N,PWGJDPKCLMLPJW-UHFFFAOYSA-N,n-octane,"1,8-diaminooctane",328.15,4.726,1.553079178764716,Chromatography,True,train
je200628n.xml,2011,3,TVMXDCGIABBOFY-UHFFFAOYSA-N,PWGJDPKCLMLPJW-UHFFFAOYSA-N,n-octane,"1,8-diaminooctane",338.15,4.396,1.480695036541375,Chromatography,True,train
je200628n.xml,2011,3,TVMXDCGIABBOFY-UHFFFAOYSA-N,PWGJDPKCLMLPJW-UHFFFAOYSA-N,n-octane,"1,8-diaminooctane",343.15,4.241,1.4447990904924537,Chromatography,True,train
je200628n.xml,2011,3,TVMXDCGIABBOFY-UHFFFAOYSA-N,PWGJDPKCLMLPJW-UHFFFAOYSA-N,n-octane,"1,8-diaminooctane",348.15,4.129,1.418035246903953,Chromatography,True,train
je200628n.xml,2011,57,TVMXDCGIABBOFY-UHFFFAOYSA-N,QFTYSVGGYOXFRQ-UHFFFAOYSA-N,n-octane,"1,12-diaminododecane",348.25,5.541,1.7121749898852128,Chromatography,False,train
je200628n.xml,2011,57,TVMXDCGIABBOFY-UHFFFAOYSA-N,QFTYSVGGYOXFRQ-UHFFFAOYSA-N,n-octane,"1,12-diaminododecane",353.15,5.427,1.6913864950812676,Chromatography,False,train
je200628n.xml,2011,57,TVMXDCGIABBOFY-UHFFFAOYSA-N,QFTYSVGGYOXFRQ-UHFFFAOYSA-N,n-octane,"1,12-diaminododecane",358.25,5.271,1.66222009787307,Chromatography,False,train
je200628n.xml,2011,57,TVMXDCGIABBOFY-UHFFFAOYSA-N,QFTYSVGGYOXFRQ-UHFFFAOYSA-N,n-octane,"1,12-diaminododecane",363.21,5.19,1.6467336971777973,Chromatography,False,train
j.jct.2013.02.006.xml,2013,27,TVMXDCGIABBOFY-UHFFFAOYSA-N,SECXISVLQFMRJM-UHFFFAOYSA-N,n-octane,1-methylpyrrolidone,333.2,13.76,2.6217658325051976,Chromatography,True,train
j.jct.2013.02.006.xml,2013,27,TVMXDCGIABBOFY-UHFFFAOYSA-N,SECXISVLQFMRJM-UHFFFAOYSA-N,n-octane,1-methylpyrrolidone,348.2,13.21,2.580974118534234,Chromatography,True,train
j.jct.2013.02.006.xml,2013,27,TVMXDCGIABBOFY-UHFFFAOYSA-N,SECXISVLQFMRJM-UHFFFAOYSA-N,n-octane,1-methylpyrrolidone,363.2,10.59,2.359910159613315,Chromatography,True,train
je020196d.xml,2003,29,TVMXDCGIABBOFY-UHFFFAOYSA-N,UWHCKJMYHZGTIT-UHFFFAOYSA-N,octane,tetraethylene glycol,333.15,68.0508,4.220254485090092,Chromatography,True,train
je020196d.xml,2003,29,TVMXDCGIABBOFY-UHFFFAOYSA-N,UWHCKJMYHZGTIT-UHFFFAOYSA-N,octane,tetraethylene glycol,353.15,49.5303,3.9025846035169938,Chromatography,True,train
je020196d.xml,2003,29,TVMXDCGIABBOFY-UHFFFAOYSA-N,UWHCKJMYHZGTIT-UHFFFAOYSA-N,octane,tetraethylene glycol,363.15,43.2492,3.766978736096988,Chromatography,True,train
je020196d.xml,2003,29,TVMXDCGIABBOFY-UHFFFAOYSA-N,UWHCKJMYHZGTIT-UHFFFAOYSA-N,octane,tetraethylene glycol,373.15,37.5451,3.6255428770188014,Chromatography,True,train
je020196d.xml,2003,29,TVMXDCGIABBOFY-UHFFFAOYSA-N,UWHCKJMYHZGTIT-UHFFFAOYSA-N,octane,tetraethylene glycol,383.15,32.414,3.478590428235928,Chromatography,True,train
je020196d.xml,2003,29,TVMXDCGIABBOFY-UHFFFAOYSA-N,UWHCKJMYHZGTIT-UHFFFAOYSA-N,octane,tetraethylene glycol,393.15,31.4054,3.446979852650577,Chromatography,True,train
je020196d.xml,2003,29,TVMXDCGIABBOFY-UHFFFAOYSA-N,UWHCKJMYHZGTIT-UHFFFAOYSA-N,octane,tetraethylene glycol,403.15,25.8207,3.251176495817853,Chromatography,True,train
j.jct.2015.12.034.xml,2016,12,TVMXDCGIABBOFY-UHFFFAOYSA-N,WEVYAHXRMPXWCK-UHFFFAOYSA-N,n-octane,acetonitrile,298.15,52.3,3.956996371070877,Other,True,train
j.jct.2014.06.006.xml,2014,14,TVMXDCGIABBOFY-UHFFFAOYSA-N,XNWFRZJHXBZDAG-UHFFFAOYSA-N,n-octane,methyl cellosolve,298.0,27.9,3.32862668882732,Chromatography,True,train
j.fluid.2013.02.008.xml,2013,13,TVMXDCGIABBOFY-UHFFFAOYSA-N,YPFDHNVEDLHUCE-UHFFFAOYSA-N,octane,"1,3-propanediol",312.1,314.0,5.749392985908253,Chromatography,True,train
j.fluid.2013.02.008.xml,2013,13,TVMXDCGIABBOFY-UHFFFAOYSA-N,YPFDHNVEDLHUCE-UHFFFAOYSA-N,octane,"1,3-propanediol",333.1,283.0,5.645446897643238,Chromatography,True,train
j.fluid.2013.02.008.xml,2013,13,TVMXDCGIABBOFY-UHFFFAOYSA-N,YPFDHNVEDLHUCE-UHFFFAOYSA-N,octane,"1,3-propanediol",352.1,224.0,5.41164605185504,Chromatography,True,train
j.fluid.2013.02.008.xml,2013,13,TVMXDCGIABBOFY-UHFFFAOYSA-N,YPFDHNVEDLHUCE-UHFFFAOYSA-N,octane,"1,3-propanediol",372.1,187.0,5.231108616854587,Chromatography,True,train
j.fluid.2013.02.008.xml,2013,13,TVMXDCGIABBOFY-UHFFFAOYSA-N,YPFDHNVEDLHUCE-UHFFFAOYSA-N,octane,"1,3-propanediol",391.1,148.0,4.997212273764115,Chromatography,True,train
je200628n.xml,2011,30,TVMXDCGIABBOFY-UHFFFAOYSA-N,YQLZOAVZWJBZSY-UHFFFAOYSA-N,n-octane,"1,10-diaminodecane",338.2,5.235,1.6553668443225005,Chromatography,False,train
je200628n.xml,2011,30,TVMXDCGIABBOFY-UHFFFAOYSA-N,YQLZOAVZWJBZSY-UHFFFAOYSA-N,n-octane,"1,10-diaminodecane",348.15,4.785,1.5654860249049176,Chromatography,False,train
je200628n.xml,2011,30,TVMXDCGIABBOFY-UHFFFAOYSA-N,YQLZOAVZWJBZSY-UHFFFAOYSA-N,n-octane,"1,10-diaminodecane",353.22,4.549,1.5149074285878672,Chromatography,False,train
je020196d.xml,2003,22,TVMXDCGIABBOFY-UHFFFAOYSA-N,ZIBGPFATKBEMQZ-UHFFFAOYSA-N,octane,triethylene glycol,323.15,129.3399,4.862443822862125,Chromatography,True,train
j.jct.2013.05.011.xml,2013,30,TVMXDCGIABBOFY-UHFFFAOYSA-N,ZIBGPFATKBEMQZ-UHFFFAOYSA-N,n-octane,triethylene glycol,333.2,103.2,4.636668853047462,Chromatography,True,train
je020196d.xml,2003,22,TVMXDCGIABBOFY-UHFFFAOYSA-N,ZIBGPFATKBEMQZ-UHFFFAOYSA-N,octane,triethylene glycol,333.15,113.0827,4.72811940944165,Chromatography,True,train
je020196d.xml,2003,22,TVMXDCGIABBOFY-UHFFFAOYSA-N,ZIBGPFATKBEMQZ-UHFFFAOYSA-N,octane,triethylene glycol,343.15,99.452,4.599675115706112,Chromatography,True,train
j.jct.2013.05.011.xml,2013,30,TVMXDCGIABBOFY-UHFFFAOYSA-N,ZIBGPFATKBEMQZ-UHFFFAOYSA-N,n-octane,triethylene glycol,348.2,73.96,4.303524406518924,Chromatography,True,train
je020196d.xml,2003,22,TVMXDCGIABBOFY-UHFFFAOYSA-N,ZIBGPFATKBEMQZ-UHFFFAOYSA-N,octane,triethylene glycol,353.15,86.864,4.464343677163095,Chromatography,True,train
j.jct.2013.05.011.xml,2013,30,TVMXDCGIABBOFY-UHFFFAOYSA-N,ZIBGPFATKBEMQZ-UHFFFAOYSA-N,n-octane,triethylene glycol,363.2,62.86,4.140910031369422,Chromatography,True,train
je020196d.xml,2003,22,TVMXDCGIABBOFY-UHFFFAOYSA-N,ZIBGPFATKBEMQZ-UHFFFAOYSA-N,octane,triethylene glycol,363.15,75.8312,4.328509817459056,Chromatography,True,train
je020196d.xml,2003,22,TVMXDCGIABBOFY-UHFFFAOYSA-N,ZIBGPFATKBEMQZ-UHFFFAOYSA-N,octane,triethylene glycol,373.15,68.7312,4.230203244605715,Chromatography,True,train
je020196d.xml,2003,22,TVMXDCGIABBOFY-UHFFFAOYSA-N,ZIBGPFATKBEMQZ-UHFFFAOYSA-N,octane,triethylene glycol,383.15,60.537,4.103254748351857,Chromatography,True,train
je020196d.xml,2003,22,TVMXDCGIABBOFY-UHFFFAOYSA-N,ZIBGPFATKBEMQZ-UHFFFAOYSA-N,octane,triethylene glycol,393.15,56.689,4.037580188385251,Chromatography,True,train
j.jct.2010.04.011.xml,2010,14,UAEPNZWRGJTJPN-UHFFFAOYSA-N,IAZDPXIOMUYVGZ-UHFFFAOYSA-N,methylcyclohexane,dimethyl sulfoxide,298.0,49.2,3.8958936234982624,Chromatography,True,test_both
j.jct.2016.10.013.xml,2017,16,UAEPNZWRGJTJPN-UHFFFAOYSA-N,LYCAIKOWRPUZTN-UHFFFAOYSA-N,methylcyclohexane,ethylene glycol,303.15,473.0,6.159095388491933,Other,True,test_one
j.jct.2016.10.013.xml,2017,16,UAEPNZWRGJTJPN-UHFFFAOYSA-N,LYCAIKOWRPUZTN-UHFFFAOYSA-N,methylcyclohexane,ethylene glycol,313.15,407.0,6.008813185442595,Other,True,test_one
j.jct.2016.10.013.xml,2017,16,UAEPNZWRGJTJPN-UHFFFAOYSA-N,LYCAIKOWRPUZTN-UHFFFAOYSA-N,methylcyclohexane,ethylene glycol,323.15,370.0,5.91350300563827,Other,True,test_one
j.jct.2016.10.013.xml,2017,27,UAEPNZWRGJTJPN-UHFFFAOYSA-N,MTHSVFCYNBDYFN-UHFFFAOYSA-N,methylcyclohexane,diethylene glycol,304.15,77.2,4.3463994570307305,Other,True,test_both
j.jct.2016.10.013.xml,2017,27,UAEPNZWRGJTJPN-UHFFFAOYSA-N,MTHSVFCYNBDYFN-UHFFFAOYSA-N,methylcyclohexane,diethylene glycol,313.15,71.1,4.264087336809195,Other,True,test_both
j.jct.2016.10.013.xml,2017,27,UAEPNZWRGJTJPN-UHFFFAOYSA-N,MTHSVFCYNBDYFN-UHFFFAOYSA-N,methylcyclohexane,diethylene glycol,323.15,66.0,4.189654742026425,Other,True,test_both
je900686n.xml,2010,6,UAEPNZWRGJTJPN-UHFFFAOYSA-N,PEDCQBHIVMGVHV-UHFFFAOYSA-N,methylcyclohexane,glycerol,303.15,281.27,5.639315062101466,Chromatography,True,test_both
je900686n.xml,2010,6,UAEPNZWRGJTJPN-UHFFFAOYSA-N,PEDCQBHIVMGVHV-UHFFFAOYSA-N,methylcyclohexane,glycerol,313.15,264.01,5.575986981216812,Chromatography,True,test_both
je900686n.xml,2010,6,UAEPNZWRGJTJPN-UHFFFAOYSA-N,PEDCQBHIVMGVHV-UHFFFAOYSA-N,methylcyclohexane,glycerol,323.15,239.12,5.476965517975683,Chromatography,True,test_both
je900686n.xml,2010,6,UAEPNZWRGJTJPN-UHFFFAOYSA-N,PEDCQBHIVMGVHV-UHFFFAOYSA-N,methylcyclohexane,glycerol,333.15,203.24,5.314387546725532,Chromatography,True,test_both
je900686n.xml,2010,6,UAEPNZWRGJTJPN-UHFFFAOYSA-N,PEDCQBHIVMGVHV-UHFFFAOYSA-N,methylcyclohexane,glycerol,343.15,182.73,5.208009653516503,Chromatography,True,test_both
j.jct.2014.06.006.xml,2014,20,UAEPNZWRGJTJPN-UHFFFAOYSA-N,XNWFRZJHXBZDAG-UHFFFAOYSA-N,methylcyclohexane,methyl cellosolve,298.0,14.7,2.6878474937846906,Chromatography,True,test_one
j.tca.2015.11.010.xml,2016,32,UFWIBTONFRDIAS-UHFFFAOYSA-N,ATHHXGZTWNVVOU-UHFFFAOYSA-N,naphthalene,N-methylformamide,298.15,26.7,3.284663565406204,Chromatography,True,test_one
j.jct.2014.06.006.xml,2014,11,UFWIBTONFRDIAS-UHFFFAOYSA-N,DNIAPMSPPWPWGF-UHFFFAOYSA-N,naphthalene,propylene glycol,298.0,136.0,4.912654885736052,Chromatography,True,test_one
j.fluid.2013.06.028.xml,2013,21,UFWIBTONFRDIAS-UHFFFAOYSA-N,LYCAIKOWRPUZTN-UHFFFAOYSA-N,naphthalene,"1,2-dihydroxyethane",298.0,238.0,5.472270673671475,Chromatography,True,test_one
j.jct.2014.06.006.xml,2014,35,UFWIBTONFRDIAS-UHFFFAOYSA-N,XNWFRZJHXBZDAG-UHFFFAOYSA-N,naphthalene,methyl cellosolve,298.0,11.0,2.3978952727983707,Chromatography,True,test_one
j.jct.2013.05.006.xml,2013,16,UFWIBTONFRDIAS-UHFFFAOYSA-N,ZHNUHDYFZUAESO-UHFFFAOYSA-N,naphthalene,formamide,298.0,533.0,6.278521424165844,Chromatography,True,test_one
j.tca.2015.11.010.xml,2016,15,UHOVQNZJYSORNB-UHFFFAOYSA-N,ATHHXGZTWNVVOU-UHFFFAOYSA-N,benzene,N-methylformamide,298.15,4.8,1.5686159179138452,Chromatography,True,train
je020195l.xml,2003,1,UHOVQNZJYSORNB-UHFFFAOYSA-N,DHKHKXVYLBGOIT-UHFFFAOYSA-N,benzene,"1,1-diethoxyethane",293.21,0.64,-0.4462871026284195,Other,True,test_one
je020195l.xml,2003,1,UHOVQNZJYSORNB-UHFFFAOYSA-N,DHKHKXVYLBGOIT-UHFFFAOYSA-N,benzene,"1,1-diethoxyethane",303.16,0.58,-0.5447271754416722,Other,True,test_one
je020195l.xml,2003,1,UHOVQNZJYSORNB-UHFFFAOYSA-N,DHKHKXVYLBGOIT-UHFFFAOYSA-N,benzene,"1,1-diethoxyethane",313.11,0.56,-0.579818495252942,Other,True,test_one
je020195l.xml,2003,1,UHOVQNZJYSORNB-UHFFFAOYSA-N,DHKHKXVYLBGOIT-UHFFFAOYSA-N,benzene,"1,1-diethoxyethane",323.13,0.62,-0.4780358009429998,Other,True,test_one
j.jct.2014.06.006.xml,2014,3,UHOVQNZJYSORNB-UHFFFAOYSA-N,DNIAPMSPPWPWGF-UHFFFAOYSA-N,benzene,propylene glycol,298.0,11.8,2.468099531471619,Chromatography,True,train
je700139p.xml,2007,0,UHOVQNZJYSORNB-UHFFFAOYSA-N,HXJUTPCZVOIRIF-UHFFFAOYSA-N,benzene,sulfolane,333.15,2.316,0.8398415597107487,Chromatography,True,test_one
je700139p.xml,2007,0,UHOVQNZJYSORNB-UHFFFAOYSA-N,HXJUTPCZVOIRIF-UHFFFAOYSA-N,benzene,sulfolane,343.15,2.297,0.8316039237069612,Chromatography,True,test_one
je700139p.xml,2007,0,UHOVQNZJYSORNB-UHFFFAOYSA-N,HXJUTPCZVOIRIF-UHFFFAOYSA-N,benzene,sulfolane,353.15,2.281,0.824613943302251,Chromatography,True,test_one
je700139p.xml,2007,0,UHOVQNZJYSORNB-UHFFFAOYSA-N,HXJUTPCZVOIRIF-UHFFFAOYSA-N,benzene,sulfolane,363.15,2.26,0.8153648132841944,Chromatography,True,test_one
je700139p.xml,2007,0,UHOVQNZJYSORNB-UHFFFAOYSA-N,HXJUTPCZVOIRIF-UHFFFAOYSA-N,benzene,sulfolane,373.15,2.249,0.8104856729771787,Chromatography,True,test_one
j.jct.2012.01.016.xml,2012,5,UHOVQNZJYSORNB-UHFFFAOYSA-N,HYBBIBNJHNGZAN-UHFFFAOYSA-N,benzene,2-furaldehyde,298.15,2.61,0.959350221334602,Headspace solid phase microextraction,True,test_one
j.jct.2012.01.016.xml,2012,5,UHOVQNZJYSORNB-UHFFFAOYSA-N,HYBBIBNJHNGZAN-UHFFFAOYSA-N,benzene,2-furaldehyde,298.15,2.45,0.8960880245566357,Headspace solid phase microextraction,True,test_one
j.jct.2012.01.016.xml,2012,5,UHOVQNZJYSORNB-UHFFFAOYSA-N,HYBBIBNJHNGZAN-UHFFFAOYSA-N,benzene,2-furaldehyde,308.15,2.93,1.075002423028976,Headspace solid phase microextraction,True,test_one
j.jct.2012.01.016.xml,2012,5,UHOVQNZJYSORNB-UHFFFAOYSA-N,HYBBIBNJHNGZAN-UHFFFAOYSA-N,benzene,2-furaldehyde,308.15,2.4,0.8754687373538999,Headspace solid phase microextraction,True,test_one
j.jct.2012.01.016.xml,2012,5,UHOVQNZJYSORNB-UHFFFAOYSA-N,HYBBIBNJHNGZAN-UHFFFAOYSA-N,benzene,2-furaldehyde,318.15,3.87,1.3532545070416904,Headspace solid phase microextraction,True,test_one
j.jct.2012.01.016.xml,2012,5,UHOVQNZJYSORNB-UHFFFAOYSA-N,HYBBIBNJHNGZAN-UHFFFAOYSA-N,benzene,2-furaldehyde,318.15,2.89,1.0612565021243408,Headspace solid phase microextraction,True,test_one
je030122h.xml,2003,38,UHOVQNZJYSORNB-UHFFFAOYSA-N,IAZDPXIOMUYVGZ-UHFFFAOYSA-N,benzene,methyl sulfoxide,298.15,3.05,1.1151415906193205,Chromatography,True,test_one
j.fluid.2013.06.028.xml,2013,7,UHOVQNZJYSORNB-UHFFFAOYSA-N,LYCAIKOWRPUZTN-UHFFFAOYSA-N,benzene,"1,2-dihydroxyethane",298.0,32.0,3.4657359027997265,Chromatography,True,train
j.jct.2013.05.011.xml,2013,24,UHOVQNZJYSORNB-UHFFFAOYSA-N,MTHSVFCYNBDYFN-UHFFFAOYSA-N,benzene,diethylene glycol,333.2,7.33,1.99197551589856,Chromatography,True,test_one
j.jct.2013.05.011.xml,2013,24,UHOVQNZJYSORNB-UHFFFAOYSA-N,MTHSVFCYNBDYFN-UHFFFAOYSA-N,benzene,diethylene glycol,348.2,7.21,1.9754689512968575,Chromatography,True,test_one
j.jct.2013.05.011.xml,2013,24,UHOVQNZJYSORNB-UHFFFAOYSA-N,MTHSVFCYNBDYFN-UHFFFAOYSA-N,benzene,diethylene glycol,363.2,7.05,1.9530276168241771,Chromatography,True,test_one
je900686n.xml,2010,10,UHOVQNZJYSORNB-UHFFFAOYSA-N,PEDCQBHIVMGVHV-UHFFFAOYSA-N,benzene,glycerol,303.15,60.11,4.09617621705107,Chromatography,True,test_one
je900686n.xml,2010,10,UHOVQNZJYSORNB-UHFFFAOYSA-N,PEDCQBHIVMGVHV-UHFFFAOYSA-N,benzene,glycerol,313.15,55.86,4.022848560517031,Chromatography,True,test_one
je900686n.xml,2010,10,UHOVQNZJYSORNB-UHFFFAOYSA-N,PEDCQBHIVMGVHV-UHFFFAOYSA-N,benzene,glycerol,323.15,51.09,3.9335887833427066,Chromatography,True,test_one
je900686n.xml,2010,10,UHOVQNZJYSORNB-UHFFFAOYSA-N,PEDCQBHIVMGVHV-UHFFFAOYSA-N,benzene,glycerol,333.15,45.11,3.8091039514203047,Chromatography,True,test_one
je900686n.xml,2010,10,UHOVQNZJYSORNB-UHFFFAOYSA-N,PEDCQBHIVMGVHV-UHFFFAOYSA-N,benzene,glycerol,343.15,37.87,3.634159241913703,Chromatography,True,test_one
je200628n.xml,2011,22,UHOVQNZJYSORNB-UHFFFAOYSA-N,PWGJDPKCLMLPJW-UHFFFAOYSA-N,benzene,"1,8-diaminooctane",328.15,1.801,0.588342066193819,Chromatography,True,train
je200628n.xml,2011,22,UHOVQNZJYSORNB-UHFFFAOYSA-N,PWGJDPKCLMLPJW-UHFFFAOYSA-N,benzene,"1,8-diaminooctane",338.15,1.669,0.5122246446796981,Chromatography,True,train
je200628n.xml,2011,22,UHOVQNZJYSORNB-UHFFFAOYSA-N,PWGJDPKCLMLPJW-UHFFFAOYSA-N,benzene,"1,8-diaminooctane",343.15,1.623,0.4842762885324541,Chromatography,True,train
je200628n.xml,2011,22,UHOVQNZJYSORNB-UHFFFAOYSA-N,PWGJDPKCLMLPJW-UHFFFAOYSA-N,benzene,"1,8-diaminooctane",348.15,1.586,0.4612151232126563,Chromatography,True,train
je200628n.xml,2011,76,UHOVQNZJYSORNB-UHFFFAOYSA-N,QFTYSVGGYOXFRQ-UHFFFAOYSA-N,benzene,"1,12-diaminododecane",348.25,2.079,0.731887008875876,Chromatography,False,train
je200628n.xml,2011,76,UHOVQNZJYSORNB-UHFFFAOYSA-N,QFTYSVGGYOXFRQ-UHFFFAOYSA-N,benzene,"1,12-diaminododecane",353.15,2.069,0.7270653987634059,Chromatography,False,train
je200628n.xml,2011,76,UHOVQNZJYSORNB-UHFFFAOYSA-N,QFTYSVGGYOXFRQ-UHFFFAOYSA-N,benzene,"1,12-diaminododecane",358.25,2.058,0.7217346374118577,Chromatography,False,train
je200628n.xml,2011,76,UHOVQNZJYSORNB-UHFFFAOYSA-N,QFTYSVGGYOXFRQ-UHFFFAOYSA-N,benzene,"1,12-diaminododecane",363.21,2.042,0.7139297197424738,Chromatography,False,train
j.jct.2013.02.006.xml,2013,45,UHOVQNZJYSORNB-UHFFFAOYSA-N,SECXISVLQFMRJM-UHFFFAOYSA-N,benzene,1-methylpyrrolidone,333.2,1.1,0.0953101798043249,Chromatography,True,train
j.jct.2013.02.006.xml,2013,45,UHOVQNZJYSORNB-UHFFFAOYSA-N,SECXISVLQFMRJM-UHFFFAOYSA-N,benzene,1-methylpyrrolidone,348.2,1.14,0.131028262406404,Chromatography,True,train
j.jct.2013.02.006.xml,2013,45,UHOVQNZJYSORNB-UHFFFAOYSA-N,SECXISVLQFMRJM-UHFFFAOYSA-N,benzene,1-methylpyrrolidone,363.2,1.1,0.0953101798043249,Chromatography,True,train
je020196d.xml,2003,25,UHOVQNZJYSORNB-UHFFFAOYSA-N,UWHCKJMYHZGTIT-UHFFFAOYSA-N,benzene,tetraethylene glycol,333.15,2.9879,1.0945707995083895,Chromatography,True,train
je020196d.xml,2003,25,UHOVQNZJYSORNB-UHFFFAOYSA-N,UWHCKJMYHZGTIT-UHFFFAOYSA-N,benzene,tetraethylene glycol,353.15,2.7258,1.0027619630112756,Chromatography,True,train
je020196d.xml,2003,25,UHOVQNZJYSORNB-UHFFFAOYSA-N,UWHCKJMYHZGTIT-UHFFFAOYSA-N,benzene,tetraethylene glycol,363.15,2.6546,0.9762939842099648,Chromatography,True,train
je020196d.xml,2003,25,UHOVQNZJYSORNB-UHFFFAOYSA-N,UWHCKJMYHZGTIT-UHFFFAOYSA-N,benzene,tetraethylene glycol,373.15,2.5004,0.9164507190755202,Chromatography,True,train
je020196d.xml,2003,25,UHOVQNZJYSORNB-UHFFFAOYSA-N,UWHCKJMYHZGTIT-UHFFFAOYSA-N,benzene,tetraethylene glycol,383.15,2.4147,0.8815750557856608,Chromatography,True,train
je020196d.xml,2003,25,UHOVQNZJYSORNB-UHFFFAOYSA-N,UWHCKJMYHZGTIT-UHFFFAOYSA-N,benzene,tetraethylene glycol,393.15,2.3738,0.8644920466402678,Chromatography,True,train
je020196d.xml,2003,25,UHOVQNZJYSORNB-UHFFFAOYSA-N,UWHCKJMYHZGTIT-UHFFFAOYSA-N,benzene,tetraethylene glycol,403.15,2.275,0.8219800524029137,Chromatography,True,train
j.jct.2014.06.006.xml,2014,25,UHOVQNZJYSORNB-UHFFFAOYSA-N,XNWFRZJHXBZDAG-UHFFFAOYSA-N,benzene,methyl cellosolve,298.0,2.4,0.8754687373538999,Chromatography,True,train
je200628n.xml,2011,49,UHOVQNZJYSORNB-UHFFFAOYSA-N,YQLZOAVZWJBZSY-UHFFFAOYSA-N,benzene,"1,10-diaminodecane",338.2,1.72,0.5423242908253617,Chromatography,False,train
je200628n.xml,2011,49,UHOVQNZJYSORNB-UHFFFAOYSA-N,YQLZOAVZWJBZSY-UHFFFAOYSA-N,benzene,"1,10-diaminodecane",348.15,1.613,0.4780957991430718,Chromatography,False,train
je200628n.xml,2011,49,UHOVQNZJYSORNB-UHFFFAOYSA-N,YQLZOAVZWJBZSY-UHFFFAOYSA-N,benzene,"1,10-diaminodecane",353.22,1.578,0.4561582224236825,Chromatography,False,train
j.jct.2013.05.006.xml,2013,4,UHOVQNZJYSORNB-UHFFFAOYSA-N,ZHNUHDYFZUAESO-UHFFFAOYSA-N,benzene,formamide,298.0,53.0,3.970291913552122,Chromatography,True,train
je020196d.xml,2003,18,UHOVQNZJYSORNB-UHFFFAOYSA-N,ZIBGPFATKBEMQZ-UHFFFAOYSA-N,benzene,triethylene glycol,323.15,4.6238,1.5312168778395,Chromatography,True,train
j.jct.2013.05.011.xml,2013,47,UHOVQNZJYSORNB-UHFFFAOYSA-N,ZIBGPFATKBEMQZ-UHFFFAOYSA-N,benzene,triethylene glycol,333.2,3.91,1.3635373739972745,Chromatography,True,train
je020196d.xml,2003,18,UHOVQNZJYSORNB-UHFFFAOYSA-N,ZIBGPFATKBEMQZ-UHFFFAOYSA-N,benzene,triethylene glycol,333.15,4.3759,1.4761122129390096,Chromatography,True,train
je020196d.xml,2003,18,UHOVQNZJYSORNB-UHFFFAOYSA-N,ZIBGPFATKBEMQZ-UHFFFAOYSA-N,benzene,triethylene glycol,343.15,4.2634,1.450066964016957,Chromatography,True,train
j.jct.2013.05.011.xml,2013,47,UHOVQNZJYSORNB-UHFFFAOYSA-N,ZIBGPFATKBEMQZ-UHFFFAOYSA-N,benzene,triethylene glycol,348.2,3.86,1.3506671834767394,Chromatography,True,train
je020196d.xml,2003,18,UHOVQNZJYSORNB-UHFFFAOYSA-N,ZIBGPFATKBEMQZ-UHFFFAOYSA-N,benzene,triethylene glycol,353.15,4.1021,1.4114990377050651,Chromatography,True,train
j.jct.2013.05.011.xml,2013,47,UHOVQNZJYSORNB-UHFFFAOYSA-N,ZIBGPFATKBEMQZ-UHFFFAOYSA-N,benzene,triethylene glycol,363.2,3.36,1.2119409739751128,Chromatography,True,train
je020196d.xml,2003,18,UHOVQNZJYSORNB-UHFFFAOYSA-N,ZIBGPFATKBEMQZ-UHFFFAOYSA-N,benzene,triethylene glycol,363.15,3.9713,1.379093497016506,Chromatography,True,train
je020196d.xml,2003,18,UHOVQNZJYSORNB-UHFFFAOYSA-N,ZIBGPFATKBEMQZ-UHFFFAOYSA-N,benzene,triethylene glycol,373.15,3.9159,1.3650451880807168,Chromatography,True,train
je020196d.xml,2003,18,UHOVQNZJYSORNB-UHFFFAOYSA-N,ZIBGPFATKBEMQZ-UHFFFAOYSA-N,benzene,triethylene glycol,383.15,3.8227,1.3409569792312843,Chromatography,True,train
je020196d.xml,2003,18,UHOVQNZJYSORNB-UHFFFAOYSA-N,ZIBGPFATKBEMQZ-UHFFFAOYSA-N,benzene,triethylene glycol,393.15,3.755,1.323088285216098,Chromatography,True,train
j.jct.2010.04.011.xml,2010,4,UMIPWJGWASORKV-UHFFFAOYSA-N,IAZDPXIOMUYVGZ-UHFFFAOYSA-N,1-octyne,dimethyl sulfoxide,298.0,10.2,2.322387720290225,Chromatography,True,test_one
j.jct.2013.05.011.xml,2013,15,UMIPWJGWASORKV-UHFFFAOYSA-N,MTHSVFCYNBDYFN-UHFFFAOYSA-N,1-octyne,diethylene glycol,333.2,29.89,3.3975239762958465,Chromatography,True,test_one
j.jct.2013.05.011.xml,2013,15,UMIPWJGWASORKV-UHFFFAOYSA-N,MTHSVFCYNBDYFN-UHFFFAOYSA-N,1-octyne,diethylene glycol,348.2,29.72,3.391820219849558,Chromatography,True,test_one
j.jct.2013.05.011.xml,2013,15,UMIPWJGWASORKV-UHFFFAOYSA-N,MTHSVFCYNBDYFN-UHFFFAOYSA-N,1-octyne,diethylene glycol,363.2,27.04,3.2973172511747637,Chromatography,True,test_one
j.jct.2013.02.006.xml,2013,36,UMIPWJGWASORKV-UHFFFAOYSA-N,SECXISVLQFMRJM-UHFFFAOYSA-N,1-octyne,1-methylpyrrolidone,333.2,2.07,0.7275486072772777,Chromatography,True,train
j.jct.2013.02.006.xml,2013,36,UMIPWJGWASORKV-UHFFFAOYSA-N,SECXISVLQFMRJM-UHFFFAOYSA-N,1-octyne,1-methylpyrrolidone,348.2,2.15,0.7654678421395714,Chromatography,True,train
j.jct.2013.02.006.xml,2013,36,UMIPWJGWASORKV-UHFFFAOYSA-N,SECXISVLQFMRJM-UHFFFAOYSA-N,1-octyne,1-methylpyrrolidone,363.2,2.16,0.7701082216960737,Chromatography,True,train
j.jct.2013.05.011.xml,2013,38,UMIPWJGWASORKV-UHFFFAOYSA-N,ZIBGPFATKBEMQZ-UHFFFAOYSA-N,1-octyne,triethylene glycol,333.2,14.37,2.6651427000909336,Chromatography,True,train
j.jct.2013.05.011.xml,2013,38,UMIPWJGWASORKV-UHFFFAOYSA-N,ZIBGPFATKBEMQZ-UHFFFAOYSA-N,1-octyne,triethylene glycol,348.2,12.75,2.545531271604435,Chromatography,True,train
j.jct.2013.05.011.xml,2013,38,UMIPWJGWASORKV-UHFFFAOYSA-N,ZIBGPFATKBEMQZ-UHFFFAOYSA-N,1-octyne,triethylene glycol,363.2,12.19,2.5006159434931803,Chromatography,True,train
j.tca.2015.11.010.xml,2016,24,URLKBWYHVLBVBO-UHFFFAOYSA-N,ATHHXGZTWNVVOU-UHFFFAOYSA-N,p-xylene,N-methylformamide,298.15,10.4,2.341805806147327,Chromatography,True,test_one
j.jct.2014.06.006.xml,2014,8,URLKBWYHVLBVBO-UHFFFAOYSA-N,DNIAPMSPPWPWGF-UHFFFAOYSA-N,p-xylene,propylene glycol,298.0,26.7,3.284663565406204,Chromatography,True,test_one
je700139p.xml,2007,5,URLKBWYHVLBVBO-UHFFFAOYSA-N,HXJUTPCZVOIRIF-UHFFFAOYSA-N,"1,4-dimethylbenzene",sulfolane,333.15,5.508,1.7062015808664084,Chromatography,True,test_both
je700139p.xml,2007,5,URLKBWYHVLBVBO-UHFFFAOYSA-N,HXJUTPCZVOIRIF-UHFFFAOYSA-N,"1,4-dimethylbenzene",sulfolane,343.15,5.249,1.6580375822701627,Chromatography,True,test_both
je700139p.xml,2007,5,URLKBWYHVLBVBO-UHFFFAOYSA-N,HXJUTPCZVOIRIF-UHFFFAOYSA-N,"1,4-dimethylbenzene",sulfolane,353.15,5.105,1.630220451616629,Chromatography,True,test_both
je700139p.xml,2007,5,URLKBWYHVLBVBO-UHFFFAOYSA-N,HXJUTPCZVOIRIF-UHFFFAOYSA-N,"1,4-dimethylbenzene",sulfolane,363.15,4.877,1.5845302767279157,Chromatography,True,test_both
je700139p.xml,2007,5,URLKBWYHVLBVBO-UHFFFAOYSA-N,HXJUTPCZVOIRIF-UHFFFAOYSA-N,"1,4-dimethylbenzene",sulfolane,373.15,4.761,1.5604577302123817,Chromatography,True,test_both
j.fluid.2016.10.009.xml,2017,10,URLKBWYHVLBVBO-UHFFFAOYSA-N,JUJWROOIHBZHMG-UHFFFAOYSA-N,p-xylene,pyridine,298.15,1.56,0.4446858212614457,Other,True,test_one
je900686n.xml,2010,15,URLKBWYHVLBVBO-UHFFFAOYSA-N,PEDCQBHIVMGVHV-UHFFFAOYSA-N,"1,4-dimethylbenzene",glycerol,303.15,155.15,5.044392390894389,Chromatography,True,test_both
je900686n.xml,2010,15,URLKBWYHVLBVBO-UHFFFAOYSA-N,PEDCQBHIVMGVHV-UHFFFAOYSA-N,"1,4-dimethylbenzene",glycerol,313.15,131.32,4.877637092633392,Chromatography,True,test_both
je900686n.xml,2010,15,URLKBWYHVLBVBO-UHFFFAOYSA-N,PEDCQBHIVMGVHV-UHFFFAOYSA-N,"1,4-dimethylbenzene",glycerol,323.15,115.48,4.749097354794734,Chromatography,True,test_both
je900686n.xml,2010,15,URLKBWYHVLBVBO-UHFFFAOYSA-N,PEDCQBHIVMGVHV-UHFFFAOYSA-N,"1,4-dimethylbenzene",glycerol,333.15,100.1,4.606169686321175,Chromatography,True,test_both
je900686n.xml,2010,15,URLKBWYHVLBVBO-UHFFFAOYSA-N,PEDCQBHIVMGVHV-UHFFFAOYSA-N,"1,4-dimethylbenzene",glycerol,343.15,85.04,4.443121734033692,Chromatography,True,test_both
j.jct.2014.06.006.xml,2014,30,URLKBWYHVLBVBO-UHFFFAOYSA-N,XNWFRZJHXBZDAG-UHFFFAOYSA-N,p-xylene,methyl cellosolve,298.0,5.2,1.6486586255873816,Chromatography,True,test_one
je1005517.xml,2011,31,VFWCMGCRMGJXDK-UHFFFAOYSA-N,BTFJIXJJCSYFAL-UHFFFAOYSA-N,1-chlorobutane,1-eicosanol,338.15,0.0991,-2.311625837646195,GC,True,train
je1005517.xml,2011,31,VFWCMGCRMGJXDK-UHFFFAOYSA-N,BTFJIXJJCSYFAL-UHFFFAOYSA-N,1-chlorobutane,1-eicosanol,343.15,0.0954,-2.349676700527896,GC,True,train
je1005517.xml,2011,31,VFWCMGCRMGJXDK-UHFFFAOYSA-N,BTFJIXJJCSYFAL-UHFFFAOYSA-N,1-chlorobutane,1-eicosanol,348.15,0.0919,-2.387054249620496,GC,True,train
je1005517.xml,2011,31,VFWCMGCRMGJXDK-UHFFFAOYSA-N,BTFJIXJJCSYFAL-UHFFFAOYSA-N,1-chlorobutane,1-eicosanol,353.15,0.0886,-2.4236234213711016,GC,True,train
je1005517.xml,2011,9,VFWCMGCRMGJXDK-UHFFFAOYSA-N,GLDOVTGHNKAZLK-UHFFFAOYSA-N,1-chlorobutane,1-octadecanol,333.15,0.0389,-3.2467610283577364,GC,True,train
je1005517.xml,2011,9,VFWCMGCRMGJXDK-UHFFFAOYSA-N,GLDOVTGHNKAZLK-UHFFFAOYSA-N,1-chlorobutane,1-octadecanol,338.15,0.036,-3.324236340526028,GC,True,train
je1005517.xml,2011,9,VFWCMGCRMGJXDK-UHFFFAOYSA-N,GLDOVTGHNKAZLK-UHFFFAOYSA-N,1-chlorobutane,1-octadecanol,343.15,0.0338,-3.387294476493164,GC,True,train
je1005517.xml,2011,9,VFWCMGCRMGJXDK-UHFFFAOYSA-N,GLDOVTGHNKAZLK-UHFFFAOYSA-N,1-chlorobutane,1-octadecanol,348.15,0.0321,-3.438899248846167,GC,True,train
je1005517.xml,2011,9,VFWCMGCRMGJXDK-UHFFFAOYSA-N,GLDOVTGHNKAZLK-UHFFFAOYSA-N,1-chlorobutane,1-octadecanol,353.15,0.03,-3.506557897319982,GC,True,train
j.fluid.2016.10.009.xml,2017,13,VFWCMGCRMGJXDK-UHFFFAOYSA-N,JUJWROOIHBZHMG-UHFFFAOYSA-N,1-chlorobutane,pyridine,298.15,1.54,0.4317824164255378,Other,True,train
je200628n.xml,2011,14,VFWCMGCRMGJXDK-UHFFFAOYSA-N,PWGJDPKCLMLPJW-UHFFFAOYSA-N,butyl chloride,"1,8-diaminooctane",328.15,1.881,0.6318035503188933,Chromatography,True,train
je200628n.xml,2011,14,VFWCMGCRMGJXDK-UHFFFAOYSA-N,PWGJDPKCLMLPJW-UHFFFAOYSA-N,butyl chloride,"1,8-diaminooctane",338.15,1.649,0.5001690435774618,Chromatography,True,train
je200628n.xml,2011,14,VFWCMGCRMGJXDK-UHFFFAOYSA-N,PWGJDPKCLMLPJW-UHFFFAOYSA-N,butyl chloride,"1,8-diaminooctane",343.15,1.546,0.4356709501652302,Chromatography,True,train
je200628n.xml,2011,14,VFWCMGCRMGJXDK-UHFFFAOYSA-N,PWGJDPKCLMLPJW-UHFFFAOYSA-N,butyl chloride,"1,8-diaminooctane",348.15,1.475,0.3886579897917832,Chromatography,True,train
je200628n.xml,2011,68,VFWCMGCRMGJXDK-UHFFFAOYSA-N,QFTYSVGGYOXFRQ-UHFFFAOYSA-N,butyl chloride,"1,12-diaminododecane",348.25,2.706,0.9954715297485964,Chromatography,False,train
je200628n.xml,2011,68,VFWCMGCRMGJXDK-UHFFFAOYSA-N,QFTYSVGGYOXFRQ-UHFFFAOYSA-N,butyl chloride,"1,12-diaminododecane",353.15,2.627,0.9658425107034028,Chromatography,False,train
je200628n.xml,2011,68,VFWCMGCRMGJXDK-UHFFFAOYSA-N,QFTYSVGGYOXFRQ-UHFFFAOYSA-N,butyl chloride,"1,12-diaminododecane",358.25,2.56,0.9400072584914712,Chromatography,False,train
je200628n.xml,2011,68,VFWCMGCRMGJXDK-UHFFFAOYSA-N,QFTYSVGGYOXFRQ-UHFFFAOYSA-N,butyl chloride,"1,12-diaminododecane",363.21,2.461,0.9005677714089187,Chromatography,False,train
je200628n.xml,2011,41,VFWCMGCRMGJXDK-UHFFFAOYSA-N,YQLZOAVZWJBZSY-UHFFFAOYSA-N,butyl chloride,"1,10-diaminodecane",338.2,2.382,0.8679404709331084,Chromatography,False,train
je200628n.xml,2011,41,VFWCMGCRMGJXDK-UHFFFAOYSA-N,YQLZOAVZWJBZSY-UHFFFAOYSA-N,butyl chloride,"1,10-diaminodecane",348.15,2.117,0.7499999921527281,Chromatography,False,train
je200628n.xml,2011,41,VFWCMGCRMGJXDK-UHFFFAOYSA-N,YQLZOAVZWJBZSY-UHFFFAOYSA-N,butyl chloride,"1,10-diaminodecane",353.22,2.011,0.698632110790515,Chromatography,False,train
j.tca.2015.11.010.xml,2016,0,VLKZOEOYAKHREP-UHFFFAOYSA-N,ATHHXGZTWNVVOU-UHFFFAOYSA-N,n-hexane,N-methylformamide,298.15,38.6,3.653252276470785,Chromatography,True,train
je1005517.xml,2011,23,VLKZOEOYAKHREP-UHFFFAOYSA-N,BTFJIXJJCSYFAL-UHFFFAOYSA-N,n-hexane,1-eicosanol,338.15,0.1288,-2.049494465311884,GC,True,train
je1005517.xml,2011,23,VLKZOEOYAKHREP-UHFFFAOYSA-N,BTFJIXJJCSYFAL-UHFFFAOYSA-N,n-hexane,1-eicosanol,343.15,0.1239,-2.0882804903470404,GC,True,train
je1005517.xml,2011,23,VLKZOEOYAKHREP-UHFFFAOYSA-N,BTFJIXJJCSYFAL-UHFFFAOYSA-N,n-hexane,1-eicosanol,348.15,0.1193,-2.1261139498782664,GC,True,train
je1005517.xml,2011,23,VLKZOEOYAKHREP-UHFFFAOYSA-N,BTFJIXJJCSYFAL-UHFFFAOYSA-N,n-hexane,1-eicosanol,353.15,0.1148,-2.164563795096671,GC,True,train
je700270d.xml,2007,25,VLKZOEOYAKHREP-UHFFFAOYSA-N,DHXVGJBLRPWPCS-UHFFFAOYSA-N,hexane,tetrahydropyran,290.0,1.76,0.5653138090500605,Chromatography,True,train
je700270d.xml,2007,25,VLKZOEOYAKHREP-UHFFFAOYSA-N,DHXVGJBLRPWPCS-UHFFFAOYSA-N,hexane,tetrahydropyran,299.89,1.71,0.5364933705145685,Chromatography,True,train
je700270d.xml,2007,25,VLKZOEOYAKHREP-UHFFFAOYSA-N,DHXVGJBLRPWPCS-UHFFFAOYSA-N,hexane,tetrahydropyran,309.98,1.67,0.5128236264286637,Chromatography,True,train
je700270d.xml,2007,25,VLKZOEOYAKHREP-UHFFFAOYSA-N,DHXVGJBLRPWPCS-UHFFFAOYSA-N,hexane,tetrahydropyran,319.99,1.65,0.5007752879124892,Chromatography,True,train
je700270d.xml,2007,25,VLKZOEOYAKHREP-UHFFFAOYSA-N,DHXVGJBLRPWPCS-UHFFFAOYSA-N,hexane,tetrahydropyran,330.02,1.61,0.4762341789963717,Chromatography,True,train
j.jct.2014.06.006.xml,2014,0,VLKZOEOYAKHREP-UHFFFAOYSA-N,DNIAPMSPPWPWGF-UHFFFAOYSA-N,n-hexane,propylene glycol,298.0,63.0,4.143134726391533,Chromatography,True,train
j.jct.2012.12.009.xml,2013,61,VLKZOEOYAKHREP-UHFFFAOYSA-N,DTOSIQBPPRVQHS-PDBXOOCHSA-N,n-hexane,"9,12,15-octadecatrienoic acid",303.13,3.699,1.308062512850317,Chromatography,True,train
j.jct.2012.12.009.xml,2013,61,VLKZOEOYAKHREP-UHFFFAOYSA-N,DTOSIQBPPRVQHS-PDBXOOCHSA-N,n-hexane,"9,12,15-octadecatrienoic acid",313.25,2.911,1.068496664763486,Chromatography,True,train
j.jct.2012.12.009.xml,2013,61,VLKZOEOYAKHREP-UHFFFAOYSA-N,DTOSIQBPPRVQHS-PDBXOOCHSA-N,n-hexane,"9,12,15-octadecatrienoic acid",323.26,3.306,1.1957389993988323,Chromatography,True,train
j.jct.2012.06.009.xml,2012,0,VLKZOEOYAKHREP-UHFFFAOYSA-N,GHVNFZFCNZKVNT-UHFFFAOYSA-N,n-hexane,capric acid,314.1,1.752,0.5607579925141997,Chromatography,True,train
j.jct.2012.06.009.xml,2012,0,VLKZOEOYAKHREP-UHFFFAOYSA-N,GHVNFZFCNZKVNT-UHFFFAOYSA-N,n-hexane,capric acid,314.24,1.774,0.5732368838873878,Chromatography,True,train
j.jct.2012.06.009.xml,2012,0,VLKZOEOYAKHREP-UHFFFAOYSA-N,GHVNFZFCNZKVNT-UHFFFAOYSA-N,n-hexane,capric acid,333.26,1.731,0.5486992761940722,Chromatography,True,train
j.jct.2012.06.009.xml,2012,0,VLKZOEOYAKHREP-UHFFFAOYSA-N,GHVNFZFCNZKVNT-UHFFFAOYSA-N,n-hexane,capric acid,333.38,1.696,0.5282725373697112,Chromatography,True,train
j.jct.2012.06.009.xml,2012,0,VLKZOEOYAKHREP-UHFFFAOYSA-N,GHVNFZFCNZKVNT-UHFFFAOYSA-N,n-hexane,capric acid,353.3,1.653,0.5025918188388871,Chromatography,True,train
je1005517.xml,2011,1,VLKZOEOYAKHREP-UHFFFAOYSA-N,GLDOVTGHNKAZLK-UHFFFAOYSA-N,n-hexane,1-octadecanol,333.15,0.0551,-2.8986055628232683,GC,True,train
je1005517.xml,2011,1,VLKZOEOYAKHREP-UHFFFAOYSA-N,GLDOVTGHNKAZLK-UHFFFAOYSA-N,n-hexane,1-octadecanol,338.15,0.0468,-3.061872076058536,GC,True,train
je1005517.xml,2011,1,VLKZOEOYAKHREP-UHFFFAOYSA-N,GLDOVTGHNKAZLK-UHFFFAOYSA-N,n-hexane,1-octadecanol,343.15,0.0411,-3.191747157479948,GC,True,train
je1005517.xml,2011,1,VLKZOEOYAKHREP-UHFFFAOYSA-N,GLDOVTGHNKAZLK-UHFFFAOYSA-N,n-hexane,1-octadecanol,348.15,0.0359,-3.327017983487904,GC,True,train
je1005517.xml,2011,1,VLKZOEOYAKHREP-UHFFFAOYSA-N,GLDOVTGHNKAZLK-UHFFFAOYSA-N,n-hexane,1-octadecanol,353.15,0.0315,-3.4577677331505496,GC,True,train
j.fluid.2013.02.008.xml,2013,6,VLKZOEOYAKHREP-UHFFFAOYSA-N,HLZKNKRTKFSKGZ-UHFFFAOYSA-N,hexane,1-tetradecanol,331.8,1.69,0.5247285289349821,Chromatography,True,train
j.fluid.2013.02.008.xml,2013,6,VLKZOEOYAKHREP-UHFFFAOYSA-N,HLZKNKRTKFSKGZ-UHFFFAOYSA-N,hexane,1-tetradecanol,353.0,1.6,0.4700036292457356,Chromatography,True,train
j.jct.2012.01.016.xml,2012,1,VLKZOEOYAKHREP-UHFFFAOYSA-N,HYBBIBNJHNGZAN-UHFFFAOYSA-N,n-hexane,2-furaldehyde,298.15,25.6,3.242592351485517,Headspace solid phase microextraction,True,test_one
j.jct.2012.01.016.xml,2012,1,VLKZOEOYAKHREP-UHFFFAOYSA-N,HYBBIBNJHNGZAN-UHFFFAOYSA-N,n-hexane,2-furaldehyde,298.15,25.3,3.2308043957334744,Headspace solid phase microextraction,True,test_one
j.jct.2012.01.016.xml,2012,1,VLKZOEOYAKHREP-UHFFFAOYSA-N,HYBBIBNJHNGZAN-UHFFFAOYSA-N,n-hexane,2-furaldehyde,308.15,23.6,3.1612467120315646,Headspace solid phase microextraction,True,test_one
j.jct.2012.01.016.xml,2012,1,VLKZOEOYAKHREP-UHFFFAOYSA-N,HYBBIBNJHNGZAN-UHFFFAOYSA-N,n-hexane,2-furaldehyde,308.15,22.8,3.126760535960395,Headspace solid phase microextraction,True,test_one
j.jct.2012.01.016.xml,2012,1,VLKZOEOYAKHREP-UHFFFAOYSA-N,HYBBIBNJHNGZAN-UHFFFAOYSA-N,n-hexane,2-furaldehyde,318.15,22.2,3.100092288878234,Headspace solid phase microextraction,True,test_one
j.jct.2012.01.016.xml,2012,1,VLKZOEOYAKHREP-UHFFFAOYSA-N,HYBBIBNJHNGZAN-UHFFFAOYSA-N,n-hexane,2-furaldehyde,318.15,21.2,3.054001181677967,Headspace solid phase microextraction,True,test_one
j.jct.2012.06.009.xml,2012,64,VLKZOEOYAKHREP-UHFFFAOYSA-N,IPCSVZSSVZVIGE-UHFFFAOYSA-N,n-hexane,hexadecanoic acid,340.19,1.293,0.2569650997897204,Chromatography,True,train
j.jct.2012.06.009.xml,2012,64,VLKZOEOYAKHREP-UHFFFAOYSA-N,IPCSVZSSVZVIGE-UHFFFAOYSA-N,n-hexane,hexadecanoic acid,348.01,1.299,0.2615947376884624,Chromatography,True,train
j.jct.2012.06.009.xml,2012,64,VLKZOEOYAKHREP-UHFFFAOYSA-N,IPCSVZSSVZVIGE-UHFFFAOYSA-N,n-hexane,hexadecanoic acid,358.22,1.301,0.2631331995303682,Chromatography,True,train
j.fluid.2013.02.008.xml,2013,3,VLKZOEOYAKHREP-UHFFFAOYSA-N,LQZZUXJYWNFBMV-UHFFFAOYSA-N,hexane,1-dodecanol,312.7,2.03,0.7080357930536959,Chromatography,True,train
j.fluid.2013.02.008.xml,2013,3,VLKZOEOYAKHREP-UHFFFAOYSA-N,LQZZUXJYWNFBMV-UHFFFAOYSA-N,hexane,1-dodecanol,332.1,1.98,0.6830968447064438,Chromatography,True,train
j.fluid.2013.02.008.xml,2013,3,VLKZOEOYAKHREP-UHFFFAOYSA-N,LQZZUXJYWNFBMV-UHFFFAOYSA-N,hexane,1-dodecanol,353.2,1.86,0.62057648772511,Chromatography,True,train
j.jct.2016.10.013.xml,2017,6,VLKZOEOYAKHREP-UHFFFAOYSA-N,LYCAIKOWRPUZTN-UHFFFAOYSA-N,n-hexane,ethylene glycol,303.15,716.0,6.573680166960646,Other,True,train
j.jct.2016.10.013.xml,2017,6,VLKZOEOYAKHREP-UHFFFAOYSA-N,LYCAIKOWRPUZTN-UHFFFAOYSA-N,n-hexane,ethylene glycol,323.15,543.0,6.297109319933935,Other,True,train
j.fluid.2013.02.008.xml,2013,9,VLKZOEOYAKHREP-UHFFFAOYSA-N,LYCAIKOWRPUZTN-UHFFFAOYSA-N,hexane,"1,2-ethanediol",332.1,88.1,4.478472532942134,Chromatography,True,train
j.fluid.2013.02.008.xml,2013,9,VLKZOEOYAKHREP-UHFFFAOYSA-N,LYCAIKOWRPUZTN-UHFFFAOYSA-N,hexane,"1,2-ethanediol",353.5,80.6,4.389498649512583,Chromatography,True,train
j.jct.2016.10.013.xml,2017,17,VLKZOEOYAKHREP-UHFFFAOYSA-N,MTHSVFCYNBDYFN-UHFFFAOYSA-N,n-hexane,diethylene glycol,304.15,112.0,4.718498871295094,Other,True,test_one
j.jct.2016.10.013.xml,2017,17,VLKZOEOYAKHREP-UHFFFAOYSA-N,MTHSVFCYNBDYFN-UHFFFAOYSA-N,n-hexane,diethylene glycol,313.15,102.0,4.624972813284271,Other,True,test_one
j.jct.2016.10.013.xml,2017,17,VLKZOEOYAKHREP-UHFFFAOYSA-N,MTHSVFCYNBDYFN-UHFFFAOYSA-N,n-hexane,diethylene glycol,323.15,94.2,4.545420181582317,Other,True,test_one
j.jct.2013.05.011.xml,2013,5,VLKZOEOYAKHREP-UHFFFAOYSA-N,MTHSVFCYNBDYFN-UHFFFAOYSA-N,n-hexane,diethylene glycol,333.2,95.73,4.561531728958262,Chromatography,True,test_one
j.jct.2013.05.011.xml,2013,5,VLKZOEOYAKHREP-UHFFFAOYSA-N,MTHSVFCYNBDYFN-UHFFFAOYSA-N,n-hexane,diethylene glycol,348.2,84.01,4.430935839376756,Chromatography,True,test_one
j.jct.2013.05.011.xml,2013,5,VLKZOEOYAKHREP-UHFFFAOYSA-N,MTHSVFCYNBDYFN-UHFFFAOYSA-N,n-hexane,diethylene glycol,363.2,82.36,4.411099882159589,Chromatography,True,test_one
j.fluid.2013.02.008.xml,2013,0,VLKZOEOYAKHREP-UHFFFAOYSA-N,MWKFXSUHUHTGQN-UHFFFAOYSA-N,hexane,1-decanol,312.6,2.21,0.7929925155296614,Chromatography,True,test_one
j.fluid.2013.02.008.xml,2013,0,VLKZOEOYAKHREP-UHFFFAOYSA-N,MWKFXSUHUHTGQN-UHFFFAOYSA-N,hexane,1-decanol,331.7,2.14,0.7608058290337602,Chromatography,True,test_one
j.fluid.2013.02.008.xml,2013,0,VLKZOEOYAKHREP-UHFFFAOYSA-N,MWKFXSUHUHTGQN-UHFFFAOYSA-N,hexane,1-decanol,352.9,2.02,0.7030975114131134,Chromatography,True,test_one
j.jct.2012.12.009.xml,2013,41,VLKZOEOYAKHREP-UHFFFAOYSA-N,OYHQOLUKZRVURQ-HZJYTTRNSA-N,n-hexane,linoleic acid,338.28,2.196,0.7866375236472842,Chromatography,True,train
j.jct.2012.12.009.xml,2013,41,VLKZOEOYAKHREP-UHFFFAOYSA-N,OYHQOLUKZRVURQ-HZJYTTRNSA-N,n-hexane,linoleic acid,348.31,2.556,0.9384435365152884,Chromatography,True,train
j.jct.2012.12.009.xml,2013,41,VLKZOEOYAKHREP-UHFFFAOYSA-N,OYHQOLUKZRVURQ-HZJYTTRNSA-N,n-hexane,linoleic acid,348.28,2.524,0.9258449446789668,Chromatography,True,train
j.jct.2012.12.009.xml,2013,41,VLKZOEOYAKHREP-UHFFFAOYSA-N,OYHQOLUKZRVURQ-HZJYTTRNSA-N,n-hexane,linoleic acid,358.3,2.932,1.075684784024405,Chromatography,True,train
je900686n.xml,2010,0,VLKZOEOYAKHREP-UHFFFAOYSA-N,PEDCQBHIVMGVHV-UHFFFAOYSA-N,hexane,glycerol,303.15,413.74,6.025237757214903,Chromatography,True,test_one
je900686n.xml,2010,0,VLKZOEOYAKHREP-UHFFFAOYSA-N,PEDCQBHIVMGVHV-UHFFFAOYSA-N,hexane,glycerol,313.15,382.52,5.946780939481342,Chromatography,True,test_one
je900686n.xml,2010,0,VLKZOEOYAKHREP-UHFFFAOYSA-N,PEDCQBHIVMGVHV-UHFFFAOYSA-N,hexane,glycerol,323.15,340.01,5.828975028942396,Chromatography,True,test_one
je900686n.xml,2010,0,VLKZOEOYAKHREP-UHFFFAOYSA-N,PEDCQBHIVMGVHV-UHFFFAOYSA-N,hexane,glycerol,333.15,315.78,5.755045768593742,Chromatography,True,test_one
je900686n.xml,2010,0,VLKZOEOYAKHREP-UHFFFAOYSA-N,PEDCQBHIVMGVHV-UHFFFAOYSA-N,hexane,glycerol,343.15,268.43,5.592590172323767,Chromatography,True,test_one
j.jct.2012.06.009.xml,2012,20,VLKZOEOYAKHREP-UHFFFAOYSA-N,POULHZVOKOAJMA-UHFFFAOYSA-N,n-hexane,lauric acid,314.24,1.574,0.4536201499952115,Chromatography,True,train
j.jct.2012.06.009.xml,2012,20,VLKZOEOYAKHREP-UHFFFAOYSA-N,POULHZVOKOAJMA-UHFFFAOYSA-N,n-hexane,lauric acid,333.26,1.532,0.4265740713183996,Chromatography,True,train
j.jct.2012.06.009.xml,2012,20,VLKZOEOYAKHREP-UHFFFAOYSA-N,POULHZVOKOAJMA-UHFFFAOYSA-N,n-hexane,lauric acid,333.38,1.538,0.4304828710834522,Chromatography,True,train
j.jct.2012.06.009.xml,2012,20,VLKZOEOYAKHREP-UHFFFAOYSA-N,POULHZVOKOAJMA-UHFFFAOYSA-N,n-hexane,lauric acid,353.25,1.499,0.4047982191204607,Chromatography,True,train
je200628n.xml,2011,1,VLKZOEOYAKHREP-UHFFFAOYSA-N,PWGJDPKCLMLPJW-UHFFFAOYSA-N,n-hexane,"1,8-diaminooctane",328.15,4.031,1.3940144841350286,Chromatography,True,train
je200628n.xml,2011,1,VLKZOEOYAKHREP-UHFFFAOYSA-N,PWGJDPKCLMLPJW-UHFFFAOYSA-N,n-hexane,"1,8-diaminooctane",338.15,3.832,1.343386860108614,Chromatography,True,train
je200628n.xml,2011,1,VLKZOEOYAKHREP-UHFFFAOYSA-N,PWGJDPKCLMLPJW-UHFFFAOYSA-N,n-hexane,"1,8-diaminooctane",343.15,3.755,1.323088285216098,Chromatography,True,train
je200628n.xml,2011,1,VLKZOEOYAKHREP-UHFFFAOYSA-N,PWGJDPKCLMLPJW-UHFFFAOYSA-N,n-hexane,"1,8-diaminooctane",348.15,3.72,1.3137236682850553,Chromatography,True,train
je200628n.xml,2011,55,VLKZOEOYAKHREP-UHFFFAOYSA-N,QFTYSVGGYOXFRQ-UHFFFAOYSA-N,n-hexane,"1,12-diaminododecane",348.25,4.861,1.5812441780633184,Chromatography,False,train
je200628n.xml,2011,55,VLKZOEOYAKHREP-UHFFFAOYSA-N,QFTYSVGGYOXFRQ-UHFFFAOYSA-N,n-hexane,"1,12-diaminododecane",353.15,4.805,1.5696570424222558,Chromatography,False,train
je200628n.xml,2011,55,VLKZOEOYAKHREP-UHFFFAOYSA-N,QFTYSVGGYOXFRQ-UHFFFAOYSA-N,n-hexane,"1,12-diaminododecane",358.25,4.736,1.5551928975817044,Chromatography,False,train
je200628n.xml,2011,55,VLKZOEOYAKHREP-UHFFFAOYSA-N,QFTYSVGGYOXFRQ-UHFFFAOYSA-N,n-hexane,"1,12-diaminododecane",363.21,4.691,1.545645779346321,Chromatography,False,train
j.jct.2012.12.009.xml,2013,0,VLKZOEOYAKHREP-UHFFFAOYSA-N,QIQXTHQIDYTFRH-UHFFFAOYSA-N,n-hexane,n-octadecanoic acid,349.47,1.258,0.2295231582782488,Chromatography,True,train
j.jct.2012.12.009.xml,2013,0,VLKZOEOYAKHREP-UHFFFAOYSA-N,QIQXTHQIDYTFRH-UHFFFAOYSA-N,n-hexane,n-octadecanoic acid,358.4,1.239,0.2143046026470055,Chromatography,True,train
j.jct.2012.12.009.xml,2013,0,VLKZOEOYAKHREP-UHFFFAOYSA-N,QIQXTHQIDYTFRH-UHFFFAOYSA-N,n-hexane,n-octadecanoic acid,368.13,1.186,0.1705863005755336,Chromatography,True,train
j.jct.2013.02.006.xml,2013,25,VLKZOEOYAKHREP-UHFFFAOYSA-N,SECXISVLQFMRJM-UHFFFAOYSA-N,n-hexane,1-methylpyrrolidone,333.2,9.51,2.252343876557299,Chromatography,True,train
j.jct.2013.02.006.xml,2013,25,VLKZOEOYAKHREP-UHFFFAOYSA-N,SECXISVLQFMRJM-UHFFFAOYSA-N,n-hexane,1-methylpyrrolidone,348.2,9.19,2.2181159363675955,Chromatography,True,train
j.jct.2013.02.006.xml,2013,25,VLKZOEOYAKHREP-UHFFFAOYSA-N,SECXISVLQFMRJM-UHFFFAOYSA-N,n-hexane,1-methylpyrrolidone,363.2,8.51,2.1412419425852827,Chromatography,True,train
j.jct.2012.06.009.xml,2012,42,VLKZOEOYAKHREP-UHFFFAOYSA-N,TUNFSRHWOTWDNC-UHFFFAOYSA-N,n-hexane,tetradecanoic acid,338.27,1.345,0.2963940130538024,Chromatography,True,train
j.jct.2012.06.009.xml,2012,42,VLKZOEOYAKHREP-UHFFFAOYSA-N,TUNFSRHWOTWDNC-UHFFFAOYSA-N,n-hexane,tetradecanoic acid,348.3,1.329,0.2844267797311082,Chromatography,True,train
j.jct.2012.06.009.xml,2012,42,VLKZOEOYAKHREP-UHFFFAOYSA-N,TUNFSRHWOTWDNC-UHFFFAOYSA-N,n-hexane,tetradecanoic acid,358.33,1.335,0.2889312918522128,Chromatography,True,train
j.jct.2014.06.006.xml,2014,12,VLKZOEOYAKHREP-UHFFFAOYSA-N,XNWFRZJHXBZDAG-UHFFFAOYSA-N,n-hexane,methyl cellosolve,298.0,16.3,2.791165107812717,Chromatography,True,train
j.fluid.2013.02.008.xml,2013,12,VLKZOEOYAKHREP-UHFFFAOYSA-N,YPFDHNVEDLHUCE-UHFFFAOYSA-N,hexane,"1,3-propanediol",312.1,77.2,4.3463994570307305,Chromatography,True,train
j.fluid.2013.02.008.xml,2013,12,VLKZOEOYAKHREP-UHFFFAOYSA-N,YPFDHNVEDLHUCE-UHFFFAOYSA-N,hexane,"1,3-propanediol",333.1,72.9,4.289088639014612,Chromatography,True,train
j.fluid.2013.02.008.xml,2013,12,VLKZOEOYAKHREP-UHFFFAOYSA-N,YPFDHNVEDLHUCE-UHFFFAOYSA-N,hexane,"1,3-propanediol",352.1,52.4,3.958906591326997,Chromatography,True,train
je200628n.xml,2011,28,VLKZOEOYAKHREP-UHFFFAOYSA-N,YQLZOAVZWJBZSY-UHFFFAOYSA-N,n-hexane,"1,10-diaminodecane",338.2,4.96,1.601405740736836,Chromatography,False,train
je200628n.xml,2011,28,VLKZOEOYAKHREP-UHFFFAOYSA-N,YQLZOAVZWJBZSY-UHFFFAOYSA-N,n-hexane,"1,10-diaminodecane",348.15,4.547,1.5144676748428734,Chromatography,False,train
je200628n.xml,2011,28,VLKZOEOYAKHREP-UHFFFAOYSA-N,YQLZOAVZWJBZSY-UHFFFAOYSA-N,n-hexane,"1,10-diaminodecane",353.22,4.407,1.48319418585985,Chromatography,False,train
j.jct.2013.05.011.xml,2013,28,VLKZOEOYAKHREP-UHFFFAOYSA-N,ZIBGPFATKBEMQZ-UHFFFAOYSA-N,n-hexane,triethylene glycol,333.2,45.84,3.825157072406484,Chromatography,True,train
j.jct.2013.05.011.xml,2013,28,VLKZOEOYAKHREP-UHFFFAOYSA-N,ZIBGPFATKBEMQZ-UHFFFAOYSA-N,n-hexane,triethylene glycol,348.2,40.27,3.695606774863363,Chromatography,True,train
j.jct.2013.05.011.xml,2013,28,VLKZOEOYAKHREP-UHFFFAOYSA-N,ZIBGPFATKBEMQZ-UHFFFAOYSA-N,n-hexane,triethylene glycol,363.2,35.15,3.5596246182566738,Chromatography,True,train
j.jct.2012.12.009.xml,2013,21,VLKZOEOYAKHREP-UHFFFAOYSA-N,ZQPPMHVWECSIRJ-KTKRTIGZSA-N,n-hexane,cis-9-octadecenoic acid,338.36,1.401,0.3371862673548699,Chromatography,True,train
j.jct.2012.12.009.xml,2013,21,VLKZOEOYAKHREP-UHFFFAOYSA-N,ZQPPMHVWECSIRJ-KTKRTIGZSA-N,n-hexane,cis-9-octadecenoic acid,348.29,1.329,0.2844267797311082,Chromatography,True,train
j.jct.2012.12.009.xml,2013,21,VLKZOEOYAKHREP-UHFFFAOYSA-N,ZQPPMHVWECSIRJ-KTKRTIGZSA-N,n-hexane,cis-9-octadecenoic acid,348.36,1.341,0.2934156042995414,Chromatography,True,train
j.jct.2012.12.009.xml,2013,21,VLKZOEOYAKHREP-UHFFFAOYSA-N,ZQPPMHVWECSIRJ-KTKRTIGZSA-N,n-hexane,cis-9-octadecenoic acid,358.28,1.302,0.2639015437863775,Chromatography,True,train
j.jct.2004.11.005.xml,2005,11,VQTUBCCKSQIDNK-UHFFFAOYSA-N,AMQJEAYHLZJPGS-UHFFFAOYSA-N,2-methylpropene,1-pentanol,270.01,2.84,1.043804052173115,Other,True,test_one
j.jct.2004.11.005.xml,2005,11,VQTUBCCKSQIDNK-UHFFFAOYSA-N,AMQJEAYHLZJPGS-UHFFFAOYSA-N,2-methylpropene,1-pentanol,290.0,2.82,1.0367368849500225,Other,True,test_one
j.jct.2004.11.005.xml,2005,11,VQTUBCCKSQIDNK-UHFFFAOYSA-N,AMQJEAYHLZJPGS-UHFFFAOYSA-N,2-methylpropene,1-pentanol,310.0,2.76,1.0152306797290584,Other,True,test_one
j.jct.2004.11.005.xml,2005,11,VQTUBCCKSQIDNK-UHFFFAOYSA-N,AMQJEAYHLZJPGS-UHFFFAOYSA-N,2-methylpropene,1-pentanol,330.0,2.63,0.9669838461896731,Other,True,test_one
j.jct.2004.11.005.xml,2005,43,VQTUBCCKSQIDNK-UHFFFAOYSA-N,AQIXEPGDORPWBJ-UHFFFAOYSA-N,2-methylpropene,3-pentanol,259.96,3.25,1.1786549963416462,Other,True,train
j.jct.2004.11.005.xml,2005,43,VQTUBCCKSQIDNK-UHFFFAOYSA-N,AQIXEPGDORPWBJ-UHFFFAOYSA-N,2-methylpropene,3-pentanol,270.02,3.15,1.1474024528375415,Other,True,train
j.jct.2004.11.005.xml,2005,43,VQTUBCCKSQIDNK-UHFFFAOYSA-N,AQIXEPGDORPWBJ-UHFFFAOYSA-N,2-methylpropene,3-pentanol,280.0,3.04,1.1118575154181305,Other,True,train
j.jct.2004.11.005.xml,2005,43,VQTUBCCKSQIDNK-UHFFFAOYSA-N,AQIXEPGDORPWBJ-UHFFFAOYSA-N,2-methylpropene,3-pentanol,290.0,2.93,1.075002423028976,Other,True,train
j.jct.2004.11.005.xml,2005,43,VQTUBCCKSQIDNK-UHFFFAOYSA-N,AQIXEPGDORPWBJ-UHFFFAOYSA-N,2-methylpropene,3-pentanol,300.0,2.82,1.0367368849500225,Other,True,train
j.jct.2004.11.005.xml,2005,43,VQTUBCCKSQIDNK-UHFFFAOYSA-N,AQIXEPGDORPWBJ-UHFFFAOYSA-N,2-methylpropene,3-pentanol,310.01,2.69,0.9895411936137476,Other,True,train
j.jct.2004.11.005.xml,2005,43,VQTUBCCKSQIDNK-UHFFFAOYSA-N,AQIXEPGDORPWBJ-UHFFFAOYSA-N,2-methylpropene,3-pentanol,320.0,2.56,0.9400072584914712,Other,True,train
j.jct.2004.11.005.xml,2005,43,VQTUBCCKSQIDNK-UHFFFAOYSA-N,AQIXEPGDORPWBJ-UHFFFAOYSA-N,2-methylpropene,3-pentanol,330.01,2.43,0.8878912573524571,Other,True,train
j.jct.2003.08.018.xml,2004,7,VQTUBCCKSQIDNK-UHFFFAOYSA-N,BDERNNFJNOPAEC-UHFFFAOYSA-N,2-methylpropene,1-propanol,259.91,4.09,1.4085449700547104,Chromatography,True,train
j.jct.2003.08.018.xml,2004,7,VQTUBCCKSQIDNK-UHFFFAOYSA-N,BDERNNFJNOPAEC-UHFFFAOYSA-N,2-methylpropene,1-propanol,279.95,4.08,1.4060969884160703,Chromatography,True,train
j.jct.2003.08.018.xml,2004,7,VQTUBCCKSQIDNK-UHFFFAOYSA-N,BDERNNFJNOPAEC-UHFFFAOYSA-N,2-methylpropene,1-propanol,299.94,4.04,1.396244691973059,Chromatography,True,train
j.jct.2003.08.018.xml,2004,7,VQTUBCCKSQIDNK-UHFFFAOYSA-N,BDERNNFJNOPAEC-UHFFFAOYSA-N,2-methylpropene,1-propanol,320.06,4.0,1.3862943611198906,Chromatography,True,train
j.jct.2003.08.018.xml,2004,7,VQTUBCCKSQIDNK-UHFFFAOYSA-N,BDERNNFJNOPAEC-UHFFFAOYSA-N,2-methylpropene,1-propanol,340.16,3.94,1.3711807233098423,Chromatography,True,train
je050343i.xml,2005,35,VQTUBCCKSQIDNK-UHFFFAOYSA-N,CPJRRXSHAYUTGL-UHFFFAOYSA-N,2-methylpropene,3-methyl-3-buten-1-ol,270.04,3.41,1.2267122912954254,Chromatography,True,train
je050343i.xml,2005,35,VQTUBCCKSQIDNK-UHFFFAOYSA-N,CPJRRXSHAYUTGL-UHFFFAOYSA-N,2-methylpropene,3-methyl-3-buten-1-ol,289.99,3.32,1.199964782928397,Chromatography,True,train
je050343i.xml,2005,35,VQTUBCCKSQIDNK-UHFFFAOYSA-N,CPJRRXSHAYUTGL-UHFFFAOYSA-N,2-methylpropene,3-methyl-3-buten-1-ol,309.99,3.21,1.1662709371419244,Chromatography,True,train
je050343i.xml,2005,35,VQTUBCCKSQIDNK-UHFFFAOYSA-N,CPJRRXSHAYUTGL-UHFFFAOYSA-N,2-methylpropene,3-methyl-3-buten-1-ol,330.0,3.04,1.1118575154181305,Chromatography,True,train
je060395n.xml,2007,65,VQTUBCCKSQIDNK-UHFFFAOYSA-N,CTQNGGLPUBDAKN-UHFFFAOYSA-N,2-methylpropene,"1,2-dimethylbenzene",270.13,1.54,0.4317824164255378,calculated from henry's law constants,True,train
je060395n.xml,2007,65,VQTUBCCKSQIDNK-UHFFFAOYSA-N,CTQNGGLPUBDAKN-UHFFFAOYSA-N,2-methylpropene,"1,2-dimethylbenzene",289.99,1.51,0.412109650826833,calculated from henry's law constants,True,train
je060395n.xml,2007,65,VQTUBCCKSQIDNK-UHFFFAOYSA-N,CTQNGGLPUBDAKN-UHFFFAOYSA-N,2-methylpropene,"1,2-dimethylbenzene",309.84,1.5,0.4054651081081644,calculated from henry's law constants,True,train
je060395n.xml,2007,65,VQTUBCCKSQIDNK-UHFFFAOYSA-N,CTQNGGLPUBDAKN-UHFFFAOYSA-N,2-methylpropene,"1,2-dimethylbenzene",329.99,1.47,0.3852624007906449,calculated from henry's law constants,True,train
je700270d.xml,2007,11,VQTUBCCKSQIDNK-UHFFFAOYSA-N,DHXVGJBLRPWPCS-UHFFFAOYSA-N,2-methylpropene,tetrahydropyran,250.06,1.39,0.3293037471426003,Chromatography,True,train
je700270d.xml,2007,11,VQTUBCCKSQIDNK-UHFFFAOYSA-N,DHXVGJBLRPWPCS-UHFFFAOYSA-N,2-methylpropene,tetrahydropyran,270.12,1.39,0.3293037471426003,Chromatography,True,train
je700270d.xml,2007,11,VQTUBCCKSQIDNK-UHFFFAOYSA-N,DHXVGJBLRPWPCS-UHFFFAOYSA-N,2-methylpropene,tetrahydropyran,289.97,1.38,0.3220834991691132,Chromatography,True,train
je700270d.xml,2007,11,VQTUBCCKSQIDNK-UHFFFAOYSA-N,DHXVGJBLRPWPCS-UHFFFAOYSA-N,2-methylpropene,tetrahydropyran,309.98,1.38,0.3220834991691132,Chromatography,True,train
je700270d.xml,2007,11,VQTUBCCKSQIDNK-UHFFFAOYSA-N,DHXVGJBLRPWPCS-UHFFFAOYSA-N,2-methylpropene,tetrahydropyran,329.97,1.37,0.3148107398400336,Chromatography,True,train
je050343i.xml,2005,11,VQTUBCCKSQIDNK-UHFFFAOYSA-N,HNVRRHSXBLFLIG-UHFFFAOYSA-N,2-methylpropene,"3-buten-2-ol, 2-methyl-",269.95,2.61,0.959350221334602,Chromatography,True,train
je050343i.xml,2005,11,VQTUBCCKSQIDNK-UHFFFAOYSA-N,HNVRRHSXBLFLIG-UHFFFAOYSA-N,2-methylpropene,"3-buten-2-ol, 2-methyl-",289.99,2.47,0.904218150639886,Chromatography,True,train
je050343i.xml,2005,11,VQTUBCCKSQIDNK-UHFFFAOYSA-N,HNVRRHSXBLFLIG-UHFFFAOYSA-N,2-methylpropene,"3-buten-2-ol, 2-methyl-",309.99,2.31,0.8372475245337022,Chromatography,True,train
je050343i.xml,2005,11,VQTUBCCKSQIDNK-UHFFFAOYSA-N,HNVRRHSXBLFLIG-UHFFFAOYSA-N,2-methylpropene,"3-buten-2-ol, 2-methyl-",330.0,2.15,0.7654678421395714,Chromatography,True,train
je060395n.xml,2007,67,VQTUBCCKSQIDNK-UHFFFAOYSA-N,IVSZLXZYQVIEFR-UHFFFAOYSA-N,2-methylpropene,"1,3-dimethylbenzene",270.1,1.43,0.3576744442718159,calculated from henry's law constants,True,train
je060395n.xml,2007,67,VQTUBCCKSQIDNK-UHFFFAOYSA-N,IVSZLXZYQVIEFR-UHFFFAOYSA-N,2-methylpropene,"1,3-dimethylbenzene",289.99,1.43,0.3576744442718159,calculated from henry's law constants,True,train
je060395n.xml,2007,67,VQTUBCCKSQIDNK-UHFFFAOYSA-N,IVSZLXZYQVIEFR-UHFFFAOYSA-N,2-methylpropene,"1,3-dimethylbenzene",309.84,1.41,0.3435897043900768,calculated from henry's law constants,True,train
je060395n.xml,2007,67,VQTUBCCKSQIDNK-UHFFFAOYSA-N,IVSZLXZYQVIEFR-UHFFFAOYSA-N,2-methylpropene,"1,3-dimethylbenzene",329.99,1.39,0.3293037471426003,calculated from henry's law constants,True,train
je100529s.xml,2010,59,VQTUBCCKSQIDNK-UHFFFAOYSA-N,IWDCLRJOBJJRNH-UHFFFAOYSA-N,2-methylpropene,4-methylphenol,309.99,4.44,1.4906543764441336,Gas Stripping Method,True,train
je100529s.xml,2010,59,VQTUBCCKSQIDNK-UHFFFAOYSA-N,IWDCLRJOBJJRNH-UHFFFAOYSA-N,2-methylpropene,4-methylphenol,319.99,4.34,1.4678743481123135,Gas Stripping Method,True,train
je100529s.xml,2010,59,VQTUBCCKSQIDNK-UHFFFAOYSA-N,IWDCLRJOBJJRNH-UHFFFAOYSA-N,2-methylpropene,4-methylphenol,329.99,4.2,1.4350845252893227,Gas Stripping Method,True,train
je100529s.xml,2010,59,VQTUBCCKSQIDNK-UHFFFAOYSA-N,IWDCLRJOBJJRNH-UHFFFAOYSA-N,2-methylpropene,4-methylphenol,340.02,4.07,1.4036429994545037,Gas Stripping Method,True,train
j.jct.2004.11.005.xml,2005,27,VQTUBCCKSQIDNK-UHFFFAOYSA-N,JYVLIDXNZAXMDK-YFKPBYRVSA-N,2-methylpropene,2-pentanol,269.98,2.99,1.095273387402595,Other,True,train
j.jct.2004.11.005.xml,2005,27,VQTUBCCKSQIDNK-UHFFFAOYSA-N,JYVLIDXNZAXMDK-YFKPBYRVSA-N,2-methylpropene,2-pentanol,290.0,2.82,1.0367368849500225,Other,True,train
j.jct.2004.11.005.xml,2005,27,VQTUBCCKSQIDNK-UHFFFAOYSA-N,JYVLIDXNZAXMDK-YFKPBYRVSA-N,2-methylpropene,2-pentanol,310.0,2.63,0.9669838461896731,Other,True,train
j.jct.2004.11.005.xml,2005,27,VQTUBCCKSQIDNK-UHFFFAOYSA-N,JYVLIDXNZAXMDK-YFKPBYRVSA-N,2-methylpropene,2-pentanol,330.0,2.45,0.8960880245566357,Other,True,train
je0342116.xml,2004,10,VQTUBCCKSQIDNK-UHFFFAOYSA-N,KFZMGEQAYNKOFK-UHFFFAOYSA-N,2-methylpropene,2-propanol,270.03,4.3,1.4586150226995167,Chromatography,True,train
je0342116.xml,2004,10,VQTUBCCKSQIDNK-UHFFFAOYSA-N,KFZMGEQAYNKOFK-UHFFFAOYSA-N,2-methylpropene,2-propanol,290.0,4.2,1.4350845252893227,Chromatography,True,train
je0342116.xml,2004,10,VQTUBCCKSQIDNK-UHFFFAOYSA-N,KFZMGEQAYNKOFK-UHFFFAOYSA-N,2-methylpropene,2-propanol,310.0,4.0,1.3862943611198906,Chromatography,True,train
je0342116.xml,2004,10,VQTUBCCKSQIDNK-UHFFFAOYSA-N,KFZMGEQAYNKOFK-UHFFFAOYSA-N,2-methylpropene,2-propanol,330.0,3.8,1.33500106673234,Chromatography,True,train
je034265f.xml,2004,11,VQTUBCCKSQIDNK-UHFFFAOYSA-N,LRHPLDYGYMQRHN-UHFFFAOYSA-N,2-methylpropene,1-butanol,250.01,3.4,1.2237754316221157,Other,True,train
je034265f.xml,2004,11,VQTUBCCKSQIDNK-UHFFFAOYSA-N,LRHPLDYGYMQRHN-UHFFFAOYSA-N,2-methylpropene,1-butanol,270.04,3.4,1.2237754316221157,Other,True,train
je034265f.xml,2004,11,VQTUBCCKSQIDNK-UHFFFAOYSA-N,LRHPLDYGYMQRHN-UHFFFAOYSA-N,2-methylpropene,1-butanol,290.01,3.4,1.2237754316221157,Other,True,train
je034265f.xml,2004,11,VQTUBCCKSQIDNK-UHFFFAOYSA-N,LRHPLDYGYMQRHN-UHFFFAOYSA-N,2-methylpropene,1-butanol,310.01,3.3,1.1939224684724346,Other,True,train
je034265f.xml,2004,11,VQTUBCCKSQIDNK-UHFFFAOYSA-N,LRHPLDYGYMQRHN-UHFFFAOYSA-N,2-methylpropene,1-butanol,330.0,3.2,1.1631508098056809,Other,True,train
j.fluid.2006.06.024.xml,2006,2,VQTUBCCKSQIDNK-UHFFFAOYSA-N,OKKJLVBELUTLKV-UHFFFAOYSA-N,2-methylpropene,methanol,374.0,6.5,1.8718021769015916,Chromatography,True,train
j.fluid.2006.06.024.xml,2006,2,VQTUBCCKSQIDNK-UHFFFAOYSA-N,OKKJLVBELUTLKV-UHFFFAOYSA-N,2-methylpropene,methanol,393.3,6.0,1.791759469228055,Chromatography,True,train
j.fluid.2006.06.024.xml,2006,2,VQTUBCCKSQIDNK-UHFFFAOYSA-N,OKKJLVBELUTLKV-UHFFFAOYSA-N,2-methylpropene,methanol,412.5,5.4,1.6863989535702288,Chromatography,True,train
je060395n.xml,2007,71,VQTUBCCKSQIDNK-UHFFFAOYSA-N,PPBRXRYQALVLMV-UHFFFAOYSA-N,2-methylpropene,styrene,270.07,2.79,1.0260415958332745,calculated from henry's law constants,True,train
je060395n.xml,2007,71,VQTUBCCKSQIDNK-UHFFFAOYSA-N,PPBRXRYQALVLMV-UHFFFAOYSA-N,2-methylpropene,styrene,309.84,2.58,0.947789398933526,calculated from henry's law constants,True,train
je060395n.xml,2007,71,VQTUBCCKSQIDNK-UHFFFAOYSA-N,PPBRXRYQALVLMV-UHFFFAOYSA-N,2-methylpropene,styrene,329.99,2.52,0.924258901523332,calculated from henry's law constants,True,train
je100529s.xml,2010,11,VQTUBCCKSQIDNK-UHFFFAOYSA-N,QWVGKYWNOKOFNN-UHFFFAOYSA-N,2-methylpropene,2-methylphenol,299.99,4.11,1.4134230285081433,Gas Stripping Method,True,train
je100529s.xml,2010,11,VQTUBCCKSQIDNK-UHFFFAOYSA-N,QWVGKYWNOKOFNN-UHFFFAOYSA-N,2-methylpropene,2-methylphenol,309.99,3.98,1.3812818192963463,Gas Stripping Method,True,train
je100529s.xml,2010,11,VQTUBCCKSQIDNK-UHFFFAOYSA-N,QWVGKYWNOKOFNN-UHFFFAOYSA-N,2-methylpropene,2-methylphenol,319.99,3.84,1.3454723665996355,Gas Stripping Method,True,train
je100529s.xml,2010,11,VQTUBCCKSQIDNK-UHFFFAOYSA-N,QWVGKYWNOKOFNN-UHFFFAOYSA-N,2-methylpropene,2-methylphenol,329.99,3.7,1.308332819650179,Gas Stripping Method,True,train
je100529s.xml,2010,35,VQTUBCCKSQIDNK-UHFFFAOYSA-N,RLSSMJSEOOYNOY-UHFFFAOYSA-N,2-methylpropene,3-methylphenol,289.98,4.66,1.5390154481375546,Gas Stripping Method,True,train
je100529s.xml,2010,35,VQTUBCCKSQIDNK-UHFFFAOYSA-N,RLSSMJSEOOYNOY-UHFFFAOYSA-N,2-methylpropene,3-methylphenol,299.98,4.56,1.5173226235262949,Gas Stripping Method,True,train
je100529s.xml,2010,35,VQTUBCCKSQIDNK-UHFFFAOYSA-N,RLSSMJSEOOYNOY-UHFFFAOYSA-N,2-methylpropene,3-methylphenol,309.99,4.42,1.4861396960896067,Gas Stripping Method,True,train
je100529s.xml,2010,35,VQTUBCCKSQIDNK-UHFFFAOYSA-N,RLSSMJSEOOYNOY-UHFFFAOYSA-N,2-methylpropene,3-methylphenol,319.99,4.3,1.4586150226995167,Gas Stripping Method,True,train
je100529s.xml,2010,35,VQTUBCCKSQIDNK-UHFFFAOYSA-N,RLSSMJSEOOYNOY-UHFFFAOYSA-N,2-methylpropene,3-methylphenol,329.99,4.16,1.425515074273172,Gas Stripping Method,True,train
je060395n.xml,2007,61,VQTUBCCKSQIDNK-UHFFFAOYSA-N,UHOVQNZJYSORNB-UHFFFAOYSA-N,2-methylpropene,benzene,279.99,1.77,0.5709795465857378,calculated from henry's law constants,True,train
je060395n.xml,2007,61,VQTUBCCKSQIDNK-UHFFFAOYSA-N,UHOVQNZJYSORNB-UHFFFAOYSA-N,2-methylpropene,benzene,289.99,1.74,0.5538851132264376,calculated from henry's law constants,True,train
je060395n.xml,2007,61,VQTUBCCKSQIDNK-UHFFFAOYSA-N,UHOVQNZJYSORNB-UHFFFAOYSA-N,2-methylpropene,benzene,309.99,1.66,0.5068176023684519,calculated from henry's law constants,True,train
je060395n.xml,2007,61,VQTUBCCKSQIDNK-UHFFFAOYSA-N,UHOVQNZJYSORNB-UHFFFAOYSA-N,2-methylpropene,benzene,329.99,1.61,0.4762341789963717,calculated from henry's law constants,True,train
je060395n.xml,2007,69,VQTUBCCKSQIDNK-UHFFFAOYSA-N,URLKBWYHVLBVBO-UHFFFAOYSA-N,2-methylpropene,"1,4-dimethylbenzene",289.99,1.37,0.3148107398400336,calculated from henry's law constants,True,test_one
je060395n.xml,2007,69,VQTUBCCKSQIDNK-UHFFFAOYSA-N,URLKBWYHVLBVBO-UHFFFAOYSA-N,2-methylpropene,"1,4-dimethylbenzene",299.99,1.37,0.3148107398400336,calculated from henry's law constants,True,test_one
je060395n.xml,2007,69,VQTUBCCKSQIDNK-UHFFFAOYSA-N,URLKBWYHVLBVBO-UHFFFAOYSA-N,2-methylpropene,"1,4-dimethylbenzene",309.85,1.36,0.3074846997479607,calculated from henry's law constants,True,test_one
je060395n.xml,2007,69,VQTUBCCKSQIDNK-UHFFFAOYSA-N,URLKBWYHVLBVBO-UHFFFAOYSA-N,2-methylpropene,"1,4-dimethylbenzene",319.99,1.36,0.3074846997479607,calculated from henry's law constants,True,test_one
je060395n.xml,2007,69,VQTUBCCKSQIDNK-UHFFFAOYSA-N,URLKBWYHVLBVBO-UHFFFAOYSA-N,2-methylpropene,"1,4-dimethylbenzene",329.99,1.36,0.3074846997479607,calculated from henry's law constants,True,test_one
je060395n.xml,2007,63,VQTUBCCKSQIDNK-UHFFFAOYSA-N,YXFVVABEGXRONW-UHFFFAOYSA-N,2-methylpropene,toluene,270.0,1.52,0.418710334858185,calculated from henry's law constants,True,train
je060395n.xml,2007,63,VQTUBCCKSQIDNK-UHFFFAOYSA-N,YXFVVABEGXRONW-UHFFFAOYSA-N,2-methylpropene,toluene,289.98,1.49,0.3987761199573678,calculated from henry's law constants,True,train
je060395n.xml,2007,63,VQTUBCCKSQIDNK-UHFFFAOYSA-N,YXFVVABEGXRONW-UHFFFAOYSA-N,2-methylpropene,toluene,309.94,1.46,0.378436435720245,calculated from henry's law constants,True,train
je060395n.xml,2007,63,VQTUBCCKSQIDNK-UHFFFAOYSA-N,YXFVVABEGXRONW-UHFFFAOYSA-N,2-methylpropene,toluene,329.99,1.44,0.3646431135879092,calculated from henry's law constants,True,train
j.jct.2004.11.005.xml,2005,9,VXNZUUAINFGPBY-UHFFFAOYSA-N,AMQJEAYHLZJPGS-UHFFFAOYSA-N,1-butene,1-pentanol,269.99,2.87,1.0543120297715298,Other,True,test_both
j.jct.2004.11.005.xml,2005,9,VXNZUUAINFGPBY-UHFFFAOYSA-N,AMQJEAYHLZJPGS-UHFFFAOYSA-N,1-butene,1-pentanol,290.0,2.82,1.0367368849500225,Other,True,test_both
j.jct.2004.11.005.xml,2005,9,VXNZUUAINFGPBY-UHFFFAOYSA-N,AMQJEAYHLZJPGS-UHFFFAOYSA-N,1-butene,1-pentanol,310.0,2.78,1.0224509277025455,Other,True,test_both
j.jct.2004.11.005.xml,2005,9,VXNZUUAINFGPBY-UHFFFAOYSA-N,AMQJEAYHLZJPGS-UHFFFAOYSA-N,1-butene,1-pentanol,330.0,2.7,0.9932517730102834,Other,True,test_both
j.jct.2004.11.005.xml,2005,41,VXNZUUAINFGPBY-UHFFFAOYSA-N,AQIXEPGDORPWBJ-UHFFFAOYSA-N,1-butene,3-pentanol,259.96,3.27,1.184789984909162,Other,True,test_one
j.jct.2004.11.005.xml,2005,41,VXNZUUAINFGPBY-UHFFFAOYSA-N,AQIXEPGDORPWBJ-UHFFFAOYSA-N,1-butene,3-pentanol,270.02,3.16,1.1505720275988207,Other,True,test_one
j.jct.2004.11.005.xml,2005,41,VXNZUUAINFGPBY-UHFFFAOYSA-N,AQIXEPGDORPWBJ-UHFFFAOYSA-N,1-butene,3-pentanol,280.0,3.05,1.1151415906193205,Other,True,test_one
j.jct.2004.11.005.xml,2005,41,VXNZUUAINFGPBY-UHFFFAOYSA-N,AQIXEPGDORPWBJ-UHFFFAOYSA-N,1-butene,3-pentanol,290.0,2.96,1.085189268335969,Other,True,test_one
j.jct.2004.11.005.xml,2005,41,VXNZUUAINFGPBY-UHFFFAOYSA-N,AQIXEPGDORPWBJ-UHFFFAOYSA-N,1-butene,3-pentanol,300.0,2.86,1.0508216248317612,Other,True,test_one
j.jct.2004.11.005.xml,2005,41,VXNZUUAINFGPBY-UHFFFAOYSA-N,AQIXEPGDORPWBJ-UHFFFAOYSA-N,1-butene,3-pentanol,310.01,2.72,1.000631880307906,Other,True,test_one
j.jct.2004.11.005.xml,2005,41,VXNZUUAINFGPBY-UHFFFAOYSA-N,AQIXEPGDORPWBJ-UHFFFAOYSA-N,1-butene,3-pentanol,320.0,2.61,0.959350221334602,Other,True,test_one
j.jct.2004.11.005.xml,2005,41,VXNZUUAINFGPBY-UHFFFAOYSA-N,AQIXEPGDORPWBJ-UHFFFAOYSA-N,1-butene,3-pentanol,330.0,2.49,0.9122827104766164,Other,True,test_one
j.jct.2003.08.018.xml,2004,5,VXNZUUAINFGPBY-UHFFFAOYSA-N,BDERNNFJNOPAEC-UHFFFAOYSA-N,1-butene,1-propanol,260.03,4.13,1.4182774069729414,Chromatography,True,test_one
j.jct.2003.08.018.xml,2004,5,VXNZUUAINFGPBY-UHFFFAOYSA-N,BDERNNFJNOPAEC-UHFFFAOYSA-N,1-butene,1-propanol,280.04,4.12,1.415853163361435,Chromatography,True,test_one
j.jct.2003.08.018.xml,2004,5,VXNZUUAINFGPBY-UHFFFAOYSA-N,BDERNNFJNOPAEC-UHFFFAOYSA-N,1-butene,1-propanol,299.98,4.11,1.4134230285081433,Chromatography,True,test_one
j.jct.2003.08.018.xml,2004,5,VXNZUUAINFGPBY-UHFFFAOYSA-N,BDERNNFJNOPAEC-UHFFFAOYSA-N,1-butene,1-propanol,320.03,4.05,1.3987168811184478,Chromatography,True,test_one
j.jct.2003.08.018.xml,2004,5,VXNZUUAINFGPBY-UHFFFAOYSA-N,BDERNNFJNOPAEC-UHFFFAOYSA-N,1-butene,1-propanol,340.0,4.01,1.3887912413184778,Chromatography,True,test_one
je050343i.xml,2005,33,VXNZUUAINFGPBY-UHFFFAOYSA-N,CPJRRXSHAYUTGL-UHFFFAOYSA-N,1-butene,3-methyl-3-buten-1-ol,270.04,3.47,1.244154593958768,Chromatography,True,test_one
je050343i.xml,2005,33,VXNZUUAINFGPBY-UHFFFAOYSA-N,CPJRRXSHAYUTGL-UHFFFAOYSA-N,1-butene,3-methyl-3-buten-1-ol,289.99,3.4,1.2237754316221157,Chromatography,True,test_one
je050343i.xml,2005,33,VXNZUUAINFGPBY-UHFFFAOYSA-N,CPJRRXSHAYUTGL-UHFFFAOYSA-N,1-butene,3-methyl-3-buten-1-ol,309.99,3.28,1.1878434223960523,Chromatography,True,test_one
je050343i.xml,2005,33,VXNZUUAINFGPBY-UHFFFAOYSA-N,CPJRRXSHAYUTGL-UHFFFAOYSA-N,1-butene,3-methyl-3-buten-1-ol,330.0,3.13,1.1410330045520618,Chromatography,True,test_one
je060395n.xml,2007,53,VXNZUUAINFGPBY-UHFFFAOYSA-N,CTQNGGLPUBDAKN-UHFFFAOYSA-N,1-butene,"1,2-dimethylbenzene",270.13,1.55,0.4382549309311553,calculated from henry's law constants,True,test_one
je060395n.xml,2007,53,VXNZUUAINFGPBY-UHFFFAOYSA-N,CTQNGGLPUBDAKN-UHFFFAOYSA-N,1-butene,"1,2-dimethylbenzene",289.99,1.52,0.418710334858185,calculated from henry's law constants,True,test_one
je060395n.xml,2007,53,VXNZUUAINFGPBY-UHFFFAOYSA-N,CTQNGGLPUBDAKN-UHFFFAOYSA-N,1-butene,"1,2-dimethylbenzene",309.84,1.51,0.412109650826833,calculated from henry's law constants,True,test_one
je060395n.xml,2007,53,VXNZUUAINFGPBY-UHFFFAOYSA-N,CTQNGGLPUBDAKN-UHFFFAOYSA-N,1-butene,"1,2-dimethylbenzene",329.99,1.46,0.378436435720245,calculated from henry's law constants,True,test_one
je700270d.xml,2007,9,VXNZUUAINFGPBY-UHFFFAOYSA-N,DHXVGJBLRPWPCS-UHFFFAOYSA-N,1-butene,tetrahydropyran,250.06,1.39,0.3293037471426003,Gas Stripping Method,True,test_one
je700270d.xml,2007,9,VXNZUUAINFGPBY-UHFFFAOYSA-N,DHXVGJBLRPWPCS-UHFFFAOYSA-N,1-butene,tetrahydropyran,270.12,1.39,0.3293037471426003,Gas Stripping Method,True,test_one
je700270d.xml,2007,9,VXNZUUAINFGPBY-UHFFFAOYSA-N,DHXVGJBLRPWPCS-UHFFFAOYSA-N,1-butene,tetrahydropyran,289.97,1.38,0.3220834991691132,Gas Stripping Method,True,test_one
je700270d.xml,2007,9,VXNZUUAINFGPBY-UHFFFAOYSA-N,DHXVGJBLRPWPCS-UHFFFAOYSA-N,1-butene,tetrahydropyran,309.98,1.38,0.3220834991691132,Gas Stripping Method,True,test_one
je700270d.xml,2007,9,VXNZUUAINFGPBY-UHFFFAOYSA-N,DHXVGJBLRPWPCS-UHFFFAOYSA-N,1-butene,tetrahydropyran,329.97,1.38,0.3220834991691132,Gas Stripping Method,True,test_one
je050343i.xml,2005,9,VXNZUUAINFGPBY-UHFFFAOYSA-N,HNVRRHSXBLFLIG-UHFFFAOYSA-N,1-butene,"3-buten-2-ol, 2-methyl-",269.95,2.65,0.9745596399981308,Chromatography,True,test_one
je050343i.xml,2005,9,VXNZUUAINFGPBY-UHFFFAOYSA-N,HNVRRHSXBLFLIG-UHFFFAOYSA-N,1-butene,"3-buten-2-ol, 2-methyl-",289.99,2.52,0.924258901523332,Chromatography,True,test_one
je050343i.xml,2005,9,VXNZUUAINFGPBY-UHFFFAOYSA-N,HNVRRHSXBLFLIG-UHFFFAOYSA-N,1-butene,"3-buten-2-ol, 2-methyl-",309.99,2.37,0.8628899551470398,Chromatography,True,test_one
je050343i.xml,2005,9,VXNZUUAINFGPBY-UHFFFAOYSA-N,HNVRRHSXBLFLIG-UHFFFAOYSA-N,1-butene,"3-buten-2-ol, 2-methyl-",330.0,2.2,0.7884573603642703,Chromatography,True,test_one
je060395n.xml,2007,55,VXNZUUAINFGPBY-UHFFFAOYSA-N,IVSZLXZYQVIEFR-UHFFFAOYSA-N,1-butene,"1,3-dimethylbenzene",270.1,1.44,0.3646431135879092,calculated from henry's law constants,True,test_one
je060395n.xml,2007,55,VXNZUUAINFGPBY-UHFFFAOYSA-N,IVSZLXZYQVIEFR-UHFFFAOYSA-N,1-butene,"1,3-dimethylbenzene",289.99,1.43,0.3576744442718159,calculated from henry's law constants,True,test_one
je060395n.xml,2007,55,VXNZUUAINFGPBY-UHFFFAOYSA-N,IVSZLXZYQVIEFR-UHFFFAOYSA-N,1-butene,"1,3-dimethylbenzene",309.84,1.42,0.3506568716131693,calculated from henry's law constants,True,test_one
je060395n.xml,2007,55,VXNZUUAINFGPBY-UHFFFAOYSA-N,IVSZLXZYQVIEFR-UHFFFAOYSA-N,1-butene,"1,3-dimethylbenzene",329.99,1.38,0.3220834991691132,calculated from henry's law constants,True,test_one
je100529s.xml,2010,57,VXNZUUAINFGPBY-UHFFFAOYSA-N,IWDCLRJOBJJRNH-UHFFFAOYSA-N,1-butylene,4-methylphenol,309.99,4.66,1.5390154481375546,Gas Stripping Method,True,test_one
je100529s.xml,2010,57,VXNZUUAINFGPBY-UHFFFAOYSA-N,IWDCLRJOBJJRNH-UHFFFAOYSA-N,1-butylene,4-methylphenol,319.99,4.55,1.5151272329628591,Gas Stripping Method,True,test_one
je100529s.xml,2010,57,VXNZUUAINFGPBY-UHFFFAOYSA-N,IWDCLRJOBJJRNH-UHFFFAOYSA-N,1-butylene,4-methylphenol,329.99,4.4,1.4816045409242156,Gas Stripping Method,True,test_one
je100529s.xml,2010,57,VXNZUUAINFGPBY-UHFFFAOYSA-N,IWDCLRJOBJJRNH-UHFFFAOYSA-N,1-butylene,4-methylphenol,340.02,4.26,1.449269160281279,Gas Stripping Method,True,test_one
j.jct.2004.11.005.xml,2005,25,VXNZUUAINFGPBY-UHFFFAOYSA-N,JYVLIDXNZAXMDK-YFKPBYRVSA-N,1-butene,2-pentanol,269.99,3.03,1.1085626195212777,Other,True,test_one
j.jct.2004.11.005.xml,2005,25,VXNZUUAINFGPBY-UHFFFAOYSA-N,JYVLIDXNZAXMDK-YFKPBYRVSA-N,1-butene,2-pentanol,290.0,2.86,1.0508216248317612,Other,True,test_one
j.jct.2004.11.005.xml,2005,25,VXNZUUAINFGPBY-UHFFFAOYSA-N,JYVLIDXNZAXMDK-YFKPBYRVSA-N,1-butene,2-pentanol,310.0,2.69,0.9895411936137476,Other,True,test_one
j.jct.2004.11.005.xml,2005,25,VXNZUUAINFGPBY-UHFFFAOYSA-N,JYVLIDXNZAXMDK-YFKPBYRVSA-N,1-butene,2-pentanol,330.0,2.5,0.9162907318741552,Other,True,test_one
je0342116.xml,2004,8,VXNZUUAINFGPBY-UHFFFAOYSA-N,KFZMGEQAYNKOFK-UHFFFAOYSA-N,1-butene,2-propanol,270.03,4.4,1.4816045409242156,Chromatography,True,test_one
je0342116.xml,2004,8,VXNZUUAINFGPBY-UHFFFAOYSA-N,KFZMGEQAYNKOFK-UHFFFAOYSA-N,1-butene,2-propanol,290.0,4.3,1.4586150226995167,Chromatography,True,test_one
je0342116.xml,2004,8,VXNZUUAINFGPBY-UHFFFAOYSA-N,KFZMGEQAYNKOFK-UHFFFAOYSA-N,1-butene,2-propanol,310.0,4.1,1.410986973710262,Chromatography,True,test_one
je0342116.xml,2004,8,VXNZUUAINFGPBY-UHFFFAOYSA-N,KFZMGEQAYNKOFK-UHFFFAOYSA-N,1-butene,2-propanol,330.0,3.9,1.3609765531356006,Chromatography,True,test_one
je034265f.xml,2004,9,VXNZUUAINFGPBY-UHFFFAOYSA-N,LRHPLDYGYMQRHN-UHFFFAOYSA-N,1-butene,1-butanol,250.01,3.5,1.252762968495368,Other,True,test_one
je034265f.xml,2004,9,VXNZUUAINFGPBY-UHFFFAOYSA-N,LRHPLDYGYMQRHN-UHFFFAOYSA-N,1-butene,1-butanol,270.0,3.4,1.2237754316221157,Other,True,test_one
je034265f.xml,2004,9,VXNZUUAINFGPBY-UHFFFAOYSA-N,LRHPLDYGYMQRHN-UHFFFAOYSA-N,1-butene,1-butanol,290.01,3.4,1.2237754316221157,Other,True,test_one
je034265f.xml,2004,9,VXNZUUAINFGPBY-UHFFFAOYSA-N,LRHPLDYGYMQRHN-UHFFFAOYSA-N,1-butene,1-butanol,310.0,3.3,1.1939224684724346,Other,True,test_one
je034265f.xml,2004,9,VXNZUUAINFGPBY-UHFFFAOYSA-N,LRHPLDYGYMQRHN-UHFFFAOYSA-N,1-butene,1-butanol,330.0,3.2,1.1631508098056809,Other,True,test_one
j.fluid.2006.06.024.xml,2006,0,VXNZUUAINFGPBY-UHFFFAOYSA-N,OKKJLVBELUTLKV-UHFFFAOYSA-N,1-butene,methanol,374.0,7.0,1.9459101490553128,Chromatography,True,test_one
j.fluid.2006.06.024.xml,2006,0,VXNZUUAINFGPBY-UHFFFAOYSA-N,OKKJLVBELUTLKV-UHFFFAOYSA-N,1-butene,methanol,394.8,6.1,1.8082887711792652,Chromatography,True,test_one
j.fluid.2006.06.024.xml,2006,0,VXNZUUAINFGPBY-UHFFFAOYSA-N,OKKJLVBELUTLKV-UHFFFAOYSA-N,1-butene,methanol,412.5,5.6,1.7227665977411035,Chromatography,True,test_one
je060395n.xml,2007,59,VXNZUUAINFGPBY-UHFFFAOYSA-N,PPBRXRYQALVLMV-UHFFFAOYSA-N,1-butene,styrene,270.07,2.76,1.0152306797290584,calculated from henry's law constants,True,test_one
je060395n.xml,2007,59,VXNZUUAINFGPBY-UHFFFAOYSA-N,PPBRXRYQALVLMV-UHFFFAOYSA-N,1-butene,styrene,309.84,2.58,0.947789398933526,calculated from henry's law constants,True,test_one
je060395n.xml,2007,59,VXNZUUAINFGPBY-UHFFFAOYSA-N,PPBRXRYQALVLMV-UHFFFAOYSA-N,1-butene,styrene,329.99,2.52,0.924258901523332,calculated from henry's law constants,True,test_one
je100529s.xml,2010,9,VXNZUUAINFGPBY-UHFFFAOYSA-N,QWVGKYWNOKOFNN-UHFFFAOYSA-N,1-butylene,2-methylphenol,299.99,4.29,1.4562867329399256,Gas Stripping Method,True,test_one
je100529s.xml,2010,9,VXNZUUAINFGPBY-UHFFFAOYSA-N,QWVGKYWNOKOFNN-UHFFFAOYSA-N,1-butylene,2-methylphenol,309.99,4.15,1.423108334242607,Gas Stripping Method,True,test_one
je100529s.xml,2010,9,VXNZUUAINFGPBY-UHFFFAOYSA-N,QWVGKYWNOKOFNN-UHFFFAOYSA-N,1-butylene,2-methylphenol,319.99,4.03,1.3937663759585917,Gas Stripping Method,True,test_one
je100529s.xml,2010,9,VXNZUUAINFGPBY-UHFFFAOYSA-N,QWVGKYWNOKOFNN-UHFFFAOYSA-N,1-butylene,2-methylphenol,329.99,3.87,1.3532545070416904,Gas Stripping Method,True,test_one
je100529s.xml,2010,33,VXNZUUAINFGPBY-UHFFFAOYSA-N,RLSSMJSEOOYNOY-UHFFFAOYSA-N,1-butylene,3-methylphenol,289.98,4.86,1.5810384379124025,Gas Stripping Method,True,test_one
je100529s.xml,2010,33,VXNZUUAINFGPBY-UHFFFAOYSA-N,RLSSMJSEOOYNOY-UHFFFAOYSA-N,1-butylene,3-methylphenol,299.98,4.75,1.55814461804655,Gas Stripping Method,True,test_one
je100529s.xml,2010,33,VXNZUUAINFGPBY-UHFFFAOYSA-N,RLSSMJSEOOYNOY-UHFFFAOYSA-N,1-butylene,3-methylphenol,309.99,4.62,1.5303947050936475,Gas Stripping Method,True,test_one
je100529s.xml,2010,33,VXNZUUAINFGPBY-UHFFFAOYSA-N,RLSSMJSEOOYNOY-UHFFFAOYSA-N,1-butylene,3-methylphenol,319.99,4.48,1.4996230464268938,Gas Stripping Method,True,test_one
je100529s.xml,2010,33,VXNZUUAINFGPBY-UHFFFAOYSA-N,RLSSMJSEOOYNOY-UHFFFAOYSA-N,1-butylene,3-methylphenol,329.99,4.36,1.472472057360943,Gas Stripping Method,True,test_one
je060395n.xml,2007,49,VXNZUUAINFGPBY-UHFFFAOYSA-N,UHOVQNZJYSORNB-UHFFFAOYSA-N,1-butene,benzene,279.99,1.76,0.5653138090500605,calculated from henry's law constants,True,test_one
je060395n.xml,2007,49,VXNZUUAINFGPBY-UHFFFAOYSA-N,UHOVQNZJYSORNB-UHFFFAOYSA-N,1-butene,benzene,289.99,1.73,0.5481214085096876,calculated from henry's law constants,True,test_one
je060395n.xml,2007,49,VXNZUUAINFGPBY-UHFFFAOYSA-N,UHOVQNZJYSORNB-UHFFFAOYSA-N,1-butene,benzene,309.99,1.65,0.5007752879124892,calculated from henry's law constants,True,test_one
je060395n.xml,2007,49,VXNZUUAINFGPBY-UHFFFAOYSA-N,UHOVQNZJYSORNB-UHFFFAOYSA-N,1-butene,benzene,329.99,1.59,0.4637340162321402,calculated from henry's law constants,True,test_one
je060395n.xml,2007,57,VXNZUUAINFGPBY-UHFFFAOYSA-N,URLKBWYHVLBVBO-UHFFFAOYSA-N,1-butene,"1,4-dimethylbenzene",289.99,1.37,0.3148107398400336,calculated from henry's law constants,True,test_both
je060395n.xml,2007,57,VXNZUUAINFGPBY-UHFFFAOYSA-N,URLKBWYHVLBVBO-UHFFFAOYSA-N,1-butene,"1,4-dimethylbenzene",299.99,1.35,0.3001045924503381,calculated from henry's law constants,True,test_both
je060395n.xml,2007,57,VXNZUUAINFGPBY-UHFFFAOYSA-N,URLKBWYHVLBVBO-UHFFFAOYSA-N,1-butene,"1,4-dimethylbenzene",309.85,1.36,0.3074846997479607,calculated from henry's law constants,True,test_both
je060395n.xml,2007,57,VXNZUUAINFGPBY-UHFFFAOYSA-N,URLKBWYHVLBVBO-UHFFFAOYSA-N,1-butene,"1,4-dimethylbenzene",319.99,1.35,0.3001045924503381,calculated from henry's law constants,True,test_both
je060395n.xml,2007,57,VXNZUUAINFGPBY-UHFFFAOYSA-N,URLKBWYHVLBVBO-UHFFFAOYSA-N,1-butene,"1,4-dimethylbenzene",329.99,1.34,0.29266961396282,calculated from henry's law constants,True,test_both
je0502647.xml,2005,9,VXNZUUAINFGPBY-UHFFFAOYSA-N,XXROGKLTLUQVRX-UHFFFAOYSA-N,1-butene,2-propenol,270.01,5.85,1.766441661243765,gas stripping method,True,test_one
je0502647.xml,2005,9,VXNZUUAINFGPBY-UHFFFAOYSA-N,XXROGKLTLUQVRX-UHFFFAOYSA-N,1-butene,2-propenol,289.99,5.62,1.7263316639055997,gas stripping method,True,test_one
je0502647.xml,2005,9,VXNZUUAINFGPBY-UHFFFAOYSA-N,XXROGKLTLUQVRX-UHFFFAOYSA-N,1-butene,2-propenol,309.995,5.35,1.6770965609079151,gas stripping method,True,test_one
je0502647.xml,2005,9,VXNZUUAINFGPBY-UHFFFAOYSA-N,XXROGKLTLUQVRX-UHFFFAOYSA-N,1-butene,2-propenol,329.99,5.04,1.6174060820832772,gas stripping method,True,test_one
je060395n.xml,2007,51,VXNZUUAINFGPBY-UHFFFAOYSA-N,YXFVVABEGXRONW-UHFFFAOYSA-N,1-butene,toluene,270.0,1.5,0.4054651081081644,calculated from henry's law constants,True,test_one
je060395n.xml,2007,51,VXNZUUAINFGPBY-UHFFFAOYSA-N,YXFVVABEGXRONW-UHFFFAOYSA-N,1-butene,toluene,289.98,1.47,0.3852624007906449,calculated from henry's law constants,True,test_one
je060395n.xml,2007,51,VXNZUUAINFGPBY-UHFFFAOYSA-N,YXFVVABEGXRONW-UHFFFAOYSA-N,1-butene,toluene,309.94,1.44,0.3646431135879092,calculated from henry's law constants,True,test_one
je060395n.xml,2007,51,VXNZUUAINFGPBY-UHFFFAOYSA-N,YXFVVABEGXRONW-UHFFFAOYSA-N,1-butene,toluene,329.99,1.42,0.3506568716131693,calculated from henry's law constants,True,test_one
je1005517.xml,2011,33,VZGDMQKNWNREIO-UHFFFAOYSA-N,BTFJIXJJCSYFAL-UHFFFAOYSA-N,carbon tetrachloride,1-eicosanol,338.15,0.0862,-2.451085101312489,GC,True,test_one
je1005517.xml,2011,33,VZGDMQKNWNREIO-UHFFFAOYSA-N,BTFJIXJJCSYFAL-UHFFFAOYSA-N,carbon tetrachloride,1-eicosanol,343.15,0.081,-2.513306124309698,GC,True,test_one
je1005517.xml,2011,33,VZGDMQKNWNREIO-UHFFFAOYSA-N,BTFJIXJJCSYFAL-UHFFFAOYSA-N,carbon tetrachloride,1-eicosanol,348.15,0.076,-2.577021938695806,GC,True,test_one
je1005517.xml,2011,33,VZGDMQKNWNREIO-UHFFFAOYSA-N,BTFJIXJJCSYFAL-UHFFFAOYSA-N,carbon tetrachloride,1-eicosanol,353.15,0.0714,-2.639457409636598,GC,True,test_one
je1005517.xml,2011,11,VZGDMQKNWNREIO-UHFFFAOYSA-N,GLDOVTGHNKAZLK-UHFFFAOYSA-N,carbon tetrachloride,1-octadecanol,333.15,0.0288,-3.547379891840237,GC,True,test_one
je1005517.xml,2011,11,VZGDMQKNWNREIO-UHFFFAOYSA-N,GLDOVTGHNKAZLK-UHFFFAOYSA-N,carbon tetrachloride,1-octadecanol,338.15,0.0285,-3.5578511917075324,GC,True,test_one
je1005517.xml,2011,11,VZGDMQKNWNREIO-UHFFFAOYSA-N,GLDOVTGHNKAZLK-UHFFFAOYSA-N,carbon tetrachloride,1-octadecanol,343.15,0.0283,-3.564893474332945,GC,True,test_one
je1005517.xml,2011,11,VZGDMQKNWNREIO-UHFFFAOYSA-N,GLDOVTGHNKAZLK-UHFFFAOYSA-N,carbon tetrachloride,1-octadecanol,348.15,0.028,-3.575550768806933,GC,True,test_one
je1005517.xml,2011,11,VZGDMQKNWNREIO-UHFFFAOYSA-N,GLDOVTGHNKAZLK-UHFFFAOYSA-N,carbon tetrachloride,1-octadecanol,353.15,0.0278,-3.582719258285546,GC,True,test_one
je200628n.xml,2011,18,VZGDMQKNWNREIO-UHFFFAOYSA-N,PWGJDPKCLMLPJW-UHFFFAOYSA-N,carbon tetrachloride,"1,8-diaminooctane",328.15,2.065,0.7251302264129961,Chromatography,True,test_one
je200628n.xml,2011,18,VZGDMQKNWNREIO-UHFFFAOYSA-N,PWGJDPKCLMLPJW-UHFFFAOYSA-N,carbon tetrachloride,"1,8-diaminooctane",338.15,1.662,0.5080216964332565,Chromatography,True,test_one
je200628n.xml,2011,18,VZGDMQKNWNREIO-UHFFFAOYSA-N,PWGJDPKCLMLPJW-UHFFFAOYSA-N,carbon tetrachloride,"1,8-diaminooctane",343.15,1.509,0.4114471797857117,Chromatography,True,test_one
je200628n.xml,2011,18,VZGDMQKNWNREIO-UHFFFAOYSA-N,PWGJDPKCLMLPJW-UHFFFAOYSA-N,carbon tetrachloride,"1,8-diaminooctane",348.15,1.374,0.3177261938001576,Chromatography,True,test_one
je200628n.xml,2011,72,VZGDMQKNWNREIO-UHFFFAOYSA-N,QFTYSVGGYOXFRQ-UHFFFAOYSA-N,carbon tetrachloride,"1,12-diaminododecane",348.25,2.367,0.8616233305318469,Chromatography,False,test_one
je200628n.xml,2011,72,VZGDMQKNWNREIO-UHFFFAOYSA-N,QFTYSVGGYOXFRQ-UHFFFAOYSA-N,carbon tetrachloride,"1,12-diaminododecane",353.15,2.276,0.8224195162640844,Chromatography,False,test_one
je200628n.xml,2011,72,VZGDMQKNWNREIO-UHFFFAOYSA-N,QFTYSVGGYOXFRQ-UHFFFAOYSA-N,carbon tetrachloride,"1,12-diaminododecane",358.25,2.063,0.7241612340891148,Chromatography,False,test_one
je200628n.xml,2011,72,VZGDMQKNWNREIO-UHFFFAOYSA-N,QFTYSVGGYOXFRQ-UHFFFAOYSA-N,carbon tetrachloride,"1,12-diaminododecane",363.21,1.979,0.6825916666204287,Chromatography,False,test_one
je200628n.xml,2011,45,VZGDMQKNWNREIO-UHFFFAOYSA-N,YQLZOAVZWJBZSY-UHFFFAOYSA-N,carbon tetrachloride,"1,10-diaminodecane",338.2,2.25,0.8109302162163288,Chromatography,False,test_one
je200628n.xml,2011,45,VZGDMQKNWNREIO-UHFFFAOYSA-N,YQLZOAVZWJBZSY-UHFFFAOYSA-N,carbon tetrachloride,"1,10-diaminodecane",348.15,2.053,0.7193021380367964,Chromatography,False,test_one
je200628n.xml,2011,45,VZGDMQKNWNREIO-UHFFFAOYSA-N,YQLZOAVZWJBZSY-UHFFFAOYSA-N,carbon tetrachloride,"1,10-diaminodecane",353.22,1.976,0.681074599325676,Chromatography,False,test_one
j.fluid.2008.09.011.xml,2009,4,WEVYAHXRMPXWCK-UHFFFAOYSA-N,CCEFMUBVSUDRLG-UHFFFAOYSA-N,acetonitrile,"7-oxabicyclo[4.1.0]heptane, 1-methyl-4-(1-methylethenyl)-",298.15,1.74,0.5538851132264376,inert gas stripping,False,train
j.fluid.2016.10.009.xml,2017,11,WEVYAHXRMPXWCK-UHFFFAOYSA-N,JUJWROOIHBZHMG-UHFFFAOYSA-N,acetonitrile,pyridine,298.15,1.46,0.378436435720245,Other,True,train
j.fluid.2008.09.011.xml,2009,0,WEVYAHXRMPXWCK-UHFFFAOYSA-N,XLYOFNOQVPJJNP-UHFFFAOYSA-N,acetonitrile,water,298.15,12.04,2.488234439880675,inert gas stripping,True,train
j.fluid.2008.09.011.xml,2009,0,WEVYAHXRMPXWCK-UHFFFAOYSA-N,XLYOFNOQVPJJNP-UHFFFAOYSA-N,acetonitrile,water,298.15,11.81,2.468946630209271,inert gas stripping,True,train
j.fluid.2008.09.011.xml,2009,2,WEVYAHXRMPXWCK-UHFFFAOYSA-N,XMGQYMWWDOXHJM-JTQLQIEISA-N,acetonitrile,(R)-(+)-limonene,298.15,22.18,3.099190981922221,inert gas stripping,True,train
j.tca.2015.11.010.xml,2016,12,WJTCGQSWYFHTAC-UHFFFAOYSA-N,ATHHXGZTWNVVOU-UHFFFAOYSA-N,cyclooctane,N-methylformamide,298.15,42.3,3.744787086052232,Other,True,train
j.jct.2010.04.011.xml,2010,12,WJTCGQSWYFHTAC-UHFFFAOYSA-N,DCAYPVUWAIABOU-UHFFFAOYSA-N,cyclooctane,cetane,298.0,0.96,-0.0408219945202551,Chromatography,True,train
j.jct.2010.04.011.xml,2010,11,WJTCGQSWYFHTAC-UHFFFAOYSA-N,IAZDPXIOMUYVGZ-UHFFFAOYSA-N,cyclooctane,dimethyl sulfoxide,298.0,63.3,4.147885329150131,Chromatography,True,test_one
j.jct.2013.05.011.xml,2013,19,WJTCGQSWYFHTAC-UHFFFAOYSA-N,MTHSVFCYNBDYFN-UHFFFAOYSA-N,cyclooctane,diethylene glycol,333.2,70.67,4.258021154702763,Chromatography,True,test_one
j.jct.2013.05.011.xml,2013,19,WJTCGQSWYFHTAC-UHFFFAOYSA-N,MTHSVFCYNBDYFN-UHFFFAOYSA-N,cyclooctane,diethylene glycol,348.2,61.34,4.116432158686106,Chromatography,True,test_one
j.jct.2013.05.011.xml,2013,19,WJTCGQSWYFHTAC-UHFFFAOYSA-N,MTHSVFCYNBDYFN-UHFFFAOYSA-N,cyclooctane,diethylene glycol,363.2,52.21,3.955274047422461,Chromatography,True,test_one
j.jct.2013.02.006.xml,2013,40,WJTCGQSWYFHTAC-UHFFFAOYSA-N,SECXISVLQFMRJM-UHFFFAOYSA-N,cyclooctane,1-methylpyrrolidone,333.2,8.23,2.1077860146889784,Chromatography,True,train
j.jct.2013.02.006.xml,2013,40,WJTCGQSWYFHTAC-UHFFFAOYSA-N,SECXISVLQFMRJM-UHFFFAOYSA-N,cyclooctane,1-methylpyrrolidone,348.2,7.62,2.030776369698555,Chromatography,True,train
j.jct.2013.02.006.xml,2013,40,WJTCGQSWYFHTAC-UHFFFAOYSA-N,SECXISVLQFMRJM-UHFFFAOYSA-N,cyclooctane,1-methylpyrrolidone,363.2,6.06,1.801709800081223,Chromatography,True,train
j.jct.2014.06.006.xml,2014,21,WJTCGQSWYFHTAC-UHFFFAOYSA-N,XNWFRZJHXBZDAG-UHFFFAOYSA-N,cyclooctane,methyl cellosolve,298.0,20.1,3.0007198150650303,Chromatography,True,train
j.jct.2013.05.011.xml,2013,42,WJTCGQSWYFHTAC-UHFFFAOYSA-N,ZIBGPFATKBEMQZ-UHFFFAOYSA-N,cyclooctane,triethylene glycol,333.2,35.31,3.564166209940295,Chromatography,True,train
j.jct.2013.05.011.xml,2013,42,WJTCGQSWYFHTAC-UHFFFAOYSA-N,ZIBGPFATKBEMQZ-UHFFFAOYSA-N,cyclooctane,triethylene glycol,348.2,27.17,3.3021134234382563,Chromatography,True,train
j.jct.2013.05.011.xml,2013,42,WJTCGQSWYFHTAC-UHFFFAOYSA-N,ZIBGPFATKBEMQZ-UHFFFAOYSA-N,cyclooctane,triethylene glycol,363.2,23.89,3.173459961337718,Chromatography,True,train
j.fluid.2007.08.013.xml,2007,15,WNXJIVFYUVYPPR-UHFFFAOYSA-N,XLYOFNOQVPJJNP-UHFFFAOYSA-N,"1,3-dioxolane",water,273.35,8.13,2.0955609235597192,relative headspace analysis,True,test_one
j.fluid.2007.08.013.xml,2007,15,WNXJIVFYUVYPPR-UHFFFAOYSA-N,XLYOFNOQVPJJNP-UHFFFAOYSA-N,"1,3-dioxolane",water,278.15,8.48,2.137710449803812,relative headspace analysis,True,test_one
j.fluid.2007.08.013.xml,2007,15,WNXJIVFYUVYPPR-UHFFFAOYSA-N,XLYOFNOQVPJJNP-UHFFFAOYSA-N,"1,3-dioxolane",water,288.15,9.12,2.21046980408624,relative headspace analysis,True,test_one
j.fluid.2007.08.013.xml,2007,15,WNXJIVFYUVYPPR-UHFFFAOYSA-N,XLYOFNOQVPJJNP-UHFFFAOYSA-N,"1,3-dioxolane",water,298.15,9.71,2.2731562823032334,relative headspace analysis,True,test_one
j.fluid.2007.08.013.xml,2007,15,WNXJIVFYUVYPPR-UHFFFAOYSA-N,XLYOFNOQVPJJNP-UHFFFAOYSA-N,"1,3-dioxolane",water,308.15,10.2,2.322387720290225,relative headspace analysis,True,test_one
j.fluid.2007.08.013.xml,2007,14,WNXJIVFYUVYPPR-UHFFFAOYSA-N,XLYOFNOQVPJJNP-UHFFFAOYSA-N,"1,3-dioxolane",water,318.15,10.6,2.360854001118021,Chromatography,True,test_one
j.fluid.2007.08.013.xml,2007,14,WNXJIVFYUVYPPR-UHFFFAOYSA-N,XLYOFNOQVPJJNP-UHFFFAOYSA-N,"1,3-dioxolane",water,328.15,10.9,2.388762789235098,Chromatography,True,test_one
j.fluid.2007.08.013.xml,2007,13,WNXJIVFYUVYPPR-UHFFFAOYSA-N,XLYOFNOQVPJJNP-UHFFFAOYSA-N,"1,3-dioxolane",water,338.15,11.0,2.3978952727983707,non steady state GLC,True,test_one
j.fluid.2007.08.013.xml,2007,13,WNXJIVFYUVYPPR-UHFFFAOYSA-N,XLYOFNOQVPJJNP-UHFFFAOYSA-N,"1,3-dioxolane",water,338.15,11.4,2.4336133554004498,non steady state GLC,True,test_one
j.fluid.2007.08.013.xml,2007,12,WNXJIVFYUVYPPR-UHFFFAOYSA-N,XLYOFNOQVPJJNP-UHFFFAOYSA-N,"1,3-dioxolane",water,348.15,11.3,2.424802725718295,Rayleigh distillation,True,test_one
j.fluid.2007.08.013.xml,2007,11,WNXJIVFYUVYPPR-UHFFFAOYSA-N,XLYOFNOQVPJJNP-UHFFFAOYSA-N,"1,3-dioxolane",water,372.55,11.2,2.4159137783010487,circulation still,True,test_one
je050171p.xml,2005,1,WRMNZCZEMHIOCP-UHFFFAOYSA-N,XLYOFNOQVPJJNP-UHFFFAOYSA-N,2-phenylethanol,water,373.15,167.0,5.117993812416755,Differential ebulliometry,True,train
j.jct.2012.12.009.xml,2013,72,WSLDOOZREJYCGB-UHFFFAOYSA-N,DTOSIQBPPRVQHS-PDBXOOCHSA-N,"1,2-dichloroethane","9,12,15-octadecatrienoic acid",303.13,1.053,0.0516432331518383,Chromatography,True,train
j.jct.2012.12.009.xml,2013,72,WSLDOOZREJYCGB-UHFFFAOYSA-N,DTOSIQBPPRVQHS-PDBXOOCHSA-N,"1,2-dichloroethane","9,12,15-octadecatrienoic acid",313.24,1.035,0.0344014267173323,Chromatography,True,train
j.jct.2012.12.009.xml,2013,72,WSLDOOZREJYCGB-UHFFFAOYSA-N,DTOSIQBPPRVQHS-PDBXOOCHSA-N,"1,2-dichloroethane","9,12,15-octadecatrienoic acid",313.25,1.02,0.0198026272961797,Chromatography,True,train
j.jct.2012.12.009.xml,2013,72,WSLDOOZREJYCGB-UHFFFAOYSA-N,DTOSIQBPPRVQHS-PDBXOOCHSA-N,"1,2-dichloroethane","9,12,15-octadecatrienoic acid",323.26,0.996,-0.0040080213975388,Chromatography,True,train
j.jct.2012.12.009.xml,2013,56,WSLDOOZREJYCGB-UHFFFAOYSA-N,OYHQOLUKZRVURQ-HZJYTTRNSA-N,"1,2-dichloroethane",linoleic acid,338.28,1.048,0.0468835858988504,Chromatography,True,train
j.jct.2012.12.009.xml,2013,56,WSLDOOZREJYCGB-UHFFFAOYSA-N,OYHQOLUKZRVURQ-HZJYTTRNSA-N,"1,2-dichloroethane",linoleic acid,338.28,1.057,0.0554347068881005,Chromatography,True,train
j.jct.2012.12.009.xml,2013,56,WSLDOOZREJYCGB-UHFFFAOYSA-N,OYHQOLUKZRVURQ-HZJYTTRNSA-N,"1,2-dichloroethane",linoleic acid,348.31,1.055,0.0535407669280297,Chromatography,True,train
j.jct.2012.12.009.xml,2013,56,WSLDOOZREJYCGB-UHFFFAOYSA-N,OYHQOLUKZRVURQ-HZJYTTRNSA-N,"1,2-dichloroethane",linoleic acid,348.28,1.082,0.0788111804242898,Chromatography,True,train
j.jct.2012.12.009.xml,2013,56,WSLDOOZREJYCGB-UHFFFAOYSA-N,OYHQOLUKZRVURQ-HZJYTTRNSA-N,"1,2-dichloroethane",linoleic acid,358.3,1.112,0.1061601958283907,Chromatography,True,train
j.jct.2012.12.009.xml,2013,16,WSLDOOZREJYCGB-UHFFFAOYSA-N,QIQXTHQIDYTFRH-UHFFFAOYSA-N,"1,2-dichloroethane",n-octadecanoic acid,349.47,1.157,0.1458304482115395,Chromatography,True,train
j.jct.2012.12.009.xml,2013,16,WSLDOOZREJYCGB-UHFFFAOYSA-N,QIQXTHQIDYTFRH-UHFFFAOYSA-N,"1,2-dichloroethane",n-octadecanoic acid,349.48,1.142,0.1327811112338184,Chromatography,True,train
j.jct.2012.12.009.xml,2013,16,WSLDOOZREJYCGB-UHFFFAOYSA-N,QIQXTHQIDYTFRH-UHFFFAOYSA-N,"1,2-dichloroethane",n-octadecanoic acid,358.39,1.102,0.0971267107307228,Chromatography,True,train
j.jct.2012.12.009.xml,2013,16,WSLDOOZREJYCGB-UHFFFAOYSA-N,QIQXTHQIDYTFRH-UHFFFAOYSA-N,"1,2-dichloroethane",n-octadecanoic acid,358.4,1.121,0.1142211440900228,Chromatography,True,train
j.jct.2012.12.009.xml,2013,16,WSLDOOZREJYCGB-UHFFFAOYSA-N,QIQXTHQIDYTFRH-UHFFFAOYSA-N,"1,2-dichloroethane",n-octadecanoic acid,368.19,1.096,0.0916671885258238,Chromatography,True,train
j.jct.2012.12.009.xml,2013,16,WSLDOOZREJYCGB-UHFFFAOYSA-N,QIQXTHQIDYTFRH-UHFFFAOYSA-N,"1,2-dichloroethane",n-octadecanoic acid,368.13,1.062,0.0601539228197471,Chromatography,True,train
je1005517.xml,2011,35,WYURNTSHIVDZCO-UHFFFAOYSA-N,BTFJIXJJCSYFAL-UHFFFAOYSA-N,tetramethylene oxide,1-eicosanol,338.15,0.0581,-2.8455896151242714,GC,True,train
je1005517.xml,2011,35,WYURNTSHIVDZCO-UHFFFAOYSA-N,BTFJIXJJCSYFAL-UHFFFAOYSA-N,tetramethylene oxide,1-eicosanol,343.15,0.0543,-2.913231052042247,GC,True,train
je1005517.xml,2011,35,WYURNTSHIVDZCO-UHFFFAOYSA-N,BTFJIXJJCSYFAL-UHFFFAOYSA-N,tetramethylene oxide,1-eicosanol,348.15,0.0506,-2.9838037026887174,GC,True,train
je1005517.xml,2011,35,WYURNTSHIVDZCO-UHFFFAOYSA-N,BTFJIXJJCSYFAL-UHFFFAOYSA-N,tetramethylene oxide,1-eicosanol,353.15,0.0471,-3.055482277959765,GC,True,train
je1005517.xml,2011,13,WYURNTSHIVDZCO-UHFFFAOYSA-N,GLDOVTGHNKAZLK-UHFFFAOYSA-N,tetramethylene oxide,1-octadecanol,333.15,0.0204,-3.892220378131966,GC,True,train
je1005517.xml,2011,13,WYURNTSHIVDZCO-UHFFFAOYSA-N,GLDOVTGHNKAZLK-UHFFFAOYSA-N,tetramethylene oxide,1-octadecanol,338.15,0.0188,-3.9738984091462335,GC,True,train
je1005517.xml,2011,13,WYURNTSHIVDZCO-UHFFFAOYSA-N,GLDOVTGHNKAZLK-UHFFFAOYSA-N,tetramethylene oxide,1-octadecanol,343.15,0.0177,-4.034190639402354,GC,True,train
je1005517.xml,2011,13,WYURNTSHIVDZCO-UHFFFAOYSA-N,GLDOVTGHNKAZLK-UHFFFAOYSA-N,tetramethylene oxide,1-octadecanol,348.15,0.0166,-4.098352583619639,GC,True,train
je1005517.xml,2011,13,WYURNTSHIVDZCO-UHFFFAOYSA-N,GLDOVTGHNKAZLK-UHFFFAOYSA-N,tetramethylene oxide,1-octadecanol,353.15,0.0156,-4.160484364726646,GC,True,train
j.fluid.2016.10.009.xml,2017,16,WYURNTSHIVDZCO-UHFFFAOYSA-N,JUJWROOIHBZHMG-UHFFFAOYSA-N,tetrahydrofuran,pyridine,298.15,0.93,-0.0725706928348353,Other,True,train
j.fluid.2007.08.013.xml,2007,1,WYURNTSHIVDZCO-UHFFFAOYSA-N,XLYOFNOQVPJJNP-UHFFFAOYSA-N,tetrahydrofuran,water,273.35,9.74,2.276241117654444,classical headspace analysis,True,train
j.fluid.2007.08.013.xml,2007,1,WYURNTSHIVDZCO-UHFFFAOYSA-N,XLYOFNOQVPJJNP-UHFFFAOYSA-N,tetrahydrofuran,water,278.15,11.1,2.4069451083182885,classical headspace analysis,True,train
j.fluid.2007.08.013.xml,2007,2,WYURNTSHIVDZCO-UHFFFAOYSA-N,XLYOFNOQVPJJNP-UHFFFAOYSA-N,tetrahydrofuran,water,288.15,14.3,2.660259537265861,Chromatography,True,train
j.fluid.2007.08.013.xml,2007,2,WYURNTSHIVDZCO-UHFFFAOYSA-N,XLYOFNOQVPJJNP-UHFFFAOYSA-N,tetrahydrofuran,water,298.15,17.6,2.8678989020441064,Chromatography,True,train
j.fluid.2007.08.013.xml,2007,2,WYURNTSHIVDZCO-UHFFFAOYSA-N,XLYOFNOQVPJJNP-UHFFFAOYSA-N,tetrahydrofuran,water,308.15,20.6,3.025291075795536,Chromatography,True,train
j.fluid.2007.08.013.xml,2007,2,WYURNTSHIVDZCO-UHFFFAOYSA-N,XLYOFNOQVPJJNP-UHFFFAOYSA-N,tetrahydrofuran,water,318.15,24.0,3.1780538303479458,Chromatography,True,train
j.fluid.2007.08.013.xml,2007,3,WYURNTSHIVDZCO-UHFFFAOYSA-N,XLYOFNOQVPJJNP-UHFFFAOYSA-N,tetrahydrofuran,water,328.15,26.8,3.288401887516811,non steady state GLC,True,train
j.fluid.2007.08.013.xml,2007,3,WYURNTSHIVDZCO-UHFFFAOYSA-N,XLYOFNOQVPJJNP-UHFFFAOYSA-N,tetrahydrofuran,water,328.15,28.1,3.3357695763397,non steady state GLC,True,train
je1005517.xml,2011,41,XDTMQSROBMDMFD-UHFFFAOYSA-N,BTFJIXJJCSYFAL-UHFFFAOYSA-N,cyclohexane,1-eicosanol,338.15,0.108,-2.2256240518579173,GC,True,train
je1005517.xml,2011,41,XDTMQSROBMDMFD-UHFFFAOYSA-N,BTFJIXJJCSYFAL-UHFFFAOYSA-N,cyclohexane,1-eicosanol,343.15,0.1022,-2.280823601212533,GC,True,train
je1005517.xml,2011,41,XDTMQSROBMDMFD-UHFFFAOYSA-N,BTFJIXJJCSYFAL-UHFFFAOYSA-N,cyclohexane,1-eicosanol,348.15,0.0969,-2.3340757600854163,GC,True,train
je1005517.xml,2011,41,XDTMQSROBMDMFD-UHFFFAOYSA-N,BTFJIXJJCSYFAL-UHFFFAOYSA-N,cyclohexane,1-eicosanol,353.15,0.0918,-2.388142981355692,GC,True,train
je020195l.xml,2003,4,XDTMQSROBMDMFD-UHFFFAOYSA-N,DHKHKXVYLBGOIT-UHFFFAOYSA-N,cyclohexane,"1,1-diethoxyethane",293.08,1.76,0.5653138090500605,Other,True,test_one
je020195l.xml,2003,4,XDTMQSROBMDMFD-UHFFFAOYSA-N,DHKHKXVYLBGOIT-UHFFFAOYSA-N,cyclohexane,"1,1-diethoxyethane",303.18,1.72,0.5423242908253617,Other,True,test_one
je020195l.xml,2003,4,XDTMQSROBMDMFD-UHFFFAOYSA-N,DHKHKXVYLBGOIT-UHFFFAOYSA-N,cyclohexane,"1,1-diethoxyethane",313.12,1.67,0.5128236264286637,Other,True,test_one
je020195l.xml,2003,4,XDTMQSROBMDMFD-UHFFFAOYSA-N,DHKHKXVYLBGOIT-UHFFFAOYSA-N,cyclohexane,"1,1-diethoxyethane",323.14,1.64,0.494696241836107,Other,True,test_one
j.jct.2012.12.009.xml,2013,66,XDTMQSROBMDMFD-UHFFFAOYSA-N,DTOSIQBPPRVQHS-PDBXOOCHSA-N,cyclohexane,"9,12,15-octadecatrienoic acid",303.13,2.356,0.8569652657893402,Chromatography,True,train
j.jct.2012.12.009.xml,2013,66,XDTMQSROBMDMFD-UHFFFAOYSA-N,DTOSIQBPPRVQHS-PDBXOOCHSA-N,cyclohexane,"9,12,15-octadecatrienoic acid",313.24,1.913,0.6486726904581158,Chromatography,True,train
j.jct.2012.12.009.xml,2013,66,XDTMQSROBMDMFD-UHFFFAOYSA-N,DTOSIQBPPRVQHS-PDBXOOCHSA-N,cyclohexane,"9,12,15-octadecatrienoic acid",313.25,1.88,0.6312717768418578,Chromatography,True,train
j.jct.2012.12.009.xml,2013,66,XDTMQSROBMDMFD-UHFFFAOYSA-N,DTOSIQBPPRVQHS-PDBXOOCHSA-N,cyclohexane,"9,12,15-octadecatrienoic acid",323.26,2.041,0.7134398838277077,Chromatography,True,train
j.jct.2012.06.009.xml,2012,5,XDTMQSROBMDMFD-UHFFFAOYSA-N,GHVNFZFCNZKVNT-UHFFFAOYSA-N,cyclohexane,capric acid,314.1,1.436,0.3618614706260324,Chromatography,True,train
j.jct.2012.06.009.xml,2012,5,XDTMQSROBMDMFD-UHFFFAOYSA-N,GHVNFZFCNZKVNT-UHFFFAOYSA-N,cyclohexane,capric acid,314.24,1.461,0.3791211327685624,Chromatography,True,train
j.jct.2012.06.009.xml,2012,5,XDTMQSROBMDMFD-UHFFFAOYSA-N,GHVNFZFCNZKVNT-UHFFFAOYSA-N,cyclohexane,capric acid,333.26,1.386,0.3264219007677114,Chromatography,True,train
j.jct.2012.06.009.xml,2012,5,XDTMQSROBMDMFD-UHFFFAOYSA-N,GHVNFZFCNZKVNT-UHFFFAOYSA-N,cyclohexane,capric acid,333.38,1.391,0.3300229129413058,Chromatography,True,train
j.jct.2012.06.009.xml,2012,5,XDTMQSROBMDMFD-UHFFFAOYSA-N,GHVNFZFCNZKVNT-UHFFFAOYSA-N,cyclohexane,capric acid,353.25,1.352,0.3015849776207724,Chromatography,True,train
j.jct.2012.06.009.xml,2012,5,XDTMQSROBMDMFD-UHFFFAOYSA-N,GHVNFZFCNZKVNT-UHFFFAOYSA-N,cyclohexane,capric acid,353.3,1.309,0.2692634869277628,Chromatography,True,train
je1005517.xml,2011,19,XDTMQSROBMDMFD-UHFFFAOYSA-N,GLDOVTGHNKAZLK-UHFFFAOYSA-N,cyclohexane,1-octadecanol,333.15,0.0365,-3.3104430183936917,GC,True,train
je1005517.xml,2011,19,XDTMQSROBMDMFD-UHFFFAOYSA-N,GLDOVTGHNKAZLK-UHFFFAOYSA-N,cyclohexane,1-octadecanol,338.15,0.0337,-3.390257441623821,GC,True,train
je1005517.xml,2011,19,XDTMQSROBMDMFD-UHFFFAOYSA-N,GLDOVTGHNKAZLK-UHFFFAOYSA-N,cyclohexane,1-octadecanol,343.15,0.0315,-3.4577677331505496,GC,True,train
je1005517.xml,2011,19,XDTMQSROBMDMFD-UHFFFAOYSA-N,GLDOVTGHNKAZLK-UHFFFAOYSA-N,cyclohexane,1-octadecanol,348.15,0.0294,-3.5267606046375013,GC,True,train
je1005517.xml,2011,19,XDTMQSROBMDMFD-UHFFFAOYSA-N,GLDOVTGHNKAZLK-UHFFFAOYSA-N,cyclohexane,1-octadecanol,353.15,0.0274,-3.5972122655881127,GC,True,train
j.jct.2012.01.016.xml,2012,4,XDTMQSROBMDMFD-UHFFFAOYSA-N,HYBBIBNJHNGZAN-UHFFFAOYSA-N,cyclohexane,2-furaldehyde,298.15,15.7,2.7536607123542622,Headspace solid phase microextraction,True,test_one
j.jct.2012.01.016.xml,2012,4,XDTMQSROBMDMFD-UHFFFAOYSA-N,HYBBIBNJHNGZAN-UHFFFAOYSA-N,cyclohexane,2-furaldehyde,298.15,15.5,2.740840023925201,Headspace solid phase microextraction,True,test_one
j.jct.2012.01.016.xml,2012,4,XDTMQSROBMDMFD-UHFFFAOYSA-N,HYBBIBNJHNGZAN-UHFFFAOYSA-N,cyclohexane,2-furaldehyde,308.15,13.5,2.602689685444384,Headspace solid phase microextraction,True,test_one
j.jct.2012.01.016.xml,2012,4,XDTMQSROBMDMFD-UHFFFAOYSA-N,HYBBIBNJHNGZAN-UHFFFAOYSA-N,cyclohexane,2-furaldehyde,308.15,12.9,2.5572273113676265,Headspace solid phase microextraction,True,test_one
j.jct.2012.01.016.xml,2012,4,XDTMQSROBMDMFD-UHFFFAOYSA-N,HYBBIBNJHNGZAN-UHFFFAOYSA-N,cyclohexane,2-furaldehyde,318.15,12.0,2.4849066497880004,Headspace solid phase microextraction,True,test_one
j.jct.2012.01.016.xml,2012,4,XDTMQSROBMDMFD-UHFFFAOYSA-N,HYBBIBNJHNGZAN-UHFFFAOYSA-N,cyclohexane,2-furaldehyde,318.15,10.9,2.388762789235098,Headspace solid phase microextraction,True,test_one
je030122h.xml,2003,37,XDTMQSROBMDMFD-UHFFFAOYSA-N,IAZDPXIOMUYVGZ-UHFFFAOYSA-N,cyclohexane,methyl sulfoxide,298.15,43.1,3.763522997109702,Chromatography,True,test_one
j.jct.2012.06.009.xml,2012,69,XDTMQSROBMDMFD-UHFFFAOYSA-N,IPCSVZSSVZVIGE-UHFFFAOYSA-N,cyclohexane,hexadecanoic acid,340.19,1.031,0.0305292050348227,Chromatography,True,train
j.jct.2012.06.009.xml,2012,69,XDTMQSROBMDMFD-UHFFFAOYSA-N,IPCSVZSSVZVIGE-UHFFFAOYSA-N,cyclohexane,hexadecanoic acid,348.01,1.022,0.0217614917815127,Chromatography,True,train
j.jct.2012.06.009.xml,2012,69,XDTMQSROBMDMFD-UHFFFAOYSA-N,IPCSVZSSVZVIGE-UHFFFAOYSA-N,cyclohexane,hexadecanoic acid,358.22,1.011,0.0109399400383342,Chromatography,True,train
j.jct.2016.10.013.xml,2017,15,XDTMQSROBMDMFD-UHFFFAOYSA-N,LYCAIKOWRPUZTN-UHFFFAOYSA-N,cyclohexane,ethylene glycol,303.15,270.0,5.598421958998375,Other,True,train
j.jct.2016.10.013.xml,2017,15,XDTMQSROBMDMFD-UHFFFAOYSA-N,LYCAIKOWRPUZTN-UHFFFAOYSA-N,cyclohexane,ethylene glycol,313.15,238.0,5.472270673671475,Other,True,train
j.jct.2016.10.013.xml,2017,15,XDTMQSROBMDMFD-UHFFFAOYSA-N,LYCAIKOWRPUZTN-UHFFFAOYSA-N,cyclohexane,ethylene glycol,323.15,212.0,5.356586274672012,Other,True,train
j.jct.2016.10.013.xml,2017,26,XDTMQSROBMDMFD-UHFFFAOYSA-N,MTHSVFCYNBDYFN-UHFFFAOYSA-N,cyclohexane,diethylene glycol,304.15,50.6,3.92395157629342,Other,True,test_one
j.jct.2016.10.013.xml,2017,26,XDTMQSROBMDMFD-UHFFFAOYSA-N,MTHSVFCYNBDYFN-UHFFFAOYSA-N,cyclohexane,diethylene glycol,313.15,46.7,3.843744164674852,Other,True,test_one
j.jct.2016.10.013.xml,2017,26,XDTMQSROBMDMFD-UHFFFAOYSA-N,MTHSVFCYNBDYFN-UHFFFAOYSA-N,cyclohexane,diethylene glycol,323.15,43.5,3.7727609380946383,Other,True,test_one
j.jct.2013.05.011.xml,2013,17,XDTMQSROBMDMFD-UHFFFAOYSA-N,MTHSVFCYNBDYFN-UHFFFAOYSA-N,cyclohexane,diethylene glycol,333.2,42.74,3.755135249891002,Chromatography,True,test_one
j.jct.2013.05.011.xml,2013,17,XDTMQSROBMDMFD-UHFFFAOYSA-N,MTHSVFCYNBDYFN-UHFFFAOYSA-N,cyclohexane,diethylene glycol,348.2,39.19,3.66842161221154,Chromatography,True,test_one
j.jct.2013.05.011.xml,2013,17,XDTMQSROBMDMFD-UHFFFAOYSA-N,MTHSVFCYNBDYFN-UHFFFAOYSA-N,cyclohexane,diethylene glycol,363.2,34.88,3.551913599040779,Chromatography,True,test_one
j.jct.2012.12.009.xml,2013,46,XDTMQSROBMDMFD-UHFFFAOYSA-N,OYHQOLUKZRVURQ-HZJYTTRNSA-N,cyclohexane,linoleic acid,338.28,1.493,0.4007875185570534,Chromatography,True,train
j.jct.2012.12.009.xml,2013,46,XDTMQSROBMDMFD-UHFFFAOYSA-N,OYHQOLUKZRVURQ-HZJYTTRNSA-N,cyclohexane,linoleic acid,338.28,1.486,0.3960879462955674,Chromatography,True,train
j.jct.2012.12.009.xml,2013,46,XDTMQSROBMDMFD-UHFFFAOYSA-N,OYHQOLUKZRVURQ-HZJYTTRNSA-N,cyclohexane,linoleic acid,348.31,1.709,0.5359084041334539,Chromatography,True,train
j.jct.2012.12.009.xml,2013,46,XDTMQSROBMDMFD-UHFFFAOYSA-N,OYHQOLUKZRVURQ-HZJYTTRNSA-N,cyclohexane,linoleic acid,348.28,1.704,0.532978428407124,Chromatography,True,train
j.jct.2012.12.009.xml,2013,46,XDTMQSROBMDMFD-UHFFFAOYSA-N,OYHQOLUKZRVURQ-HZJYTTRNSA-N,cyclohexane,linoleic acid,358.3,2.026,0.7060634058264915,Chromatography,True,train
je900686n.xml,2010,5,XDTMQSROBMDMFD-UHFFFAOYSA-N,PEDCQBHIVMGVHV-UHFFFAOYSA-N,cyclohexane,glycerol,303.15,231.9,5.446306244261486,Chromatography,True,test_one
je900686n.xml,2010,5,XDTMQSROBMDMFD-UHFFFAOYSA-N,PEDCQBHIVMGVHV-UHFFFAOYSA-N,cyclohexane,glycerol,313.15,204.42,5.32017670090093,Chromatography,True,test_one
je900686n.xml,2010,5,XDTMQSROBMDMFD-UHFFFAOYSA-N,PEDCQBHIVMGVHV-UHFFFAOYSA-N,cyclohexane,glycerol,323.15,180.92,5.198054944609642,Chromatography,True,test_one
je900686n.xml,2010,5,XDTMQSROBMDMFD-UHFFFAOYSA-N,PEDCQBHIVMGVHV-UHFFFAOYSA-N,cyclohexane,glycerol,333.15,165.78,5.11066160816338,Chromatography,True,test_one
je900686n.xml,2010,5,XDTMQSROBMDMFD-UHFFFAOYSA-N,PEDCQBHIVMGVHV-UHFFFAOYSA-N,cyclohexane,glycerol,343.15,145.46,4.979901134726394,Chromatography,True,test_one
j.jct.2012.06.009.xml,2012,26,XDTMQSROBMDMFD-UHFFFAOYSA-N,POULHZVOKOAJMA-UHFFFAOYSA-N,cyclohexane,lauric acid,314.1,1.287,0.2523139286139895,Chromatography,True,train
j.jct.2012.06.009.xml,2012,26,XDTMQSROBMDMFD-UHFFFAOYSA-N,POULHZVOKOAJMA-UHFFFAOYSA-N,cyclohexane,lauric acid,314.24,1.281,0.2476410229145971,Chromatography,True,train
j.jct.2012.06.009.xml,2012,26,XDTMQSROBMDMFD-UHFFFAOYSA-N,POULHZVOKOAJMA-UHFFFAOYSA-N,cyclohexane,lauric acid,333.38,1.253,0.2255406759139311,Chromatography,True,train
j.jct.2012.06.009.xml,2012,26,XDTMQSROBMDMFD-UHFFFAOYSA-N,POULHZVOKOAJMA-UHFFFAOYSA-N,cyclohexane,lauric acid,353.25,1.201,0.1831545430978465,Chromatography,True,train
j.jct.2012.06.009.xml,2012,26,XDTMQSROBMDMFD-UHFFFAOYSA-N,POULHZVOKOAJMA-UHFFFAOYSA-N,cyclohexane,lauric acid,353.3,1.204,0.1856493468866292,Chromatography,True,train
j.jct.2012.12.009.xml,2013,5,XDTMQSROBMDMFD-UHFFFAOYSA-N,QIQXTHQIDYTFRH-UHFFFAOYSA-N,cyclohexane,n-octadecanoic acid,349.47,0.985,-0.0151136378100481,Chromatography,True,train
j.jct.2012.12.009.xml,2013,5,XDTMQSROBMDMFD-UHFFFAOYSA-N,QIQXTHQIDYTFRH-UHFFFAOYSA-N,cyclohexane,n-octadecanoic acid,358.4,0.968,-0.03252319170556,Chromatography,True,train
j.jct.2012.12.009.xml,2013,5,XDTMQSROBMDMFD-UHFFFAOYSA-N,QIQXTHQIDYTFRH-UHFFFAOYSA-N,cyclohexane,n-octadecanoic acid,368.19,0.959,-0.0418642040986988,Chromatography,True,train
j.jct.2013.02.006.xml,2013,38,XDTMQSROBMDMFD-UHFFFAOYSA-N,SECXISVLQFMRJM-UHFFFAOYSA-N,cyclohexane,1-methylpyrrolidone,333.2,6.32,1.843719208158766,Chromatography,True,train
j.jct.2013.02.006.xml,2013,38,XDTMQSROBMDMFD-UHFFFAOYSA-N,SECXISVLQFMRJM-UHFFFAOYSA-N,cyclohexane,1-methylpyrrolidone,348.2,5.83,1.763017000362401,Chromatography,True,train
j.jct.2013.02.006.xml,2013,38,XDTMQSROBMDMFD-UHFFFAOYSA-N,SECXISVLQFMRJM-UHFFFAOYSA-N,cyclohexane,1-methylpyrrolidone,363.2,5.41,1.6882490928583902,Chromatography,True,train
j.jct.2012.06.009.xml,2012,48,XDTMQSROBMDMFD-UHFFFAOYSA-N,TUNFSRHWOTWDNC-UHFFFAOYSA-N,cyclohexane,tetradecanoic acid,314.1,1.091,0.0870947068509337,Chromatography,True,train
j.jct.2012.06.009.xml,2012,48,XDTMQSROBMDMFD-UHFFFAOYSA-N,TUNFSRHWOTWDNC-UHFFFAOYSA-N,cyclohexane,tetradecanoic acid,314.24,1.089,0.0852598439508234,Chromatography,True,train
j.jct.2012.06.009.xml,2012,48,XDTMQSROBMDMFD-UHFFFAOYSA-N,TUNFSRHWOTWDNC-UHFFFAOYSA-N,cyclohexane,tetradecanoic acid,333.38,1.066,0.0639133257436528,Chromatography,True,train
j.jct.2012.06.009.xml,2012,48,XDTMQSROBMDMFD-UHFFFAOYSA-N,TUNFSRHWOTWDNC-UHFFFAOYSA-N,cyclohexane,tetradecanoic acid,353.25,1.047,0.0459289318883997,Chromatography,True,train
j.jct.2012.06.009.xml,2012,48,XDTMQSROBMDMFD-UHFFFAOYSA-N,TUNFSRHWOTWDNC-UHFFFAOYSA-N,cyclohexane,tetradecanoic acid,353.3,1.024,0.023716526617316,Chromatography,True,train
j.jct.2014.06.006.xml,2014,19,XDTMQSROBMDMFD-UHFFFAOYSA-N,XNWFRZJHXBZDAG-UHFFFAOYSA-N,cyclohexane,methyl cellosolve,298.0,11.4,2.4336133554004498,Chromatography,True,train
j.jct.2013.05.011.xml,2013,40,XDTMQSROBMDMFD-UHFFFAOYSA-N,ZIBGPFATKBEMQZ-UHFFFAOYSA-N,cyclohexane,triethylene glycol,333.2,21.12,3.050220458838061,Chromatography,True,train
j.jct.2013.05.011.xml,2013,40,XDTMQSROBMDMFD-UHFFFAOYSA-N,ZIBGPFATKBEMQZ-UHFFFAOYSA-N,cyclohexane,triethylene glycol,348.2,18.64,2.925309809257445,Chromatography,True,train
j.jct.2013.05.011.xml,2013,40,XDTMQSROBMDMFD-UHFFFAOYSA-N,ZIBGPFATKBEMQZ-UHFFFAOYSA-N,cyclohexane,triethylene glycol,363.2,16.8,2.8213788864092133,Chromatography,True,train
je1005517.xml,2011,36,XEKOWRVHYACXOJ-UHFFFAOYSA-N,BTFJIXJJCSYFAL-UHFFFAOYSA-N,ethyl ethanoate,1-eicosanol,338.15,0.1233,-2.0931348688118385,GC,True,train
je1005517.xml,2011,36,XEKOWRVHYACXOJ-UHFFFAOYSA-N,BTFJIXJJCSYFAL-UHFFFAOYSA-N,ethyl ethanoate,1-eicosanol,343.15,0.1104,-2.2036451451391423,GC,True,train
je1005517.xml,2011,36,XEKOWRVHYACXOJ-UHFFFAOYSA-N,BTFJIXJJCSYFAL-UHFFFAOYSA-N,ethyl ethanoate,1-eicosanol,348.15,0.099,-2.312635428847547,GC,True,train
je1005517.xml,2011,36,XEKOWRVHYACXOJ-UHFFFAOYSA-N,BTFJIXJJCSYFAL-UHFFFAOYSA-N,ethyl ethanoate,1-eicosanol,353.15,0.0888,-2.4213686289840126,GC,True,train
j.jct.2012.12.009.xml,2013,73,XEKOWRVHYACXOJ-UHFFFAOYSA-N,DTOSIQBPPRVQHS-PDBXOOCHSA-N,ethyl ethanoate,"9,12,15-octadecatrienoic acid",303.13,1.312,0.2715526905218973,Chromatography,True,train
j.jct.2012.12.009.xml,2013,73,XEKOWRVHYACXOJ-UHFFFAOYSA-N,DTOSIQBPPRVQHS-PDBXOOCHSA-N,ethyl ethanoate,"9,12,15-octadecatrienoic acid",313.24,1.16,0.1484200051182732,Chromatography,True,train
j.jct.2012.12.009.xml,2013,73,XEKOWRVHYACXOJ-UHFFFAOYSA-N,DTOSIQBPPRVQHS-PDBXOOCHSA-N,ethyl ethanoate,"9,12,15-octadecatrienoic acid",323.24,1.178,0.1638180852293949,Chromatography,True,train
j.jct.2012.06.009.xml,2012,17,XEKOWRVHYACXOJ-UHFFFAOYSA-N,GHVNFZFCNZKVNT-UHFFFAOYSA-N,ethyl ethanoate,capric acid,314.1,1.329,0.2844267797311082,Chromatography,True,train
j.jct.2012.06.009.xml,2012,17,XEKOWRVHYACXOJ-UHFFFAOYSA-N,GHVNFZFCNZKVNT-UHFFFAOYSA-N,ethyl ethanoate,capric acid,333.26,1.247,0.2207406666978995,Chromatography,True,train
j.jct.2012.06.009.xml,2012,17,XEKOWRVHYACXOJ-UHFFFAOYSA-N,GHVNFZFCNZKVNT-UHFFFAOYSA-N,ethyl ethanoate,capric acid,333.38,1.299,0.2615947376884624,Chromatography,True,train
j.jct.2012.06.009.xml,2012,17,XEKOWRVHYACXOJ-UHFFFAOYSA-N,GHVNFZFCNZKVNT-UHFFFAOYSA-N,ethyl ethanoate,capric acid,353.25,1.207,0.1881379421153945,Chromatography,True,train
je1005517.xml,2011,14,XEKOWRVHYACXOJ-UHFFFAOYSA-N,GLDOVTGHNKAZLK-UHFFFAOYSA-N,ethyl ethanoate,1-octadecanol,333.15,0.0445,-3.1122660898099426,GC,True,train
je1005517.xml,2011,14,XEKOWRVHYACXOJ-UHFFFAOYSA-N,GLDOVTGHNKAZLK-UHFFFAOYSA-N,ethyl ethanoate,1-octadecanol,338.15,0.0408,-3.199073197572021,GC,True,train
je1005517.xml,2011,14,XEKOWRVHYACXOJ-UHFFFAOYSA-N,GLDOVTGHNKAZLK-UHFFFAOYSA-N,ethyl ethanoate,1-octadecanol,343.15,0.0384,-3.259697819388456,GC,True,train
je1005517.xml,2011,14,XEKOWRVHYACXOJ-UHFFFAOYSA-N,GLDOVTGHNKAZLK-UHFFFAOYSA-N,ethyl ethanoate,1-octadecanol,348.15,0.036,-3.324236340526028,GC,True,train
je1005517.xml,2011,14,XEKOWRVHYACXOJ-UHFFFAOYSA-N,GLDOVTGHNKAZLK-UHFFFAOYSA-N,ethyl ethanoate,1-octadecanol,353.15,0.0335,-3.396209840151116,GC,True,train
j.jct.2012.06.009.xml,2012,82,XEKOWRVHYACXOJ-UHFFFAOYSA-N,IPCSVZSSVZVIGE-UHFFFAOYSA-N,ethyl ethanoate,hexadecanoic acid,340.19,1.282,0.2484213584984783,Chromatography,True,train
j.jct.2012.06.009.xml,2012,82,XEKOWRVHYACXOJ-UHFFFAOYSA-N,IPCSVZSSVZVIGE-UHFFFAOYSA-N,ethyl ethanoate,hexadecanoic acid,347.93,1.201,0.1831545430978465,Chromatography,True,train
j.jct.2012.06.009.xml,2012,82,XEKOWRVHYACXOJ-UHFFFAOYSA-N,IPCSVZSSVZVIGE-UHFFFAOYSA-N,ethyl ethanoate,hexadecanoic acid,358.22,1.156,0.1449657702501856,Chromatography,True,train
j.jct.2012.12.009.xml,2013,58,XEKOWRVHYACXOJ-UHFFFAOYSA-N,OYHQOLUKZRVURQ-HZJYTTRNSA-N,ethyl ethanoate,linoleic acid,338.28,1.228,0.2053868297249507,Chromatography,True,train
j.jct.2012.12.009.xml,2013,58,XEKOWRVHYACXOJ-UHFFFAOYSA-N,OYHQOLUKZRVURQ-HZJYTTRNSA-N,ethyl ethanoate,linoleic acid,348.28,1.267,0.2366519013390019,Chromatography,True,train
j.jct.2012.12.009.xml,2013,58,XEKOWRVHYACXOJ-UHFFFAOYSA-N,OYHQOLUKZRVURQ-HZJYTTRNSA-N,ethyl ethanoate,linoleic acid,358.33,1.115,0.108854404912082,Chromatography,True,train
j.jct.2012.06.009.xml,2012,39,XEKOWRVHYACXOJ-UHFFFAOYSA-N,POULHZVOKOAJMA-UHFFFAOYSA-N,ethyl ethanoate,lauric acid,314.1,1.369,0.3140805463063118,Chromatography,True,train
j.jct.2012.06.009.xml,2012,39,XEKOWRVHYACXOJ-UHFFFAOYSA-N,POULHZVOKOAJMA-UHFFFAOYSA-N,ethyl ethanoate,lauric acid,314.24,1.36,0.3074846997479607,Chromatography,True,train
j.jct.2012.06.009.xml,2012,39,XEKOWRVHYACXOJ-UHFFFAOYSA-N,POULHZVOKOAJMA-UHFFFAOYSA-N,ethyl ethanoate,lauric acid,333.38,1.278,0.245296355955343,Chromatography,True,train
j.jct.2012.06.009.xml,2012,39,XEKOWRVHYACXOJ-UHFFFAOYSA-N,POULHZVOKOAJMA-UHFFFAOYSA-N,ethyl ethanoate,lauric acid,353.25,1.198,0.1806534996932575,Chromatography,True,train
j.jct.2012.06.009.xml,2012,39,XEKOWRVHYACXOJ-UHFFFAOYSA-N,POULHZVOKOAJMA-UHFFFAOYSA-N,ethyl ethanoate,lauric acid,353.3,1.214,0.1939206926373065,Chromatography,True,train
je200628n.xml,2011,19,XEKOWRVHYACXOJ-UHFFFAOYSA-N,PWGJDPKCLMLPJW-UHFFFAOYSA-N,ethyl ethanoate,"1,8-diaminooctane",328.15,1.082,0.0788111804242898,Chromatography,True,train
je200628n.xml,2011,19,XEKOWRVHYACXOJ-UHFFFAOYSA-N,PWGJDPKCLMLPJW-UHFFFAOYSA-N,ethyl ethanoate,"1,8-diaminooctane",338.15,0.954,-0.0470916075338505,Chromatography,True,train
je200628n.xml,2011,19,XEKOWRVHYACXOJ-UHFFFAOYSA-N,PWGJDPKCLMLPJW-UHFFFAOYSA-N,ethyl ethanoate,"1,8-diaminooctane",343.15,0.902,-0.1031407589195133,Chromatography,True,train
je200628n.xml,2011,19,XEKOWRVHYACXOJ-UHFFFAOYSA-N,PWGJDPKCLMLPJW-UHFFFAOYSA-N,ethyl ethanoate,"1,8-diaminooctane",348.15,0.855,-0.1566538100453768,Chromatography,True,train
je200628n.xml,2011,73,XEKOWRVHYACXOJ-UHFFFAOYSA-N,QFTYSVGGYOXFRQ-UHFFFAOYSA-N,ethyl ethanoate,"1,12-diaminododecane",348.25,1.362,0.3089542077273207,Chromatography,False,train
je200628n.xml,2011,73,XEKOWRVHYACXOJ-UHFFFAOYSA-N,QFTYSVGGYOXFRQ-UHFFFAOYSA-N,ethyl ethanoate,"1,12-diaminododecane",353.15,1.286,0.2515366258154277,Chromatography,False,train
je200628n.xml,2011,73,XEKOWRVHYACXOJ-UHFFFAOYSA-N,QFTYSVGGYOXFRQ-UHFFFAOYSA-N,ethyl ethanoate,"1,12-diaminododecane",358.25,1.217,0.1963888140053901,Chromatography,False,train
je200628n.xml,2011,73,XEKOWRVHYACXOJ-UHFFFAOYSA-N,QFTYSVGGYOXFRQ-UHFFFAOYSA-N,ethyl ethanoate,"1,12-diaminododecane",363.21,1.149,0.1388919988666186,Chromatography,False,train
j.jct.2012.12.009.xml,2013,18,XEKOWRVHYACXOJ-UHFFFAOYSA-N,QIQXTHQIDYTFRH-UHFFFAOYSA-N,ethyl ethanoate,n-octadecanoic acid,349.48,1.245,0.219135529916671,Chromatography,True,train
j.jct.2012.12.009.xml,2013,18,XEKOWRVHYACXOJ-UHFFFAOYSA-N,QIQXTHQIDYTFRH-UHFFFAOYSA-N,ethyl ethanoate,n-octadecanoic acid,358.39,1.189,0.1731126177086448,Chromatography,True,train
j.jct.2012.12.009.xml,2013,18,XEKOWRVHYACXOJ-UHFFFAOYSA-N,QIQXTHQIDYTFRH-UHFFFAOYSA-N,ethyl ethanoate,n-octadecanoic acid,367.93,1.076,0.0732504617395927,Chromatography,True,train
j.jct.2012.12.009.xml,2013,18,XEKOWRVHYACXOJ-UHFFFAOYSA-N,QIQXTHQIDYTFRH-UHFFFAOYSA-N,ethyl ethanoate,n-octadecanoic acid,368.19,1.09,0.0861776962410524,Chromatography,True,train
j.jct.2012.06.009.xml,2012,61,XEKOWRVHYACXOJ-UHFFFAOYSA-N,TUNFSRHWOTWDNC-UHFFFAOYSA-N,ethyl ethanoate,tetradecanoic acid,314.1,1.24,0.2151113796169455,Chromatography,True,train
j.jct.2012.06.009.xml,2012,61,XEKOWRVHYACXOJ-UHFFFAOYSA-N,TUNFSRHWOTWDNC-UHFFFAOYSA-N,ethyl ethanoate,tetradecanoic acid,314.24,1.205,0.1864795669426183,Chromatography,True,train
j.jct.2012.06.009.xml,2012,61,XEKOWRVHYACXOJ-UHFFFAOYSA-N,TUNFSRHWOTWDNC-UHFFFAOYSA-N,ethyl ethanoate,tetradecanoic acid,333.26,1.193,0.1764711431157791,Chromatography,True,train
j.jct.2012.06.009.xml,2012,61,XEKOWRVHYACXOJ-UHFFFAOYSA-N,TUNFSRHWOTWDNC-UHFFFAOYSA-N,ethyl ethanoate,tetradecanoic acid,333.38,1.188,0.1722712209404531,Chromatography,True,train
j.jct.2012.06.009.xml,2012,61,XEKOWRVHYACXOJ-UHFFFAOYSA-N,TUNFSRHWOTWDNC-UHFFFAOYSA-N,ethyl ethanoate,tetradecanoic acid,353.25,1.13,0.1222176327242491,Chromatography,True,train
j.jct.2012.06.009.xml,2012,61,XEKOWRVHYACXOJ-UHFFFAOYSA-N,TUNFSRHWOTWDNC-UHFFFAOYSA-N,ethyl ethanoate,tetradecanoic acid,353.3,1.121,0.1142211440900228,Chromatography,True,train
j.fluid.2014.05.023.xml,2014,0,XEKOWRVHYACXOJ-UHFFFAOYSA-N,XLYOFNOQVPJJNP-UHFFFAOYSA-N,ethyl ethanoate,water,273.35,44.5,3.7954891891721942,Chromatography,True,train
j.fluid.2014.05.023.xml,2014,0,XEKOWRVHYACXOJ-UHFFFAOYSA-N,XLYOFNOQVPJJNP-UHFFFAOYSA-N,ethyl ethanoate,water,283.15,54.9,4.005513348515485,Chromatography,True,train
j.fluid.2014.05.023.xml,2014,0,XEKOWRVHYACXOJ-UHFFFAOYSA-N,XLYOFNOQVPJJNP-UHFFFAOYSA-N,ethyl ethanoate,water,293.15,64.8,4.1713056033582285,Chromatography,True,train
j.fluid.2014.05.023.xml,2014,0,XEKOWRVHYACXOJ-UHFFFAOYSA-N,XLYOFNOQVPJJNP-UHFFFAOYSA-N,ethyl ethanoate,water,293.15,68.0,4.219507705176107,Chromatography,True,train
j.fluid.2014.05.023.xml,2014,0,XEKOWRVHYACXOJ-UHFFFAOYSA-N,XLYOFNOQVPJJNP-UHFFFAOYSA-N,ethyl ethanoate,water,298.15,69.2,4.237000862623624,Chromatography,True,train
j.fluid.2014.05.023.xml,2014,0,XEKOWRVHYACXOJ-UHFFFAOYSA-N,XLYOFNOQVPJJNP-UHFFFAOYSA-N,ethyl ethanoate,water,303.15,73.6,4.298645025734831,Chromatography,True,train
j.fluid.2014.05.023.xml,2014,0,XEKOWRVHYACXOJ-UHFFFAOYSA-N,XLYOFNOQVPJJNP-UHFFFAOYSA-N,ethyl ethanoate,water,313.15,80.1,4.383275854074314,Chromatography,True,train
je200628n.xml,2011,46,XEKOWRVHYACXOJ-UHFFFAOYSA-N,YQLZOAVZWJBZSY-UHFFFAOYSA-N,ethyl ethanoate,"1,10-diaminodecane",338.2,1.158,0.1466943791508034,Chromatography,False,train
je200628n.xml,2011,46,XEKOWRVHYACXOJ-UHFFFAOYSA-N,YQLZOAVZWJBZSY-UHFFFAOYSA-N,ethyl ethanoate,"1,10-diaminodecane",348.15,0.951,-0.0502412164367467,Chromatography,False,train
je200628n.xml,2011,46,XEKOWRVHYACXOJ-UHFFFAOYSA-N,YQLZOAVZWJBZSY-UHFFFAOYSA-N,ethyl ethanoate,"1,10-diaminodecane",353.22,0.868,-0.1415635643217868,Chromatography,False,train
j.fluid.2008.09.011.xml,2009,10,XLYOFNOQVPJJNP-UHFFFAOYSA-N,CCEFMUBVSUDRLG-UHFFFAOYSA-N,water,"7-oxabicyclo[4.1.0]heptane, 1-methyl-4-(1-methylethenyl)-",298.15,26.47,3.27601201623901,inert gas stripping,False,train
je020117y.xml,2003,12,XLYOFNOQVPJJNP-UHFFFAOYSA-N,OUDFNZMQXZILJD-UHFFFAOYSA-N,water,5-methylfurfural,360.38,5.24,1.6563214983329508,Other,True,train
je020117y.xml,2003,12,XLYOFNOQVPJJNP-UHFFFAOYSA-N,OUDFNZMQXZILJD-UHFFFAOYSA-N,water,5-methylfurfural,365.99,5.04,1.6174060820832772,Other,True,train
je020117y.xml,2003,12,XLYOFNOQVPJJNP-UHFFFAOYSA-N,OUDFNZMQXZILJD-UHFFFAOYSA-N,water,5-methylfurfural,370.64,4.88,1.5851452198650555,Other,True,train
j.fluid.2008.09.011.xml,2009,1,XLYOFNOQVPJJNP-UHFFFAOYSA-N,WEVYAHXRMPXWCK-UHFFFAOYSA-N,water,acetonitrile,298.15,8.19,2.102913897864978,inert gas stripping,True,train
j.fluid.2008.09.011.xml,2009,7,XLYOFNOQVPJJNP-UHFFFAOYSA-N,XMGQYMWWDOXHJM-JTQLQIEISA-N,water,(R)-(+)-limonene,298.15,352.1,5.863915226161007,inert gas stripping,True,train
j.fluid.2008.09.011.xml,2009,8,XMGQYMWWDOXHJM-JTQLQIEISA-N,CCEFMUBVSUDRLG-UHFFFAOYSA-N,(R)-(+)-limonene,"7-oxabicyclo[4.1.0]heptane, 1-methyl-4-(1-methylethenyl)-",298.15,2.81,1.0331844833456545,inert gas stripping,False,train
j.fluid.2008.09.011.xml,2009,3,XMGQYMWWDOXHJM-JTQLQIEISA-N,WEVYAHXRMPXWCK-UHFFFAOYSA-N,(R)-(+)-limonene,acetonitrile,298.15,10.22,2.3243465847755584,inert gas stripping,True,train
j.fluid.2008.09.011.xml,2009,6,XMGQYMWWDOXHJM-JTQLQIEISA-N,XLYOFNOQVPJJNP-UHFFFAOYSA-N,(R)-(+)-limonene,water,298.15,420000.0,12.948009990259552,inert gas stripping,True,train
je0495942.xml,2005,9,XNLICIUVMPYHGG-UHFFFAOYSA-N,XLYOFNOQVPJJNP-UHFFFAOYSA-N,2-pentanone,water,298.15,148.0,4.997212273764115,Chromatography,True,train
je0495942.xml,2005,9,XNLICIUVMPYHGG-UHFFFAOYSA-N,XLYOFNOQVPJJNP-UHFFFAOYSA-N,2-pentanone,water,297.85,129.0,4.859812404361672,Chromatography,True,train
j.jct.2010.04.011.xml,2010,8,XNNQFQFUQLJSQT-UHFFFAOYSA-N,IAZDPXIOMUYVGZ-UHFFFAOYSA-N,"methane, bromotrichloro-",dimethyl sulfoxide,298.0,2.1,0.7419373447293773,Chromatography,True,test_one
j.jct.2012.06.009.xml,2012,14,XSTXAVWGXDQKEL-UHFFFAOYSA-N,GHVNFZFCNZKVNT-UHFFFAOYSA-N,"ethene, trichloro-",capric acid,314.1,1.048,0.0468835858988504,Chromatography,True,test_one
j.jct.2012.06.009.xml,2012,14,XSTXAVWGXDQKEL-UHFFFAOYSA-N,GHVNFZFCNZKVNT-UHFFFAOYSA-N,"ethene, trichloro-",capric acid,314.24,1.037,0.0363319292473902,Chromatography,True,test_one
j.jct.2012.06.009.xml,2012,14,XSTXAVWGXDQKEL-UHFFFAOYSA-N,GHVNFZFCNZKVNT-UHFFFAOYSA-N,"ethene, trichloro-",capric acid,333.26,1.003,0.0029955089797983,Chromatography,True,test_one
j.jct.2012.06.009.xml,2012,14,XSTXAVWGXDQKEL-UHFFFAOYSA-N,GHVNFZFCNZKVNT-UHFFFAOYSA-N,"ethene, trichloro-",capric acid,333.38,1.009,0.0089597413714718,Chromatography,True,test_one
j.jct.2012.06.009.xml,2012,14,XSTXAVWGXDQKEL-UHFFFAOYSA-N,GHVNFZFCNZKVNT-UHFFFAOYSA-N,"ethene, trichloro-",capric acid,353.08,0.945,-0.0565703514883943,Chromatography,True,test_one
j.jct.2012.06.009.xml,2012,14,XSTXAVWGXDQKEL-UHFFFAOYSA-N,GHVNFZFCNZKVNT-UHFFFAOYSA-N,"ethene, trichloro-",capric acid,353.3,0.969,-0.0314906670913708,Chromatography,True,test_one
j.jct.2012.06.009.xml,2012,78,XSTXAVWGXDQKEL-UHFFFAOYSA-N,IPCSVZSSVZVIGE-UHFFFAOYSA-N,"ethene, trichloro-",hexadecanoic acid,340.19,0.831,-0.1851254841266889,Chromatography,True,test_one
j.jct.2012.06.009.xml,2012,78,XSTXAVWGXDQKEL-UHFFFAOYSA-N,IPCSVZSSVZVIGE-UHFFFAOYSA-N,"ethene, trichloro-",hexadecanoic acid,348.01,0.826,-0.191160505461159,Chromatography,True,test_one
j.jct.2012.06.009.xml,2012,78,XSTXAVWGXDQKEL-UHFFFAOYSA-N,IPCSVZSSVZVIGE-UHFFFAOYSA-N,"ethene, trichloro-",hexadecanoic acid,358.22,0.831,-0.1851254841266889,Chromatography,True,test_one
j.jct.2012.06.009.xml,2012,35,XSTXAVWGXDQKEL-UHFFFAOYSA-N,POULHZVOKOAJMA-UHFFFAOYSA-N,"ethene, trichloro-",lauric acid,314.1,0.952,-0.0491902441907717,Chromatography,True,test_one
j.jct.2012.06.009.xml,2012,35,XSTXAVWGXDQKEL-UHFFFAOYSA-N,POULHZVOKOAJMA-UHFFFAOYSA-N,"ethene, trichloro-",lauric acid,314.24,0.967,-0.0335567835288427,Chromatography,True,test_one
j.jct.2012.06.009.xml,2012,35,XSTXAVWGXDQKEL-UHFFFAOYSA-N,POULHZVOKOAJMA-UHFFFAOYSA-N,"ethene, trichloro-",lauric acid,333.26,0.944,-0.0576291128366364,Chromatography,True,test_one
j.jct.2012.06.009.xml,2012,35,XSTXAVWGXDQKEL-UHFFFAOYSA-N,POULHZVOKOAJMA-UHFFFAOYSA-N,"ethene, trichloro-",lauric acid,333.38,0.951,-0.0502412164367467,Chromatography,True,test_one
j.jct.2012.06.009.xml,2012,35,XSTXAVWGXDQKEL-UHFFFAOYSA-N,POULHZVOKOAJMA-UHFFFAOYSA-N,"ethene, trichloro-",lauric acid,353.25,0.933,-0.0693500781347931,Chromatography,True,test_one
j.jct.2012.12.009.xml,2013,14,XSTXAVWGXDQKEL-UHFFFAOYSA-N,QIQXTHQIDYTFRH-UHFFFAOYSA-N,trichloroethylene,n-octadecanoic acid,349.48,0.789,-0.2369889581362627,Chromatography,True,test_one
j.jct.2012.12.009.xml,2013,14,XSTXAVWGXDQKEL-UHFFFAOYSA-N,QIQXTHQIDYTFRH-UHFFFAOYSA-N,trichloroethylene,n-octadecanoic acid,358.39,0.776,-0.2536027587989182,Chromatography,True,test_one
j.jct.2012.12.009.xml,2013,14,XSTXAVWGXDQKEL-UHFFFAOYSA-N,QIQXTHQIDYTFRH-UHFFFAOYSA-N,trichloroethylene,n-octadecanoic acid,367.93,0.741,-0.2997546536860502,Chromatography,True,test_one
j.jct.2012.06.009.xml,2012,57,XSTXAVWGXDQKEL-UHFFFAOYSA-N,TUNFSRHWOTWDNC-UHFFFAOYSA-N,"ethene, trichloro-",tetradecanoic acid,314.1,0.847,-0.1660545843300827,Chromatography,True,test_one
j.jct.2012.06.009.xml,2012,57,XSTXAVWGXDQKEL-UHFFFAOYSA-N,TUNFSRHWOTWDNC-UHFFFAOYSA-N,"ethene, trichloro-",tetradecanoic acid,314.24,0.843,-0.1707883209802816,Chromatography,True,test_one
j.jct.2012.06.009.xml,2012,57,XSTXAVWGXDQKEL-UHFFFAOYSA-N,TUNFSRHWOTWDNC-UHFFFAOYSA-N,"ethene, trichloro-",tetradecanoic acid,333.26,0.842,-0.1719752647398103,Chromatography,True,test_one
j.jct.2012.06.009.xml,2012,57,XSTXAVWGXDQKEL-UHFFFAOYSA-N,TUNFSRHWOTWDNC-UHFFFAOYSA-N,"ethene, trichloro-",tetradecanoic acid,333.38,0.838,-0.176737178500054,Chromatography,True,test_one
j.jct.2012.06.009.xml,2012,57,XSTXAVWGXDQKEL-UHFFFAOYSA-N,TUNFSRHWOTWDNC-UHFFFAOYSA-N,"ethene, trichloro-",tetradecanoic acid,353.25,0.842,-0.1719752647398103,Chromatography,True,test_one
j.jct.2012.06.009.xml,2012,57,XSTXAVWGXDQKEL-UHFFFAOYSA-N,TUNFSRHWOTWDNC-UHFFFAOYSA-N,"ethene, trichloro-",tetradecanoic acid,353.3,0.824,-0.1935847490726654,Chromatography,True,test_one
j.fluid.2007.08.013.xml,2007,7,XTHFKEDIFFGKHM-UHFFFAOYSA-N,XLYOFNOQVPJJNP-UHFFFAOYSA-N,"1,2-dimethoxyethane",water,318.15,7.25,1.9810014688665836,Chromatography,True,train
j.fluid.2007.08.013.xml,2007,8,XTHFKEDIFFGKHM-UHFFFAOYSA-N,XLYOFNOQVPJJNP-UHFFFAOYSA-N,"1,2-dimethoxyethane",water,328.15,9.12,2.21046980408624,non steady state GLC,True,train
j.fluid.2007.08.013.xml,2007,8,XTHFKEDIFFGKHM-UHFFFAOYSA-N,XLYOFNOQVPJJNP-UHFFFAOYSA-N,"1,2-dimethoxyethane",water,328.15,8.81,2.175887439948088,non steady state GLC,True,train
j.fluid.2007.08.013.xml,2007,8,XTHFKEDIFFGKHM-UHFFFAOYSA-N,XLYOFNOQVPJJNP-UHFFFAOYSA-N,"1,2-dimethoxyethane",water,338.15,11.2,2.4159137783010487,non steady state GLC,True,train
j.fluid.2007.08.013.xml,2007,8,XTHFKEDIFFGKHM-UHFFFAOYSA-N,XLYOFNOQVPJJNP-UHFFFAOYSA-N,"1,2-dimethoxyethane",water,338.15,11.1,2.4069451083182885,non steady state GLC,True,train
j.fluid.2007.08.013.xml,2007,9,XTHFKEDIFFGKHM-UHFFFAOYSA-N,XLYOFNOQVPJJNP-UHFFFAOYSA-N,"1,2-dimethoxyethane",water,348.15,12.2,2.501435951739211,Rayleigh distillation,True,train
j.fluid.2007.08.013.xml,2007,10,XTHFKEDIFFGKHM-UHFFFAOYSA-N,XLYOFNOQVPJJNP-UHFFFAOYSA-N,"1,2-dimethoxyethane",water,372.5,14.9,2.7013612129514133,circulation still,True,train
j.fluid.2010.05.010.xml,2010,4,XTXRWKRVRITETP-UHFFFAOYSA-N,XLYOFNOQVPJJNP-UHFFFAOYSA-N,ethenyl ethanoate,water,273.35,150.0,5.010635294096256,Inert gas stripping,True,test_one
j.fluid.2010.05.010.xml,2010,4,XTXRWKRVRITETP-UHFFFAOYSA-N,XLYOFNOQVPJJNP-UHFFFAOYSA-N,ethenyl ethanoate,water,283.15,161.0,5.081404364984463,Inert gas stripping,True,test_one
j.fluid.2010.05.010.xml,2010,4,XTXRWKRVRITETP-UHFFFAOYSA-N,XLYOFNOQVPJJNP-UHFFFAOYSA-N,ethenyl ethanoate,water,293.15,177.0,5.176149732573829,Inert gas stripping,True,test_one
j.fluid.2010.05.010.xml,2010,4,XTXRWKRVRITETP-UHFFFAOYSA-N,XLYOFNOQVPJJNP-UHFFFAOYSA-N,ethenyl ethanoate,water,298.15,181.0,5.198497031265826,Inert gas stripping,True,test_one
j.fluid.2010.05.010.xml,2010,4,XTXRWKRVRITETP-UHFFFAOYSA-N,XLYOFNOQVPJJNP-UHFFFAOYSA-N,ethenyl ethanoate,water,303.15,187.0,5.231108616854587,Inert gas stripping,True,test_one
j.fluid.2010.05.010.xml,2010,4,XTXRWKRVRITETP-UHFFFAOYSA-N,XLYOFNOQVPJJNP-UHFFFAOYSA-N,ethenyl ethanoate,water,313.15,190.0,5.247024072160486,Inert gas stripping,True,test_one
j.fluid.2010.05.010.xml,2010,4,XTXRWKRVRITETP-UHFFFAOYSA-N,XLYOFNOQVPJJNP-UHFFFAOYSA-N,ethenyl ethanoate,water,323.15,194.0,5.267858159063328,Inert gas stripping,True,test_one
j.fluid.2010.05.010.xml,2010,4,XTXRWKRVRITETP-UHFFFAOYSA-N,XLYOFNOQVPJJNP-UHFFFAOYSA-N,ethenyl ethanoate,water,333.15,187.0,5.231108616854587,Inert gas stripping,True,test_one
j.tca.2015.11.010.xml,2016,13,XWJBRBSPAODJER-UHFFFAOYSA-N,ATHHXGZTWNVVOU-UHFFFAOYSA-N,"1,7-octadiene",N-methylformamide,298.15,23.0,3.1354942159291497,Other,True,train
j.jct.2014.06.006.xml,2014,23,XWJBRBSPAODJER-UHFFFAOYSA-N,XNWFRZJHXBZDAG-UHFFFAOYSA-N,"1,7-octadiene",methyl cellosolve,298.0,10.6,2.360854001118021,Chromatography,True,train
j.fluid.2014.05.023.xml,2014,1,YKYONYBAUNKHLG-UHFFFAOYSA-N,XLYOFNOQVPJJNP-UHFFFAOYSA-N,propyl ethanoate,water,273.35,172.0,5.147494476813453,Chromatography,True,train
j.fluid.2014.05.023.xml,2014,1,YKYONYBAUNKHLG-UHFFFAOYSA-N,XLYOFNOQVPJJNP-UHFFFAOYSA-N,propyl ethanoate,water,283.15,217.0,5.37989735354046,Chromatography,True,train
j.fluid.2014.05.023.xml,2014,1,YKYONYBAUNKHLG-UHFFFAOYSA-N,XLYOFNOQVPJJNP-UHFFFAOYSA-N,propyl ethanoate,water,293.15,274.0,5.613128106388071,Chromatography,True,train
j.fluid.2014.05.023.xml,2014,1,YKYONYBAUNKHLG-UHFFFAOYSA-N,XLYOFNOQVPJJNP-UHFFFAOYSA-N,propyl ethanoate,water,293.15,257.0,5.54907608489522,Chromatography,True,train
j.fluid.2014.05.023.xml,2014,1,YKYONYBAUNKHLG-UHFFFAOYSA-N,XLYOFNOQVPJJNP-UHFFFAOYSA-N,propyl ethanoate,water,298.15,261.0,5.564520407322694,Chromatography,True,train
j.fluid.2014.05.023.xml,2014,1,YKYONYBAUNKHLG-UHFFFAOYSA-N,XLYOFNOQVPJJNP-UHFFFAOYSA-N,propyl ethanoate,water,298.15,270.0,5.598421958998375,Chromatography,True,train
j.fluid.2014.05.023.xml,2014,1,YKYONYBAUNKHLG-UHFFFAOYSA-N,XLYOFNOQVPJJNP-UHFFFAOYSA-N,propyl ethanoate,water,303.15,281.0,5.638354669333745,Chromatography,True,train
j.fluid.2014.05.023.xml,2014,1,YKYONYBAUNKHLG-UHFFFAOYSA-N,XLYOFNOQVPJJNP-UHFFFAOYSA-N,propyl ethanoate,water,313.15,302.0,5.71042701737487,Chromatography,True,train
j.fluid.2014.05.023.xml,2014,1,YKYONYBAUNKHLG-UHFFFAOYSA-N,XLYOFNOQVPJJNP-UHFFFAOYSA-N,propyl ethanoate,water,323.15,319.0,5.765191102784844,Chromatography,True,train
j.fluid.2014.05.023.xml,2014,1,YKYONYBAUNKHLG-UHFFFAOYSA-N,XLYOFNOQVPJJNP-UHFFFAOYSA-N,propyl ethanoate,water,333.15,321.0,5.771441123130016,Chromatography,True,train
j.fluid.2015.01.010.xml,2015,3,YLQBMQCUIZJEEH-UHFFFAOYSA-N,XLYOFNOQVPJJNP-UHFFFAOYSA-N,furan,water,298.15,415.0,6.028278520230698,Chromatography,True,train
j.fluid.2015.01.010.xml,2015,3,YLQBMQCUIZJEEH-UHFFFAOYSA-N,XLYOFNOQVPJJNP-UHFFFAOYSA-N,furan,water,299.15,412.0,6.021023349349527,Chromatography,True,train
j.fluid.2015.01.010.xml,2015,3,YLQBMQCUIZJEEH-UHFFFAOYSA-N,XLYOFNOQVPJJNP-UHFFFAOYSA-N,furan,water,301.15,403.0,5.998936561946683,Chromatography,True,train
j.fluid.2015.01.010.xml,2015,3,YLQBMQCUIZJEEH-UHFFFAOYSA-N,XLYOFNOQVPJJNP-UHFFFAOYSA-N,furan,water,303.15,397.0,5.983936280687191,Chromatography,True,train
j.fluid.2015.01.010.xml,2015,3,YLQBMQCUIZJEEH-UHFFFAOYSA-N,XLYOFNOQVPJJNP-UHFFFAOYSA-N,furan,water,305.15,394.0,5.976350909297934,Chromatography,True,train
j.fluid.2015.01.010.xml,2015,3,YLQBMQCUIZJEEH-UHFFFAOYSA-N,XLYOFNOQVPJJNP-UHFFFAOYSA-N,furan,water,306.15,380.0,5.940171252720432,Chromatography,True,train
j.fluid.2015.01.010.xml,2015,3,YLQBMQCUIZJEEH-UHFFFAOYSA-N,XLYOFNOQVPJJNP-UHFFFAOYSA-N,furan,water,308.15,372.0,5.918893854273146,Chromatography,True,train
j.fluid.2015.01.010.xml,2015,3,YLQBMQCUIZJEEH-UHFFFAOYSA-N,XLYOFNOQVPJJNP-UHFFFAOYSA-N,furan,water,311.15,366.0,5.902633333401366,Chromatography,True,train
j.fluid.2015.01.010.xml,2015,3,YLQBMQCUIZJEEH-UHFFFAOYSA-N,XLYOFNOQVPJJNP-UHFFFAOYSA-N,furan,water,313.15,356.0,5.87493073085203,Chromatography,True,train
je1005517.xml,2011,29,YMWUJEATGCHHMB-UHFFFAOYSA-N,BTFJIXJJCSYFAL-UHFFFAOYSA-N,methylene chloride,1-eicosanol,338.15,0.079,-2.538307426515116,GC,True,test_one
je1005517.xml,2011,29,YMWUJEATGCHHMB-UHFFFAOYSA-N,BTFJIXJJCSYFAL-UHFFFAOYSA-N,methylene chloride,1-eicosanol,343.15,0.0642,-2.745752068286221,GC,True,test_one
je1005517.xml,2011,29,YMWUJEATGCHHMB-UHFFFAOYSA-N,BTFJIXJJCSYFAL-UHFFFAOYSA-N,methylene chloride,1-eicosanol,348.15,0.0532,-2.933696882634538,GC,True,test_one
je1005517.xml,2011,29,YMWUJEATGCHHMB-UHFFFAOYSA-N,BTFJIXJJCSYFAL-UHFFFAOYSA-N,methylene chloride,1-eicosanol,353.15,0.0435,-3.1349943408874985,GC,True,test_one
je1005517.xml,2011,7,YMWUJEATGCHHMB-UHFFFAOYSA-N,GLDOVTGHNKAZLK-UHFFFAOYSA-N,methylene chloride,1-octadecanol,333.15,0.0262,-3.6419958682150857,GC,True,test_one
je1005517.xml,2011,7,YMWUJEATGCHHMB-UHFFFAOYSA-N,GLDOVTGHNKAZLK-UHFFFAOYSA-N,methylene chloride,1-octadecanol,338.15,0.0233,-3.759301918410482,GC,True,test_one
je1005517.xml,2011,7,YMWUJEATGCHHMB-UHFFFAOYSA-N,GLDOVTGHNKAZLK-UHFFFAOYSA-N,methylene chloride,1-octadecanol,343.15,0.0212,-3.8537540973041695,GC,True,test_one
je1005517.xml,2011,7,YMWUJEATGCHHMB-UHFFFAOYSA-N,GLDOVTGHNKAZLK-UHFFFAOYSA-N,methylene chloride,1-octadecanol,348.15,0.0194,-3.9424822129128554,GC,True,test_one
je1005517.xml,2011,7,YMWUJEATGCHHMB-UHFFFAOYSA-N,GLDOVTGHNKAZLK-UHFFFAOYSA-N,methylene chloride,1-octadecanol,353.15,0.0178,-4.028556821684098,GC,True,test_one
je200628n.xml,2011,17,YMWUJEATGCHHMB-UHFFFAOYSA-N,PWGJDPKCLMLPJW-UHFFFAOYSA-N,dichloromethane,"1,8-diaminooctane",328.15,0.657,-0.4200712604975265,Chromatography,True,test_one
je200628n.xml,2011,17,YMWUJEATGCHHMB-UHFFFAOYSA-N,PWGJDPKCLMLPJW-UHFFFAOYSA-N,dichloromethane,"1,8-diaminooctane",338.15,0.552,-0.5942072327050416,Chromatography,True,test_one
je200628n.xml,2011,17,YMWUJEATGCHHMB-UHFFFAOYSA-N,PWGJDPKCLMLPJW-UHFFFAOYSA-N,dichloromethane,"1,8-diaminooctane",343.15,0.53,-0.6348782724359695,Chromatography,True,test_one
je200628n.xml,2011,17,YMWUJEATGCHHMB-UHFFFAOYSA-N,PWGJDPKCLMLPJW-UHFFFAOYSA-N,dichloromethane,"1,8-diaminooctane",348.15,0.513,-0.6674794338113675,Chromatography,True,test_one
je200628n.xml,2011,71,YMWUJEATGCHHMB-UHFFFAOYSA-N,QFTYSVGGYOXFRQ-UHFFFAOYSA-N,dichloromethane,"1,12-diaminododecane",348.25,1.327,0.2829207553500704,Chromatography,False,test_one
je200628n.xml,2011,71,YMWUJEATGCHHMB-UHFFFAOYSA-N,QFTYSVGGYOXFRQ-UHFFFAOYSA-N,dichloromethane,"1,12-diaminododecane",353.15,1.226,0.2037568375140196,Chromatography,False,test_one
je200628n.xml,2011,71,YMWUJEATGCHHMB-UHFFFAOYSA-N,QFTYSVGGYOXFRQ-UHFFFAOYSA-N,dichloromethane,"1,12-diaminododecane",358.25,1.118,0.1115413747329075,Chromatography,False,test_one
je200628n.xml,2011,71,YMWUJEATGCHHMB-UHFFFAOYSA-N,QFTYSVGGYOXFRQ-UHFFFAOYSA-N,dichloromethane,"1,12-diaminododecane",363.21,1.046,0.0449733656427311,Chromatography,False,test_one
je200628n.xml,2011,44,YMWUJEATGCHHMB-UHFFFAOYSA-N,YQLZOAVZWJBZSY-UHFFFAOYSA-N,dichloromethane,"1,10-diaminodecane",338.2,1.188,0.1722712209404531,Chromatography,False,test_one
je200628n.xml,2011,44,YMWUJEATGCHHMB-UHFFFAOYSA-N,YQLZOAVZWJBZSY-UHFFFAOYSA-N,dichloromethane,"1,10-diaminodecane",348.15,1.086,0.0825012215117437,Chromatography,False,test_one
je200628n.xml,2011,44,YMWUJEATGCHHMB-UHFFFAOYSA-N,YQLZOAVZWJBZSY-UHFFFAOYSA-N,dichloromethane,"1,10-diaminodecane",353.22,0.985,-0.0151136378100481,Chromatography,False,test_one
j.fluid.2007.09.021.xml,2008,11,YNQLUTRBYVCPMQ-UHFFFAOYSA-N,AMQJEAYHLZJPGS-UHFFFAOYSA-N,ethylbenzene,1-pentanol,323.15,3.37,1.2149127443642704,Chromatography,True,test_one
j.fluid.2007.09.021.xml,2008,5,YNQLUTRBYVCPMQ-UHFFFAOYSA-N,BDERNNFJNOPAEC-UHFFFAOYSA-N,ethylbenzene,1-propanol,343.15,4.48,1.4996230464268938,Differential ebulliometry,True,train
j.fluid.2007.09.021.xml,2008,5,YNQLUTRBYVCPMQ-UHFFFAOYSA-N,BDERNNFJNOPAEC-UHFFFAOYSA-N,ethylbenzene,1-propanol,353.15,4.21,1.43746264769429,Differential ebulliometry,True,train
j.fluid.2007.09.021.xml,2008,5,YNQLUTRBYVCPMQ-UHFFFAOYSA-N,BDERNNFJNOPAEC-UHFFFAOYSA-N,ethylbenzene,1-propanol,363.15,3.98,1.3812818192963463,Differential ebulliometry,True,train
j.fluid.2007.09.021.xml,2008,5,YNQLUTRBYVCPMQ-UHFFFAOYSA-N,BDERNNFJNOPAEC-UHFFFAOYSA-N,ethylbenzene,1-propanol,370.15,3.8,1.33500106673234,Differential ebulliometry,True,train
j.jct.2014.06.006.xml,2014,5,YNQLUTRBYVCPMQ-UHFFFAOYSA-N,DNIAPMSPPWPWGF-UHFFFAOYSA-N,ethylbenzene,propylene glycol,298.0,26.2,3.265759410767051,Chromatography,True,train
j.jct.2012.06.009.xml,2012,6,YNQLUTRBYVCPMQ-UHFFFAOYSA-N,GHVNFZFCNZKVNT-UHFFFAOYSA-N,ethylbenzene,capric acid,333.26,1.278,0.245296355955343,Chromatography,True,train
j.jct.2012.06.009.xml,2012,6,YNQLUTRBYVCPMQ-UHFFFAOYSA-N,GHVNFZFCNZKVNT-UHFFFAOYSA-N,ethylbenzene,capric acid,333.35,1.302,0.2639015437863775,Chromatography,True,train
j.jct.2012.06.009.xml,2012,6,YNQLUTRBYVCPMQ-UHFFFAOYSA-N,GHVNFZFCNZKVNT-UHFFFAOYSA-N,ethylbenzene,capric acid,353.3,1.218,0.1972101692877052,Chromatography,True,train
je700139p.xml,2007,2,YNQLUTRBYVCPMQ-UHFFFAOYSA-N,HXJUTPCZVOIRIF-UHFFFAOYSA-N,ethylbenzene,sulfolane,333.15,4.819,1.5725664376581956,Chromatography,True,test_one
je700139p.xml,2007,2,YNQLUTRBYVCPMQ-UHFFFAOYSA-N,HXJUTPCZVOIRIF-UHFFFAOYSA-N,ethylbenzene,sulfolane,343.15,4.646,1.5360066343482173,Chromatography,True,test_one
je700139p.xml,2007,2,YNQLUTRBYVCPMQ-UHFFFAOYSA-N,HXJUTPCZVOIRIF-UHFFFAOYSA-N,ethylbenzene,sulfolane,353.15,4.483,1.5002924651733025,Chromatography,True,test_one
je700139p.xml,2007,2,YNQLUTRBYVCPMQ-UHFFFAOYSA-N,HXJUTPCZVOIRIF-UHFFFAOYSA-N,ethylbenzene,sulfolane,363.15,4.353,1.4708652625701604,Chromatography,True,test_one
je700139p.xml,2007,2,YNQLUTRBYVCPMQ-UHFFFAOYSA-N,HXJUTPCZVOIRIF-UHFFFAOYSA-N,ethylbenzene,sulfolane,373.15,4.26,1.449269160281279,Chromatography,True,test_one
j.jct.2012.01.016.xml,2012,7,YNQLUTRBYVCPMQ-UHFFFAOYSA-N,HYBBIBNJHNGZAN-UHFFFAOYSA-N,ethylbenzene,2-furaldehyde,298.15,4.84,1.5769147207285403,Headspace solid phase microextraction,True,test_one
j.jct.2012.01.016.xml,2012,7,YNQLUTRBYVCPMQ-UHFFFAOYSA-N,HYBBIBNJHNGZAN-UHFFFAOYSA-N,ethylbenzene,2-furaldehyde,298.15,4.52,1.5085119938441398,Headspace solid phase microextraction,True,test_one
j.jct.2012.01.016.xml,2012,7,YNQLUTRBYVCPMQ-UHFFFAOYSA-N,HYBBIBNJHNGZAN-UHFFFAOYSA-N,ethylbenzene,2-furaldehyde,308.15,5.02,1.6134299337036375,Headspace solid phase microextraction,True,test_one
j.jct.2012.01.016.xml,2012,7,YNQLUTRBYVCPMQ-UHFFFAOYSA-N,HYBBIBNJHNGZAN-UHFFFAOYSA-N,ethylbenzene,2-furaldehyde,308.15,4.35,1.4701758451005926,Headspace solid phase microextraction,True,test_one
j.jct.2012.01.016.xml,2012,7,YNQLUTRBYVCPMQ-UHFFFAOYSA-N,HYBBIBNJHNGZAN-UHFFFAOYSA-N,ethylbenzene,2-furaldehyde,318.15,7.21,1.9754689512968575,Headspace solid phase microextraction,True,test_one
j.jct.2012.01.016.xml,2012,7,YNQLUTRBYVCPMQ-UHFFFAOYSA-N,HYBBIBNJHNGZAN-UHFFFAOYSA-N,ethylbenzene,2-furaldehyde,318.15,5.25,1.6582280766035324,Headspace solid phase microextraction,True,test_one
j.jct.2012.06.009.xml,2012,70,YNQLUTRBYVCPMQ-UHFFFAOYSA-N,IPCSVZSSVZVIGE-UHFFFAOYSA-N,ethylbenzene,hexadecanoic acid,340.19,1.039,0.0382587121170902,Chromatography,True,train
j.jct.2012.06.009.xml,2012,70,YNQLUTRBYVCPMQ-UHFFFAOYSA-N,IPCSVZSSVZVIGE-UHFFFAOYSA-N,ethylbenzene,hexadecanoic acid,348.01,1.048,0.0468835858988504,Chromatography,True,train
j.jct.2012.06.009.xml,2012,70,YNQLUTRBYVCPMQ-UHFFFAOYSA-N,IPCSVZSSVZVIGE-UHFFFAOYSA-N,ethylbenzene,hexadecanoic acid,358.22,1.057,0.0554347068881005,Chromatography,True,train
j.fluid.2016.10.009.xml,2017,7,YNQLUTRBYVCPMQ-UHFFFAOYSA-N,JUJWROOIHBZHMG-UHFFFAOYSA-N,ethylbenzene,pyridine,298.15,1.44,0.3646431135879092,Other,True,train
j.fluid.2007.09.021.xml,2008,3,YNQLUTRBYVCPMQ-UHFFFAOYSA-N,LFQSCWFLJHTTHZ-UHFFFAOYSA-N,ethylbenzene,ethanol,323.15,6.86,1.925707441737794,Differential ebulliometry,True,train
j.fluid.2007.09.021.xml,2008,3,YNQLUTRBYVCPMQ-UHFFFAOYSA-N,LFQSCWFLJHTTHZ-UHFFFAOYSA-N,ethylbenzene,ethanol,333.15,6.53,1.87640694328834,Differential ebulliometry,True,train
j.fluid.2007.09.021.xml,2008,3,YNQLUTRBYVCPMQ-UHFFFAOYSA-N,LFQSCWFLJHTTHZ-UHFFFAOYSA-N,ethylbenzene,ethanol,343.15,6.19,1.8229350866965048,Differential ebulliometry,True,train
j.fluid.2007.09.021.xml,2008,3,YNQLUTRBYVCPMQ-UHFFFAOYSA-N,LFQSCWFLJHTTHZ-UHFFFAOYSA-N,ethylbenzene,ethanol,351.15,5.9,1.7749523509116738,Differential ebulliometry,True,train
j.fluid.2007.09.021.xml,2008,8,YNQLUTRBYVCPMQ-UHFFFAOYSA-N,LRHPLDYGYMQRHN-UHFFFAOYSA-N,ethylbenzene,1-butanol,323.15,3.84,1.3454723665996355,Chromatography,True,train
j.jct.2013.05.011.xml,2013,26,YNQLUTRBYVCPMQ-UHFFFAOYSA-N,MTHSVFCYNBDYFN-UHFFFAOYSA-N,ethylbenzene,diethylene glycol,333.2,16.8,2.8213788864092133,Chromatography,True,test_one
j.jct.2013.05.011.xml,2013,26,YNQLUTRBYVCPMQ-UHFFFAOYSA-N,MTHSVFCYNBDYFN-UHFFFAOYSA-N,ethylbenzene,diethylene glycol,348.2,16.12,2.7800607370784824,Chromatography,True,test_one
j.jct.2013.05.011.xml,2013,26,YNQLUTRBYVCPMQ-UHFFFAOYSA-N,MTHSVFCYNBDYFN-UHFFFAOYSA-N,ethylbenzene,diethylene glycol,363.2,15.21,2.7219531062712017,Chromatography,True,test_one
j.fluid.2007.09.021.xml,2008,1,YNQLUTRBYVCPMQ-UHFFFAOYSA-N,OKKJLVBELUTLKV-UHFFFAOYSA-N,ethylbenzene,methanol,308.15,12.8,2.5494451709255714,Differential ebulliometry,True,train
j.fluid.2007.09.021.xml,2008,1,YNQLUTRBYVCPMQ-UHFFFAOYSA-N,OKKJLVBELUTLKV-UHFFFAOYSA-N,ethylbenzene,methanol,318.15,12.2,2.501435951739211,Differential ebulliometry,True,train
j.fluid.2007.09.021.xml,2008,1,YNQLUTRBYVCPMQ-UHFFFAOYSA-N,OKKJLVBELUTLKV-UHFFFAOYSA-N,ethylbenzene,methanol,328.15,11.8,2.468099531471619,Differential ebulliometry,True,train
j.fluid.2007.09.021.xml,2008,1,YNQLUTRBYVCPMQ-UHFFFAOYSA-N,OKKJLVBELUTLKV-UHFFFAOYSA-N,ethylbenzene,methanol,337.15,11.4,2.4336133554004498,Differential ebulliometry,True,train
je050316s.xml,2006,37,YNQLUTRBYVCPMQ-UHFFFAOYSA-N,PAFZNILMFXTMIY-UHFFFAOYSA-N,ethylbenzene,cyclohexylamine,353.15,1.18,0.1655144384775733,Differential ebulliometry,True,train
je050316s.xml,2006,37,YNQLUTRBYVCPMQ-UHFFFAOYSA-N,PAFZNILMFXTMIY-UHFFFAOYSA-N,ethylbenzene,cyclohexylamine,373.15,1.16,0.1484200051182732,Differential ebulliometry,True,train
je050316s.xml,2006,37,YNQLUTRBYVCPMQ-UHFFFAOYSA-N,PAFZNILMFXTMIY-UHFFFAOYSA-N,ethylbenzene,cyclohexylamine,393.15,1.13,0.1222176327242491,Differential ebulliometry,True,train
je900686n.xml,2010,12,YNQLUTRBYVCPMQ-UHFFFAOYSA-N,PEDCQBHIVMGVHV-UHFFFAOYSA-N,ethylbenzene,glycerol,303.15,161.76,5.086113755272161,Chromatography,True,test_one
je900686n.xml,2010,12,YNQLUTRBYVCPMQ-UHFFFAOYSA-N,PEDCQBHIVMGVHV-UHFFFAOYSA-N,ethylbenzene,glycerol,313.15,141.18,4.950035671967326,Chromatography,True,test_one
je900686n.xml,2010,12,YNQLUTRBYVCPMQ-UHFFFAOYSA-N,PEDCQBHIVMGVHV-UHFFFAOYSA-N,ethylbenzene,glycerol,323.15,120.4,4.79081953287472,Chromatography,True,test_one
je900686n.xml,2010,12,YNQLUTRBYVCPMQ-UHFFFAOYSA-N,PEDCQBHIVMGVHV-UHFFFAOYSA-N,ethylbenzene,glycerol,333.15,102.14,4.626344421219498,Chromatography,True,test_one
je900686n.xml,2010,12,YNQLUTRBYVCPMQ-UHFFFAOYSA-N,PEDCQBHIVMGVHV-UHFFFAOYSA-N,ethylbenzene,glycerol,343.15,89.73,4.496805161309966,Chromatography,True,test_one
j.jct.2012.06.009.xml,2012,27,YNQLUTRBYVCPMQ-UHFFFAOYSA-N,POULHZVOKOAJMA-UHFFFAOYSA-N,ethylbenzene,lauric acid,314.24,1.222,0.2004888607494035,Chromatography,True,train
j.jct.2012.06.009.xml,2012,27,YNQLUTRBYVCPMQ-UHFFFAOYSA-N,POULHZVOKOAJMA-UHFFFAOYSA-N,ethylbenzene,lauric acid,333.26,1.202,0.1839868361130158,Chromatography,True,train
j.jct.2012.06.009.xml,2012,27,YNQLUTRBYVCPMQ-UHFFFAOYSA-N,POULHZVOKOAJMA-UHFFFAOYSA-N,ethylbenzene,lauric acid,333.38,1.189,0.1731126177086448,Chromatography,True,train
j.jct.2012.06.009.xml,2012,27,YNQLUTRBYVCPMQ-UHFFFAOYSA-N,POULHZVOKOAJMA-UHFFFAOYSA-N,ethylbenzene,lauric acid,353.25,1.178,0.1638180852293949,Chromatography,True,train
j.jct.2012.06.009.xml,2012,27,YNQLUTRBYVCPMQ-UHFFFAOYSA-N,POULHZVOKOAJMA-UHFFFAOYSA-N,ethylbenzene,lauric acid,353.3,1.175,0.1612681475961223,Chromatography,True,train
je200628n.xml,2011,24,YNQLUTRBYVCPMQ-UHFFFAOYSA-N,PWGJDPKCLMLPJW-UHFFFAOYSA-N,ethylbenzene,"1,8-diaminooctane",328.15,2.067,0.7260982806996313,Chromatography,True,train
je200628n.xml,2011,24,YNQLUTRBYVCPMQ-UHFFFAOYSA-N,PWGJDPKCLMLPJW-UHFFFAOYSA-N,ethylbenzene,"1,8-diaminooctane",338.15,1.865,0.6232610530957788,Chromatography,True,train
je200628n.xml,2011,24,YNQLUTRBYVCPMQ-UHFFFAOYSA-N,PWGJDPKCLMLPJW-UHFFFAOYSA-N,ethylbenzene,"1,8-diaminooctane",343.15,1.775,0.5738004229273791,Chromatography,True,train
je200628n.xml,2011,24,YNQLUTRBYVCPMQ-UHFFFAOYSA-N,PWGJDPKCLMLPJW-UHFFFAOYSA-N,ethylbenzene,"1,8-diaminooctane",348.15,1.717,0.5405785819153385,Chromatography,True,train
je200628n.xml,2011,78,YNQLUTRBYVCPMQ-UHFFFAOYSA-N,QFTYSVGGYOXFRQ-UHFFFAOYSA-N,ethylbenzene,"1,12-diaminododecane",348.25,2.504,0.917889453237852,Chromatography,False,train
je200628n.xml,2011,78,YNQLUTRBYVCPMQ-UHFFFAOYSA-N,QFTYSVGGYOXFRQ-UHFFFAOYSA-N,ethylbenzene,"1,12-diaminododecane",353.15,2.467,0.9030028375472196,Chromatography,False,train
je200628n.xml,2011,78,YNQLUTRBYVCPMQ-UHFFFAOYSA-N,QFTYSVGGYOXFRQ-UHFFFAOYSA-N,ethylbenzene,"1,12-diaminododecane",358.25,2.417,0.8825271017213459,Chromatography,False,train
je200628n.xml,2011,78,YNQLUTRBYVCPMQ-UHFFFAOYSA-N,QFTYSVGGYOXFRQ-UHFFFAOYSA-N,ethylbenzene,"1,12-diaminododecane",363.21,2.387,0.870037347356693,Chromatography,False,train
j.jct.2013.02.006.xml,2013,47,YNQLUTRBYVCPMQ-UHFFFAOYSA-N,SECXISVLQFMRJM-UHFFFAOYSA-N,ethylbenzene,1-methylpyrrolidone,333.2,1.73,0.5481214085096876,Chromatography,True,train
j.jct.2013.02.006.xml,2013,47,YNQLUTRBYVCPMQ-UHFFFAOYSA-N,SECXISVLQFMRJM-UHFFFAOYSA-N,ethylbenzene,1-methylpyrrolidone,348.2,1.83,0.6043159668533296,Chromatography,True,train
j.jct.2013.02.006.xml,2013,47,YNQLUTRBYVCPMQ-UHFFFAOYSA-N,SECXISVLQFMRJM-UHFFFAOYSA-N,ethylbenzene,1-methylpyrrolidone,363.2,1.61,0.4762341789963717,Chromatography,True,train
j.jct.2012.06.009.xml,2012,49,YNQLUTRBYVCPMQ-UHFFFAOYSA-N,TUNFSRHWOTWDNC-UHFFFAOYSA-N,ethylbenzene,tetradecanoic acid,338.27,1.061,0.059211859631846,Chromatography,True,train
j.jct.2012.06.009.xml,2012,49,YNQLUTRBYVCPMQ-UHFFFAOYSA-N,TUNFSRHWOTWDNC-UHFFFAOYSA-N,ethylbenzene,tetradecanoic acid,348.3,1.059,0.0573250666192693,Chromatography,True,train
j.jct.2012.06.009.xml,2012,49,YNQLUTRBYVCPMQ-UHFFFAOYSA-N,TUNFSRHWOTWDNC-UHFFFAOYSA-N,ethylbenzene,tetradecanoic acid,358.33,1.037,0.0363319292473902,Chromatography,True,train
je020196d.xml,2003,27,YNQLUTRBYVCPMQ-UHFFFAOYSA-N,UWHCKJMYHZGTIT-UHFFFAOYSA-N,ethylbenzene,tetraethylene glycol,333.15,6.3899,1.85471861881472,Chromatography,True,train
je020196d.xml,2003,27,YNQLUTRBYVCPMQ-UHFFFAOYSA-N,UWHCKJMYHZGTIT-UHFFFAOYSA-N,ethylbenzene,tetraethylene glycol,353.15,5.6277,1.7277008329273345,Chromatography,True,train
je020196d.xml,2003,27,YNQLUTRBYVCPMQ-UHFFFAOYSA-N,UWHCKJMYHZGTIT-UHFFFAOYSA-N,ethylbenzene,tetraethylene glycol,363.15,5.3088,1.6693658210139883,Chromatography,True,train
je020196d.xml,2003,27,YNQLUTRBYVCPMQ-UHFFFAOYSA-N,UWHCKJMYHZGTIT-UHFFFAOYSA-N,ethylbenzene,tetraethylene glycol,373.15,4.995,1.608437412100517,Chromatography,True,train
je020196d.xml,2003,27,YNQLUTRBYVCPMQ-UHFFFAOYSA-N,UWHCKJMYHZGTIT-UHFFFAOYSA-N,ethylbenzene,tetraethylene glycol,383.15,4.7324,1.554432473397371,Chromatography,True,train
je020196d.xml,2003,27,YNQLUTRBYVCPMQ-UHFFFAOYSA-N,UWHCKJMYHZGTIT-UHFFFAOYSA-N,ethylbenzene,tetraethylene glycol,393.15,4.5773,1.5211093046404065,Chromatography,True,train
je020196d.xml,2003,27,YNQLUTRBYVCPMQ-UHFFFAOYSA-N,UWHCKJMYHZGTIT-UHFFFAOYSA-N,ethylbenzene,tetraethylene glycol,403.15,4.3538,1.4710490269846987,Chromatography,True,train
j.jct.2014.06.006.xml,2014,27,YNQLUTRBYVCPMQ-UHFFFAOYSA-N,XNWFRZJHXBZDAG-UHFFFAOYSA-N,ethylbenzene,methyl cellosolve,298.0,4.9,1.589235205116581,Chromatography,True,train
je200628n.xml,2011,51,YNQLUTRBYVCPMQ-UHFFFAOYSA-N,YQLZOAVZWJBZSY-UHFFFAOYSA-N,ethylbenzene,"1,10-diaminodecane",338.2,1.967,0.676509539406922,Chromatography,False,train
je200628n.xml,2011,51,YNQLUTRBYVCPMQ-UHFFFAOYSA-N,YQLZOAVZWJBZSY-UHFFFAOYSA-N,ethylbenzene,"1,10-diaminodecane",348.15,1.778,0.5754891370917129,Chromatography,False,train
je200628n.xml,2011,51,YNQLUTRBYVCPMQ-UHFFFAOYSA-N,YQLZOAVZWJBZSY-UHFFFAOYSA-N,ethylbenzene,"1,10-diaminodecane",353.22,1.716,0.5399960010657705,Chromatography,False,train
je020196d.xml,2003,20,YNQLUTRBYVCPMQ-UHFFFAOYSA-N,ZIBGPFATKBEMQZ-UHFFFAOYSA-N,ethylbenzene,triethylene glycol,323.15,10.8636,2.385417751287258,Chromatography,True,train
j.jct.2013.05.011.xml,2013,49,YNQLUTRBYVCPMQ-UHFFFAOYSA-N,ZIBGPFATKBEMQZ-UHFFFAOYSA-N,ethylbenzene,triethylene glycol,333.2,8.63,2.155244505095337,Chromatography,True,train
je020196d.xml,2003,20,YNQLUTRBYVCPMQ-UHFFFAOYSA-N,ZIBGPFATKBEMQZ-UHFFFAOYSA-N,ethylbenzene,triethylene glycol,333.15,10.2807,2.330268351093984,Chromatography,True,train
je020196d.xml,2003,20,YNQLUTRBYVCPMQ-UHFFFAOYSA-N,ZIBGPFATKBEMQZ-UHFFFAOYSA-N,ethylbenzene,triethylene glycol,343.15,9.7303,2.2752447281994783,Chromatography,True,train
j.jct.2013.05.011.xml,2013,49,YNQLUTRBYVCPMQ-UHFFFAOYSA-N,ZIBGPFATKBEMQZ-UHFFFAOYSA-N,ethylbenzene,triethylene glycol,348.2,8.21,2.105352923464337,Chromatography,True,train
je020196d.xml,2003,20,YNQLUTRBYVCPMQ-UHFFFAOYSA-N,ZIBGPFATKBEMQZ-UHFFFAOYSA-N,ethylbenzene,triethylene glycol,353.15,9.1046,2.2087797803089906,Chromatography,True,train
j.jct.2013.05.011.xml,2013,49,YNQLUTRBYVCPMQ-UHFFFAOYSA-N,ZIBGPFATKBEMQZ-UHFFFAOYSA-N,ethylbenzene,triethylene glycol,363.2,7.86,2.061786606441115,Chromatography,True,train
je020196d.xml,2003,20,YNQLUTRBYVCPMQ-UHFFFAOYSA-N,ZIBGPFATKBEMQZ-UHFFFAOYSA-N,ethylbenzene,triethylene glycol,363.15,8.7188,2.1654816137722204,Chromatography,True,train
je020196d.xml,2003,20,YNQLUTRBYVCPMQ-UHFFFAOYSA-N,ZIBGPFATKBEMQZ-UHFFFAOYSA-N,ethylbenzene,triethylene glycol,373.15,8.3906,2.127112031628925,Chromatography,True,train
je020196d.xml,2003,20,YNQLUTRBYVCPMQ-UHFFFAOYSA-N,ZIBGPFATKBEMQZ-UHFFFAOYSA-N,ethylbenzene,triethylene glycol,383.15,7.942,2.07216513270906,Chromatography,True,train
je020196d.xml,2003,20,YNQLUTRBYVCPMQ-UHFFFAOYSA-N,ZIBGPFATKBEMQZ-UHFFFAOYSA-N,ethylbenzene,triethylene glycol,393.15,7.7208,2.043917985610789,Chromatography,True,train
j.fluid.2007.09.021.xml,2008,13,YNQLUTRBYVCPMQ-UHFFFAOYSA-N,ZSIAUFGUXNUGDI-UHFFFAOYSA-N,ethylbenzene,1-hexanol,323.15,2.77,1.0188473201992472,Chromatography,True,test_one
j.jct.2010.04.011.xml,2010,2,YVXHZKKCZYLQOP-UHFFFAOYSA-N,IAZDPXIOMUYVGZ-UHFFFAOYSA-N,1-heptyne,dimethyl sulfoxide,298.0,6.9,1.9315214116032136,Chromatography,True,test_one
j.fluid.2016.10.009.xml,2017,6,YVXHZKKCZYLQOP-UHFFFAOYSA-N,JUJWROOIHBZHMG-UHFFFAOYSA-N,1-heptyne,pyridine,298.15,1.55,0.4382549309311553,Other,True,train
j.jct.2013.05.011.xml,2013,14,YVXHZKKCZYLQOP-UHFFFAOYSA-N,MTHSVFCYNBDYFN-UHFFFAOYSA-N,1-heptyne,diethylene glycol,333.2,20.27,3.0091419604639085,Chromatography,True,test_one
j.jct.2013.05.011.xml,2013,14,YVXHZKKCZYLQOP-UHFFFAOYSA-N,MTHSVFCYNBDYFN-UHFFFAOYSA-N,1-heptyne,diethylene glycol,348.2,20.83,3.0363942552728806,Chromatography,True,test_one
j.jct.2013.05.011.xml,2013,14,YVXHZKKCZYLQOP-UHFFFAOYSA-N,MTHSVFCYNBDYFN-UHFFFAOYSA-N,1-heptyne,diethylene glycol,363.2,19.34,2.962175490025148,Chromatography,True,test_one
j.jct.2013.02.006.xml,2013,35,YVXHZKKCZYLQOP-UHFFFAOYSA-N,SECXISVLQFMRJM-UHFFFAOYSA-N,1-heptyne,1-methylpyrrolidone,333.2,1.72,0.5423242908253617,Chromatography,True,train
j.jct.2013.02.006.xml,2013,35,YVXHZKKCZYLQOP-UHFFFAOYSA-N,SECXISVLQFMRJM-UHFFFAOYSA-N,1-heptyne,1-methylpyrrolidone,348.2,1.79,0.5822156198526637,Chromatography,True,train
j.jct.2013.02.006.xml,2013,35,YVXHZKKCZYLQOP-UHFFFAOYSA-N,SECXISVLQFMRJM-UHFFFAOYSA-N,1-heptyne,1-methylpyrrolidone,363.2,1.92,0.6523251860396901,Chromatography,True,train
j.jct.2013.05.011.xml,2013,37,YVXHZKKCZYLQOP-UHFFFAOYSA-N,ZIBGPFATKBEMQZ-UHFFFAOYSA-N,1-heptyne,triethylene glycol,333.2,10.25,2.327277705584417,Chromatography,True,train
j.jct.2013.05.011.xml,2013,37,YVXHZKKCZYLQOP-UHFFFAOYSA-N,ZIBGPFATKBEMQZ-UHFFFAOYSA-N,1-heptyne,triethylene glycol,348.2,9.04,2.201659174404085,Chromatography,True,train
j.jct.2013.05.011.xml,2013,37,YVXHZKKCZYLQOP-UHFFFAOYSA-N,ZIBGPFATKBEMQZ-UHFFFAOYSA-N,1-heptyne,triethylene glycol,363.2,8.99,2.196112848483529,Chromatography,True,train
je1005517.xml,2011,39,YWAKXRMUMFPDSH-UHFFFAOYSA-N,BTFJIXJJCSYFAL-UHFFFAOYSA-N,pentene,1-eicosanol,338.15,0.0813,-2.509609262428372,GC,True,train
je1005517.xml,2011,39,YWAKXRMUMFPDSH-UHFFFAOYSA-N,BTFJIXJJCSYFAL-UHFFFAOYSA-N,pentene,1-eicosanol,343.15,0.0742,-2.6009911288088023,GC,True,train
je1005517.xml,2011,39,YWAKXRMUMFPDSH-UHFFFAOYSA-N,BTFJIXJJCSYFAL-UHFFFAOYSA-N,pentene,1-eicosanol,348.15,0.0664,-2.7120582224997487,GC,True,train
je1005517.xml,2011,39,YWAKXRMUMFPDSH-UHFFFAOYSA-N,BTFJIXJJCSYFAL-UHFFFAOYSA-N,pentene,1-eicosanol,353.15,0.06,-2.8134107167600364,GC,True,train
je1005517.xml,2011,17,YWAKXRMUMFPDSH-UHFFFAOYSA-N,GLDOVTGHNKAZLK-UHFFFAOYSA-N,pentene,1-octadecanol,333.15,0.0261,-3.6458199646534895,GC,True,train
je1005517.xml,2011,17,YWAKXRMUMFPDSH-UHFFFAOYSA-N,GLDOVTGHNKAZLK-UHFFFAOYSA-N,pentene,1-octadecanol,338.15,0.0245,-3.709082161431456,GC,True,train
je1005517.xml,2011,17,YWAKXRMUMFPDSH-UHFFFAOYSA-N,GLDOVTGHNKAZLK-UHFFFAOYSA-N,pentene,1-octadecanol,343.15,0.0234,-3.7550192566184815,GC,True,train
je1005517.xml,2011,17,YWAKXRMUMFPDSH-UHFFFAOYSA-N,GLDOVTGHNKAZLK-UHFFFAOYSA-N,pentene,1-octadecanol,348.15,0.0222,-3.807662990103904,GC,True,train
je1005517.xml,2011,17,YWAKXRMUMFPDSH-UHFFFAOYSA-N,GLDOVTGHNKAZLK-UHFFFAOYSA-N,pentene,1-octadecanol,353.15,0.0213,-3.8490482062667577,GC,True,train
j.jct.2013.05.011.xml,2013,9,YWAKXRMUMFPDSH-UHFFFAOYSA-N,MTHSVFCYNBDYFN-UHFFFAOYSA-N,1-pentene,diethylene glycol,333.2,35.33,3.5647324613710536,Chromatography,True,test_one
j.jct.2013.05.011.xml,2013,9,YWAKXRMUMFPDSH-UHFFFAOYSA-N,MTHSVFCYNBDYFN-UHFFFAOYSA-N,1-pentene,diethylene glycol,348.2,32.92,3.494080375808869,Chromatography,True,test_one
j.jct.2013.05.011.xml,2013,9,YWAKXRMUMFPDSH-UHFFFAOYSA-N,MTHSVFCYNBDYFN-UHFFFAOYSA-N,1-pentene,diethylene glycol,363.2,27.58,3.3170908723651555,Chromatography,True,test_one
je200628n.xml,2011,5,YWAKXRMUMFPDSH-UHFFFAOYSA-N,PWGJDPKCLMLPJW-UHFFFAOYSA-N,1-pentene,"1,8-diaminooctane",328.15,2.815,1.0349622615916536,Chromatography,True,train
je200628n.xml,2011,5,YWAKXRMUMFPDSH-UHFFFAOYSA-N,PWGJDPKCLMLPJW-UHFFFAOYSA-N,1-pentene,"1,8-diaminooctane",338.15,2.704,0.9947321581807176,Chromatography,True,train
je200628n.xml,2011,5,YWAKXRMUMFPDSH-UHFFFAOYSA-N,PWGJDPKCLMLPJW-UHFFFAOYSA-N,1-pentene,"1,8-diaminooctane",343.15,2.665,0.9802040576178078,Chromatography,True,train
je200628n.xml,2011,5,YWAKXRMUMFPDSH-UHFFFAOYSA-N,PWGJDPKCLMLPJW-UHFFFAOYSA-N,1-pentene,"1,8-diaminooctane",348.15,2.647,0.9734269232449642,Chromatography,True,train
je200628n.xml,2011,59,YWAKXRMUMFPDSH-UHFFFAOYSA-N,QFTYSVGGYOXFRQ-UHFFFAOYSA-N,1-pentene,"1,12-diaminododecane",348.25,4.209,1.4372250897884336,Chromatography,False,train
je200628n.xml,2011,59,YWAKXRMUMFPDSH-UHFFFAOYSA-N,QFTYSVGGYOXFRQ-UHFFFAOYSA-N,1-pentene,"1,12-diaminododecane",353.15,4.045,1.397481550510455,Chromatography,False,train
je200628n.xml,2011,59,YWAKXRMUMFPDSH-UHFFFAOYSA-N,QFTYSVGGYOXFRQ-UHFFFAOYSA-N,1-pentene,"1,12-diaminododecane",358.25,3.89,1.358409157630355,Chromatography,False,train
je200628n.xml,2011,59,YWAKXRMUMFPDSH-UHFFFAOYSA-N,QFTYSVGGYOXFRQ-UHFFFAOYSA-N,1-pentene,"1,12-diaminododecane",363.21,3.745,1.320421616969183,Chromatography,False,train
j.jct.2013.02.006.xml,2013,29,YWAKXRMUMFPDSH-UHFFFAOYSA-N,SECXISVLQFMRJM-UHFFFAOYSA-N,1-pentene,1-methylpyrrolidone,333.2,4.75,1.55814461804655,Chromatography,True,train
j.jct.2013.02.006.xml,2013,29,YWAKXRMUMFPDSH-UHFFFAOYSA-N,SECXISVLQFMRJM-UHFFFAOYSA-N,1-pentene,1-methylpyrrolidone,348.2,4.84,1.5769147207285403,Chromatography,True,train
j.jct.2013.02.006.xml,2013,29,YWAKXRMUMFPDSH-UHFFFAOYSA-N,SECXISVLQFMRJM-UHFFFAOYSA-N,1-pentene,1-methylpyrrolidone,363.2,4.99,1.6074359097634274,Chromatography,True,train
je200628n.xml,2011,32,YWAKXRMUMFPDSH-UHFFFAOYSA-N,YQLZOAVZWJBZSY-UHFFFAOYSA-N,1-pentene,"1,10-diaminodecane",338.2,3.228,1.1718627504077024,Chromatography,False,train
je200628n.xml,2011,32,YWAKXRMUMFPDSH-UHFFFAOYSA-N,YQLZOAVZWJBZSY-UHFFFAOYSA-N,1-pentene,"1,10-diaminodecane",348.15,2.978,1.0912519342618172,Chromatography,False,train
je200628n.xml,2011,32,YWAKXRMUMFPDSH-UHFFFAOYSA-N,YQLZOAVZWJBZSY-UHFFFAOYSA-N,1-pentene,"1,10-diaminodecane",353.22,2.875,1.0560526742493137,Chromatography,False,train
j.jct.2013.05.011.xml,2013,32,YWAKXRMUMFPDSH-UHFFFAOYSA-N,ZIBGPFATKBEMQZ-UHFFFAOYSA-N,1-pentene,triethylene glycol,333.2,17.52,2.8633430855082453,Chromatography,True,train
j.jct.2013.05.011.xml,2013,32,YWAKXRMUMFPDSH-UHFFFAOYSA-N,ZIBGPFATKBEMQZ-UHFFFAOYSA-N,1-pentene,triethylene glycol,348.2,16.09,2.778197961004292,Chromatography,True,train
j.jct.2013.05.011.xml,2013,32,YWAKXRMUMFPDSH-UHFFFAOYSA-N,ZIBGPFATKBEMQZ-UHFFFAOYSA-N,1-pentene,triethylene glycol,363.2,14.83,2.696652156149841,Chromatography,True,train
j.tca.2015.11.010.xml,2016,17,YXFVVABEGXRONW-UHFFFAOYSA-N,ATHHXGZTWNVVOU-UHFFFAOYSA-N,toluene,N-methylformamide,298.15,7.0,1.9459101490553128,Chromatography,True,train
je1005517.xml,2011,42,YXFVVABEGXRONW-UHFFFAOYSA-N,BTFJIXJJCSYFAL-UHFFFAOYSA-N,toluene,1-eicosanol,338.15,0.5437,-0.6093576548302622,GC,True,train
je1005517.xml,2011,42,YXFVVABEGXRONW-UHFFFAOYSA-N,BTFJIXJJCSYFAL-UHFFFAOYSA-N,toluene,1-eicosanol,343.15,0.4793,-0.7354285728165515,GC,True,train
je1005517.xml,2011,42,YXFVVABEGXRONW-UHFFFAOYSA-N,BTFJIXJJCSYFAL-UHFFFAOYSA-N,toluene,1-eicosanol,348.15,0.4207,-0.8658352883856618,GC,True,train
je1005517.xml,2011,42,YXFVVABEGXRONW-UHFFFAOYSA-N,BTFJIXJJCSYFAL-UHFFFAOYSA-N,toluene,1-eicosanol,353.15,0.3731,-0.9859087987550248,GC,True,train
j.jct.2015.12.034.xml,2016,10,YXFVVABEGXRONW-UHFFFAOYSA-N,CSCPPACGZOOCGX-UHFFFAOYSA-N,toluene,acetone,298.15,2.01,0.6981347220709843,Other,True,train
j.jct.2014.06.006.xml,2014,4,YXFVVABEGXRONW-UHFFFAOYSA-N,DNIAPMSPPWPWGF-UHFFFAOYSA-N,toluene,propylene glycol,298.0,17.0,2.833213344056216,Chromatography,True,train
j.jct.2012.12.009.xml,2013,65,YXFVVABEGXRONW-UHFFFAOYSA-N,DTOSIQBPPRVQHS-PDBXOOCHSA-N,methylbenzene,"9,12,15-octadecatrienoic acid",313.25,1.171,0.1578580846155803,Chromatography,True,train
j.jct.2012.12.009.xml,2013,65,YXFVVABEGXRONW-UHFFFAOYSA-N,DTOSIQBPPRVQHS-PDBXOOCHSA-N,methylbenzene,"9,12,15-octadecatrienoic acid",323.26,1.204,0.1856493468866292,Chromatography,True,train
j.jct.2012.06.009.xml,2012,4,YXFVVABEGXRONW-UHFFFAOYSA-N,GHVNFZFCNZKVNT-UHFFFAOYSA-N,phenylmethane,capric acid,314.1,1.151,0.1406311297397456,Chromatography,True,train
j.jct.2012.06.009.xml,2012,4,YXFVVABEGXRONW-UHFFFAOYSA-N,GHVNFZFCNZKVNT-UHFFFAOYSA-N,phenylmethane,capric acid,314.24,1.174,0.1604167214059046,Chromatography,True,train
j.jct.2012.06.009.xml,2012,4,YXFVVABEGXRONW-UHFFFAOYSA-N,GHVNFZFCNZKVNT-UHFFFAOYSA-N,phenylmethane,capric acid,333.26,1.122,0.1151128071005046,Chromatography,True,train
j.jct.2012.06.009.xml,2012,4,YXFVVABEGXRONW-UHFFFAOYSA-N,GHVNFZFCNZKVNT-UHFFFAOYSA-N,phenylmethane,capric acid,333.38,1.116,0.1097508639591192,Chromatography,True,train
j.jct.2012.06.009.xml,2012,4,YXFVVABEGXRONW-UHFFFAOYSA-N,GHVNFZFCNZKVNT-UHFFFAOYSA-N,phenylmethane,capric acid,353.25,1.144,0.134530892957606,Chromatography,True,train
j.jct.2012.06.009.xml,2012,4,YXFVVABEGXRONW-UHFFFAOYSA-N,GHVNFZFCNZKVNT-UHFFFAOYSA-N,phenylmethane,capric acid,353.3,1.156,0.1449657702501856,Chromatography,True,train
je1005517.xml,2011,20,YXFVVABEGXRONW-UHFFFAOYSA-N,GLDOVTGHNKAZLK-UHFFFAOYSA-N,toluene,1-octadecanol,333.15,0.0372,-3.291446517703036,GC,True,train
je1005517.xml,2011,20,YXFVVABEGXRONW-UHFFFAOYSA-N,GLDOVTGHNKAZLK-UHFFFAOYSA-N,toluene,1-octadecanol,338.15,0.0355,-3.338222582500767,GC,True,train
je1005517.xml,2011,20,YXFVVABEGXRONW-UHFFFAOYSA-N,GLDOVTGHNKAZLK-UHFFFAOYSA-N,toluene,1-octadecanol,343.15,0.0343,-3.372609924810243,GC,True,train
je1005517.xml,2011,20,YXFVVABEGXRONW-UHFFFAOYSA-N,GLDOVTGHNKAZLK-UHFFFAOYSA-N,toluene,1-octadecanol,348.15,0.0331,-3.40822199659912,GC,True,train
je1005517.xml,2011,20,YXFVVABEGXRONW-UHFFFAOYSA-N,GLDOVTGHNKAZLK-UHFFFAOYSA-N,toluene,1-octadecanol,353.15,0.0318,-3.448288989196006,GC,True,train
je700139p.xml,2007,1,YXFVVABEGXRONW-UHFFFAOYSA-N,HXJUTPCZVOIRIF-UHFFFAOYSA-N,toluene,sulfolane,333.15,3.457,1.2404011609394874,Chromatography,True,test_one
je700139p.xml,2007,1,YXFVVABEGXRONW-UHFFFAOYSA-N,HXJUTPCZVOIRIF-UHFFFAOYSA-N,toluene,sulfolane,343.15,3.382,1.2184672504763885,Chromatography,True,test_one
je700139p.xml,2007,1,YXFVVABEGXRONW-UHFFFAOYSA-N,HXJUTPCZVOIRIF-UHFFFAOYSA-N,toluene,sulfolane,353.15,3.291,1.191191469961203,Chromatography,True,test_one
je700139p.xml,2007,1,YXFVVABEGXRONW-UHFFFAOYSA-N,HXJUTPCZVOIRIF-UHFFFAOYSA-N,toluene,sulfolane,363.15,3.228,1.1718627504077024,Chromatography,True,test_one
je700139p.xml,2007,1,YXFVVABEGXRONW-UHFFFAOYSA-N,HXJUTPCZVOIRIF-UHFFFAOYSA-N,toluene,sulfolane,373.15,3.197,1.1622128700777044,Chromatography,True,test_one
j.jct.2012.01.016.xml,2012,6,YXFVVABEGXRONW-UHFFFAOYSA-N,HYBBIBNJHNGZAN-UHFFFAOYSA-N,toluene,2-furaldehyde,298.15,3.72,1.3137236682850553,Headspace solid phase microextraction,True,test_one
j.jct.2012.01.016.xml,2012,6,YXFVVABEGXRONW-UHFFFAOYSA-N,HYBBIBNJHNGZAN-UHFFFAOYSA-N,toluene,2-furaldehyde,298.15,3.46,1.2412685890696329,Headspace solid phase microextraction,True,test_one
j.jct.2012.01.016.xml,2012,6,YXFVVABEGXRONW-UHFFFAOYSA-N,HYBBIBNJHNGZAN-UHFFFAOYSA-N,toluene,2-furaldehyde,308.15,3.79,1.332366019094335,Headspace solid phase microextraction,True,test_one
j.jct.2012.01.016.xml,2012,6,YXFVVABEGXRONW-UHFFFAOYSA-N,HYBBIBNJHNGZAN-UHFFFAOYSA-N,toluene,2-furaldehyde,308.15,3.33,1.2029723039923526,Headspace solid phase microextraction,True,test_one
j.jct.2012.01.016.xml,2012,6,YXFVVABEGXRONW-UHFFFAOYSA-N,HYBBIBNJHNGZAN-UHFFFAOYSA-N,toluene,2-furaldehyde,318.15,5.3,1.667706820558076,Headspace solid phase microextraction,True,test_one
j.jct.2012.01.016.xml,2012,6,YXFVVABEGXRONW-UHFFFAOYSA-N,HYBBIBNJHNGZAN-UHFFFAOYSA-N,toluene,2-furaldehyde,318.15,3.8,1.33500106673234,Headspace solid phase microextraction,True,test_one
j.jct.2012.06.009.xml,2012,68,YXFVVABEGXRONW-UHFFFAOYSA-N,IPCSVZSSVZVIGE-UHFFFAOYSA-N,phenylmethane,hexadecanoic acid,340.19,0.934,-0.0682788407532943,Chromatography,True,train
j.jct.2012.06.009.xml,2012,68,YXFVVABEGXRONW-UHFFFAOYSA-N,IPCSVZSSVZVIGE-UHFFFAOYSA-N,phenylmethane,hexadecanoic acid,348.01,0.935,-0.0672087496934499,Chromatography,True,train
j.jct.2012.06.009.xml,2012,68,YXFVVABEGXRONW-UHFFFAOYSA-N,IPCSVZSSVZVIGE-UHFFFAOYSA-N,phenylmethane,hexadecanoic acid,358.22,0.934,-0.0682788407532943,Chromatography,True,train
j.fluid.2013.06.028.xml,2013,9,YXFVVABEGXRONW-UHFFFAOYSA-N,LYCAIKOWRPUZTN-UHFFFAOYSA-N,methylbenzene,"1,2-dihydroxyethane",298.0,93.0,4.532599493153256,Chromatography,True,train
j.jct.2013.05.011.xml,2013,25,YXFVVABEGXRONW-UHFFFAOYSA-N,MTHSVFCYNBDYFN-UHFFFAOYSA-N,toluene,diethylene glycol,333.2,11.22,2.4176979000945504,Chromatography,True,test_one
j.jct.2013.05.011.xml,2013,25,YXFVVABEGXRONW-UHFFFAOYSA-N,MTHSVFCYNBDYFN-UHFFFAOYSA-N,toluene,diethylene glycol,348.2,10.94,2.392425796993835,Chromatography,True,test_one
j.jct.2013.05.011.xml,2013,25,YXFVVABEGXRONW-UHFFFAOYSA-N,MTHSVFCYNBDYFN-UHFFFAOYSA-N,toluene,diethylene glycol,363.2,10.53,2.354228326145884,Chromatography,True,test_one
j.jct.2012.12.009.xml,2013,45,YXFVVABEGXRONW-UHFFFAOYSA-N,OYHQOLUKZRVURQ-HZJYTTRNSA-N,methylbenzene,linoleic acid,338.28,1.097,0.0925791812930931,Chromatography,True,train
j.jct.2012.12.009.xml,2013,45,YXFVVABEGXRONW-UHFFFAOYSA-N,OYHQOLUKZRVURQ-HZJYTTRNSA-N,methylbenzene,linoleic acid,338.28,1.094,0.0898407039997895,Chromatography,True,train
j.jct.2012.12.009.xml,2013,45,YXFVVABEGXRONW-UHFFFAOYSA-N,OYHQOLUKZRVURQ-HZJYTTRNSA-N,methylbenzene,linoleic acid,348.31,1.165,0.1527210870176639,Chromatography,True,train
j.jct.2012.12.009.xml,2013,45,YXFVVABEGXRONW-UHFFFAOYSA-N,OYHQOLUKZRVURQ-HZJYTTRNSA-N,methylbenzene,linoleic acid,348.28,1.192,0.1756325686431579,Chromatography,True,train
j.jct.2012.12.009.xml,2013,45,YXFVVABEGXRONW-UHFFFAOYSA-N,OYHQOLUKZRVURQ-HZJYTTRNSA-N,methylbenzene,linoleic acid,358.3,1.263,0.233489843368354,Chromatography,True,train
je050316s.xml,2006,33,YXFVVABEGXRONW-UHFFFAOYSA-N,PAFZNILMFXTMIY-UHFFFAOYSA-N,toluene,cyclohexylamine,353.15,1.14,0.131028262406404,Differential ebulliometry,True,train
je050316s.xml,2006,33,YXFVVABEGXRONW-UHFFFAOYSA-N,PAFZNILMFXTMIY-UHFFFAOYSA-N,toluene,cyclohexylamine,373.15,1.13,0.1222176327242491,Differential ebulliometry,True,train
je050316s.xml,2006,33,YXFVVABEGXRONW-UHFFFAOYSA-N,PAFZNILMFXTMIY-UHFFFAOYSA-N,toluene,cyclohexylamine,393.15,1.06,0.0582689081239758,Differential ebulliometry,True,train
je900686n.xml,2010,11,YXFVVABEGXRONW-UHFFFAOYSA-N,PEDCQBHIVMGVHV-UHFFFAOYSA-N,toluene,glycerol,303.15,128.42,4.855306142365902,Chromatography,True,test_one
je900686n.xml,2010,11,YXFVVABEGXRONW-UHFFFAOYSA-N,PEDCQBHIVMGVHV-UHFFFAOYSA-N,toluene,glycerol,313.15,110.67,4.706552800276694,Chromatography,True,test_one
je900686n.xml,2010,11,YXFVVABEGXRONW-UHFFFAOYSA-N,PEDCQBHIVMGVHV-UHFFFAOYSA-N,toluene,glycerol,323.15,91.07,4.511628441579727,Chromatography,True,test_one
je900686n.xml,2010,11,YXFVVABEGXRONW-UHFFFAOYSA-N,PEDCQBHIVMGVHV-UHFFFAOYSA-N,toluene,glycerol,333.15,76.07,4.33165396900921,Chromatography,True,test_one
je900686n.xml,2010,11,YXFVVABEGXRONW-UHFFFAOYSA-N,PEDCQBHIVMGVHV-UHFFFAOYSA-N,toluene,glycerol,343.15,60.04,4.095011006765261,Chromatography,True,test_one
j.jct.2012.06.009.xml,2012,25,YXFVVABEGXRONW-UHFFFAOYSA-N,POULHZVOKOAJMA-UHFFFAOYSA-N,phenylmethane,lauric acid,314.1,1.064,0.0620353909194527,Chromatography,True,train
j.jct.2012.06.009.xml,2012,25,YXFVVABEGXRONW-UHFFFAOYSA-N,POULHZVOKOAJMA-UHFFFAOYSA-N,phenylmethane,lauric acid,314.24,1.078,0.0751074724868054,Chromatography,True,train
j.jct.2012.06.009.xml,2012,25,YXFVVABEGXRONW-UHFFFAOYSA-N,POULHZVOKOAJMA-UHFFFAOYSA-N,phenylmethane,lauric acid,333.26,1.067,0.0648509723196162,Chromatography,True,train
j.jct.2012.06.009.xml,2012,25,YXFVVABEGXRONW-UHFFFAOYSA-N,POULHZVOKOAJMA-UHFFFAOYSA-N,phenylmethane,lauric acid,333.38,1.04,0.0392207131532813,Chromatography,True,train
j.jct.2012.06.009.xml,2012,25,YXFVVABEGXRONW-UHFFFAOYSA-N,POULHZVOKOAJMA-UHFFFAOYSA-N,phenylmethane,lauric acid,353.3,1.052,0.0506931143155181,Chromatography,True,train
je200628n.xml,2011,23,YXFVVABEGXRONW-UHFFFAOYSA-N,PWGJDPKCLMLPJW-UHFFFAOYSA-N,toluene,"1,8-diaminooctane",328.15,2.389,0.8708748683436724,Chromatography,True,train
je200628n.xml,2011,23,YXFVVABEGXRONW-UHFFFAOYSA-N,PWGJDPKCLMLPJW-UHFFFAOYSA-N,toluene,"1,8-diaminooctane",338.15,2.173,0.7761087012742927,Chromatography,True,train
je200628n.xml,2011,23,YXFVVABEGXRONW-UHFFFAOYSA-N,PWGJDPKCLMLPJW-UHFFFAOYSA-N,toluene,"1,8-diaminooctane",343.15,2.111,0.7471617688661837,Chromatography,True,train
je200628n.xml,2011,23,YXFVVABEGXRONW-UHFFFAOYSA-N,PWGJDPKCLMLPJW-UHFFFAOYSA-N,toluene,"1,8-diaminooctane",348.15,2.067,0.7260982806996313,Chromatography,True,train
je200628n.xml,2011,77,YXFVVABEGXRONW-UHFFFAOYSA-N,QFTYSVGGYOXFRQ-UHFFFAOYSA-N,toluene,"1,12-diaminododecane",348.25,2.602,0.9562803800903136,Chromatography,False,train
je200628n.xml,2011,77,YXFVVABEGXRONW-UHFFFAOYSA-N,QFTYSVGGYOXFRQ-UHFFFAOYSA-N,toluene,"1,12-diaminododecane",353.15,2.509,0.9198842673842852,Chromatography,False,train
je200628n.xml,2011,77,YXFVVABEGXRONW-UHFFFAOYSA-N,QFTYSVGGYOXFRQ-UHFFFAOYSA-N,toluene,"1,12-diaminododecane",358.25,2.424,0.885419068207068,Chromatography,False,train
je200628n.xml,2011,77,YXFVVABEGXRONW-UHFFFAOYSA-N,QFTYSVGGYOXFRQ-UHFFFAOYSA-N,toluene,"1,12-diaminododecane",363.21,2.332,0.8467262684882458,Chromatography,False,train
j.jct.2012.12.009.xml,2013,4,YXFVVABEGXRONW-UHFFFAOYSA-N,QIQXTHQIDYTFRH-UHFFFAOYSA-N,methylbenzene,n-octadecanoic acid,349.47,0.903,-0.1020327255651516,Chromatography,True,train
j.jct.2012.12.009.xml,2013,4,YXFVVABEGXRONW-UHFFFAOYSA-N,QIQXTHQIDYTFRH-UHFFFAOYSA-N,methylbenzene,n-octadecanoic acid,349.48,0.869,-0.140412153716745,Chromatography,True,train
j.jct.2012.12.009.xml,2013,4,YXFVVABEGXRONW-UHFFFAOYSA-N,QIQXTHQIDYTFRH-UHFFFAOYSA-N,methylbenzene,n-octadecanoic acid,358.39,0.892,-0.1142891464021276,Chromatography,True,train
j.jct.2012.12.009.xml,2013,4,YXFVVABEGXRONW-UHFFFAOYSA-N,QIQXTHQIDYTFRH-UHFFFAOYSA-N,methylbenzene,n-octadecanoic acid,368.13,0.872,-0.1369658550731574,Chromatography,True,train
j.jct.2013.02.006.xml,2013,46,YXFVVABEGXRONW-UHFFFAOYSA-N,SECXISVLQFMRJM-UHFFFAOYSA-N,methylbenzene,1-methylpyrrolidone,333.2,1.39,0.3293037471426003,Chromatography,True,train
j.jct.2013.02.006.xml,2013,46,YXFVVABEGXRONW-UHFFFAOYSA-N,SECXISVLQFMRJM-UHFFFAOYSA-N,methylbenzene,1-methylpyrrolidone,348.2,1.35,0.3001045924503381,Chromatography,True,train
j.jct.2013.02.006.xml,2013,46,YXFVVABEGXRONW-UHFFFAOYSA-N,SECXISVLQFMRJM-UHFFFAOYSA-N,methylbenzene,1-methylpyrrolidone,363.2,1.42,0.3506568716131693,Chromatography,True,train
j.jct.2012.06.009.xml,2012,47,YXFVVABEGXRONW-UHFFFAOYSA-N,TUNFSRHWOTWDNC-UHFFFAOYSA-N,phenylmethane,tetradecanoic acid,338.27,0.926,-0.0768810443359576,Chromatography,True,train
j.jct.2012.06.009.xml,2012,47,YXFVVABEGXRONW-UHFFFAOYSA-N,TUNFSRHWOTWDNC-UHFFFAOYSA-N,phenylmethane,tetradecanoic acid,338.29,1.01,0.009950330853168,Chromatography,True,train
j.jct.2012.06.009.xml,2012,47,YXFVVABEGXRONW-UHFFFAOYSA-N,TUNFSRHWOTWDNC-UHFFFAOYSA-N,phenylmethane,tetradecanoic acid,348.2,0.958,-0.0429075010112765,Chromatography,True,train
j.jct.2012.06.009.xml,2012,47,YXFVVABEGXRONW-UHFFFAOYSA-N,TUNFSRHWOTWDNC-UHFFFAOYSA-N,phenylmethane,tetradecanoic acid,358.33,0.93,-0.0725706928348353,Chromatography,True,train
je020196d.xml,2003,26,YXFVVABEGXRONW-UHFFFAOYSA-N,UWHCKJMYHZGTIT-UHFFFAOYSA-N,toluene,tetraethylene glycol,333.15,4.4984,1.503721777995855,Chromatography,True,train
je020196d.xml,2003,26,YXFVVABEGXRONW-UHFFFAOYSA-N,UWHCKJMYHZGTIT-UHFFFAOYSA-N,toluene,tetraethylene glycol,353.15,4.0183,1.3908589276174703,Chromatography,True,train
je020196d.xml,2003,26,YXFVVABEGXRONW-UHFFFAOYSA-N,UWHCKJMYHZGTIT-UHFFFAOYSA-N,toluene,tetraethylene glycol,363.15,3.8479,1.347527544939791,Chromatography,True,train
je020196d.xml,2003,26,YXFVVABEGXRONW-UHFFFAOYSA-N,UWHCKJMYHZGTIT-UHFFFAOYSA-N,toluene,tetraethylene glycol,373.15,3.6163,1.2854514036903275,Chromatography,True,train
je020196d.xml,2003,26,YXFVVABEGXRONW-UHFFFAOYSA-N,UWHCKJMYHZGTIT-UHFFFAOYSA-N,toluene,tetraethylene glycol,383.15,3.4624,1.2419619902299708,Chromatography,True,train
je020196d.xml,2003,26,YXFVVABEGXRONW-UHFFFAOYSA-N,UWHCKJMYHZGTIT-UHFFFAOYSA-N,toluene,tetraethylene glycol,393.15,3.3673,1.2141112362988604,Chromatography,True,train
je020196d.xml,2003,26,YXFVVABEGXRONW-UHFFFAOYSA-N,UWHCKJMYHZGTIT-UHFFFAOYSA-N,toluene,tetraethylene glycol,403.15,3.212,1.1668937960845154,Chromatography,True,train
j.jct.2015.12.034.xml,2016,14,YXFVVABEGXRONW-UHFFFAOYSA-N,WEVYAHXRMPXWCK-UHFFFAOYSA-N,toluene,acetonitrile,298.15,3.95,1.3737155789130306,Other,True,train
j.jct.2014.06.006.xml,2014,26,YXFVVABEGXRONW-UHFFFAOYSA-N,XNWFRZJHXBZDAG-UHFFFAOYSA-N,toluene,methyl cellosolve,298.0,3.6,1.2809338454620642,Chromatography,True,train
je200628n.xml,2011,50,YXFVVABEGXRONW-UHFFFAOYSA-N,YQLZOAVZWJBZSY-UHFFFAOYSA-N,toluene,"1,10-diaminodecane",338.2,2.517,0.9230677161531788,Chromatography,False,train
je200628n.xml,2011,50,YXFVVABEGXRONW-UHFFFAOYSA-N,YQLZOAVZWJBZSY-UHFFFAOYSA-N,toluene,"1,10-diaminodecane",348.15,2.233,0.8033459728580209,Chromatography,False,train
je200628n.xml,2011,50,YXFVVABEGXRONW-UHFFFAOYSA-N,YQLZOAVZWJBZSY-UHFFFAOYSA-N,toluene,"1,10-diaminodecane",353.22,2.129,0.7556523859113424,Chromatography,False,train
j.jct.2013.05.006.xml,2013,6,YXFVVABEGXRONW-UHFFFAOYSA-N,ZHNUHDYFZUAESO-UHFFFAOYSA-N,toluene,formamide,298.0,81.0,4.394449154672439,Chromatography,True,train
je020196d.xml,2003,19,YXFVVABEGXRONW-UHFFFAOYSA-N,ZIBGPFATKBEMQZ-UHFFFAOYSA-N,toluene,triethylene glycol,323.15,7.1078,1.9611927725864704,Chromatography,True,train
j.jct.2013.05.011.xml,2013,48,YXFVVABEGXRONW-UHFFFAOYSA-N,ZIBGPFATKBEMQZ-UHFFFAOYSA-N,toluene,triethylene glycol,333.2,5.88,1.7715567619105357,Chromatography,True,train
je020196d.xml,2003,19,YXFVVABEGXRONW-UHFFFAOYSA-N,ZIBGPFATKBEMQZ-UHFFFAOYSA-N,toluene,triethylene glycol,333.15,6.7965,1.9164077737931653,Chromatography,True,train
je020196d.xml,2003,19,YXFVVABEGXRONW-UHFFFAOYSA-N,ZIBGPFATKBEMQZ-UHFFFAOYSA-N,toluene,triethylene glycol,343.15,6.5103,1.873385538108,Chromatography,True,train
j.jct.2013.05.011.xml,2013,48,YXFVVABEGXRONW-UHFFFAOYSA-N,ZIBGPFATKBEMQZ-UHFFFAOYSA-N,toluene,triethylene glycol,348.2,5.73,1.7457155307266483,Chromatography,True,train
je020196d.xml,2003,19,YXFVVABEGXRONW-UHFFFAOYSA-N,ZIBGPFATKBEMQZ-UHFFFAOYSA-N,toluene,triethylene glycol,353.15,6.2512,1.832773445318669,Chromatography,True,train
j.jct.2013.05.011.xml,2013,48,YXFVVABEGXRONW-UHFFFAOYSA-N,ZIBGPFATKBEMQZ-UHFFFAOYSA-N,toluene,triethylene glycol,363.2,5.55,1.713797927758343,Chromatography,True,train
je020196d.xml,2003,19,YXFVVABEGXRONW-UHFFFAOYSA-N,ZIBGPFATKBEMQZ-UHFFFAOYSA-N,toluene,triethylene glycol,363.15,5.9922,1.790458623495007,Chromatography,True,train
je020196d.xml,2003,19,YXFVVABEGXRONW-UHFFFAOYSA-N,ZIBGPFATKBEMQZ-UHFFFAOYSA-N,toluene,triethylene glycol,373.15,5.8481,1.7661168221644774,Chromatography,True,train
je020196d.xml,2003,19,YXFVVABEGXRONW-UHFFFAOYSA-N,ZIBGPFATKBEMQZ-UHFFFAOYSA-N,toluene,triethylene glycol,383.15,5.5627,1.716083601902171,Chromatography,True,train
je020196d.xml,2003,19,YXFVVABEGXRONW-UHFFFAOYSA-N,ZIBGPFATKBEMQZ-UHFFFAOYSA-N,toluene,triethylene glycol,393.15,5.512,1.7069275337113574,Chromatography,True,train
je1005517.xml,2011,40,ZGEGCLOFRBLKSE-UHFFFAOYSA-N,BTFJIXJJCSYFAL-UHFFFAOYSA-N,1-heptene,1-eicosanol,338.15,0.1237,-2.0898959995836948,GC,True,test_one
je1005517.xml,2011,40,ZGEGCLOFRBLKSE-UHFFFAOYSA-N,BTFJIXJJCSYFAL-UHFFFAOYSA-N,1-heptene,1-eicosanol,343.15,0.1181,-2.1362235557788205,GC,True,test_one
je1005517.xml,2011,40,ZGEGCLOFRBLKSE-UHFFFAOYSA-N,BTFJIXJJCSYFAL-UHFFFAOYSA-N,1-heptene,1-eicosanol,348.15,0.1126,-2.183913563276547,GC,True,test_one
je1005517.xml,2011,40,ZGEGCLOFRBLKSE-UHFFFAOYSA-N,BTFJIXJJCSYFAL-UHFFFAOYSA-N,1-heptene,1-eicosanol,353.15,0.1076,-2.229334631254453,GC,True,test_one
je1005517.xml,2011,18,ZGEGCLOFRBLKSE-UHFFFAOYSA-N,GLDOVTGHNKAZLK-UHFFFAOYSA-N,1-heptene,1-octadecanol,333.15,0.0431,-3.144232281872435,GC,True,test_one
je1005517.xml,2011,18,ZGEGCLOFRBLKSE-UHFFFAOYSA-N,GLDOVTGHNKAZLK-UHFFFAOYSA-N,1-heptene,1-octadecanol,338.15,0.0417,-3.177254150177381,GC,True,test_one
je1005517.xml,2011,18,ZGEGCLOFRBLKSE-UHFFFAOYSA-N,GLDOVTGHNKAZLK-UHFFFAOYSA-N,1-heptene,1-octadecanol,343.15,0.0407,-3.201527186533588,GC,True,test_one
je1005517.xml,2011,18,ZGEGCLOFRBLKSE-UHFFFAOYSA-N,GLDOVTGHNKAZLK-UHFFFAOYSA-N,1-heptene,1-octadecanol,348.15,0.0397,-3.2264040912889924,GC,True,test_one
je1005517.xml,2011,18,ZGEGCLOFRBLKSE-UHFFFAOYSA-N,GLDOVTGHNKAZLK-UHFFFAOYSA-N,1-heptene,1-octadecanol,353.15,0.0388,-3.249335032352909,GC,True,test_one
j.fluid.2016.10.009.xml,2017,5,ZGEGCLOFRBLKSE-UHFFFAOYSA-N,JUJWROOIHBZHMG-UHFFFAOYSA-N,1-heptene,pyridine,298.15,3.57,1.2725655957915476,Other,True,test_one
j.jct.2016.10.013.xml,2017,11,ZGEGCLOFRBLKSE-UHFFFAOYSA-N,LYCAIKOWRPUZTN-UHFFFAOYSA-N,1-heptene,ethylene glycol,303.15,570.0,6.345636360828596,Other,True,test_one
j.jct.2016.10.013.xml,2017,11,ZGEGCLOFRBLKSE-UHFFFAOYSA-N,LYCAIKOWRPUZTN-UHFFFAOYSA-N,1-heptene,ethylene glycol,313.15,503.0,6.220590170099739,Other,True,test_one
j.jct.2016.10.013.xml,2017,11,ZGEGCLOFRBLKSE-UHFFFAOYSA-N,LYCAIKOWRPUZTN-UHFFFAOYSA-N,1-heptene,ethylene glycol,323.15,452.0,6.113682179832232,Other,True,test_one
j.jct.2016.10.013.xml,2017,22,ZGEGCLOFRBLKSE-UHFFFAOYSA-N,MTHSVFCYNBDYFN-UHFFFAOYSA-N,1-heptene,diethylene glycol,304.15,84.0,4.430816798843313,Other,True,test_both
j.jct.2016.10.013.xml,2017,22,ZGEGCLOFRBLKSE-UHFFFAOYSA-N,MTHSVFCYNBDYFN-UHFFFAOYSA-N,1-heptene,diethylene glycol,313.15,77.8,4.354141431184346,Other,True,test_both
j.jct.2016.10.013.xml,2017,22,ZGEGCLOFRBLKSE-UHFFFAOYSA-N,MTHSVFCYNBDYFN-UHFFFAOYSA-N,1-heptene,diethylene glycol,323.15,73.4,4.29592393562047,Other,True,test_both
j.jct.2013.05.011.xml,2013,11,ZGEGCLOFRBLKSE-UHFFFAOYSA-N,MTHSVFCYNBDYFN-UHFFFAOYSA-N,1-heptene,diethylene glycol,333.2,72.28,4.280547465724028,Chromatography,True,test_both
j.jct.2013.05.011.xml,2013,11,ZGEGCLOFRBLKSE-UHFFFAOYSA-N,MTHSVFCYNBDYFN-UHFFFAOYSA-N,1-heptene,diethylene glycol,348.2,66.59,4.198554416122531,Chromatography,True,test_both
j.jct.2013.05.011.xml,2013,11,ZGEGCLOFRBLKSE-UHFFFAOYSA-N,MTHSVFCYNBDYFN-UHFFFAOYSA-N,1-heptene,diethylene glycol,363.2,60.45,4.101816577060802,Chromatography,True,test_both
je200628n.xml,2011,7,ZGEGCLOFRBLKSE-UHFFFAOYSA-N,PWGJDPKCLMLPJW-UHFFFAOYSA-N,1-heptene,"1,8-diaminooctane",328.15,3.587,1.2773161985501456,Chromatography,True,test_one
je200628n.xml,2011,7,ZGEGCLOFRBLKSE-UHFFFAOYSA-N,PWGJDPKCLMLPJW-UHFFFAOYSA-N,1-heptene,"1,8-diaminooctane",338.15,3.205,1.1647120903726331,Chromatography,True,test_one
je200628n.xml,2011,7,ZGEGCLOFRBLKSE-UHFFFAOYSA-N,PWGJDPKCLMLPJW-UHFFFAOYSA-N,1-heptene,"1,8-diaminooctane",343.15,3.026,1.1072416153661642,Chromatography,True,test_one
je200628n.xml,2011,7,ZGEGCLOFRBLKSE-UHFFFAOYSA-N,PWGJDPKCLMLPJW-UHFFFAOYSA-N,1-heptene,"1,8-diaminooctane",348.15,2.928,1.074319596099065,Chromatography,True,test_one
je200628n.xml,2011,61,ZGEGCLOFRBLKSE-UHFFFAOYSA-N,QFTYSVGGYOXFRQ-UHFFFAOYSA-N,1-heptene,"1,12-diaminododecane",348.25,4.435,1.4895276157615427,Chromatography,False,test_one
je200628n.xml,2011,61,ZGEGCLOFRBLKSE-UHFFFAOYSA-N,QFTYSVGGYOXFRQ-UHFFFAOYSA-N,1-heptene,"1,12-diaminododecane",353.15,4.22,1.4398351280479205,Chromatography,False,test_one
je200628n.xml,2011,61,ZGEGCLOFRBLKSE-UHFFFAOYSA-N,QFTYSVGGYOXFRQ-UHFFFAOYSA-N,1-heptene,"1,12-diaminododecane",358.25,4.081,1.4063420564236688,Chromatography,False,test_one
je200628n.xml,2011,61,ZGEGCLOFRBLKSE-UHFFFAOYSA-N,QFTYSVGGYOXFRQ-UHFFFAOYSA-N,1-heptene,"1,12-diaminododecane",363.21,3.876,1.3548036940285195,Chromatography,False,test_one
j.jct.2013.02.006.xml,2013,31,ZGEGCLOFRBLKSE-UHFFFAOYSA-N,SECXISVLQFMRJM-UHFFFAOYSA-N,1-heptene,1-methylpyrrolidone,333.2,6.37,1.851599469584072,Chromatography,True,test_one
j.jct.2013.02.006.xml,2013,31,ZGEGCLOFRBLKSE-UHFFFAOYSA-N,SECXISVLQFMRJM-UHFFFAOYSA-N,1-heptene,1-methylpyrrolidone,348.2,6.24,1.8309801823813363,Chromatography,True,test_one
j.jct.2013.02.006.xml,2013,31,ZGEGCLOFRBLKSE-UHFFFAOYSA-N,SECXISVLQFMRJM-UHFFFAOYSA-N,1-heptene,1-methylpyrrolidone,363.2,6.28,1.8373699804801076,Chromatography,True,test_one
je200628n.xml,2011,34,ZGEGCLOFRBLKSE-UHFFFAOYSA-N,YQLZOAVZWJBZSY-UHFFFAOYSA-N,1-heptene,"1,10-diaminodecane",338.2,3.433,1.233434514475555,Chromatography,False,test_one
je200628n.xml,2011,34,ZGEGCLOFRBLKSE-UHFFFAOYSA-N,YQLZOAVZWJBZSY-UHFFFAOYSA-N,1-heptene,"1,10-diaminodecane",348.15,3.1,1.1314021114911006,Chromatography,False,test_one
je200628n.xml,2011,34,ZGEGCLOFRBLKSE-UHFFFAOYSA-N,YQLZOAVZWJBZSY-UHFFFAOYSA-N,1-heptene,"1,10-diaminodecane",353.22,2.97,1.0885619528146082,Chromatography,False,test_one
j.jct.2013.05.011.xml,2013,34,ZGEGCLOFRBLKSE-UHFFFAOYSA-N,ZIBGPFATKBEMQZ-UHFFFAOYSA-N,1-heptene,triethylene glycol,333.2,34.38,3.5374749999547035,Chromatography,True,test_one
j.jct.2013.05.011.xml,2013,34,ZGEGCLOFRBLKSE-UHFFFAOYSA-N,ZIBGPFATKBEMQZ-UHFFFAOYSA-N,1-heptene,triethylene glycol,348.2,30.57,3.420019135902743,Chromatography,True,test_one
j.jct.2013.05.011.xml,2013,34,ZGEGCLOFRBLKSE-UHFFFAOYSA-N,ZIBGPFATKBEMQZ-UHFFFAOYSA-N,1-heptene,triethylene glycol,363.2,27.48,3.3134584673541485,Chromatography,True,test_one
je800517r.xml,2008,8,ZMXDDKWLCZADIW-UHFFFAOYSA-N,XLYOFNOQVPJJNP-UHFFFAOYSA-N,"N,N-dimethylformamide",water,343.73,1.23,0.2070141693843261,"comparative ebulliometry, circulation still, and differential distillation method",True,train
je800517r.xml,2008,8,ZMXDDKWLCZADIW-UHFFFAOYSA-N,XLYOFNOQVPJJNP-UHFFFAOYSA-N,"N,N-dimethylformamide",water,349.05,1.27,0.2390169004704999,"comparative ebulliometry, circulation still, and differential distillation method",True,train
je800517r.xml,2008,8,ZMXDDKWLCZADIW-UHFFFAOYSA-N,XLYOFNOQVPJJNP-UHFFFAOYSA-N,"N,N-dimethylformamide",water,353.45,1.3,0.262364264467491,"comparative ebulliometry, circulation still, and differential distillation method",True,train
je800517r.xml,2008,8,ZMXDDKWLCZADIW-UHFFFAOYSA-N,XLYOFNOQVPJJNP-UHFFFAOYSA-N,"N,N-dimethylformamide",water,357.91,1.3,0.262364264467491,"comparative ebulliometry, circulation still, and differential distillation method",True,train
je800517r.xml,2008,8,ZMXDDKWLCZADIW-UHFFFAOYSA-N,XLYOFNOQVPJJNP-UHFFFAOYSA-N,"N,N-dimethylformamide",water,358.5,1.36,0.3074846997479607,"comparative ebulliometry, circulation still, and differential distillation method",True,train
je800517r.xml,2008,8,ZMXDDKWLCZADIW-UHFFFAOYSA-N,XLYOFNOQVPJJNP-UHFFFAOYSA-N,"N,N-dimethylformamide",water,363.82,1.35,0.3001045924503381,"comparative ebulliometry, circulation still, and differential distillation method",True,train
je800517r.xml,2008,8,ZMXDDKWLCZADIW-UHFFFAOYSA-N,XLYOFNOQVPJJNP-UHFFFAOYSA-N,"N,N-dimethylformamide",water,368.38,1.59,0.4637340162321402,"comparative ebulliometry, circulation still, and differential distillation method",True,train
je800517r.xml,2008,8,ZMXDDKWLCZADIW-UHFFFAOYSA-N,XLYOFNOQVPJJNP-UHFFFAOYSA-N,"N,N-dimethylformamide",water,371.62,1.54,0.4317824164255378,"comparative ebulliometry, circulation still, and differential distillation method",True,train
je800517r.xml,2008,8,ZMXDDKWLCZADIW-UHFFFAOYSA-N,XLYOFNOQVPJJNP-UHFFFAOYSA-N,"N,N-dimethylformamide",water,372.0,1.66,0.5068176023684519,"comparative ebulliometry, circulation still, and differential distillation method",True,train
j.fluid.2007.09.021.xml,2008,12,ZSIAUFGUXNUGDI-UHFFFAOYSA-N,YNQLUTRBYVCPMQ-UHFFFAOYSA-N,1-hexanol,ethylbenzene,368.15,3.25,1.1786549963416462,Differential ebulliometry,True,test_one
j.fluid.2007.09.021.xml,2008,12,ZSIAUFGUXNUGDI-UHFFFAOYSA-N,YNQLUTRBYVCPMQ-UHFFFAOYSA-N,1-hexanol,ethylbenzene,378.15,2.95,1.0818051703517284,Differential ebulliometry,True,test_one
j.fluid.2007.09.021.xml,2008,12,ZSIAUFGUXNUGDI-UHFFFAOYSA-N,YNQLUTRBYVCPMQ-UHFFFAOYSA-N,1-hexanol,ethylbenzene,388.15,2.62,0.9631743177730056,Differential ebulliometry,True,test_one
j.fluid.2007.09.021.xml,2008,12,ZSIAUFGUXNUGDI-UHFFFAOYSA-N,YNQLUTRBYVCPMQ-UHFFFAOYSA-N,1-hexanol,ethylbenzene,398.15,2.43,0.8878912573524571,Differential ebulliometry,True,test_one
j.fluid.2007.09.021.xml,2008,12,ZSIAUFGUXNUGDI-UHFFFAOYSA-N,YNQLUTRBYVCPMQ-UHFFFAOYSA-N,1-hexanol,ethylbenzene,409.15,2.11,0.7466879474879751,Differential ebulliometry,True,test_one
j.jct.2013.05.006.xml,2013,18,ZUOUZKKEUPVFJK-UHFFFAOYSA-N,ZHNUHDYFZUAESO-UHFFFAOYSA-N,"1,1'-biphenyl",formamide,298.0,1320.0,7.1853870155804165,Chromatography,True,test_one
je0495942.xml,2005,7,ZWEHNKRNPOVVGH-UHFFFAOYSA-N,XLYOFNOQVPJJNP-UHFFFAOYSA-N,butanone,water,297.85,25.8,3.250374491927572,Chromatography,True,train
je0495942.xml,2005,7,ZWEHNKRNPOVVGH-UHFFFAOYSA-N,XLYOFNOQVPJJNP-UHFFFAOYSA-N,butanone,water,298.15,26.1,3.261935314328648,Chromatography,True,train
je600567z.xml,2007,8,ZXEKIIBDNHEJCQ-UHFFFAOYSA-N,XLYOFNOQVPJJNP-UHFFFAOYSA-N,2-methyl-1-propanol,water,273.35,31.6,3.4531571205928664,Relative Headspace Analysis,True,test_one
je600567z.xml,2007,8,ZXEKIIBDNHEJCQ-UHFFFAOYSA-N,XLYOFNOQVPJJNP-UHFFFAOYSA-N,2-methyl-1-propanol,water,283.15,36.8,3.605497845174885,Relative Headspace Analysis,True,test_one
je600567z.xml,2007,9,ZXEKIIBDNHEJCQ-UHFFFAOYSA-N,XLYOFNOQVPJJNP-UHFFFAOYSA-N,2-methyl-1-propanol,water,293.15,44.3,3.7909846770510898,headspace analysis,True,test_one
je600567z.xml,2007,8,ZXEKIIBDNHEJCQ-UHFFFAOYSA-N,XLYOFNOQVPJJNP-UHFFFAOYSA-N,2-methyl-1-propanol,water,298.15,47.4,3.858622228701031,Relative Headspace Analysis,True,test_one
je600567z.xml,2007,9,ZXEKIIBDNHEJCQ-UHFFFAOYSA-N,XLYOFNOQVPJJNP-UHFFFAOYSA-N,2-methyl-1-propanol,water,303.15,50.3,3.918005077105693,headspace analysis,True,test_one
je600567z.xml,2007,9,ZXEKIIBDNHEJCQ-UHFFFAOYSA-N,XLYOFNOQVPJJNP-UHFFFAOYSA-N,2-methyl-1-propanol,water,313.15,54.1,3.990834185852436,headspace analysis,True,test_one
je600567z.xml,2007,9,ZXEKIIBDNHEJCQ-UHFFFAOYSA-N,XLYOFNOQVPJJNP-UHFFFAOYSA-N,2-methyl-1-propanol,water,323.15,57.6,4.053522567701846,headspace analysis,True,test_one
je600567z.xml,2007,9,ZXEKIIBDNHEJCQ-UHFFFAOYSA-N,XLYOFNOQVPJJNP-UHFFFAOYSA-N,2-methyl-1-propanol,water,333.15,58.3,4.065602093356446,headspace analysis,True,test_one
je600567z.xml,2007,10,ZXEKIIBDNHEJCQ-UHFFFAOYSA-N,XLYOFNOQVPJJNP-UHFFFAOYSA-N,2-methyl-1-propanol,water,363.15,54.3,3.9945242269398897,circulation equilibrium still,True,test_one
je600567z.xml,2007,10,ZXEKIIBDNHEJCQ-UHFFFAOYSA-N,XLYOFNOQVPJJNP-UHFFFAOYSA-N,2-methyl-1-propanol,water,371.15,52.2,3.955082494888593,circulation equilibrium still,True,test_one
