inchikey,smiles,conf_id,dE_xtb_kcal,xyz
BTFJIXJJCSYFAL-UHFFFAOYSA-N,C(CCCCCCCCCCCCCCCCCO)CC,0,0.0,"{""sym"": [""C"", ""C"", ""C"", ""C"", ""C"", ""C"", ""C"", ""C"", ""C"", ""C"", ""C"", ""C"", ""C"", ""C"", ""C"", ""C"", ""C"", ""C"", ""O"", ""C"", ""C"", ""H"", ""H"", ""H"", ""H"", ""H"", ""H"", ""H"", ""H"", ""H"", ""H"", ""H"", ""H"", ""H"", ""H"", ""H"", ""H"", ""H"", ""H"", ""H"", ""H"", ""H"", ""H"", ""H"", ""H"", ""H"", ""H"", ""H"", ""H"", ""H"", ""H"", ""H"", ""H"", ""H"", ""H"", ""H"", ""H"", ""H"", ""H"", ""H"", ""H"", ""H"", ""H""], ""x"": [[8.10376, -0.73902, -0.63308], [7.04445, 0.3393, -0.84847], [5.66451, -0.11966, -0.38306], [4.60548, 0.95875, -0.60143], [3.18934, 0.49698, -0.25564], [2.99836, 0.20764, 1.23263], [1.53364, -0.00665, 1.61705], [0.92849, -1.26242, 0.99071], [-0.44405, -1.61923, 1.56363], [-1.52348, -0.59219, 1.22927], [-2.90493, -1.03296, 1.70838], [-3.97546, 0.00445, 1.37792], [-5.36773, -0.44604, 1.81409], [-6.44029, 0.63054, 1.63265], [-6.63442, 1.11665, 0.19478], [-7.14767, 0.02537, -0.74165], [-7.32761, 0.50972, -2.18177], [-8.54437, 1.41982, -2.36167], [-9.75399, 0.80071, -1.99418], [9.51816, -0.28048, -0.98907], [9.71176, -0.0303, -2.48014], [7.85003, -1.61872, -1.22928], [8.08859, -1.03897, 0.41787], [7.32956, 1.23885, -0.29733], [6.99293, 0.60009, -1.90684], [5.71397, -0.3775, 0.67621], [5.37951, -1.02042, -0.93238], [4.6262, 1.26145, -1.65173], [4.85624, 1.83726, -0.00169], [2.48563, 1.27932, -0.55253], [2.95706, -0.39704, -0.83699], [3.38906, 1.05254, 1.80594], [3.57173, -0.67784, 1.51312], [1.46784, -0.09182, 2.70499], [0.9572, 0.8702, 1.31656], [0.83758, -1.12807, -0.0887], [1.60745, -2.10121, 1.16549], [-0.36732, -1.72217, 2.64878], [-0.74791, -2.58956, 1.16197], [-1.55031, -0.4397, 0.14745], [-1.27762, 0.36425, 1.69354], [-2.87832, -1.19741, 2.78817], [-3.16618, -1.98401, 1.2374], [-3.96687, 0.18213, 0.30118], [-3.7305, 0.94675, 1.8741], [-5.64747, -1.3446, 1.26158], [-5.3351, -0.717, 2.87263], [-7.39181, 0.23863, 2.00064], [-6.17807, 1.49132, 2.2531], [-5.69298, 1.51382, -0.18922], [-7.35299, 1.93833, 0.21303], [-8.10627, -0.34324, -0.37005], [-6.44353, -0.80812, -0.74746], [-7.44788, -0.35884, -2.83736], [-6.437, 1.05047, -2.50733], [-8.46494, 2.3022, -1.72466], [-8.59229, 1.75677, -3.40879], [-9.83551, -0.02591, -2.48322], [9.75056, 0.63215, -0.43545], [10.22443, -1.04961, -0.66703], [10.74909, 0.22142, -2.68966], [9.08926, 0.79204, -2.82241], [9.45299, -0.91924, -3.05146]]}"
BTFJIXJJCSYFAL-UHFFFAOYSA-N,C(CCCCCCCCCCCCCCCCCO)CC,1,0.3315751611298765,"{""sym"": [""C"", ""C"", ""C"", ""C"", ""C"", ""C"", ""C"", ""C"", ""C"", ""C"", ""C"", ""C"", ""C"", ""C"", ""C"", ""C"", ""C"", ""C"", ""O"", ""C"", ""C"", ""H"", ""H"", ""H"", ""H"", ""H"", ""H"", ""H"", ""H"", ""H"", ""H"", ""H"", ""H"", ""H"", ""H"", ""H"", ""H"", ""H"", ""H"", ""H"", ""H"", ""H"", ""H"", ""H"", ""H"", ""H"", ""H"", ""H"", ""H"", ""H"", ""H"", ""H"", ""H"", ""H"", ""H"", ""H"", ""H"", ""H"", ""H"", ""H"", ""H"", ""H"", ""H""], ""x"": [[8.26975, -1.03503, -0.45461], [7.55185, -0.32022, 0.68799], [6.03543, -0.52028, 0.67801], [5.33753, 0.22824, -0.45598], [3.82746, -0.01032, -0.4937], [3.08989, 0.56518, 0.71314], [1.57612, 0.41879, 0.57898], [0.84816, 0.92855, 1.82076], [-0.66341, 0.70596, 1.77035], [-1.36917, 1.60568, 0.75747], [-2.89213, 1.46527, 0.79593], [-3.38486, 0.17271, 0.14705], [-4.88188, -0.07045, 0.34265], [-5.75891, 0.96044, -0.36466], [-7.25458, 0.70626, -0.16952], [-7.75786, -0.53333, -0.90808], [-9.27906, -0.67669, -0.87089], [-9.82201, -0.98501, 0.5257], [-11.19827, -1.28963, 0.51189], [9.78659, -0.89907, -0.34514], [10.50494, -1.61884, -1.47979], [7.94621, -0.62409, -1.41246], [8.00228, -2.09442, -0.44015], [7.77424, 0.74866, 0.64369], [7.94727, -0.69768, 1.63468], [5.81311, -1.5871, 0.59704], [5.63767, -0.17011, 1.63213], [5.53048, 1.2988, -0.35198], [5.75839, -0.0933, -1.41038], [3.63465, -1.0841, -0.55451], [3.42457, 0.44734, -1.40108], [3.4133, 0.05299, 1.62089], [3.34237, 1.62286, 0.82018], [1.24009, 0.96952, -0.30113], [1.32859, -0.63457, 0.42603], [1.24876, 0.40901, 2.69519], [1.05329, 1.99405, 1.94954], [-1.07998, 0.90761, 2.76069], [-0.85768, -0.34261, 1.53771], [-1.10504, 2.64347, 0.97622], [-1.01843, 1.37969, -0.25082], [-3.23013, 1.50058, 1.83455], [-3.33261, 2.31684, 0.27425], [-3.15886, 0.1986, -0.9218], [-2.84427, -0.67215, 0.57748], [-5.10974, -0.06132, 1.41135], [-5.12, -1.06546, -0.03776], [-5.5267, 0.96164, -1.43231], [-5.52876, 1.95281, 0.02694], [-7.45776, 0.60932, 0.89824], [-7.80597, 1.5762, -0.53576], [-7.44204, -0.46833, -1.95225], [-7.30933, -1.43113, -0.48022], [-9.74252, 0.24308, -1.24165], [-9.57862, -1.4918, -1.53419], [-9.62948, -0.14225, 1.20409], [-9.33415, -1.87469, 0.93086], [-11.67374, -0.54558, 0.12595], [10.11753, -1.31009, 0.61156], [10.05518, 0.15974, -0.35906], [10.26463, -2.67989, -1.47049], [11.58279, -1.51079, -1.38226], [10.20481, -1.20962, -2.44216]]}"
BTFJIXJJCSYFAL-UHFFFAOYSA-N,C(CCCCCCCCCCCCCCCCCO)CC,2,0.5261456602020189,"{""sym"": [""C"", ""C"", ""C"", ""C"", ""C"", ""C"", ""C"", ""C"", ""C"", ""C"", ""C"", ""C"", ""C"", ""C"", ""C"", ""C"", ""C"", ""C"", ""O"", ""C"", ""C"", ""H"", ""H"", ""H"", ""H"", ""H"", ""H"", ""H"", ""H"", ""H"", ""H"", ""H"", ""H"", ""H"", ""H"", ""H"", ""H"", ""H"", ""H"", ""H"", ""H"", ""H"", ""H"", ""H"", ""H"", ""H"", ""H"", ""H"", ""H"", ""H"", ""H"", ""H"", ""H"", ""H"", ""H"", ""H"", ""H"", ""H"", ""H"", ""H"", ""H"", ""H"", ""H""], ""x"": [[7.83704, 0.1852, 0.15265], [6.81987, 0.84651, 1.0813], [5.41975, 0.24575, 0.95492], [4.78976, 0.49219, -0.41515], [3.30551, 0.12931, -0.47332], [3.05032, -1.3715, -0.34844], [1.56489, -1.73126, -0.39774], [0.92733, -1.46999, -1.76102], [-0.47838, -2.05937, -1.89035], [-1.4934, -1.54499, -0.86728], [-1.72481, -0.03766, -0.94708], [-2.74609, 0.46855, 0.07278], [-4.17402, 0.00522, -0.207], [-5.17229, 0.63075, 0.76446], [-6.60121, 0.16476, 0.49564], [-7.59646, 0.80469, 1.46166], [-9.01706, 0.26184, 1.31398], [-9.66961, 0.63005, -0.02008], [-11.03006, 0.26523, -0.07222], [9.27718, 0.61012, 0.4408], [9.53157, 2.08599, 0.15633], [7.76301, -0.8995, 0.26719], [7.59943, 0.42688, -0.88483], [7.15911, 0.72894, 2.11392], [6.76632, 1.91561, 0.86824], [4.77845, 0.69002, 1.72073], [5.47625, -0.82663, 1.15029], [5.3229, -0.08191, -1.17482], [4.8983, 1.55163, -0.66199], [2.90454, 0.48172, -1.42549], [2.77402, 0.6529, 0.32542], [3.57661, -1.89431, -1.15089], [3.45735, -1.72501, 0.60067], [1.04085, -1.16054, 0.37087], [1.4542, -2.79218, -0.15842], [1.55599, -1.91915, -2.53453], [0.88922, -0.39798, -1.95492], [-0.41271, -3.14603, -1.79008], [-0.85173, -1.84453, -2.89506], [-1.16346, -1.8062, 0.13974], [-2.43735, -2.06328, -1.04677], [-0.78087, 0.47874, -0.76487], [-2.05837, 0.22475, -1.954], [-2.44972, 0.1401, 1.07206], [-2.7298, 1.56161, 0.06845], [-4.23476, -1.08129, -0.12415], [-4.44735, 0.27713, -1.22945], [-5.12741, 1.71923, 0.67996], [-4.89283, 0.36807, 1.78769], [-6.86875, 0.41918, -0.53133], [-6.64957, -0.92264, 0.59421], [-7.25984, 0.62069, 2.48503], [-7.60623, 1.88584, 1.30775], [-9.64121, 0.66552, 2.11456], [-9.00296, -0.82732, 1.41969], [-9.12372, 0.16596, -0.8534], [-9.6555, 1.71392, -0.15724], [-11.09906, -0.68351, 0.08163], [9.94719, 0.00983, -0.17985], [9.51514, 0.39578, 1.48548], [8.96636, 2.71667, 0.83728], [9.24089, 2.33146, -0.86297], [10.5872, 2.3184, 0.27742]]}"
BTFJIXJJCSYFAL-UHFFFAOYSA-N,C(CCCCCCCCCCCCCCCCCO)CC,3,0.7169638795749051,"{""sym"": [""C"", ""C"", ""C"", ""C"", ""C"", ""C"", ""C"", ""C"", ""C"", ""C"", ""C"", ""C"", ""C"", ""C"", ""C"", ""C"", ""C"", ""C"", ""O"", ""C"", ""C"", ""H"", ""H"", ""H"", ""H"", ""H"", ""H"", ""H"", ""H"", ""H"", ""H"", ""H"", ""H"", ""H"", ""H"", ""H"", ""H"", ""H"", ""H"", ""H"", ""H"", ""H"", ""H"", ""H"", ""H"", ""H"", ""H"", ""H"", ""H"", ""H"", ""H"", ""H"", ""H"", ""H"", ""H"", ""H"", ""H"", ""H"", ""H"", ""H"", ""H"", ""H"", ""H""], ""x"": [[-7.46365, -0.48444, 0.25759], [-6.47718, 0.66968, 0.43599], [-5.40707, 0.38265, 1.48725], [-4.56199, 1.60824, 1.8381], [-3.79778, 2.21738, 0.66156], [-2.81445, 1.25103, 0.00494], [-1.98094, 1.95088, -1.06657], [-1.07768, 1.00105, -1.85333], [0.03663, 0.38547, -1.00959], [0.98942, -0.4475, -1.86438], [2.04651, -1.19057, -1.04756], [3.04612, -0.26455, -0.35707], [4.16122, -1.06034, 0.31786], [5.11683, -0.20001, 1.14563], [5.87338, 0.86989, 0.35577], [6.69538, 0.34571, -0.82341], [7.73226, -0.71845, -0.46662], [8.79896, -0.21652, 0.50635], [9.79576, -1.18075, 0.75603], [-6.82149, -1.74338, -0.32152], [-7.85817, -2.82486, -0.60025], [-8.26345, -0.16042, -0.41356], [-7.92021, -0.72385, 1.22108], [-7.03229, 1.5625, 0.73527], [-6.00426, 0.87942, -0.52501], [-5.89683, 0.03386, 2.40033], [-4.75335, -0.41795, 1.14123], [-5.21407, 2.37725, 2.26059], [-3.84557, 1.32299, 2.61304], [-3.2433, 3.08519, 1.0289], [-4.50444, 2.57979, -0.08704], [-2.15939, 0.83532, 0.77238], [-3.35854, 0.42517, -0.45637], [-1.3687, 2.72631, -0.59985], [-2.65938, 2.44603, -1.76649], [-0.62414, 1.55571, -2.67909], [-1.68477, 0.20349, -2.28862], [0.58849, 1.18641, -0.51484], [-0.39481, -0.25314, -0.23706], [0.40397, -1.1808, -2.4253], [1.48477, 0.20118, -2.59105], [1.55094, -1.81126, -0.2972], [2.59553, -1.85972, -1.71566], [3.47034, 0.41357, -1.09963], [2.5346, 0.33848, 0.39494], [4.72077, -1.61155, -0.43989], [3.70775, -1.79879, 0.98442], [5.83507, -0.85641, 1.64068], [4.5458, 0.3034, 1.93012], [6.53377, 1.39986, 1.04529], [5.16053, 1.60203, -0.02913], [7.21041, 1.1951, -1.28054], [6.02192, -0.06732, -1.57656], [8.22912, -1.03619, -1.38988], [7.24709, -1.5961, -0.03763], [8.36353, -0.00171, 1.48367], [9.24993, 0.70845, 0.11532], [10.18426, -1.44775, -0.08471], [-6.3045, -1.48874, -1.24987], [-6.07989, -2.1335, 0.37733], [-8.37869, -3.0979, 0.31537], [-7.38463, -3.71687, -1.00457], [-8.59544, -2.47214, -1.31856]]}"
BTFJIXJJCSYFAL-UHFFFAOYSA-N,C(CCCCCCCCCCCCCCCCCO)CC,4,1.0865443966831663,"{""sym"": [""C"", ""C"", ""C"", ""C"", ""C"", ""C"", ""C"", ""C"", ""C"", ""C"", ""C"", ""C"", ""C"", ""C"", ""C"", ""C"", ""C"", ""C"", ""O"", ""C"", ""C"", ""H"", ""H"", ""H"", ""H"", ""H"", ""H"", ""H"", ""H"", ""H"", ""H"", ""H"", ""H"", ""H"", ""H"", ""H"", ""H"", ""H"", ""H"", ""H"", ""H"", ""H"", ""H"", ""H"", ""H"", ""H"", ""H"", ""H"", ""H"", ""H"", ""H"", ""H"", ""H"", ""H"", ""H"", ""H"", ""H"", ""H"", ""H"", ""H"", ""H"", ""H"", ""H""], ""x"": [[7.01886, -0.67934, 1.75635], [6.57194, -1.1142, 0.35938], [5.18053, -1.74323, 0.34403], [4.83498, -2.40586, -0.99027], [4.84447, -1.46526, -2.198], [3.94172, -0.23732, -2.07137], [2.46471, -0.58188, -1.8966], [1.59561, 0.674, -1.87541], [0.09723, 0.37748, -1.79899], [-0.33422, -0.20693, -0.45538], [-1.83628, -0.48703, -0.37446], [-2.6837, 0.78075, -0.28257], [-4.1862, 0.49993, -0.21482], [-4.61981, -0.13139, 1.10672], [-6.12213, -0.40676, 1.17754], [-6.96417, 0.86105, 1.29125], [-8.44458, 0.54204, 1.48665], [-9.29268, 1.81263, 1.55907], [-9.23766, 2.58018, 0.38032], [6.12171, 0.36526, 2.42308], [6.03107, 1.67119, 1.64259], [7.06156, -1.56017, 2.40263], [8.03219, -0.27521, 1.68505], [6.59904, -0.25623, -0.31251], [7.29286, -1.8459, -0.01553], [5.13089, -2.50593, 1.1261], [4.42984, -0.9879, 0.57669], [5.55295, -3.20776, -1.18242], [3.85012, -2.86974, -0.9043], [5.86694, -1.12765, -2.37899], [4.53393, -2.03867, -3.07553], [4.05873, 0.36462, -2.97686], [4.26864, 0.37881, -1.23195], [2.1455, -1.22749, -2.71855], [2.32909, -1.13239, -0.96584], [1.7904, 1.24854, -2.78486], [1.88296, 1.29901, -1.02607], [-0.17233, -0.31911, -2.59664], [-0.44506, 1.30816, -1.97533], [0.19776, -1.1454, -0.28842], [-0.053, 0.48117, 0.34552], [-2.14208, -1.06255, -1.25163], [-2.02159, -1.10375, 0.50687], [-2.49125, 1.40351, -1.15813], [-2.38531, 1.35015, 0.60105], [-4.71763, 1.44369, -0.34956], [-4.46637, -0.16003, -1.03966], [-4.33639, 0.52858, 1.92997], [-4.09178, -1.07682, 1.24272], [-6.32185, -1.0341, 2.05042], [-6.42705, -0.96986, 0.29201], [-6.61384, 1.45297, 2.13956], [-6.85279, 1.47123, 0.39406], [-8.79601, -0.07927, 0.65684], [-8.58624, -0.0238, 2.40962], [-8.9188, 2.46862, 2.34867], [-10.33527, 1.54783, 1.79389], [-9.50169, 2.02191, -0.35979], [5.12049, -0.04543, 2.5639], [6.52846, 0.57559, 3.41558], [5.52589, 1.52572, 0.69139], [5.47201, 2.41134, 2.21095], [7.02467, 2.06839, 1.44612]]}"
MVLVMROFTAUDAG-UHFFFAOYSA-N,C(OC(=O)CCCCCCCCCCCCCCCCC)C,0,0.0,"{""sym"": [""C"", ""O"", ""C"", ""O"", ""C"", ""C"", ""C"", ""C"", ""C"", ""C"", ""C"", ""C"", ""C"", ""C"", ""C"", ""C"", ""C"", ""C"", ""C"", ""C"", ""C"", ""C"", ""H"", ""H"", ""H"", ""H"", ""H"", ""H"", ""H"", ""H"", ""H"", ""H"", ""H"", ""H"", ""H"", ""H"", ""H"", ""H"", ""H"", ""H"", ""H"", ""H"", ""H"", ""H"", ""H"", ""H"", ""H"", ""H"", ""H"", ""H"", ""H"", ""H"", ""H"", ""H"", ""H"", ""H"", ""H"", ""H"", ""H"", ""H"", ""H"", ""H""], ""x"": [[9.20618, 0.90831, -0.28348], [8.01495, 0.21758, -0.66301], [6.89648, 0.94621, -0.78175], [6.83261, 2.12148, -0.53678], [5.76105, 0.0846, -1.28411], [4.39141, 0.66336, -0.93683], [4.09879, 0.68101, 0.56423], [4.13519, -0.6852, 1.25348], [3.2305, -1.75014, 0.63181], [1.75121, -1.37163, 0.63773], [0.88336, -2.52005, 0.12703], [-0.58851, -2.14267, -0.04223], [-1.28799, -1.83591, 1.2813], [-2.80803, -1.73423, 1.14625], [-3.26518, -0.54359, 0.30606], [-4.7876, -0.42403, 0.2708], [-5.24263, 0.77281, -0.56222], [-6.75998, 0.85965, -0.73619], [-7.49756, 1.20312, 0.55669], [-9.01411, 1.29689, 0.37874], [-9.45201, 2.50426, -0.44252], [9.83432, 1.62575, -1.46982], [9.8693, 0.13352, 0.10616], [8.96468, 1.6261, 0.50746], [5.87209, 0.0307, -2.37117], [5.88861, -0.92413, -0.89328], [4.35402, 1.69213, -1.30073], [3.62298, 0.09315, -1.46051], [4.82924, 1.33006, 1.05115], [3.1161, 1.13194, 0.71279], [5.16106, -1.05974, 1.26063], [3.84084, -0.54141, 2.29614], [3.35595, -2.67631, 1.19925], [3.54674, -1.95625, -0.39255], [1.58999, -0.49803, 0.00403], [1.4552, -1.10848, 1.6544], [1.2716, -2.84583, -0.84183], [0.96315, -3.3671, 0.81277], [-1.10632, -2.97472, -0.52663], [-0.6572, -1.27811, -0.70479], [-0.90497, -0.90073, 1.69365], [-1.05619, -2.63322, 1.99233], [-3.24177, -1.64367, 2.14565], [-3.19336, -2.65624, 0.7036], [-2.89435, -0.64979, -0.71485], [-2.84079, 0.37403, 0.72086], [-5.21033, -1.33852, -0.15275], [-5.1599, -0.32855, 1.29234], [-4.7836, 0.7002, -1.55191], [-4.87987, 1.69368, -0.09929], [-6.97338, 1.62534, -1.48438], [-7.13254, -0.09281, -1.12103], [-7.2869, 0.43515, 1.30325], [-7.12269, 2.154, 0.94289], [-9.47631, 1.36064, 1.36716], [-9.37806, 0.38288, -0.09649], [-10.53762, 2.5627, -0.47836], [-9.07468, 3.42274, 0.00227], [-9.08439, 2.43942, -1.46327], [9.16544, 2.40521, -1.82617], [10.77357, 2.07969, -1.16779], [10.02218, 0.92277, -2.27806]]}"
MVLVMROFTAUDAG-UHFFFAOYSA-N,C(OC(=O)CCCCCCCCCCCCCCCCC)C,1,0.1249018797534518,"{""sym"": [""C"", ""O"", ""C"", ""O"", ""C"", ""C"", ""C"", ""C"", ""C"", ""C"", ""C"", ""C"", ""C"", ""C"", ""C"", ""C"", ""C"", ""C"", ""C"", ""C"", ""C"", ""C"", ""H"", ""H"", ""H"", ""H"", ""H"", ""H"", ""H"", ""H"", ""H"", ""H"", ""H"", ""H"", ""H"", ""H"", ""H"", ""H"", ""H"", ""H"", ""H"", ""H"", ""H"", ""H"", ""H"", ""H"", ""H"", ""H"", ""H"", ""H"", ""H"", ""H"", ""H"", ""H"", ""H"", ""H"", ""H"", ""H"", ""H"", ""H"", ""H"", ""H""], ""x"": [[8.69298, -0.64902, 0.69571], [8.04814, -0.09665, -0.45257], [7.1475, -0.87244, -1.06209], [6.87728, -1.98746, -0.69859], [6.53297, -0.16873, -2.24969], [5.7338, 1.0652, -1.81587], [4.61638, 0.74601, -0.82244], [3.53693, -0.16836, -1.39813], [2.34948, -0.30631, -0.44822], [1.26678, -1.21549, -1.02422], [0.12966, -1.50034, -0.04191], [-0.63096, -0.26724, 0.45018], [-1.33918, 0.49287, -0.66849], [-2.072, 1.74376, -0.17941], [-3.18726, 1.49089, 0.83589], [-4.30674, 0.6011, 0.30187], [-5.45921, 0.48917, 1.29659], [-6.58681, -0.39718, 0.77382], [-7.7343, -0.49889, 1.77597], [-8.85282, -1.43955, 1.32681], [-9.62513, -0.9201, 0.11955], [9.5794, 0.41884, 1.30763], [7.9274, -0.98987, 1.40181], [9.27688, -1.52268, 0.38442], [7.34007, 0.14497, -2.91391], [5.89557, -0.87884, -2.77464], [5.3021, 1.52966, -2.70531], [6.42061, 1.78117, -1.36032], [4.1556, 1.68781, -0.51236], [5.04204, 0.27884, 0.06851], [3.95761, -1.15765, -1.58357], [3.18987, 0.23718, -2.35236], [1.93414, 0.68425, -0.25359], [2.69589, -0.71656, 0.50329], [0.86717, -0.77117, -1.93766], [1.72253, -2.16921, -1.30229], [0.54532, -2.01687, 0.82715], [-0.57877, -2.1814, -0.52061], [0.05396, 0.40595, 0.96867], [-1.37015, -0.60506, 1.17886], [-2.04082, -0.17414, -1.17239], [-0.60288, 0.81147, -1.40875], [-2.50035, 2.25286, -1.0469], [-1.34273, 2.42205, 0.27158], [-2.77096, 1.04576, 1.74119], [-3.6136, 2.45707, 1.11908], [-4.67907, 1.01434, -0.63884], [-3.91952, -0.39827, 0.09646], [-5.0834, 0.08021, 2.23797], [-5.85435, 1.48615, 1.50717], [-6.95294, 0.01503, -0.16797], [-6.19624, -1.39731, 0.57011], [-8.14968, 0.49676, 1.95043], [-7.33475, -0.85945, 2.72752], [-9.549, -1.57303, 2.15859], [-8.42771, -2.41828, 1.09181], [-10.01676, 0.07539, 0.31852], [-10.46142, -1.57855, -0.10506], [-8.98822, -0.87039, -0.7597], [10.09967, 0.01171, 2.16951], [10.30975, 0.75952, 0.57865], [8.98023, 1.26897, 1.62255]]}"
MVLVMROFTAUDAG-UHFFFAOYSA-N,C(OC(=O)CCCCCCCCCCCCCCCCC)C,2,0.2889141343621304,"{""sym"": [""C"", ""O"", ""C"", ""O"", ""C"", ""C"", ""C"", ""C"", ""C"", ""C"", ""C"", ""C"", ""C"", ""C"", ""C"", ""C"", ""C"", ""C"", ""C"", ""C"", ""C"", ""C"", ""H"", ""H"", ""H"", ""H"", ""H"", ""H"", ""H"", ""H"", ""H"", ""H"", ""H"", ""H"", ""H"", ""H"", ""H"", ""H"", ""H"", ""H"", ""H"", ""H"", ""H"", ""H"", ""H"", ""H"", ""H"", ""H"", ""H"", ""H"", ""H"", ""H"", ""H"", ""H"", ""H"", ""H"", ""H"", ""H"", ""H"", ""H"", ""H"", ""H""], ""x"": [[-10.18354, 0.79425, -0.28443], [-8.88713, 0.22091, -0.46447], [-7.8872, 0.72392, 0.27252], [-8.02629, 1.60072, 1.08306], [-6.58568, 0.03029, -0.05616], [-5.50507, 0.34864, 0.97334], [-4.20793, -0.42437, 0.73896], [-3.4212, 0.07412, -0.47212], [-2.17609, -0.76442, -0.76562], [-1.13993, -0.72552, 0.35551], [0.15389, -1.43479, -0.03719], [1.14584, -1.47012, 1.12273], [2.41751, -2.26076, 0.81391], [3.2834, -1.68017, -0.30505], [3.81497, -0.28156, 0.00094], [4.82376, 0.17308, -1.05112], [5.3149, 1.60677, -0.84624], [6.039, 1.85851, 0.47903], [7.23431, 0.94324, 0.74725], [8.34907, 1.07375, -0.28777], [9.55787, 0.22312, 0.08363], [-10.36483, 2.04196, -1.13627], [-10.88454, 0.01039, -0.57827], [-10.31654, 1.03703, 0.77482], [-6.77413, -1.04347, -0.1088], [-6.28486, 0.35826, -1.05333], [-5.89452, 0.10411, 1.9634], [-5.30616, 1.4213, 0.96183], [-3.5873, -0.32301, 1.63014], [-4.43708, -1.48526, 0.61127], [-3.12348, 1.11171, -0.30342], [-4.06239, 0.05295, -1.35563], [-1.7146, -0.39137, -1.68379], [-2.47213, -1.80089, -0.94547], [-1.54544, -1.20518, 1.24803], [-0.91888, 0.31471, 0.60696], [-0.07457, -2.45788, -0.3465], [0.59755, -0.91998, -0.89093], [1.40444, -0.44985, 1.41074], [0.65777, -1.93517, 1.98356], [2.13669, -3.28144, 0.54119], [3.01825, -2.31799, 1.72542], [2.71915, -1.65997, -1.239], [4.13339, -2.35124, -0.45638], [4.28628, -0.29169, 0.98527], [2.98959, 0.4319, 0.02967], [4.35469, 0.1106, -2.03701], [5.67428, -0.51073, -1.05642], [5.9793, 1.86753, -1.6727], [4.45719, 2.28308, -0.89583], [6.38314, 2.89631, 0.48363], [5.32857, 1.7508, 1.30134], [7.64038, 1.19307, 1.7313], [6.90195, -0.09534, 0.79043], [8.65052, 2.12129, -0.36268], [7.98238, 0.76179, -1.26695], [9.27854, -0.82652, 0.15064], [10.34214, 0.32153, -0.66362], [9.9605, 0.53078, 1.04654], [-10.19609, 1.81072, -2.18521], [-9.65887, 2.80743, -0.82393], [-11.37475, 2.42279, -1.01473]]}"
MVLVMROFTAUDAG-UHFFFAOYSA-N,C(OC(=O)CCCCCCCCCCCCCCCCC)C,3,0.4342654157517245,"{""sym"": [""C"", ""O"", ""C"", ""O"", ""C"", ""C"", ""C"", ""C"", ""C"", ""C"", ""C"", ""C"", ""C"", ""C"", ""C"", ""C"", ""C"", ""C"", ""C"", ""C"", ""C"", ""C"", ""H"", ""H"", ""H"", ""H"", ""H"", ""H"", ""H"", ""H"", ""H"", ""H"", ""H"", ""H"", ""H"", ""H"", ""H"", ""H"", ""H"", ""H"", ""H"", ""H"", ""H"", ""H"", ""H"", ""H"", ""H"", ""H"", ""H"", ""H"", ""H"", ""H"", ""H"", ""H"", ""H"", ""H"", ""H"", ""H"", ""H"", ""H"", ""H"", ""H""], ""x"": [[8.14202, 0.77184, -1.9441], [7.2622, 0.90221, -0.82705], [6.0545, 1.43041, -1.05425], [5.66711, 1.7841, -2.13675], [5.24207, 1.47978, 0.21772], [4.8523, 0.06032, 0.64558], [3.98046, 0.07682, 1.89889], [3.71095, -1.32044, 2.45936], [3.00786, -2.27896, 1.49525], [1.67563, -1.77968, 0.93399], [0.62013, -1.53203, 2.00944], [-0.73276, -1.10366, 1.43585], [-1.48381, -2.24354, 0.75015], [-2.82274, -1.80994, 0.15085], [-3.85815, -1.42086, 1.20547], [-5.26991, -1.27645, 0.63604], [-5.4098, -0.12107, -0.35329], [-6.86487, 0.08199, -0.77161], [-7.04239, 1.12703, -1.87326], [-6.69602, 2.54664, -1.42913], [-7.00913, 3.56608, -2.51795], [8.97189, 2.03246, -2.1395], [8.77699, -0.08596, -1.71232], [7.54829, 0.56632, -2.84098], [5.83889, 1.94751, 1.00181], [4.34884, 2.07781, 0.03407], [4.31472, -0.41687, -0.17522], [5.76027, -0.51503, 0.83704], [3.03579, 0.57532, 1.67701], [4.48443, 0.66281, 2.67213], [3.11303, -1.22064, 3.36715], [4.66413, -1.77081, 2.74827], [3.67655, -2.49836, 0.66055], [2.83341, -3.21984, 2.02348], [1.83198, -0.86153, 0.36556], [1.30813, -2.53393, 0.23558], [0.48785, -2.43992, 2.60301], [0.97288, -0.74644, 2.6803], [-0.58032, -0.29074, 0.72167], [-1.34549, -0.71701, 2.2522], [-1.65579, -3.04492, 1.47312], [-0.86617, -2.65009, -0.05305], [-2.65256, -0.97201, -0.52752], [-3.22248, -2.63912, -0.43885], [-3.57001, -0.48034, 1.67845], [-3.87447, -2.19142, 1.98081], [-5.55878, -2.20962, 0.14567], [-5.96428, -1.1125, 1.4644], [-4.80985, -0.32384, -1.24205], [-5.02839, 0.79025, 0.11059], [-7.45476, 0.37408, 0.10088], [-7.26019, -0.87204, -1.13028], [-8.08414, 1.11003, -2.20411], [-6.42115, 0.85682, -2.73061], [-5.63548, 2.60681, -1.17973], [-7.26537, 2.79087, -0.52916], [-6.75169, 4.57033, -2.18891], [-6.44307, 3.3453, -3.42053], [-8.06827, 3.54718, -2.76664], [9.52451, 2.26391, -1.23196], [8.32086, 2.86942, -2.38002], [9.67366, 1.88521, -2.95541]]}"
MVLVMROFTAUDAG-UHFFFAOYSA-N,C(OC(=O)CCCCCCCCCCCCCCCCC)C,4,0.5954737475112779,"{""sym"": [""C"", ""O"", ""C"", ""O"", ""C"", ""C"", ""C"", ""C"", ""C"", ""C"", ""C"", ""C"", ""C"", ""C"", ""C"", ""C"", ""C"", ""C"", ""C"", ""C"", ""C"", ""C"", ""H"", ""H"", ""H"", ""H"", ""H"", ""H"", ""H"", ""H"", ""H"", ""H"", ""H"", ""H"", ""H"", ""H"", ""H"", ""H"", ""H"", ""H"", ""H"", ""H"", ""H"", ""H"", ""H"", ""H"", ""H"", ""H"", ""H"", ""H"", ""H"", ""H"", ""H"", ""H"", ""H"", ""H"", ""H"", ""H"", ""H"", ""H"", ""H"", ""H""], ""x"": [[9.01329, -0.82027, 1.71021], [7.90828, -0.99227, 0.82103], [7.24165, 0.11014, 0.45199], [7.53334, 1.22132, 0.80483], [6.09729, -0.25029, -0.46645], [5.3082, 0.97637, -0.91208], [4.14868, 0.59577, -1.82844], [3.34372, 1.82053, -2.25646], [2.25013, 1.50489, -3.2791], [1.19599, 0.49669, -2.81647], [0.4208, 0.95571, -1.58362], [-0.65194, -0.04024, -1.13833], [-1.84891, -0.10082, -2.08437], [-2.90704, -1.12117, -1.6592], [-3.53585, -0.88257, -0.28476], [-4.26552, 0.45409, -0.17344], [-4.89226, 0.67933, 1.20315], [-6.06364, -0.25227, 1.50697], [-6.72832, 0.11013, 2.83356], [-7.82697, -0.86758, 3.25048], [-9.03219, -0.84271, 2.31774], [8.55622, -0.77987, 3.16108], [9.66359, -1.67769, 1.52491], [9.53392, 0.10708, 1.45048], [6.51271, -0.77914, -1.32714], [5.45228, -0.95389, 0.06468], [4.92708, 1.49449, -0.03013], [5.9797, 1.66583, -1.42673], [3.49895, -0.10628, -1.30295], [4.53761, 0.09145, -2.71654], [2.9032, 2.28971, -1.37535], [4.02506, 2.54934, -2.70249], [2.72158, 1.11721, -4.18614], [1.74731, 2.43857, -3.5441], [1.66972, -0.46436, -2.60763], [0.4997, 0.34324, -3.64332], [1.11885, 1.0949, -0.75626], [-0.04689, 1.92182, -1.78895], [-0.20766, -1.03512, -1.05201], [-0.99803, 0.25584, -0.1465], [-2.29921, 0.89062, -2.15891], [-1.50563, -0.37775, -3.08321], [-2.45137, -2.11503, -1.65972], [-3.70198, -1.12472, -2.40969], [-2.76745, -0.93825, 0.48841], [-4.24327, -1.69327, -0.0997], [-5.04249, 0.50838, -0.93998], [-3.55867, 1.26466, -0.35921], [-4.12432, 0.55601, 1.97111], [-5.24835, 1.71146, 1.25883], [-6.79137, -0.18139, 0.69676], [-5.71423, -1.28515, 1.55735], [-7.1509, 1.11558, 2.76319], [-5.96241, 0.12961, 3.6134], [-7.4157, -1.8792, 3.28667], [-8.15644, -0.61007, 4.26012], [-9.41861, 0.17022, 2.22521], [-8.76579, -1.20271, 1.32747], [-9.82513, -1.47753, 2.70679], [8.00106, -1.68263, 3.4045], [7.91765, 0.08483, 3.3245], [9.42101, -0.70659, 3.81399]]}"
GLDOVTGHNKAZLK-UHFFFAOYSA-N,CCCCCCCCCCCCCCCCCCO,0,0.0,"{""sym"": [""C"", ""C"", ""C"", ""C"", ""C"", ""C"", ""C"", ""C"", ""C"", ""C"", ""C"", ""C"", ""C"", ""C"", ""C"", ""C"", ""C"", ""C"", ""O"", ""H"", ""H"", ""H"", ""H"", ""H"", ""H"", ""H"", ""H"", ""H"", ""H"", ""H"", ""H"", ""H"", ""H"", ""H"", ""H"", ""H"", ""H"", ""H"", ""H"", ""H"", ""H"", ""H"", ""H"", ""H"", ""H"", ""H"", ""H"", ""H"", ""H"", ""H"", ""H"", ""H"", ""H"", ""H"", ""H"", ""H"", ""H""], ""x"": [[-7.99781, 2.66752, 0.62861], [-7.35008, 1.41418, 0.05195], [-6.78302, 0.51796, 1.15091], [-6.23622, -0.81143, 0.63058], [-4.99321, -0.65615, -0.24286], [-4.40011, -2.01229, -0.61784], [-3.24566, -1.91623, -1.61684], [-2.04854, -1.0868, -1.1481], [-1.38325, -1.64326, 0.10863], [-0.17749, -0.82074, 0.5645], [1.01547, -0.91223, -0.38377], [2.23603, -0.18176, 0.16888], [3.42743, -0.25413, -0.7825], [4.64584, 0.47483, -0.22203], [5.84599, 0.39372, -1.16296], [7.04121, 1.21671, -0.68401], [7.67791, 0.67653, 0.59512], [8.95455, 1.44062, 0.94987], [9.95778, 1.32927, -0.03129], [-8.81901, 2.40314, 1.29178], [-8.38874, 3.29832, -0.16675], [-7.27155, 3.24361, 1.19836], [-6.55271, 1.70844, -0.6324], [-8.09262, 0.85399, -0.52121], [-7.57588, 0.30991, 1.87414], [-5.98963, 1.05341, 1.67823], [-5.98344, -1.44246, 1.48666], [-7.01644, -1.32496, 0.06353], [-5.2475, -0.1165, -1.15661], [-4.253, -0.06775, 0.3017], [-4.06687, -2.52568, 0.28582], [-5.18572, -2.62658, -1.06574], [-3.62393, -1.47929, -2.5448], [-2.9016, -2.92799, -1.84678], [-2.36246, -0.05786, -0.96465], [-1.3201, -1.06586, -1.96106], [-1.0682, -2.67316, -0.07582], [-2.1107, -1.65888, 0.92199], [0.13437, -1.17612, 1.55023], [-0.47428, 0.22542, 0.672], [0.75449, -0.48059, -1.35132], [1.26701, -1.96322, -0.54497], [2.51543, -0.61983, 1.13026], [1.97987, 0.8655, 0.34686], [3.68323, -1.30109, -0.96287], [3.15018, 0.18706, -1.74295], [4.9036, 0.03816, 0.74462], [4.3904, 1.52395, -0.05543], [5.54431, 0.75912, -2.14779], [6.1446, -0.65133, -1.27785], [7.80308, 1.22809, -1.46668], [6.72576, 2.24915, -0.51776], [6.98544, 0.76223, 1.43273], [7.91765, -0.3831, 0.46245], [8.74217, 2.50951, 1.02647], [9.33428, 1.0927, 1.92259], [10.14169, 0.39421, -0.17653]]}"
GLDOVTGHNKAZLK-UHFFFAOYSA-N,CCCCCCCCCCCCCCCCCCO,1,0.46024980507354485,"{""sym"": [""C"", ""C"", ""C"", ""C"", ""C"", ""C"", ""C"", ""C"", ""C"", ""C"", ""C"", ""C"", ""C"", ""C"", ""C"", ""C"", ""C"", ""C"", ""O"", ""H"", ""H"", ""H"", ""H"", ""H"", ""H"", ""H"", ""H"", ""H"", ""H"", ""H"", ""H"", ""H"", ""H"", ""H"", ""H"", ""H"", ""H"", ""H"", ""H"", ""H"", ""H"", ""H"", ""H"", ""H"", ""H"", ""H"", ""H"", ""H"", ""H"", ""H"", ""H"", ""H"", ""H"", ""H"", ""H"", ""H"", ""H""], ""x"": [[-8.73748, 1.64463, -0.77193], [-8.63611, 0.13644, -0.96613], [-8.10513, -0.5968, 0.26674], [-6.70467, -0.17503, 0.71369], [-5.62845, -0.42421, -0.34043], [-4.23174, -0.11603, 0.19446], [-3.15354, -0.35639, -0.86], [-1.75445, 0.0656, -0.40921], [-1.18828, -0.81893, 0.69955], [0.21037, -0.39721, 1.15159], [1.28988, -0.63652, 0.09842], [2.68466, -0.32425, 0.63498], [3.76629, -0.54815, -0.41871], [5.1618, -0.24172, 0.11898], [6.23588, -0.45721, -0.94432], [7.65941, -0.28243, -0.4151], [7.98788, 1.163, -0.04181], [9.42315, 1.32171, 0.46761], [10.39859, 1.13697, -0.52998], [-9.22457, 2.10305, -1.62973], [-9.31963, 1.87586, 0.11768], [-7.75275, 2.09165, -0.6649], [-9.62959, -0.25886, -1.19239], [-7.99869, -0.07853, -1.8253], [-8.09734, -1.66928, 0.05545], [-8.79682, -0.43039, 1.09668], [-6.45083, -0.74058, 1.61444], [-6.70707, 0.88168, 0.98648], [-5.67095, -1.4683, -0.66071], [-5.81689, 0.19983, -1.21582], [-4.04095, -0.74091, 1.06861], [-4.19223, 0.92744, 0.51731], [-3.41451, 0.20894, -1.75853], [-3.14149, -1.41496, -1.13067], [-1.08971, 0.02468, -1.27389], [-1.78564, 1.10135, -0.06245], [-1.85318, -0.77739, 1.56398], [-1.15755, -1.85474, 0.35307], [0.19794, 0.66122, 1.42262], [0.47115, -0.9629, 2.04984], [1.25347, -1.67994, -0.22419], [1.10041, -0.01166, -0.77592], [2.88938, -0.95698, 1.50224], [2.71755, 0.715, 0.97114], [3.72877, -1.58606, -0.75864], [3.56536, 0.08867, -1.28367], [5.1864, 0.79189, 0.46789], [5.36736, -0.88736, 0.97628], [6.1342, -1.47057, -1.34091], [6.07147, 0.23764, -1.77082], [8.35184, -0.62296, -1.19071], [7.79868, -0.92174, 0.4607], [7.85033, 1.80635, -0.91333], [7.3146, 1.50346, 0.74522], [9.57785, 2.34032, 0.8315], [9.59379, 0.62635, 1.30398], [10.29179, 0.25525, -0.90315]]}"
GLDOVTGHNKAZLK-UHFFFAOYSA-N,CCCCCCCCCCCCCCCCCCO,2,0.571030899118341,"{""sym"": [""C"", ""C"", ""C"", ""C"", ""C"", ""C"", ""C"", ""C"", ""C"", ""C"", ""C"", ""C"", ""C"", ""C"", ""C"", ""C"", ""C"", ""C"", ""O"", ""H"", ""H"", ""H"", ""H"", ""H"", ""H"", ""H"", ""H"", ""H"", ""H"", ""H"", ""H"", ""H"", ""H"", ""H"", ""H"", ""H"", ""H"", ""H"", ""H"", ""H"", ""H"", ""H"", ""H"", ""H"", ""H"", ""H"", ""H"", ""H"", ""H"", ""H"", ""H"", ""H"", ""H"", ""H"", ""H"", ""H"", ""H""], ""x"": [[7.21078, -1.94707, 2.75535], [6.40144, -2.14003, 1.47867], [5.16274, -1.24795, 1.44934], [4.34037, -1.44273, 0.17777], [3.10304, -0.54859, 0.14949], [2.27035, -0.7579, -1.11312], [1.02871, 0.13037, -1.13675], [0.19962, -0.08499, -2.40111], [-1.11524, 0.69565, -2.4013], [-0.91811, 2.2071, -2.51757], [-2.23425, 2.99091, -2.61902], [-2.71932, 3.58436, -1.29374], [-3.0591, 2.56852, -0.20316], [-4.24374, 1.67483, -0.56381], [-4.68685, 0.77037, 0.58687], [-3.64703, -0.28252, 0.96404], [-4.17751, -1.25207, 2.01828], [-3.13273, -2.29813, 2.41059], [-2.72138, -3.10107, 1.33001], [6.60826, -2.18729, 3.62887], [8.08757, -2.59091, 2.75608], [7.54318, -0.91488, 2.84439], [6.0943, -3.18532, 1.39884], [7.02924, -1.91396, 0.61367], [5.4708, -0.20219, 1.52385], [4.53926, -1.47024, 2.31865], [4.03009, -2.48786, 0.10574], [4.96347, -1.22419, -0.69292], [3.41229, 0.49785, 0.20945], [2.4857, -0.76033, 1.0257], [1.96466, -1.80508, -1.17227], [2.88446, -0.54363, -1.99131], [0.41225, -0.09262, -0.26271], [1.33877, 1.17483, -1.06999], [0.79095, 0.19688, -3.27582], [-0.02928, -1.15023, -2.4879], [-1.66329, 0.4547, -1.49058], [-1.71815, 0.36031, -3.24978], [-0.34956, 2.57537, -1.66278], [-0.31929, 2.39719, -3.4118], [-2.09614, 3.8256, -3.31094], [-3.00989, 2.35163, -3.04316], [-1.94377, 4.25378, -0.9117], [-3.6051, 4.19364, -1.4942], [-3.30359, 3.11798, 0.71021], [-2.17947, 1.96137, 0.00721], [-5.0849, 2.31117, -0.85129], [-3.99187, 1.05275, -1.42394], [-5.61109, 0.26416, 0.29484], [-4.91181, 1.38272, 1.46374], [-3.35701, -0.8478, 0.07564], [-2.75238, 0.20322, 1.35666], [-4.47045, -0.70126, 2.91408], [-5.06697, -1.76123, 1.63381], [-2.22344, -1.80894, 2.76773], [-3.52982, -2.92637, 3.2228], [-3.49979, -3.51989, 0.94557]]}"
GLDOVTGHNKAZLK-UHFFFAOYSA-N,CCCCCCCCCCCCCCCCCCO,3,1.0720142304708133,"{""sym"": [""C"", ""C"", ""C"", ""C"", ""C"", ""C"", ""C"", ""C"", ""C"", ""C"", ""C"", ""C"", ""C"", ""C"", ""C"", ""C"", ""C"", ""C"", ""O"", ""H"", ""H"", ""H"", ""H"", ""H"", ""H"", ""H"", ""H"", ""H"", ""H"", ""H"", ""H"", ""H"", ""H"", ""H"", ""H"", ""H"", ""H"", ""H"", ""H"", ""H"", ""H"", ""H"", ""H"", ""H"", ""H"", ""H"", ""H"", ""H"", ""H"", ""H"", ""H"", ""H"", ""H"", ""H"", ""H"", ""H"", ""H""], ""x"": [[8.46708, 1.46804, -2.2371], [7.38617, 0.59132, -1.61674], [6.70881, 1.28456, -0.43646], [5.70526, 0.39721, 0.30149], [4.45793, 0.08561, -0.52328], [3.45335, -0.80413, 0.21173], [2.74478, -0.09218, 1.36234], [1.74289, -0.98515, 2.09567], [0.51641, -1.33966, 1.25711], [-0.52245, -2.0992, 2.07927], [-1.70194, -2.61002, 1.24962], [-2.50138, -1.52883, 0.51945], [-3.14888, -0.51781, 1.46273], [-3.95459, 0.55688, 0.73197], [-5.22158, 0.02108, 0.06895], [-6.05806, 1.14243, -0.54224], [-7.32911, 0.60791, -1.20138], [-8.13338, 1.70393, -1.90484], [-8.70803, 2.63427, -1.01911], [8.04185, 2.40534, -2.58947], [9.23958, 1.69802, -1.50639], [8.93247, 0.96376, -3.0808], [7.83113, -0.34598, -1.27465], [6.64417, 0.34912, -2.37909], [6.20186, 2.18597, -0.78922], [7.48113, 1.59789, 0.27076], [5.4093, 0.90629, 1.22078], [6.19255, -0.53937, 0.5838], [4.75736, -0.42357, -1.44117], [3.97008, 1.02145, -0.80702], [2.7072, -1.14448, -0.50863], [3.96922, -1.68703, 0.59706], [3.48819, 0.25211, 2.08357], [2.22613, 0.78848, 0.97528], [2.24362, -1.90266, 2.41395], [1.40803, -0.46496, 2.99718], [0.07878, -0.41784, 0.86993], [0.81292, -1.95543, 0.40615], [-0.03839, -2.96132, 2.54596], [-0.88595, -1.45979, 2.88582], [-1.32465, -3.31777, 0.50677], [-2.37809, -3.15763, 1.91138], [-3.27888, -2.02787, -0.06225], [-1.85395, -1.00324, -0.1846], [-2.36983, -0.0218, 2.04401], [-3.80195, -1.04426, 2.16284], [-3.3225, 1.03052, -0.02336], [-4.23816, 1.32789, 1.45337], [-4.95788, -0.68973, -0.71564], [-5.81968, -0.51033, 0.81274], [-5.45907, 1.67142, -1.28861], [-6.3166, 1.85575, 0.24561], [-7.96217, 0.13433, -0.44852], [-7.0615, -0.14731, -1.94279], [-7.49015, 2.21819, -2.63525], [-8.97639, 1.26133, -2.44072], [-8.00306, 3.03825, -0.50158]]}"
GLDOVTGHNKAZLK-UHFFFAOYSA-N,CCCCCCCCCCCCCCCCCCO,4,1.174757274253352,"{""sym"": [""C"", ""C"", ""C"", ""C"", ""C"", ""C"", ""C"", ""C"", ""C"", ""C"", ""C"", ""C"", ""C"", ""C"", ""C"", ""C"", ""C"", ""C"", ""O"", ""H"", ""H"", ""H"", ""H"", ""H"", ""H"", ""H"", ""H"", ""H"", ""H"", ""H"", ""H"", ""H"", ""H"", ""H"", ""H"", ""H"", ""H"", ""H"", ""H"", ""H"", ""H"", ""H"", ""H"", ""H"", ""H"", ""H"", ""H"", ""H"", ""H"", ""H"", ""H"", ""H"", ""H"", ""H"", ""H"", ""H"", ""H""], ""x"": [[8.15182, 2.50053, -0.73238], [7.99288, 0.98568, -0.6689], [6.54145, 0.53477, -0.49695], [5.95256, 0.9029, 0.86346], [4.49783, 0.45975, 1.0267], [4.33035, -1.05844, 1.07023], [2.92564, -1.49517, 1.48646], [1.84988, -1.11578, 0.47131], [0.484, -1.67854, 0.85622], [-0.59894, -1.2915, -0.14794], [-1.96446, -1.84524, 0.25282], [-3.05863, -1.59288, -0.78561], [-3.43163, -0.11793, -0.91669], [-4.52086, 0.14165, -1.95895], [-5.86876, -0.52587, -1.67416], [-6.47995, -0.18806, -0.31352], [-6.76677, 1.29964, -0.13124], [-7.49383, 1.57173, 1.18606], [-7.72563, 2.9426, 1.41053], [7.51556, 2.91642, -1.51083], [9.18359, 2.7625, -0.95594], [7.88485, 2.9628, 0.21423], [8.59254, 0.59165, 0.15502], [8.38139, 0.55331, -1.59445], [6.50324, -0.549, -0.62091], [5.93128, 0.98141, -1.28597], [6.55873, 0.45129, 1.65281], [5.99577, 1.98611, 0.99068], [4.10933, 0.87951, 1.95832], [3.90903, 0.87272, 0.2058], [4.55445, -1.48439, 0.0907], [5.04897, -1.46944, 1.78402], [2.92078, -2.5812, 1.61138], [2.67996, -1.05224, 2.45477], [2.13235, -1.49696, -0.5132], [1.77776, -0.02922, 0.39962], [0.54607, -2.76787, 0.91962], [0.20712, -1.30696, 1.8459], [-0.3293, -1.67567, -1.1348], [-0.64415, -0.20318, -0.21565], [-1.87044, -2.92398, 0.40312], [-2.26505, -1.40641, 1.20745], [-2.72824, -1.96953, -1.75672], [-3.94289, -2.1621, -0.49309], [-2.54759, 0.44995, -1.21281], [-3.75116, 0.26091, 0.05557], [-4.66796, 1.22032, -2.04312], [-4.16813, -0.21253, -2.93128], [-6.56696, -0.22457, -2.45962], [-5.75571, -1.6095, -1.74235], [-7.41839, -0.74018, -0.21307], [-5.81788, -0.52866, 0.48358], [-5.83689, 1.86961, -0.13526], [-7.38315, 1.65674, -0.96216], [-6.88263, 1.24077, 2.02913], [-8.44261, 1.01381, 1.20825], [-8.23058, 3.29393, 0.66876]]}"
QIQXTHQIDYTFRH-UHFFFAOYSA-N,CCCCCCCCCCCCCCCCCC(=O)O,0,0.0,"{""sym"": [""C"", ""C"", ""C"", ""C"", ""C"", ""C"", ""C"", ""C"", ""C"", ""C"", ""C"", ""C"", ""C"", ""C"", ""C"", ""C"", ""C"", ""C"", ""O"", ""O"", ""H"", ""H"", ""H"", ""H"", ""H"", ""H"", ""H"", ""H"", ""H"", ""H"", ""H"", ""H"", ""H"", ""H"", ""H"", ""H"", ""H"", ""H"", ""H"", ""H"", ""H"", ""H"", ""H"", ""H"", ""H"", ""H"", ""H"", ""H"", ""H"", ""H"", ""H"", ""H"", ""H"", ""H"", ""H"", ""H""], ""x"": [[9.56907, -0.16508, 0.51643], [8.05868, -0.36781, 0.52699], [7.31919, 0.89043, 0.07684], [5.79921, 0.77366, 0.19117], [5.2038, -0.26567, -0.75735], [3.67738, -0.2092, -0.82159], [3.01068, -0.58076, 0.50193], [1.49882, -0.76913, 0.37632], [0.76574, 0.5208, 0.01203], [-0.75336, 0.39712, 0.12982], [-1.35074, -0.59072, -0.87094], [-2.87744, -0.53261, -0.92736], [-3.53867, -0.97415, 0.37734], [-5.05099, -1.16035, 0.25279], [-5.80071, 0.14151, -0.02267], [-7.31189, -0.07162, -0.01413], [-8.06906, 1.22125, -0.30039], [-9.56164, 1.02016, -0.29599], [-10.13875, -0.01353, -0.09822], [-10.21227, 2.16782, -0.54763], [9.9116, 0.09237, -0.48366], [9.85149, 0.64053, 1.191], [10.08081, -1.07177, 0.83139], [7.8066, -1.19908, -0.1333], [7.73524, -0.63307, 1.53638], [7.65219, 1.7301, 0.69271], [7.58823, 1.11527, -0.9582], [5.5405, 0.5227, 1.22132], [5.35692, 1.7474, -0.03496], [5.508, -1.26655, -0.446], [5.60221, -0.0937, -1.76068], [3.33448, -0.90321, -1.5935], [3.37154, 0.79551, -1.11868], [3.21115, 0.19298, 1.24512], [3.4498, -1.51336, 0.8658], [1.2978, -1.53235, -0.37751], [1.11173, -1.13441, 1.3312], [1.02001, 0.81328, -1.00824], [1.10418, 1.31686, 0.68044], [-1.19821, 1.381, -0.04095], [-1.00622, 0.08984, 1.14608], [-1.04329, -1.60592, -0.61449], [-0.9557, -0.36469, -1.86483], [-3.18351, 0.48646, -1.17042], [-3.22231, -1.18527, -1.73339], [-3.33499, -0.24131, 1.15981], [-3.09709, -1.9241, 0.68847], [-5.42829, -1.58941, 1.18433], [-5.26337, -1.87344, -0.54698], [-5.53308, 0.87932, 0.73769], [-5.50194, 0.54053, -0.99345], [-7.58329, -0.81665, -0.76408], [-7.62548, -0.46018, 0.95636], [-7.83311, 1.98398, 0.44553], [-7.79056, 1.62814, -1.27546], [-11.17106, 2.02008, -0.54132]]}"
QIQXTHQIDYTFRH-UHFFFAOYSA-N,CCCCCCCCCCCCCCCCCC(=O)O,1,0.12112932423769962,"{""sym"": [""C"", ""C"", ""C"", ""C"", ""C"", ""C"", ""C"", ""C"", ""C"", ""C"", ""C"", ""C"", ""C"", ""C"", ""C"", ""C"", ""C"", ""C"", ""O"", ""O"", ""H"", ""H"", ""H"", ""H"", ""H"", ""H"", ""H"", ""H"", ""H"", ""H"", ""H"", ""H"", ""H"", ""H"", ""H"", ""H"", ""H"", ""H"", ""H"", ""H"", ""H"", ""H"", ""H"", ""H"", ""H"", ""H"", ""H"", ""H"", ""H"", ""H"", ""H"", ""H"", ""H"", ""H"", ""H"", ""H""], ""x"": [[-9.60581, 0.46219, -0.44626], [-8.11345, 0.1533, -0.44013], [-7.64159, -0.31095, 0.93641], [-6.17847, -0.75346, 0.96197], [-5.19429, 0.38968, 0.7236], [-3.74564, -0.068, 0.87622], [-2.76214, 1.0695, 0.60934], [-1.30479, 0.69241, 0.87786], [-0.75379, -0.32232, -0.12179], [0.70388, -0.70242, 0.14398], [1.68772, 0.42405, -0.166], [3.14505, 0.04236, 0.09964], [3.69411, -0.97225, -0.90109], [5.14908, -1.35577, -0.62929], [6.13783, -0.22127, -0.89059], [7.58107, -0.69816, -0.74301], [8.58757, 0.41991, -1.00021], [8.626, 1.43527, 0.11239], [8.15523, 1.31212, 1.20959], [9.2954, 2.53819, -0.25991], [-9.92413, 0.8001, -1.42991], [-10.18036, -0.42401, -0.18492], [-9.83593, 1.24286, 0.27579], [-7.56391, 1.04838, -0.7359], [-7.90156, -0.62728, -1.1748], [-8.26558, -1.15072, 1.25355], [-7.78597, 0.49675, 1.65807], [-6.02289, -1.52747, 0.20642], [-5.96594, -1.199, 1.93736], [-5.33254, 0.79302, -0.281], [-5.39625, 1.19319, 1.43628], [-3.59081, -0.44729, 1.88934], [-3.56043, -0.88941, 0.18193], [-3.02695, 1.91441, 1.25039], [-2.86336, 1.39976, -0.42734], [-0.70269, 1.60182, 0.83518], [-1.21888, 0.28538, 1.88822], [-0.84124, 0.08302, -1.13279], [-1.35775, -1.23027, -0.07543], [0.9481, -1.56947, -0.47247], [0.81344, -0.99893, 1.18985], [1.57787, 0.72111, -1.21191], [1.44388, 1.2906, 0.45107], [3.23224, -0.36451, 1.10959], [3.75118, 0.9487, 0.0557], [3.08921, -1.87994, -0.86086], [3.61101, -0.5639, -1.91138], [5.41201, -2.20109, -1.27135], [5.24621, -1.68541, 0.40727], [5.98396, 0.16453, -1.90198], [5.96345, 0.59232, -0.18646], [7.73069, -1.07925, 0.26851], [7.76696, -1.51282, -1.44589], [9.59814, 0.01104, -1.08258], [8.37093, 0.94308, -1.93308], [9.33493, 3.17271, 0.47278]]}"
QIQXTHQIDYTFRH-UHFFFAOYSA-N,CCCCCCCCCCCCCCCCCC(=O)O,2,0.42265183542622253,"{""sym"": [""C"", ""C"", ""C"", ""C"", ""C"", ""C"", ""C"", ""C"", ""C"", ""C"", ""C"", ""C"", ""C"", ""C"", ""C"", ""C"", ""C"", ""C"", ""O"", ""O"", ""H"", ""H"", ""H"", ""H"", ""H"", ""H"", ""H"", ""H"", ""H"", ""H"", ""H"", ""H"", ""H"", ""H"", ""H"", ""H"", ""H"", ""H"", ""H"", ""H"", ""H"", ""H"", ""H"", ""H"", ""H"", ""H"", ""H"", ""H"", ""H"", ""H"", ""H"", ""H"", ""H"", ""H"", ""H"", ""H""], ""x"": [[-7.10896, -1.66816, 3.1188], [-6.335, -0.37228, 2.90993], [-5.85049, -0.22306, 1.46966], [-5.07682, 1.07722, 1.26284], [-4.68093, 1.32389, -0.19331], [-3.64207, 0.33054, -0.70975], [-3.16317, 0.69286, -2.11376], [-2.22488, -0.35104, -2.72321], [-0.93814, -0.60783, -1.93564], [-0.04937, 0.62767, -1.80758], [1.26775, 0.34941, -1.07882], [2.27289, -0.4316, -1.92341], [3.57143, -0.74207, -1.17674], [4.40108, 0.50278, -0.86474], [5.80476, 0.17846, -0.35357], [5.8024, -0.51797, 1.00609], [7.21767, -0.68762, 1.55469], [7.81434, 0.61375, 2.027], [7.21207, 1.61095, 2.31651], [9.15135, 0.5327, 2.12025], [-7.45245, -1.74781, 4.14766], [-6.48015, -2.5287, 2.90013], [-7.97678, -1.7037, 2.46341], [-6.97438, 0.47621, 3.16514], [-5.47465, -0.35111, 3.58304], [-5.21592, -1.07506, 1.21981], [-6.7115, -0.24005, 0.79703], [-5.6973, 1.91037, 1.6028], [-4.17738, 1.06498, 1.88331], [-5.57326, 1.2795, -0.82261], [-4.27015, 2.3337, -0.27688], [-4.06906, -0.67372, -0.73025], [-2.79436, 0.32347, -0.02244], [-2.66954, 1.66614, -2.0904], [-4.034, 0.78911, -2.76797], [-2.76707, -1.29617, -2.81396], [-1.9585, -0.02887, -3.73318], [-0.38629, -1.39832, -2.44861], [-1.18502, -0.9782, -0.93911], [0.16532, 1.02468, -2.80274], [-0.59034, 1.39715, -1.25392], [1.05946, -0.20548, -0.16063], [1.71209, 1.30509, -0.79559], [1.82339, -1.37617, -2.23651], [2.50397, 0.13951, -2.82588], [3.32799, -1.26605, -0.2511], [4.17268, -1.41605, -1.79263], [4.49432, 1.09781, -1.77643], [3.89092, 1.1141, -0.11949], [6.32008, -0.45177, -1.08303], [6.36449, 1.11151, -0.2622], [5.2227, 0.07756, 1.71327], [5.33835, -1.50085, 0.91949], [7.88639, -1.12083, 0.80939], [7.21133, -1.35779, 2.41891], [9.51874, 1.3672, 2.45193]]}"
QIQXTHQIDYTFRH-UHFFFAOYSA-N,CCCCCCCCCCCCCCCCCC(=O)O,3,0.7130359321599826,"{""sym"": [""C"", ""C"", ""C"", ""C"", ""C"", ""C"", ""C"", ""C"", ""C"", ""C"", ""C"", ""C"", ""C"", ""C"", ""C"", ""C"", ""C"", ""C"", ""O"", ""O"", ""H"", ""H"", ""H"", ""H"", ""H"", ""H"", ""H"", ""H"", ""H"", ""H"", ""H"", ""H"", ""H"", ""H"", ""H"", ""H"", ""H"", ""H"", ""H"", ""H"", ""H"", ""H"", ""H"", ""H"", ""H"", ""H"", ""H"", ""H"", ""H"", ""H"", ""H"", ""H"", ""H"", ""H"", ""H"", ""H""], ""x"": [[-9.23425, 0.59556, 0.5477], [-8.24937, -0.56732, 0.58391], [-6.90794, -0.24643, -0.07713], [-6.0836, 0.77598, 0.70251], [-4.74709, 1.1049, 0.03595], [-3.74943, -0.05065, 0.07021], [-2.38807, 0.35626, -0.48801], [-1.39306, -0.80143, -0.4691], [-0.02727, -0.39309, -1.0149], [0.9716, -1.5466, -0.96586], [2.30817, -1.22071, -1.63391], [3.06826, -0.03989, -1.02683], [3.45715, -0.26022, 0.43296], [4.2382, 0.91083, 1.03347], [5.57125, 1.22447, 0.35156], [6.55239, 0.05448, 0.38092], [7.91965, 0.4425, -0.19751], [8.60259, 1.46674, 0.66986], [8.78921, 2.61954, 0.38744], [8.99677, 0.94532, 1.84053], [-9.38523, 0.9335, -0.47534], [-8.87296, 1.43426, 1.13679], [-10.19595, 0.28833, 0.95271], [-8.69627, -1.42, 0.06658], [-8.07695, -0.86478, 1.62089], [-6.33838, -1.1735, -0.16406], [-7.08667, 0.12994, -1.08729], [-5.89925, 0.3964, 1.71063], [-6.65618, 1.70048, 0.79529], [-4.3034, 1.96189, 0.54936], [-4.92409, 1.39976, -1.00119], [-3.62786, -0.39013, 1.10177], [-4.13333, -0.88968, -0.51251], [-1.9884, 1.18538, 0.10126], [-2.50993, 0.71129, -1.5142], [-1.27809, -1.16087, 0.55658], [-1.7894, -1.62788, -1.06403], [-0.13713, -0.0541, -2.04789], [0.34868, 0.446, -0.42723], [0.53781, -2.40928, -1.47852], [1.13734, -1.83917, 0.07247], [2.12573, -1.00451, -2.68968], [2.9443, -2.10866, -1.58635], [3.97101, 0.11077, -1.62157], [2.46838, 0.86807, -1.10857], [4.03973, -1.17932, 0.51938], [2.55238, -0.39128, 1.02924], [4.4276, 0.69403, 2.0881], [3.61322, 1.80623, 0.98943], [5.397, 1.52432, -0.68292], [6.02148, 2.08045, 0.85989], [6.15794, -0.77374, -0.20905], [6.68471, -0.29164, 1.40797], [8.55637, -0.44236, -0.24083], [7.80175, 0.85827, -1.19842], [9.41887, 1.62599, 2.38756]]}"
QIQXTHQIDYTFRH-UHFFFAOYSA-N,CCCCCCCCCCCCCCCCCC(=O)O,4,1.1349133207841078,"{""sym"": [""C"", ""C"", ""C"", ""C"", ""C"", ""C"", ""C"", ""C"", ""C"", ""C"", ""C"", ""C"", ""C"", ""C"", ""C"", ""C"", ""C"", ""C"", ""O"", ""O"", ""H"", ""H"", ""H"", ""H"", ""H"", ""H"", ""H"", ""H"", ""H"", ""H"", ""H"", ""H"", ""H"", ""H"", ""H"", ""H"", ""H"", ""H"", ""H"", ""H"", ""H"", ""H"", ""H"", ""H"", ""H"", ""H"", ""H"", ""H"", ""H"", ""H"", ""H"", ""H"", ""H"", ""H"", ""H"", ""H""], ""x"": [[7.51358, -1.65471, -1.92425], [6.78922, -1.01149, -0.74773], [5.76453, -1.95963, -0.12905], [5.11227, -1.40956, 1.14089], [4.35288, -0.09258, 0.96652], [3.18422, -0.1934, -0.01099], [2.40664, 1.11562, -0.16093], [1.5848, 1.47454, 1.07476], [0.81298, 2.78644, 0.9244], [-0.22841, 2.80358, -0.19789], [-1.26441, 1.67946, -0.1432], [-2.12354, 1.71402, 1.11862], [-3.15693, 0.58789, 1.17433], [-4.26606, 0.72721, 0.13434], [-5.3357, -0.3495, 0.29871], [-6.43813, -0.20679, -0.74743], [-7.52605, -1.26466, -0.58623], [-7.06307, -2.63729, -1.00216], [-6.08439, -2.89552, -1.64718], [-7.91036, -3.58814, -0.57662], [6.80414, -1.94348, -2.69723], [8.23002, -0.96053, -2.35805], [8.04983, -2.54578, -1.60452], [6.29007, -0.10509, -1.0938], [7.51783, -0.72279, 0.0137], [6.26446, -2.89785, 0.12654], [4.99658, -2.19532, -0.86789], [5.89015, -1.25983, 1.89444], [4.42082, -2.16252, 1.52856], [3.9779, 0.2058, 1.94764], [5.03839, 0.68729, 0.63024], [3.56577, -0.47596, -0.99378], [2.50337, -0.98172, 0.31975], [3.105, 1.92759, -0.37903], [1.73634, 1.017, -1.01662], [2.25027, 1.57648, 1.93437], [0.89186, 0.66099, 1.29558], [1.52678, 3.59262, 0.73492], [0.32079, 3.01047, 1.87303], [0.284, 2.75558, -1.16084], [-0.7512, 3.7631, -0.15909], [-1.90792, 1.77753, -1.01964], [-0.76583, 0.71151, -0.21324], [-1.47752, 1.62728, 1.99417], [-2.6364, 2.67706, 1.17907], [-3.6111, 0.58168, 2.16893], [-2.65312, -0.37181, 1.03753], [-4.72711, 1.71382, 0.23071], [-3.84511, 0.65129, -0.86911], [-4.87532, -1.33393, 0.19854], [-5.76981, -0.28098, 1.29984], [-6.8883, 0.78454, -0.66793], [-5.99987, -0.30348, -1.74201], [-8.38839, -1.02226, -1.21278], [-7.87852, -1.32088, 0.44488], [-7.61286, -4.46288, -0.87297]]}"
HPEUJPJOZXNMSJ-UHFFFAOYSA-N,C(CCCCCCCCCCCCCC)CCC(=O)OC,0,0.0,"{""sym"": [""C"", ""C"", ""C"", ""C"", ""C"", ""C"", ""C"", ""C"", ""C"", ""C"", ""C"", ""C"", ""C"", ""C"", ""C"", ""C"", ""C"", ""C"", ""O"", ""O"", ""C"", ""H"", ""H"", ""H"", ""H"", ""H"", ""H"", ""H"", ""H"", ""H"", ""H"", ""H"", ""H"", ""H"", ""H"", ""H"", ""H"", ""H"", ""H"", ""H"", ""H"", ""H"", ""H"", ""H"", ""H"", ""H"", ""H"", ""H"", ""H"", ""H"", ""H"", ""H"", ""H"", ""H"", ""H"", ""H"", ""H"", ""H"", ""H""], ""x"": [[-6.11057, 0.67231, 0.26474], [-4.68395, 1.06227, -0.12215], [-3.62532, 0.10201, 0.41617], [-2.21083, 0.61277, 0.15428], [-1.1477, -0.35541, 0.66662], [0.2659, 0.17226, 0.43543], [1.32618, -0.80704, 0.93433], [2.7492, -0.25058, 0.87219], [3.26283, -0.0653, -0.5542], [4.67848, 0.51048, -0.61233], [5.75071, -0.45353, -0.10939], [7.15487, 0.12239, -0.27613], [8.22705, -0.84588, 0.21882], [9.63585, -0.2523, 0.20113], [10.14263, 0.04856, -1.20458], [-6.56803, -0.64007, -0.36897], [-8.02797, -0.94757, -0.04105], [-8.98142, -0.03782, -0.78033], [-8.77232, 0.49668, -1.83601], [-10.13831, 0.08027, -0.11143], [-11.14548, 0.86252, -0.73792], [-6.17965, 0.59362, 1.35285], [-6.787, 1.46726, -0.05652], [-4.60784, 1.11404, -1.21022], [-4.48023, 2.06185, 0.27], [-3.76747, -0.0253, 1.49213], [-3.73949, -0.87647, -0.05323], [-2.07532, 0.76363, -0.91913], [-2.07998, 1.58193, 0.64165], [-1.26092, -1.31754, 0.16143], [-1.29981, -0.52533, 1.73541], [0.40373, 0.35792, -0.63097], [0.38276, 1.12537, 0.95674], [1.09938, -1.064, 1.97241], [1.27301, -1.72801, 0.34889], [2.78222, 0.7094, 1.39305], [3.40847, -0.93947, 1.40346], [2.59584, 0.61333, -1.08892], [3.24324, -1.02732, -1.07184], [4.90542, 0.77255, -1.64904], [4.716, 1.43139, -0.02529], [5.58289, -0.67623, 0.9457], [5.6786, -1.39285, -0.66302], [7.32222, 0.35068, -1.33003], [7.22836, 1.05817, 0.28337], [8.20927, -1.74914, -0.39588], [7.98675, -1.141, 1.24354], [9.64737, 0.66543, 0.79381], [10.31778, -0.96095, 0.67779], [9.55858, 0.8388, -1.6688], [11.1812, 0.37019, -1.17094], [10.07984, -0.8398, -1.82942], [-6.46171, -0.57058, -1.45284], [-5.94692, -1.46182, -0.01126], [-8.22433, -0.86623, 1.02875], [-8.27236, -1.96837, -0.34842], [-11.41552, 0.42771, -1.70259], [-11.99814, 0.85883, -0.06425], [-10.78804, 1.88132, -0.90057]]}"
HPEUJPJOZXNMSJ-UHFFFAOYSA-N,C(CCCCCCCCCCCCCC)CCC(=O)OC,1,0.7193499080603942,"{""sym"": [""C"", ""C"", ""C"", ""C"", ""C"", ""C"", ""C"", ""C"", ""C"", ""C"", ""C"", ""C"", ""C"", ""C"", ""C"", ""C"", ""C"", ""C"", ""O"", ""O"", ""C"", ""H"", ""H"", ""H"", ""H"", ""H"", ""H"", ""H"", ""H"", ""H"", ""H"", ""H"", ""H"", ""H"", ""H"", ""H"", ""H"", ""H"", ""H"", ""H"", ""H"", ""H"", ""H"", ""H"", ""H"", ""H"", ""H"", ""H"", ""H"", ""H"", ""H"", ""H"", ""H"", ""H"", ""H"", ""H"", ""H"", ""H"", ""H""], ""x"": [[5.27041, -0.02504, 2.15824], [4.24359, 0.20717, 1.05293], [3.41372, 1.46264, 1.31291], [2.4695, 1.81003, 0.16211], [1.35538, 0.78378, -0.03615], [0.34313, 1.25432, -1.07863], [-0.73474, 0.21686, -1.39448], [-1.66952, -0.06783, -0.22022], [-2.81553, -0.99083, -0.62944], [-3.69892, -1.42175, 0.54227], [-4.4145, -0.28167, 1.27148], [-5.30629, 0.59985, 0.39509], [-6.46228, -0.1603, -0.25144], [-7.38092, 0.7382, -1.08199], [-8.21805, 1.69296, -0.23851], [6.01663, -1.35138, 2.02196], [6.86078, -1.43507, 0.74742], [6.02415, -1.79167, -0.45851], [5.16388, -2.63073, -0.48761], [6.3852, -1.06764, -1.52921], [5.67735, -1.32867, -2.73288], [5.99112, 0.79702, 2.16293], [4.75674, -0.01652, 3.12277], [3.59093, -0.66432, 0.98672], [4.75447, 0.31775, 0.09461], [2.83202, 1.32987, 2.22824], [4.09299, 2.30383, 1.47528], [2.01613, 2.78387, 0.36568], [3.0459, 1.90439, -0.76173], [0.85222, 0.62203, 0.91857], [1.78134, -0.16836, -0.35729], [0.87819, 1.49367, -2.00176], [-0.13358, 2.17346, -0.72838], [-1.33109, 0.58225, -2.23487], [-0.25788, -0.71381, -1.71088], [-2.06996, 0.8777, 0.14956], [-1.11034, -0.53709, 0.59099], [-3.42348, -0.49981, -1.39139], [-2.39303, -1.8911, -1.08406], [-3.07732, -1.94893, 1.271], [-4.4404, -2.13484, 0.17625], [-5.02812, -0.72106, 2.06267], [-3.66989, 0.35305, 1.75649], [-5.70897, 1.39415, 1.02688], [-4.70673, 1.07483, -0.38352], [-7.05008, -0.65425, 0.52625], [-6.05806, -0.93524, -0.90536], [-6.77829, 1.31265, -1.78966], [-8.0554, 0.1043, -1.66305], [-8.89007, 2.26703, -0.87286], [-7.58809, 2.39238, 0.3047], [-8.81665, 1.13851, 0.48123], [6.6702, -1.47615, 2.88749], [5.30151, -2.17623, 2.0144], [7.38728, -0.50045, 0.5543], [7.60063, -2.2323, 0.85622], [6.18681, -0.77152, -3.51467], [5.6847, -2.39776, -2.95258], [4.64126, -0.99621, -2.63956]]}"
HPEUJPJOZXNMSJ-UHFFFAOYSA-N,C(CCCCCCCCCCCCCC)CCC(=O)OC,2,0.9583400521878502,"{""sym"": [""C"", ""C"", ""C"", ""C"", ""C"", ""C"", ""C"", ""C"", ""C"", ""C"", ""C"", ""C"", ""C"", ""C"", ""C"", ""C"", ""C"", ""C"", ""O"", ""O"", ""C"", ""H"", ""H"", ""H"", ""H"", ""H"", ""H"", ""H"", ""H"", ""H"", ""H"", ""H"", ""H"", ""H"", ""H"", ""H"", ""H"", ""H"", ""H"", ""H"", ""H"", ""H"", ""H"", ""H"", ""H"", ""H"", ""H"", ""H"", ""H"", ""H"", ""H"", ""H"", ""H"", ""H"", ""H"", ""H"", ""H"", ""H"", ""H""], ""x"": [[5.67879, -0.12883, -1.33492], [4.16788, -0.34041, -1.43353], [3.42187, -0.02414, -0.13869], [1.91008, -0.16504, -0.30681], [1.16111, 0.12748, 0.99206], [-0.35999, 0.10747, 0.83257], [-0.91021, -1.28013, 0.50535], [-2.43453, -1.35939, 0.5996], [-3.14008, -0.49127, -0.441], [-4.63829, -0.77615, -0.55673], [-5.42427, -0.3705, 0.68782], [-6.92104, -0.67036, 0.58227], [-7.65603, 0.06715, -0.53849], [-7.59556, 1.58752, -0.41084], [-8.46158, 2.27378, -1.46036], [6.36361, -1.1336, -0.41024], [7.8913, -1.01458, -0.46943], [8.34335, 0.33067, 0.04547], [8.80485, 1.21708, -0.62294], [8.15751, 0.42755, 1.36954], [8.52541, 1.66332, 1.96495], [5.88194, 0.88662, -0.98799], [6.11085, -0.22349, -2.33398], [3.96874, -1.37542, -1.72181], [3.77718, 0.30126, -2.2269], [3.75247, -0.69792, 0.65375], [3.65728, 0.99682, 0.17125], [1.68519, -1.17969, -0.63969], [1.56631, 0.52396, -1.08204], [1.46107, 1.11402, 1.35509], [1.45396, -0.60322, 1.75004], [-0.81206, 0.45108, 1.76675], [-0.6431, 0.81094, 0.04755], [-0.48033, -2.00123, 1.20544], [-0.60261, -1.57047, -0.50096], [-2.73777, -2.39927, 0.45255], [-2.74526, -1.06245, 1.60293], [-2.67776, -0.67317, -1.41472], [-2.99753, 0.56323, -0.1976], [-4.79201, -1.84109, -0.74863], [-5.02187, -0.2256, -1.41755], [-5.03534, -0.91575, 1.55003], [-5.27414, 0.69339, 0.87901], [-7.05154, -1.74538, 0.43234], [-7.39136, -0.41198, 1.53477], [-7.25101, -0.23149, -1.5069], [-8.70384, -0.24412, -0.51796], [-7.93443, 1.87831, 0.58639], [-6.56481, 1.92614, -0.52643], [-8.13371, 2.00184, -2.46169], [-8.39979, 3.3552, -1.36097], [-9.50295, 1.97837, -1.35054], [6.08134, -2.14659, -0.7059], [6.04331, -0.97792, 0.62046], [8.24197, -1.12175, -1.49628], [8.33963, -1.79054, 0.15254], [7.98266, 2.48697, 1.49619], [8.2684, 1.58475, 3.0183], [9.59675, 1.83804, 1.84461]]}"
HPEUJPJOZXNMSJ-UHFFFAOYSA-N,C(CCCCCCCCCCCCCC)CCC(=O)OC,3,1.3014098608036875,"{""sym"": [""C"", ""C"", ""C"", ""C"", ""C"", ""C"", ""C"", ""C"", ""C"", ""C"", ""C"", ""C"", ""C"", ""C"", ""C"", ""C"", ""C"", ""C"", ""O"", ""O"", ""C"", ""H"", ""H"", ""H"", ""H"", ""H"", ""H"", ""H"", ""H"", ""H"", ""H"", ""H"", ""H"", ""H"", ""H"", ""H"", ""H"", ""H"", ""H"", ""H"", ""H"", ""H"", ""H"", ""H"", ""H"", ""H"", ""H"", ""H"", ""H"", ""H"", ""H"", ""H"", ""H"", ""H"", ""H"", ""H"", ""H"", ""H"", ""H""], ""x"": [[-4.44775, 0.43676, 1.13669], [-4.18085, -0.99001, 1.61146], [-2.99536, -1.09736, 2.57288], [-1.6518, -0.64936, 1.99515], [-1.23019, -1.44217, 0.75951], [0.21395, -1.16322, 0.34203], [0.43232, 0.27626, -0.12187], [1.79393, 0.48994, -0.78372], [2.96204, 0.2944, 0.18157], [4.30475, 0.75023, -0.39178], [4.77882, -0.11005, -1.56149], [6.12723, 0.33317, -2.13145], [7.30207, 0.09427, -1.18529], [8.63773, 0.42811, -1.84572], [9.81144, 0.20208, -0.90094], [-5.64033, 0.53492, 0.18678], [-6.97484, 0.24117, 0.86618], [-8.14116, 0.49628, -0.05822], [-8.07084, 0.83069, -1.21004], [-9.30519, 0.29706, 0.58089], [-10.48429, 0.50095, -0.18564], [-4.61506, 1.0818, 2.00263], [-3.56772, 0.80997, 0.61145], [-5.0631, -1.369, 2.13136], [-4.01056, -1.63154, 0.74553], [-3.20803, -0.4949, 3.45998], [-2.90864, -2.13818, 2.8963], [-0.89064, -0.77716, 2.76941], [-1.69587, 0.41293, 1.7547], [-1.33347, -2.50924, 0.97353], [-1.891, -1.20494, -0.07629], [0.47738, -1.83836, -0.47627], [0.87608, -1.38396, 1.18128], [-0.34891, 0.53507, -0.84156], [0.33986, 0.95538, 0.72781], [1.83295, 1.50795, -1.18004], [1.8896, -0.19812, -1.62563], [2.76071, 0.8671, 1.0908], [3.03606, -0.75802, 0.46137], [5.04772, 0.71101, 0.40707], [4.22405, 1.78967, -0.71945], [4.03812, -0.06143, -2.36185], [4.84958, -1.15112, -1.23685], [6.079, 1.39459, -2.38701], [6.31022, -0.21887, -3.05728], [7.30671, -0.95311, -0.87349], [7.1885, 0.70742, -0.28955], [8.62788, 1.47159, -2.16927], [8.76516, -0.19164, -2.73648], [9.71503, 0.82749, -0.016], [10.75122, 0.44467, -1.39156], [9.84949, -0.8372, -0.58152], [-5.50374, -0.15716, -0.64601], [-5.68378, 1.54166, -0.23326], [-7.03582, -0.79969, 1.18884], [-7.10447, 0.86558, 1.75292], [-10.52356, 1.52745, -0.55553], [-11.31848, 0.30211, 0.48213], [-10.50411, -0.17959, -1.03917]]}"
HPEUJPJOZXNMSJ-UHFFFAOYSA-N,C(CCCCCCCCCCCCCC)CCC(=O)OC,4,1.9593741121134371,"{""sym"": [""C"", ""C"", ""C"", ""C"", ""C"", ""C"", ""C"", ""C"", ""C"", ""C"", ""C"", ""C"", ""C"", ""C"", ""C"", ""C"", ""C"", ""C"", ""O"", ""O"", ""C"", ""H"", ""H"", ""H"", ""H"", ""H"", ""H"", ""H"", ""H"", ""H"", ""H"", ""H"", ""H"", ""H"", ""H"", ""H"", ""H"", ""H"", ""H"", ""H"", ""H"", ""H"", ""H"", ""H"", ""H"", ""H"", ""H"", ""H"", ""H"", ""H"", ""H"", ""H"", ""H"", ""H"", ""H"", ""H"", ""H"", ""H"", ""H""], ""x"": [[4.89132, -0.06665, -1.12925], [3.65183, 0.53186, -0.46862], [2.5191, 0.71336, -1.47628], [1.29873, 1.43429, -0.9033], [0.61446, 0.72371, 0.26608], [0.14337, -0.70123, -0.02899], [-0.82818, -0.83181, -1.2039], [-2.10317, 0.0045, -1.08833], [-2.96396, -0.3587, 0.119], [-4.28971, 0.39897, 0.11477], [-5.15148, 0.03997, 1.32261], [-6.42794, 0.87526, 1.42952], [-7.39209, 0.74021, 0.24845], [-7.84851, -0.68828, -0.05115], [-8.5949, -1.33514, 1.10955], [6.02645, -0.28365, -0.13237], [7.25927, -0.88714, -0.81711], [8.34209, -1.11943, 0.20642], [8.53927, -2.15054, 0.79245], [9.05548, -0.00428, 0.41478], [10.07873, -0.08773, 1.39647], [5.23263, 0.59882, -1.92572], [4.62793, -1.023, -1.58706], [3.90565, 1.49969, -0.02972], [3.32884, -0.12631, 0.33931], [2.22471, -0.26264, -1.86567], [2.89392, 1.29936, -2.32005], [0.57565, 1.57824, -1.70827], [1.6068, 2.42664, -0.56297], [-0.24104, 1.32774, 0.57508], [1.30069, 0.68776, 1.11487], [1.01117, -1.3314, -0.23476], [-0.3292, -1.09696, 0.87249], [-0.31521, -0.55401, -2.12696], [-1.10877, -1.88487, -1.29323], [-2.69217, -0.14969, -1.99681], [-1.84955, 1.06516, -1.04441], [-3.16198, -1.43363, 0.11068], [-2.42656, -0.12684, 1.04023], [-4.09143, 1.4739, 0.12054], [-4.82778, 0.16541, -0.80564], [-4.565, 0.19886, 2.23186], [-5.40416, -1.02102, 1.28373], [-6.15013, 1.92894, 1.51917], [-6.94804, 0.5992, 2.34897], [-8.27371, 1.35087, 0.46169], [-6.92309, 1.152, -0.64756], [-6.98744, -1.30299, -0.31844], [-8.50787, -0.65774, -0.92258], [-9.42883, -0.70915, 1.42071], [-7.93798, -1.4823, 1.9629], [-8.98615, -2.30605, 0.81295], [6.3008, 0.66962, 0.32474], [5.69359, -0.95665, 0.66109], [7.62737, -0.20337, -1.58207], [6.99825, -1.84415, -1.26959], [10.52245, 0.90231, 1.46088], [10.82726, -0.82483, 1.09953], [9.65821, -0.38439, 2.35931]]}"
XIRNKXNNONJFQO-UHFFFAOYSA-N,C(CCCCCCCCCCCCC)CC(=O)OCC,0,0.0,"{""sym"": [""C"", ""C"", ""C"", ""C"", ""C"", ""C"", ""C"", ""C"", ""C"", ""C"", ""C"", ""C"", ""C"", ""C"", ""C"", ""C"", ""O"", ""O"", ""C"", ""C"", ""H"", ""H"", ""H"", ""H"", ""H"", ""H"", ""H"", ""H"", ""H"", ""H"", ""H"", ""H"", ""H"", ""H"", ""H"", ""H"", ""H"", ""H"", ""H"", ""H"", ""H"", ""H"", ""H"", ""H"", ""H"", ""H"", ""H"", ""H"", ""H"", ""H"", ""H"", ""H"", ""H"", ""H"", ""H"", ""H""], ""x"": [[3.84084, 2.21981, 0.94008], [3.30989, 1.13768, 0.00266], [1.83978, 0.82937, 0.27561], [1.29092, -0.24433, -0.66063], [-0.17908, -0.54868, -0.38064], [-0.7232, -1.63246, -1.30921], [-2.22317, -1.87659, -1.14015], [-2.58413, -2.46613, 0.22196], [-4.03865, -2.93158, 0.31163], [-5.07649, -1.83406, 0.07036], [-4.97173, -0.67879, 1.06408], [-6.14245, 0.29973, 0.96899], [-6.18406, 1.06416, -0.35271], [-7.28678, 2.11575, -0.35878], [5.29906, 2.56958, 0.65474], [6.24834, 1.46827, 1.07183], [5.99212, 0.56961, 1.82763], [7.44905, 1.64924, 0.50561], [8.46873, 0.69791, 0.81725], [8.39269, -0.51568, -0.09767], [3.2318, 3.12027, 0.83637], [3.76074, 1.87053, 1.97078], [3.90025, 0.22941, 0.13535], [3.42305, 1.46537, -1.03421], [1.25155, 1.74323, 0.15833], [1.72943, 0.49593, 1.30971], [1.40115, 0.08745, -1.69617], [1.87717, -1.15854, -0.54326], [-0.28141, -0.86758, 0.65788], [-0.76617, 0.36435, -0.50901], [-0.18193, -2.56477, -1.13114], [-0.53273, -1.33417, -2.34366], [-2.75092, -0.93246, -1.28562], [-2.55511, -2.56675, -1.9202], [-1.93859, -3.32731, 0.41372], [-2.39239, -1.73273, 1.00513], [-4.20081, -3.72682, -0.42081], [-4.20329, -3.36051, 1.30364], [-6.07109, -2.28034, 0.15466], [-4.97194, -1.45801, -0.94746], [-4.93907, -1.089, 2.07687], [-4.04246, -0.13128, 0.89717], [-6.06279, 1.02092, 1.78678], [-7.08122, -0.2439, 1.10069], [-5.21921, 1.54988, -0.51785], [-6.35228, 0.36757, -1.17554], [-8.25748, 1.64959, -0.20336], [-7.12601, 2.84318, 0.43428], [-7.30871, 2.64387, -1.30939], [5.45878, 2.7811, -0.40351], [5.58884, 3.46218, 1.2154], [8.3573, 0.3909, 1.86227], [9.41083, 1.23395, 0.68473], [8.45672, -0.20802, -1.13858], [7.45278, -1.03882, 0.05995], [9.21355, -1.19144, 0.12404]]}"
XIRNKXNNONJFQO-UHFFFAOYSA-N,C(CCCCCCCCCCCCC)CC(=O)OCC,1,0.10986258865887066,"{""sym"": [""C"", ""C"", ""C"", ""C"", ""C"", ""C"", ""C"", ""C"", ""C"", ""C"", ""C"", ""C"", ""C"", ""C"", ""C"", ""C"", ""O"", ""O"", ""C"", ""C"", ""H"", ""H"", ""H"", ""H"", ""H"", ""H"", ""H"", ""H"", ""H"", ""H"", ""H"", ""H"", ""H"", ""H"", ""H"", ""H"", ""H"", ""H"", ""H"", ""H"", ""H"", ""H"", ""H"", ""H"", ""H"", ""H"", ""H"", ""H"", ""H"", ""H"", ""H"", ""H"", ""H"", ""H"", ""H"", ""H""], ""x"": [[-4.64052, -0.40955, 1.46651], [-3.52009, -1.04517, 0.64677], [-2.80013, -2.17305, 1.38664], [-2.11254, -1.75724, 2.68984], [-1.09976, -0.61904, 2.55464], [0.06832, -0.94928, 1.62844], [1.11363, 0.16385, 1.61854], [2.27709, -0.14637, 0.68007], [3.31665, 0.97182, 0.66527], [4.47986, 0.66081, -0.27367], [5.52359, 1.77583, -0.27664], [6.64421, 1.55701, -1.29368], [7.53563, 0.35965, -0.97046], [8.70772, 0.25461, -1.93886], [-5.39708, 0.64768, 0.66606], [-6.27787, 0.04204, -0.40394], [-6.63852, -1.10348, -0.45182], [-6.64278, 0.97839, -1.29029], [-7.50274, 0.5714, -2.35614], [-6.70844, 0.00767, -3.52525], [-4.22828, 0.05781, 2.36136], [-5.34328, -1.18544, 1.77482], [-3.95211, -1.45931, -0.26669], [-2.80143, -0.27726, 0.35365], [-2.05917, -2.61113, 0.71532], [-3.52617, -2.95508, 1.6213], [-1.60076, -2.63365, 3.09592], [-2.87138, -1.46265, 3.4175], [-1.60018, 0.28272, 2.19738], [-0.70497, -0.39536, 3.54949], [0.53565, -1.88134, 1.95529], [-0.29756, -1.09975, 0.61139], [1.49677, 0.30974, 2.63152], [0.64097, 1.09925, 1.30839], [2.75357, -1.07869, 0.99278], [1.89439, -0.29587, -0.33257], [2.83884, 1.90411, 0.35394], [3.70009, 1.12095, 1.6776], [4.097, 0.52334, -1.28794], [4.94286, -0.27706, 0.03759], [5.95627, 1.86811, 0.72256], [5.02442, 2.72086, -0.50659], [7.26595, 2.45558, -1.32554], [6.2084, 1.42407, -2.28691], [6.95004, -0.55961, -1.02059], [7.91554, 0.45911, 0.04912], [8.34933, 0.14591, -2.96041], [9.32679, -0.60716, -1.69978], [9.32791, 1.14717, -1.8877], [-6.05463, 1.22176, 1.32421], [-4.71267, 1.35259, 0.19151], [-8.04505, 1.47377, -2.6462], [-8.20291, -0.18017, -1.97711], [-6.18803, -0.89584, -3.21743], [-5.97922, 0.73598, -3.87176], [-7.38323, -0.23503, -4.34091]]}"
XIRNKXNNONJFQO-UHFFFAOYSA-N,C(CCCCCCCCCCCCC)CC(=O)OCC,2,0.8189372005290352,"{""sym"": [""C"", ""C"", ""C"", ""C"", ""C"", ""C"", ""C"", ""C"", ""C"", ""C"", ""C"", ""C"", ""C"", ""C"", ""C"", ""C"", ""O"", ""O"", ""C"", ""C"", ""H"", ""H"", ""H"", ""H"", ""H"", ""H"", ""H"", ""H"", ""H"", ""H"", ""H"", ""H"", ""H"", ""H"", ""H"", ""H"", ""H"", ""H"", ""H"", ""H"", ""H"", ""H"", ""H"", ""H"", ""H"", ""H"", ""H"", ""H"", ""H"", ""H"", ""H"", ""H"", ""H"", ""H"", ""H"", ""H""], ""x"": [[-4.56798, 0.63527, -1.6628], [-3.42829, 0.8352, -0.66691], [-2.78303, 2.2111, -0.81626], [-1.70422, 2.49419, 0.23121], [-0.51913, 1.52622, 0.22283], [0.26238, 1.53879, -1.08918], [1.46988, 0.59995, -1.07783], [2.60267, 1.07103, -0.16833], [3.82738, 0.16494, -0.27283], [4.94985, 0.61553, 0.65971], [6.23879, -0.18909, 0.48862], [6.09488, -1.64888, 0.91626], [7.43092, -2.38955, 0.98393], [8.09444, -2.55653, -0.37825], [-5.16974, -0.77163, -1.5712], [-5.85597, -0.98978, -0.24258], [-5.46786, -1.72461, 0.62711], [-6.96299, -0.24402, -0.15418], [-7.73662, -0.35532, 1.0405], [-8.72931, -1.5052, 0.94655], [-4.19119, 0.78677, -2.677], [-5.35388, 1.37132, -1.48255], [-2.68055, 0.05835, -0.83196], [-3.80703, 0.71995, 0.35091], [-3.55745, 2.97707, -0.72246], [-2.35787, 2.3047, -1.81702], [-1.32793, 3.50853, 0.07348], [-2.16492, 2.46532, 1.22185], [0.14689, 1.81007, 1.03992], [-0.86934, 0.51295, 0.42591], [0.5984, 2.55712, -1.29974], [-0.39875, 1.23225, -1.90182], [1.14658, -0.39626, -0.76641], [1.85585, 0.51631, -2.09729], [2.88308, 2.09123, -0.44199], [2.26366, 1.08659, 0.86875], [4.19198, 0.16845, -1.30302], [3.53273, -0.85669, -0.0274], [5.16694, 1.66881, 0.46275], [4.61113, 0.53852, 1.69583], [7.02245, 0.27628, 1.09232], [6.55016, -0.13858, -0.55616], [5.6303, -1.67906, 1.9053], [5.4352, -2.17334, 0.22281], [7.25798, -3.37893, 1.41478], [8.10779, -1.85281, 1.65312], [8.37362, -1.59309, -0.7966], [8.99479, -3.16043, -0.28794], [7.41897, -3.05199, -1.07262], [-5.91235, -0.89949, -2.35997], [-4.38912, -1.5253, -1.6796], [-7.05992, -0.50602, 1.8879], [-8.25256, 0.60222, 1.13979], [-8.19653, -2.44946, 0.8656], [-9.36497, -1.38145, 0.07298], [-9.3502, -1.52752, 1.83733]]}"
XIRNKXNNONJFQO-UHFFFAOYSA-N,C(CCCCCCCCCCCCC)CC(=O)OCC,3,0.9245250078311074,"{""sym"": [""C"", ""C"", ""C"", ""C"", ""C"", ""C"", ""C"", ""C"", ""C"", ""C"", ""C"", ""C"", ""C"", ""C"", ""C"", ""C"", ""O"", ""O"", ""C"", ""C"", ""H"", ""H"", ""H"", ""H"", ""H"", ""H"", ""H"", ""H"", ""H"", ""H"", ""H"", ""H"", ""H"", ""H"", ""H"", ""H"", ""H"", ""H"", ""H"", ""H"", ""H"", ""H"", ""H"", ""H"", ""H"", ""H"", ""H"", ""H"", ""H"", ""H"", ""H"", ""H"", ""H"", ""H"", ""H"", ""H""], ""x"": [[4.87948, -0.51203, 0.24091], [3.49345, 0.12072, 0.33133], [2.79047, 0.13606, -1.02424], [1.45361, 0.87725, -0.99979], [0.38659, 0.17775, -0.1608], [-0.96495, 0.88031, -0.26465], [-2.03247, 0.17957, 0.57265], [-3.3707, 0.9192, 0.60149], [-4.0963, 0.90184, -0.74195], [-5.42588, 1.65888, -0.72133], [-6.47292, 1.11176, 0.25077], [-6.86755, -0.33595, -0.03064], [-8.01062, -0.7982, 0.86974], [-8.39086, -2.24979, 0.60522], [5.57451, -0.53297, 1.60792], [6.92156, -1.20255, 1.48239], [7.14569, -2.36278, 1.70925], [7.8474, -0.34202, 1.05013], [9.16212, -0.8649, 0.84904], [10.04623, 0.24805, 0.31967], [4.78903, -1.53447, -0.13208], [5.49574, 0.05126, -0.46307], [2.89494, -0.44122, 1.04941], [3.58733, 1.14457, 0.70041], [2.62705, -0.89108, -1.35802], [3.44492, 0.61977, -1.75368], [1.6084, 1.88838, -0.61586], [1.08682, 0.9678, -2.0253], [0.28169, -0.85571, -0.49926], [0.69374, 0.15558, 0.88613], [-1.27156, 0.90551, -1.31167], [-0.86059, 1.91306, 0.07659], [-1.66396, 0.08728, 1.59781], [-2.18705, -0.83134, 0.18764], [-3.20377, 1.95478, 0.9079], [-4.00284, 0.44728, 1.35561], [-3.46133, 1.36688, -1.49867], [-4.26553, -0.13186, -1.04847], [-5.8458, 1.64171, -1.73053], [-5.22972, 2.70342, -0.46529], [-7.36487, 1.73958, 0.17505], [-6.10743, 1.19502, 1.27588], [-6.00903, -0.99037, 0.12886], [-7.17029, -0.43039, -1.07636], [-8.88155, -0.1593, 0.70586], [-7.71204, -0.68675, 1.91482], [-7.5409, -2.90544, 0.78249], [-8.71158, -2.37795, -0.42639], [-9.20385, -2.55903, 1.25805], [4.97264, -1.09513, 2.32229], [5.71351, 0.48817, 1.96326], [9.10504, -1.70172, 0.14402], [9.53603, -1.25155, 1.80385], [11.05709, -0.12328, 0.17939], [10.06543, 1.0757, 1.02326], [9.66542, 0.61062, -0.63112]]}"
XIRNKXNNONJFQO-UHFFFAOYSA-N,C(CCCCCCCCCCCCC)CC(=O)OCC,4,1.0408262061828282,"{""sym"": [""C"", ""C"", ""C"", ""C"", ""C"", ""C"", ""C"", ""C"", ""C"", ""C"", ""C"", ""C"", ""C"", ""C"", ""C"", ""C"", ""O"", ""O"", ""C"", ""C"", ""H"", ""H"", ""H"", ""H"", ""H"", ""H"", ""H"", ""H"", ""H"", ""H"", ""H"", ""H"", ""H"", ""H"", ""H"", ""H"", ""H"", ""H"", ""H"", ""H"", ""H"", ""H"", ""H"", ""H"", ""H"", ""H"", ""H"", ""H"", ""H"", ""H"", ""H"", ""H"", ""H"", ""H"", ""H"", ""H""], ""x"": [[4.56929, 1.02892, -0.74295], [3.38353, 0.34492, -0.06661], [2.59567, 1.27651, 0.85552], [1.95688, 2.48196, 0.16125], [1.02112, 2.13829, -1.00006], [-0.13576, 1.20212, -0.64637], [-1.10123, 1.80052, 0.37411], [-2.26483, 0.87012, 0.71934], [-3.2532, 0.67463, -0.42825], [-4.4545, -0.16659, -0.00318], [-5.44404, -0.36328, -1.1495], [-6.60113, -1.29894, -0.79929], [-7.54525, -0.72986, 0.25771], [-8.7479, -1.63846, 0.48201], [5.39376, 0.04373, -1.58022], [6.0727, -0.98198, -0.70337], [5.78125, -2.14762, -0.64218], [7.06343, -0.42132, -0.00081], [7.78841, -1.2646, 0.89433], [7.06258, -1.42551, 2.22253], [4.21243, 1.82201, -1.40162], [5.21554, 1.48075, 0.01219], [3.75067, -0.49663, 0.52573], [2.72189, -0.06543, -0.83081], [1.81709, 0.69416, 1.35184], [3.26551, 1.64972, 1.635], [2.74361, 3.13821, -0.2173], [1.40446, 3.05174, 0.91121], [1.60161, 1.68428, -1.80581], [0.60728, 3.0728, -1.3885], [0.25413, 0.25771, -0.26316], [-0.67889, 0.98148, -1.56734], [-0.557, 2.02055, 1.29435], [-1.49559, 2.74383, -0.01197], [-1.87012, -0.10186, 1.02527], [-2.80311, 1.28915, 1.57368], [-3.60136, 1.65115, -0.77367], [-2.75605, 0.18355, -1.26653], [-4.95279, 0.32476, 0.83426], [-4.10576, -1.14261, 0.34292], [-5.84419, 0.60769, -1.45152], [-4.90752, -0.7783, -2.0067], [-7.17568, -1.49834, -1.70764], [-6.20003, -2.25281, -0.44817], [-7.89038, 0.25621, -0.06205], [-7.01164, -0.60652, 1.20141], [-9.40542, -1.22484, 1.24329], [-8.42408, -2.62452, 0.80825], [-9.31741, -1.75319, -0.43798], [4.75115, -0.48106, -2.28744], [6.16618, 0.58938, -2.12385], [7.93201, -2.24171, 0.4209], [8.75303, -0.7709, 1.03012], [6.87361, -0.45156, 2.6681], [7.67152, -2.01493, 2.90224], [6.11452, -1.93479, 2.0673]]}"
PYGXAGIECVVIOZ-UHFFFAOYSA-N,CCCCOC(=O)CCCCCCCCC(=O)OCCCC,0,0.0,"{""sym"": [""C"", ""C"", ""C"", ""C"", ""O"", ""C"", ""O"", ""C"", ""C"", ""C"", ""C"", ""C"", ""C"", ""C"", ""C"", ""C"", ""O"", ""O"", ""C"", ""C"", ""C"", ""C"", ""H"", ""H"", ""H"", ""H"", ""H"", ""H"", ""H"", ""H"", ""H"", ""H"", ""H"", ""H"", ""H"", ""H"", ""H"", ""H"", ""H"", ""H"", ""H"", ""H"", ""H"", ""H"", ""H"", ""H"", ""H"", ""H"", ""H"", ""H"", ""H"", ""H"", ""H"", ""H"", ""H"", ""H""], ""x"": [[9.25883, -1.53346, -1.35501], [7.84699, -0.97899, -1.21436], [7.85377, 0.46266, -0.70912], [6.45403, 1.07117, -0.67069], [5.63581, 0.41703, 0.29903], [4.68087, -0.41432, -0.13279], [4.42726, -0.615, -1.29088], [3.98336, -1.06468, 1.04137], [2.47937, -1.20118, 0.80795], [1.78078, 0.15542, 0.75709], [0.26462, 0.00254, 0.66023], [-0.43541, 1.35429, 0.54581], [-1.95726, 1.23923, 0.45422], [-2.6001, 0.7916, 1.76582], [-4.12897, 0.87818, 1.71002], [-4.67128, -0.12491, 0.71794], [-4.60159, -1.31927, 0.8467], [-5.22846, 0.49069, -0.32813], [-5.83634, -0.31214, -1.34089], [-7.3046, 0.07094, -1.4969], [-8.10634, -0.2062, -0.22675], [-9.56952, 0.18297, -0.39051], [9.7762, -1.51658, -0.39811], [9.83171, -0.9398, -2.06413], [9.22976, -2.56022, -1.71155], [7.34111, -1.01853, -2.18126], [7.28001, -1.60264, -0.51969], [8.47002, 1.07972, -1.3659], [8.28328, 0.49911, 0.29421], [5.97145, 0.98816, -1.65005], [6.50071, 2.12089, -0.36785], [4.19553, -0.48267, 1.93888], [4.42606, -2.0571, 1.1614], [2.04909, -1.8009, 1.61269], [2.3156, -1.72601, -0.13455], [2.14768, 0.71612, -0.10534], [2.02817, 0.72676, 1.65573], [0.01769, -0.60465, -0.21319], [-0.09411, -0.52599, 1.54504], [-0.17315, 1.97286, 1.40771], [-0.06557, 1.86355, -0.34717], [-2.36675, 2.2142, 0.17832], [-2.21895, 0.53489, -0.33821], [-2.32347, -0.23974, 1.98713], [-2.2411, 1.42583, 2.57919], [-4.53951, 0.63124, 2.69098], [-4.4489, 1.87924, 1.42109], [-5.28846, -0.12824, -2.2704], [-5.7335, -1.36567, -1.05971], [-7.36765, 1.13271, -1.74293], [-7.71881, -0.49816, -2.33116], [-7.67104, 0.36014, 0.59939], [-8.03253, -1.26699, 0.02289], [-9.65888, 1.24254, -0.62066], [-10.12105, -0.01714, 0.52463], [-10.02645, -0.38349, -1.19892]]}"
PYGXAGIECVVIOZ-UHFFFAOYSA-N,CCCCOC(=O)CCCCCCCCC(=O)OCCCC,1,0.29441813927405747,"{""sym"": [""C"", ""C"", ""C"", ""C"", ""O"", ""C"", ""O"", ""C"", ""C"", ""C"", ""C"", ""C"", ""C"", ""C"", ""C"", ""C"", ""O"", ""O"", ""C"", ""C"", ""C"", ""C"", ""H"", ""H"", ""H"", ""H"", ""H"", ""H"", ""H"", ""H"", ""H"", ""H"", ""H"", ""H"", ""H"", ""H"", ""H"", ""H"", ""H"", ""H"", ""H"", ""H"", ""H"", ""H"", ""H"", ""H"", ""H"", ""H"", ""H"", ""H"", ""H"", ""H"", ""H"", ""H"", ""H"", ""H""], ""x"": [[-9.2007, 0.60257, 1.14611], [-7.82258, 0.54863, 0.49912], [-6.99588, 1.78774, 0.83738], [-5.62182, 1.76612, 0.17431], [-4.82401, 0.70683, 0.70322], [-4.53195, -0.32442, -0.09416], [-4.87035, -0.41193, -1.24532], [-3.69924, -1.35239, 0.63717], [-2.2817, -1.38966, 0.05581], [-1.52346, -0.09204, 0.32877], [-0.05663, -0.16025, -0.09705], [0.12125, -0.20535, -1.61356], [1.5874, -0.1759, -2.04582], [2.32786, -1.47183, -1.72181], [3.77513, -1.43708, -2.2234], [4.57834, -0.38307, -1.49641], [5.0509, 0.6005, -2.00237], [4.69305, -0.68414, -0.19789], [5.44463, 0.2136, 0.61687], [6.93778, -0.09647, 0.55158], [7.73969, 0.7927, 1.49727], [9.22871, 0.47708, 1.4277], [-9.774, -0.28697, 0.89738], [-9.75162, 1.47425, 0.79937], [-9.11276, 0.6617, 2.22894], [-7.29409, -0.34234, 0.84561], [-7.9271, 0.46959, -0.58522], [-6.86348, 1.85488, 1.9193], [-7.51926, 2.68442, 0.50023], [-5.08038, 2.69343, 0.38227], [-5.7156, 1.62746, -0.9077], [-3.67433, -1.10509, 1.6983], [-4.17208, -2.32613, 0.49866], [-2.35641, -1.56244, -1.01822], [-1.73977, -2.22668, 0.50124], [-1.5695, 0.12165, 1.39974], [-2.0144, 0.73244, -0.19277], [0.46298, 0.72057, 0.28811], [0.4004, -1.04026, 0.35887], [-0.34568, -1.1057, -2.0157], [-0.39097, 0.65602, -2.04826], [1.63319, -0.00992, -3.12464], [2.09437, 0.66355, -1.56496], [1.8107, -2.30968, -2.19456], [2.33757, -1.64193, -0.64496], [3.80484, -1.21323, -3.2901], [4.2466, -2.4047, -2.04333], [5.25817, 1.24081, 0.28535], [5.06099, 0.07587, 1.63057], [7.09133, -1.14665, 0.81106], [7.28078, 0.05432, -0.47401], [7.57588, 1.83923, 1.23263], [7.38326, 0.64779, 2.51974], [9.41118, -0.56282, 1.68971], [9.60719, 0.64771, 0.42264], [9.7856, 1.10759, 2.11641]]}"
PYGXAGIECVVIOZ-UHFFFAOYSA-N,CCCCOC(=O)CCCCCCCCC(=O)OCCCC,2,0.4688893253696733,"{""sym"": [""C"", ""C"", ""C"", ""C"", ""O"", ""C"", ""O"", ""C"", ""C"", ""C"", ""C"", ""C"", ""C"", ""C"", ""C"", ""C"", ""O"", ""O"", ""C"", ""C"", ""C"", ""C"", ""H"", ""H"", ""H"", ""H"", ""H"", ""H"", ""H"", ""H"", ""H"", ""H"", ""H"", ""H"", ""H"", ""H"", ""H"", ""H"", ""H"", ""H"", ""H"", ""H"", ""H"", ""H"", ""H"", ""H"", ""H"", ""H"", ""H"", ""H"", ""H"", ""H"", ""H"", ""H"", ""H"", ""H""], ""x"": [[7.38535, 2.39283, -0.48601], [8.29857, 1.42356, -1.22708], [8.06365, -0.04042, -0.85323], [6.70441, -0.58623, -1.29151], [5.62966, -0.07743, -0.50356], [5.38875, -0.67715, 0.66624], [5.99128, -1.63857, 1.06713], [4.26152, 0.01451, 1.39823], [2.92041, -0.19514, 0.68661], [2.46516, -1.65123, 0.75711], [1.175, -1.91813, -0.01919], [-0.04717, -1.2244, 0.58106], [-1.33475, -1.61592, -0.14085], [-2.55177, -0.90035, 0.43869], [-3.83624, -1.28814, -0.28629], [-5.04219, -0.5679, 0.27273], [-5.02324, 0.24462, 1.15818], [-6.15666, -0.96812, -0.35358], [-7.38503, -0.36364, 0.05155], [-7.61614, 0.96779, -0.65721], [-8.9611, 1.57672, -0.27207], [-9.19462, 2.90573, -0.97913], [7.51626, 2.29075, 0.58947], [6.3434, 2.20113, -0.72612], [7.62137, 3.41789, -0.76364], [9.33801, 1.67067, -0.99838], [8.15996, 1.544, -2.30422], [8.15452, -0.16945, 0.2272], [8.83059, -0.65512, -1.32855], [6.70697, -1.67862, -1.20944], [6.47486, -0.29172, -2.3181], [4.48956, 1.08089, 1.43461], [4.21698, -0.38269, 2.41249], [3.02011, 0.11059, -0.35657], [2.17678, 0.44759, 1.15921], [2.31899, -1.93055, 1.80287], [3.25646, -2.28859, 0.3559], [0.99409, -2.9959, -0.0306], [1.30227, -1.59511, -1.05531], [-0.13099, -1.49213, 1.63678], [0.0737, -0.14179, 0.51975], [-1.47783, -2.69641, -0.06385], [-1.24109, -1.36998, -1.20147], [-2.65374, -1.14245, 1.49784], [-2.41576, 0.18004, 0.36579], [-4.01944, -2.3619, -0.20821], [-3.76818, -1.04774, -1.34988], [-8.16196, -1.08528, -0.21066], [-7.36702, -0.21401, 1.13637], [-6.81068, 1.65279, -0.38475], [-7.57602, 0.80603, -1.73684], [-9.7614, 0.87979, -0.53123], [-8.98839, 1.72937, 0.80872], [-10.15222, 3.32999, -0.68784], [-9.19357, 2.77014, -2.05838], [-8.41143, 3.61477, -0.72168]]}"
PYGXAGIECVVIOZ-UHFFFAOYSA-N,CCCCOC(=O)CCCCCCCCC(=O)OCCCC,3,0.5998772916354937,"{""sym"": [""C"", ""C"", ""C"", ""C"", ""O"", ""C"", ""O"", ""C"", ""C"", ""C"", ""C"", ""C"", ""C"", ""C"", ""C"", ""C"", ""O"", ""O"", ""C"", ""C"", ""C"", ""C"", ""H"", ""H"", ""H"", ""H"", ""H"", ""H"", ""H"", ""H"", ""H"", ""H"", ""H"", ""H"", ""H"", ""H"", ""H"", ""H"", ""H"", ""H"", ""H"", ""H"", ""H"", ""H"", ""H"", ""H"", ""H"", ""H"", ""H"", ""H"", ""H"", ""H"", ""H"", ""H"", ""H"", ""H""], ""x"": [[-9.26768, 0.4269, 2.62258], [-8.75582, 0.45331, 1.18755], [-7.24928, 0.21835, 1.12818], [-6.7325, 0.24609, -0.30756], [-5.31284, 0.10699, -0.35227], [-4.81642, -1.13489, -0.35903], [-5.49093, -2.13078, -0.34472], [-3.30816, -1.1081, -0.43045], [-2.8711, -0.97016, -1.89468], [-1.35674, -1.07661, -2.07554], [-0.58864, 0.08411, -1.44726], [0.91335, -0.01309, -1.70969], [1.66721, 1.16598, -1.09673], [3.17538, 1.11492, -1.3343], [3.85449, -0.05503, -0.6229], [5.3486, 0.1539, -0.50807], [5.8902, 1.22297, -0.40095], [5.98887, -1.01827, -0.52887], [7.4053, -1.01644, -0.34276], [7.77706, -1.59955, 1.01907], [7.28167, -0.76482, 2.201], [7.95118, 0.60151, 2.29377], [-9.06044, -0.53687, 3.0816], [-8.78323, 1.19921, 3.21603], [-10.34144, 0.5962, 2.64842], [-8.98985, 1.41909, 0.73381], [-9.2632, -0.319, 0.60609], [-7.01123, -0.75288, 1.5664], [-6.73136, 0.98735, 1.70564], [-6.94514, 1.20758, -0.78032], [-7.18881, -0.56272, -0.88767], [-2.9445, -0.2636, 0.15273], [-2.92528, -2.04156, -0.01746], [-3.35176, -1.76127, -2.47469], [-3.21911, -0.00972, -2.2801], [-1.00761, -2.01875, -1.6473], [-1.14045, -1.1016, -3.14624], [-0.75402, 0.0946, -0.36877], [-0.96579, 1.02643, -1.85119], [1.09513, -0.03579, -2.78648], [1.28595, -0.94906, -1.29012], [1.27949, 2.09237, -1.52688], [1.47349, 1.19802, -0.02192], [3.37635, 1.05335, -2.40572], [3.62669, 2.03831, -0.96545], [3.47067, -0.13055, 0.39881], [3.67326, -1.00566, -1.12264], [7.77337, 0.0075, -0.44813], [7.81924, -1.63724, -1.14202], [8.86451, -1.68359, 1.0608], [7.35418, -2.60395, 1.08857], [6.20008, -0.6344, 2.12243], [7.47797, -1.32583, 3.11778], [7.64666, 1.24051, 1.46917], [9.03422, 0.49736, 2.27707], [7.66879, 1.0941, 3.22135]]}"
PYGXAGIECVVIOZ-UHFFFAOYSA-N,CCCCOC(=O)CCCCCCCCC(=O)OCCCC,4,0.7690443118626717,"{""sym"": [""C"", ""C"", ""C"", ""C"", ""O"", ""C"", ""O"", ""C"", ""C"", ""C"", ""C"", ""C"", ""C"", ""C"", ""C"", ""C"", ""O"", ""O"", ""C"", ""C"", ""C"", ""C"", ""H"", ""H"", ""H"", ""H"", ""H"", ""H"", ""H"", ""H"", ""H"", ""H"", ""H"", ""H"", ""H"", ""H"", ""H"", ""H"", ""H"", ""H"", ""H"", ""H"", ""H"", ""H"", ""H"", ""H"", ""H"", ""H"", ""H"", ""H"", ""H"", ""H"", ""H"", ""H"", ""H"", ""H""], ""x"": [[-8.88917, 0.18837, -0.12387], [-7.9594, -0.83724, -0.76046], [-6.55055, -0.27908, -0.93949], [-5.62106, -1.30299, -1.58467], [-4.31238, -0.76802, -1.7798], [-3.47269, -0.8194, -0.74079], [-3.74316, -1.31772, 0.32077], [-2.16124, -0.14865, -1.06654], [-2.21223, 1.30204, -0.57038], [-0.92111, 2.0713, -0.85276], [0.32894, 1.48653, -0.19323], [0.23414, 1.43113, 1.33066], [1.54749, 1.01264, 1.99176], [1.90814, -0.4475, 1.72451], [3.19856, -0.8481, 2.43977], [4.40247, -0.07301, 1.95045], [5.24297, 0.40142, 2.66934], [4.42363, 0.00438, 0.61678], [5.51459, 0.68291, -0.00362], [6.30144, -0.27403, -0.89342], [7.01171, -1.35969, -0.08774], [7.80791, -2.29562, -0.98788], [-8.95982, 1.07792, -0.74595], [-9.88728, -0.22502, -0.0013], [-8.5171, 0.48335, 0.85443], [-7.91463, -1.7283, -0.13111], [-8.35778, -1.13666, -1.73254], [-6.1401, -0.001, 0.03355], [-6.58055, 0.61619, -1.56485], [-5.54884, -2.19474, -0.95301], [-5.97275, -1.58053, -2.58074], [-1.36734, -0.69084, -0.55455], [-1.99724, -0.16926, -2.14345], [-3.03816, 1.81291, -1.07131], [-2.42143, 1.30563, 0.50004], [-0.76106, 2.10629, -1.93316], [-1.05584, 3.09852, -0.50555], [1.18285, 2.11067, -0.46942], [0.51515, 0.48902, -0.59129], [-0.04463, 2.42127, 1.69984], [-0.547, 0.73071, 1.6305], [1.4622, 1.16001, 3.07107], [2.35469, 1.65679, 1.63543], [1.09664, -1.08988, 2.07321], [2.0388, -0.61009, 0.6551], [3.40211, -1.90758, 2.26488], [3.11603, -0.68828, 3.51577], [5.08311, 1.49362, -0.59952], [6.15597, 1.10358, 0.77786], [5.61607, -0.73572, -1.60703], [7.03483, 0.30968, -1.45277], [6.27105, -1.93666, 0.46994], [7.68015, -0.89074, 0.6376], [8.31814, -3.05108, -0.39554], [7.15073, -2.79876, -1.69404], [8.55402, -1.73966, -1.55147]]}"
ZQPPMHVWECSIRJ-KTKRTIGZSA-N,C(CC/C=C\CCCCCCCC)CCCCC(=O)O,0,0.0,"{""sym"": [""C"", ""C"", ""C"", ""C"", ""C"", ""C"", ""C"", ""C"", ""C"", ""C"", ""C"", ""C"", ""C"", ""C"", ""C"", ""C"", ""C"", ""C"", ""O"", ""O"", ""H"", ""H"", ""H"", ""H"", ""H"", ""H"", ""H"", ""H"", ""H"", ""H"", ""H"", ""H"", ""H"", ""H"", ""H"", ""H"", ""H"", ""H"", ""H"", ""H"", ""H"", ""H"", ""H"", ""H"", ""H"", ""H"", ""H"", ""H"", ""H"", ""H"", ""H"", ""H"", ""H"", ""H""], ""x"": [[3.04477, -0.18455, -1.51267], [2.14409, -0.40249, -2.72538], [0.66361, -0.20159, -2.37862], [0.36332, 1.23051, -2.06133], [0.08336, 1.75439, -0.87738], [-0.00868, 1.04623, 0.43769], [-1.44798, 1.02126, 0.96525], [-2.35263, 0.14528, 0.10281], [-3.78405, 0.09181, 0.63156], [-4.66521, -0.82175, -0.21907], [-6.04104, -1.08633, 0.39291], [-6.93224, 0.1518, 0.45691], [-8.32396, -0.19014, 0.97542], [4.51911, -0.38958, -1.85101], [5.4516, -0.10103, -0.67462], [5.27748, -1.08748, 0.47869], [6.32891, -0.88193, 1.56624], [6.12561, 0.40295, 2.32713], [5.09535, 1.00834, 2.44145], [7.26268, 0.80684, 2.91507], [2.74865, -0.88181, -0.72746], [2.89734, 0.82777, -1.13213], [2.28821, -1.41762, -3.10391], [2.42569, 0.29195, -3.52061], [0.39835, -0.85076, -1.54465], [0.05819, -0.49923, -3.23975], [0.40738, 1.88819, -2.92165], [-0.12065, 2.81716, -0.81842], [0.36348, 0.02538, 0.35961], [0.62112, 1.57562, 1.15804], [-1.44619, 0.63921, 1.98898], [-1.84282, 2.03966, 0.99008], [-1.94495, -0.86851, 0.07453], [-2.35471, 0.52746, -0.92032], [-3.77265, -0.2768, 1.6606], [-4.19925, 1.1011, 0.64394], [-4.78709, -0.38444, -1.21302], [-4.15356, -1.77994, -0.34302], [-6.54709, -1.84935, -0.20457], [-5.91406, -1.48983, 1.4006], [-6.47984, 0.89763, 1.11233], [-7.01354, 0.58846, -0.54113], [-8.2628, -0.61809, 1.97388], [-8.94773, 0.69964, 1.02089], [-8.80767, -0.91486, 0.32366], [4.78607, 0.27205, -2.67885], [4.6742, -1.41722, -2.18986], [6.48524, -0.14771, -1.02812], [5.26806, 0.91073, -0.30924], [4.29174, -0.9568, 0.92464], [5.35536, -2.1083, 0.09951], [7.33897, -0.88391, 1.15415], [6.27076, -1.68912, 2.30177], [7.11167, 1.61976, 3.4226]]}"
ZQPPMHVWECSIRJ-KTKRTIGZSA-N,C(CC/C=C\CCCCCCCC)CCCCC(=O)O,1,1.1119430018297862,"{""sym"": [""C"", ""C"", ""C"", ""C"", ""C"", ""C"", ""C"", ""C"", ""C"", ""C"", ""C"", ""C"", ""C"", ""C"", ""C"", ""C"", ""C"", ""C"", ""O"", ""O"", ""H"", ""H"", ""H"", ""H"", ""H"", ""H"", ""H"", ""H"", ""H"", ""H"", ""H"", ""H"", ""H"", ""H"", ""H"", ""H"", ""H"", ""H"", ""H"", ""H"", ""H"", ""H"", ""H"", ""H"", ""H"", ""H"", ""H"", ""H"", ""H"", ""H"", ""H"", ""H"", ""H"", ""H""], ""x"": [[-2.74319, -0.5425, -0.0708], [-2.00782, -1.72423, 0.55543], [-0.49223, -1.49723, 0.59941], [-0.13327, -0.3785, 1.5271], [0.386, 0.79607, 1.2022], [0.74543, 1.25895, -0.17732], [2.22423, 1.00866, -0.50537], [3.16443, 1.80753, 0.3949], [4.61437, 1.79733, -0.08941], [5.27321, 0.42139, -0.02117], [6.74906, 0.49443, -0.40904], [7.43183, -0.87202, -0.47443], [7.55595, -1.54558, 0.88722], [-4.25319, -0.76353, -0.11988], [-4.97145, 0.41241, -0.77982], [-6.45257, 0.14967, -1.04367], [-7.2715, 0.00491, 0.2353], [-8.74496, -0.10416, -0.05398], [-9.26017, -0.08091, -1.13813], [-9.46014, -0.23423, 1.07526], [-2.52435, 0.36112, 0.50233], [-2.37179, -0.38697, -1.08674], [-2.21739, -2.62713, -0.023], [-2.37706, -1.88541, 1.57095], [-0.01184, -2.41208, 0.95846], [-0.12553, -1.30265, -0.40794], [-0.35287, -0.58193, 2.56847], [0.59893, 1.50526, 1.99199], [0.12991, 0.74789, -0.91881], [0.54221, 2.32993, -0.25711], [2.43015, -0.05807, -0.40285], [2.4024, 1.29032, -1.54658], [2.81997, 2.84466, 0.42663], [3.11865, 1.41122, 1.41123], [5.19193, 2.49143, 0.52666], [4.65212, 2.1643, -1.11833], [5.175, 0.03279, 0.99374], [4.76184, -0.26686, -0.69656], [6.82799, 0.97096, -1.38987], [7.28016, 1.12647, 0.30701], [6.87257, -1.52191, -1.15159], [8.43228, -0.74054, -0.89435], [6.57688, -1.77472, 1.2994], [8.11234, -2.47618, 0.79965], [8.08163, -0.89694, 1.58483], [-4.46469, -1.6753, -0.6839], [-4.62476, -0.90566, 0.89675], [-4.86242, 1.30105, -0.15401], [-4.48732, 0.6242, -1.73576], [-6.56346, -0.75615, -1.64235], [-6.86797, 0.97444, -1.62598], [-6.97943, -0.88356, 0.79757], [-7.12452, 0.86684, 0.89059], [-10.40559, -0.29928, 0.86773]]}"
ZQPPMHVWECSIRJ-KTKRTIGZSA-N,C(CC/C=C\CCCCCCCC)CCCCC(=O)O,2,1.3667724463157356,"{""sym"": [""C"", ""C"", ""C"", ""C"", ""C"", ""C"", ""C"", ""C"", ""C"", ""C"", ""C"", ""C"", ""C"", ""C"", ""C"", ""C"", ""C"", ""C"", ""O"", ""O"", ""H"", ""H"", ""H"", ""H"", ""H"", ""H"", ""H"", ""H"", ""H"", ""H"", ""H"", ""H"", ""H"", ""H"", ""H"", ""H"", ""H"", ""H"", ""H"", ""H"", ""H"", ""H"", ""H"", ""H"", ""H"", ""H"", ""H"", ""H"", ""H"", ""H"", ""H"", ""H"", ""H"", ""H""], ""x"": [[-3.49571, -0.77383, -0.02571], [-2.2603, -1.66039, -0.15883], [-1.32644, -1.52453, 1.04861], [-0.14063, -2.42587, 0.90455], [1.11818, -2.07569, 0.68838], [1.67217, -0.69406, 0.53902], [2.20579, -0.47977, -0.88163], [2.68227, 0.95052, -1.1376], [3.82614, 1.42076, -0.23783], [5.09437, 0.5824, -0.37809], [6.25219, 1.16638, 0.42766], [7.51833, 0.32022, 0.31513], [8.66539, 0.90928, 1.12693], [-4.43001, -0.92587, -1.22406], [-5.62638, 0.02488, -1.18683], [-6.61023, -0.29113, -0.06208], [-7.87332, 0.57371, -0.1562], [-7.5409, 2.02828, 0.04674], [-7.59665, 2.88796, -0.79038], [-7.15927, 2.28099, 1.30713], [-4.02354, -1.03837, 0.89228], [-3.18363, 0.27009, 0.05783], [-1.71236, -1.39013, -1.0646], [-2.5717, -2.70292, -0.25942], [-1.02044, -0.48338, 1.14834], [-1.8756, -1.80042, 1.95359], [-0.37937, -3.48078, 0.96861], [1.86058, -2.85827, 0.58694], [0.91496, 0.05966, 0.75295], [2.48808, -0.56817, 1.25478], [3.0176, -1.18255, -1.07606], [1.40466, -0.70683, -1.58968], [3.00231, 1.02489, -2.18009], [1.83684, 1.63073, -1.00571], [3.50279, 1.4169, 0.80466], [4.0595, 2.45646, -0.49854], [4.90497, -0.43555, -0.0332], [5.37765, 0.53024, -1.4322], [6.46458, 2.17909, 0.07582], [5.96036, 1.23702, 1.47868], [7.81411, 0.2507, -0.73442], [7.30859, -0.69292, 0.66668], [8.3961, 0.96727, 2.17952], [8.90195, 1.91254, 0.77891], [9.55807, 0.29494, 1.03462], [-3.86057, -0.73221, -2.1364], [-4.79002, -1.95655, -1.27306], [-5.2701, 1.05213, -1.08233], [-6.15497, -0.04123, -2.14061], [-6.14292, -0.12022, 0.90802], [-6.90169, -1.34201, -0.11923], [-8.57512, 0.27494, 0.62363], [-8.34206, 0.45973, -1.13376], [-6.94462, 3.22092, 1.41226]]}"
ZQPPMHVWECSIRJ-KTKRTIGZSA-N,C(CC/C=C\CCCCCCCC)CCCCC(=O)O,3,1.4988670275415643,"{""sym"": [""C"", ""C"", ""C"", ""C"", ""C"", ""C"", ""C"", ""C"", ""C"", ""C"", ""C"", ""C"", ""C"", ""C"", ""C"", ""C"", ""C"", ""C"", ""O"", ""O"", ""H"", ""H"", ""H"", ""H"", ""H"", ""H"", ""H"", ""H"", ""H"", ""H"", ""H"", ""H"", ""H"", ""H"", ""H"", ""H"", ""H"", ""H"", ""H"", ""H"", ""H"", ""H"", ""H"", ""H"", ""H"", ""H"", ""H"", ""H"", ""H"", ""H"", ""H"", ""H"", ""H"", ""H""], ""x"": [[-3.11341, -1.13642, -1.53847], [-2.3141, -1.73279, -0.38255], [-0.80349, -1.62317, -0.6211], [-0.04321, -2.22954, 0.51765], [0.62964, -1.58433, 1.45868], [0.80827, -0.09983, 1.56565], [2.13098, 0.36798, 0.94243], [3.3483, -0.17112, 1.69069], [4.66191, 0.47442, 1.24792], [5.03876, 0.14199, -0.19481], [6.45463, 0.58691, -0.56391], [6.62944, 2.10415, -0.58686], [8.00998, 2.50288, -1.09487], [-4.6234, -1.33149, -1.39966], [-5.23773, -0.52991, -0.25417], [-6.76021, -0.64896, -0.24938], [-7.39551, 0.11367, 0.90972], [-7.32287, 1.60818, 0.73006], [-7.0856, 2.19507, -0.28962], [-7.59068, 2.24954, 1.87888], [-2.78616, -1.60831, -2.46862], [-2.89567, -0.06873, -1.61644], [-2.58244, -2.78474, -0.25966], [-2.55787, -1.21562, 0.54691], [-0.55009, -2.15718, -1.5412], [-0.53413, -0.57615, -0.75877], [-0.09949, -3.3106, 0.56511], [1.12706, -2.161, 2.22804], [0.79686, 0.18343, 2.6211], [-0.01618, 0.41717, 1.07318], [2.15881, 1.46065, 0.95724], [2.16177, 0.0432, -0.09868], [3.41174, -1.25195, 1.54983], [3.21388, 0.01851, 2.75928], [4.582, 1.55654, 1.36844], [5.46067, 0.12449, 1.90724], [4.9657, -0.93985, -0.33398], [4.32982, 0.61297, -0.87805], [7.1662, 0.1529, 0.14295], [6.69543, 0.19415, -1.55518], [5.86585, 2.54415, -1.23256], [6.48959, 2.50636, 0.41773], [8.78621, 2.0806, -0.46008], [8.12046, 3.58501, -1.09818], [8.16385, 2.14009, -2.10913], [-5.0999, -1.02086, -2.33243], [-4.83921, -2.39324, -1.25515], [-4.96242, 0.52054, -0.36211], [-4.84698, -0.88824, 0.70017], [-7.04119, -1.70142, -0.17848], [-7.15425, -0.2526, -1.18655], [-6.92529, -0.14195, 1.86058], [-8.4569, -0.13538, 0.99334], [-7.56945, 3.20982, 1.74249]]}"
ZQPPMHVWECSIRJ-KTKRTIGZSA-N,C(CC/C=C\CCCCCCCC)CCCCC(=O)O,4,1.7837305728826323,"{""sym"": [""C"", ""C"", ""C"", ""C"", ""C"", ""C"", ""C"", ""C"", ""C"", ""C"", ""C"", ""C"", ""C"", ""C"", ""C"", ""C"", ""C"", ""C"", ""O"", ""O"", ""H"", ""H"", ""H"", ""H"", ""H"", ""H"", ""H"", ""H"", ""H"", ""H"", ""H"", ""H"", ""H"", ""H"", ""H"", ""H"", ""H"", ""H"", ""H"", ""H"", ""H"", ""H"", ""H"", ""H"", ""H"", ""H"", ""H"", ""H"", ""H"", ""H"", ""H"", ""H"", ""H"", ""H""], ""x"": [[-3.41242, 0.43411, -0.14169], [-2.5425, -0.59654, 0.57459], [-1.20485, 0.00213, 1.02504], [-0.37931, -1.02812, 1.73146], [0.68543, -1.65492, 1.25405], [1.31732, -1.43307, -0.08693], [2.46985, -0.42071, -0.0234], [3.64946, -0.93015, 0.80133], [4.81219, 0.06098, 0.86485], [5.52879, 0.2444, -0.47156], [6.76016, 1.1374, -0.3391], [7.45701, 1.35902, -1.67961], [8.68737, 2.24761, -1.54358], [-4.69535, -0.15543, -0.73054], [-5.69632, -0.58834, 0.33937], [-6.94715, -1.25592, -0.23426], [-7.80702, -0.31957, -1.0938], [-8.26813, 0.87055, -0.29459], [-7.91809, 2.00811, -0.45814], [-9.14397, 0.52193, 0.65888], [-3.67228, 1.23788, 0.55103], [-2.82993, 0.87641, -0.95417], [-3.06469, -0.98563, 1.4504], [-2.34644, -1.43632, -0.09703], [-1.40116, 0.83292, 1.70828], [-0.67536, 0.40045, 0.15983], [-0.73988, -1.28965, 2.71885], [1.17966, -2.38728, 1.87906], [0.57298, -1.07416, -0.79895], [1.70437, -2.38401, -0.46078], [2.10139, 0.51089, 0.41212], [2.79949, -0.21044, -1.04252], [4.00509, -1.87343, 0.37895], [3.30684, -1.12896, 1.81887], [4.44174, 1.02815, 1.21289], [5.53618, -0.29816, 1.60079], [4.84793, 0.68962, -1.19896], [5.83158, -0.73301, -0.85534], [7.46368, 0.68176, 0.36201], [6.46086, 2.10356, 0.07455], [6.7545, 1.81935, -2.37833], [7.7519, 0.39327, -2.0968], [9.16044, 2.39784, -2.51139], [9.4142, 1.79371, -0.87337], [8.41296, 3.2205, -1.14128], [-4.44158, -1.0131, -1.35907], [-5.15743, 0.60394, -1.36349], [-5.21845, -1.30153, 1.01332], [-5.98488, 0.28457, 0.92919], [-6.65106, -2.11089, -0.84568], [-7.56102, -1.62602, 0.58954], [-8.69002, -0.86296, -1.43385], [-7.24899, 0.03699, -1.95799], [-9.41509, 1.30029, 1.17007]]}"
QYDYPVFESGNLHU-KHPPLWFESA-N,C(CC/C=C\CCCCCCCC)CCCCC(=O)OC,0,0.0,"{""sym"": [""C"", ""C"", ""C"", ""C"", ""C"", ""C"", ""C"", ""C"", ""C"", ""C"", ""C"", ""C"", ""C"", ""C"", ""C"", ""C"", ""C"", ""C"", ""O"", ""O"", ""C"", ""H"", ""H"", ""H"", ""H"", ""H"", ""H"", ""H"", ""H"", ""H"", ""H"", ""H"", ""H"", ""H"", ""H"", ""H"", ""H"", ""H"", ""H"", ""H"", ""H"", ""H"", ""H"", ""H"", ""H"", ""H"", ""H"", ""H"", ""H"", ""H"", ""H"", ""H"", ""H"", ""H"", ""H"", ""H"", ""H""], ""x"": [[2.79074, -0.22091, -0.0678], [1.5681, 0.02181, 0.81361], [0.36422, 0.55349, 0.02385], [-0.1398, -0.44591, -0.97338], [-1.09652, -1.34027, -0.77424], [-1.9062, -1.53969, 0.46887], [-3.3789, -1.17628, 0.24089], [-3.55023, 0.31271, -0.04966], [-4.98801, 0.70478, -0.38952], [-5.94635, 0.55494, 0.7918], [-7.29707, 1.23179, 0.55748], [-8.11302, 0.58447, -0.55922], [-9.49027, 1.22357, -0.68987], [4.00932, -0.64328, 0.75001], [5.23951, -0.85602, -0.12952], [6.46577, -1.25281, 0.68905], [7.70546, -1.46299, -0.18986], [8.13324, -0.16459, -0.83112], [7.9636, 0.14068, -1.98156], [8.73509, 0.63382, 0.06164], [9.16752, 1.89934, -0.41626], [3.02901, 0.69412, -0.6157], [2.56168, -0.99763, -0.79959], [1.82656, 0.74523, 1.59141], [1.28625, -0.91183, 1.3054], [-0.42711, 0.81739, 0.72654], [0.66052, 1.46459, -0.50112], [0.35834, -0.42417, -1.93402], [-1.36646, -2.00435, -1.58657], [-1.51115, -0.94617, 1.29294], [-1.84665, -2.59356, 0.75631], [-3.95132, -1.4483, 1.12928], [-3.76731, -1.75524, -0.60048], [-3.21654, 0.88957, 0.81682], [-2.90422, 0.57668, -0.89063], [-5.33355, 0.09527, -1.22632], [-4.99376, 1.74857, -0.71387], [-5.4835, 1.00151, 1.67586], [-6.1121, -0.5035, 1.0015], [-7.87596, 1.18706, 1.48381], [-7.13625, 2.28673, 0.32119], [-8.22635, -0.48181, -0.34927], [-7.58203, 0.684, -1.50721], [-10.05726, 0.75368, -1.49029], [-10.05093, 1.11669, 0.23655], [-9.39792, 2.28463, -0.91232], [3.78277, -1.56764, 1.28741], [4.22706, 0.12606, 1.49531], [5.02716, -1.63609, -0.8639], [5.45308, 0.0615, -0.68161], [6.25762, -2.18069, 1.22604], [6.68228, -0.47915, 1.42862], [8.52827, -1.82951, 0.42503], [7.48772, -2.18235, -0.97943], [8.32246, 2.46466, -0.81451], [9.9077, 1.77157, -1.20881], [9.60571, 2.41385, 0.43518]]}"
QYDYPVFESGNLHU-KHPPLWFESA-N,C(CC/C=C\CCCCCCCC)CCCCC(=O)OC,1,0.19307506318000378,"{""sym"": [""C"", ""C"", ""C"", ""C"", ""C"", ""C"", ""C"", ""C"", ""C"", ""C"", ""C"", ""C"", ""C"", ""C"", ""C"", ""C"", ""C"", ""C"", ""O"", ""O"", ""C"", ""H"", ""H"", ""H"", ""H"", ""H"", ""H"", ""H"", ""H"", ""H"", ""H"", ""H"", ""H"", ""H"", ""H"", ""H"", ""H"", ""H"", ""H"", ""H"", ""H"", ""H"", ""H"", ""H"", ""H"", ""H"", ""H"", ""H"", ""H"", ""H"", ""H"", ""H"", ""H"", ""H"", ""H"", ""H"", ""H""], ""x"": [[3.09278, -1.478, -1.0049], [1.81263, -1.81848, -0.24613], [0.55481, -1.66008, -1.11163], [0.33314, -0.23929, -1.53519], [-0.4471, 0.64644, -0.93441], [-1.30486, 0.4157, 0.27067], [-2.78107, 0.32491, -0.13236], [-3.68922, 0.12066, 1.07733], [-5.15147, -0.11938, 0.70085], [-5.83384, 1.09943, 0.08309], [-7.32023, 0.84647, -0.1583], [-8.02317, 2.05337, -0.77465], [-9.50904, 1.79283, -0.98947], [4.34421, -1.76942, -0.17924], [5.61632, -1.43054, -0.95453], [6.89873, -1.90583, -0.27143], [7.18571, -1.18913, 1.04764], [7.49378, 0.27454, 0.83519], [8.06446, 0.74299, -0.11313], [7.07038, 1.00683, 1.87642], [7.3498, 2.39902, 1.82353], [3.12898, -2.06367, -1.92713], [3.08356, -0.42202, -1.28122], [1.72716, -1.17361, 0.63149], [1.87018, -2.85324, 0.10261], [-0.30607, -2.02631, -0.55106], [0.66221, -2.28296, -2.00307], [0.88945, 0.06927, -2.41073], [-0.52733, 1.64142, -1.35497], [-1.17749, 1.25056, 0.96507], [-1.01252, -0.4971, 0.78969], [-2.90629, -0.50995, -0.82595], [-3.06115, 1.23887, -0.65839], [-3.62218, 0.99209, 1.73333], [-3.33015, -0.7442, 1.64167], [-5.69983, -0.40531, 1.60221], [-5.20957, -0.95755, 0.00214], [-5.3571, 1.35032, -0.86608], [-5.7172, 1.95597, 0.75173], [-7.43547, -0.01425, -0.8217], [-7.80195, 0.59707, 0.79047], [-7.89816, 2.91784, -0.11844], [-7.55468, 2.29487, -1.73157], [-9.99806, 1.57216, -0.04294], [-9.65503, 0.94419, -1.65431], [-9.99201, 2.66155, -1.43088], [4.3009, -1.19029, 0.74509], [4.35812, -2.82871, 0.09111], [5.55982, -1.90487, -1.93732], [5.67267, -0.35221, -1.115], [7.73886, -1.72497, -0.94433], [6.83462, -2.97995, -0.08538], [8.07117, -1.63094, 1.51322], [6.35878, -1.27817, 1.75052], [7.0983, 2.79884, 2.80235], [8.40484, 2.56525, 1.59774], [6.74586, 2.877, 1.04976]]}"
QYDYPVFESGNLHU-KHPPLWFESA-N,C(CC/C=C\CCCCCCCC)CCCCC(=O)OC,2,0.44553694350179285,"{""sym"": [""C"", ""C"", ""C"", ""C"", ""C"", ""C"", ""C"", ""C"", ""C"", ""C"", ""C"", ""C"", ""C"", ""C"", ""C"", ""C"", ""C"", ""C"", ""O"", ""O"", ""C"", ""H"", ""H"", ""H"", ""H"", ""H"", ""H"", ""H"", ""H"", ""H"", ""H"", ""H"", ""H"", ""H"", ""H"", ""H"", ""H"", ""H"", ""H"", ""H"", ""H"", ""H"", ""H"", ""H"", ""H"", ""H"", ""H"", ""H"", ""H"", ""H"", ""H"", ""H"", ""H"", ""H"", ""H"", ""H"", ""H""], ""x"": [[3.18957, -0.26801, -0.53841], [2.24646, -1.44399, -0.29622], [0.84868, -0.96446, 0.11291], [-0.03657, -2.12412, 0.45036], [-1.00386, -2.62758, -0.3014], [-1.4397, -2.12007, -1.64318], [-2.58972, -1.1088, -1.5332], [-3.84593, -1.71709, -0.9132], [-5.07608, -0.81784, -1.03904], [-4.95712, 0.49033, -0.26019], [-6.25067, 1.30044, -0.31184], [-6.14267, 2.60881, 0.46805], [-7.43286, 3.41749, 0.40425], [4.53632, -0.6749, -1.13844], [5.38424, -1.59698, -0.26125], [5.83271, -0.99777, 1.07194], [6.83298, 0.15309, 0.92027], [6.21489, 1.45897, 0.48189], [6.62267, 2.15232, -0.41339], [5.16894, 1.79508, 1.24975], [4.52129, 3.0155, 0.9228], [2.70814, 0.42775, -1.2317], [3.34556, 0.26418, 0.40092], [2.64412, -2.08521, 0.49237], [2.16449, -2.04455, -1.20545], [0.41961, -0.36799, -0.69217], [0.94085, -0.32136, 0.99258], [0.18571, -2.59451, 1.40048], [-1.56431, -3.47487, 0.07171], [-1.76899, -2.96526, -2.25265], [-0.60235, -1.64524, -2.15676], [-2.82762, -0.73972, -2.53417], [-2.25514, -0.2626, -0.93113], [-4.05966, -2.66629, -1.4119], [-3.66134, -1.92969, 0.1416], [-5.25254, -0.59379, -2.09401], [-5.94663, -1.36662, -0.67032], [-4.71072, 0.26795, 0.78091], [-4.14562, 1.09258, -0.67232], [-7.0683, 0.70317, 0.09934], [-6.49675, 1.52137, -1.35355], [-5.32146, 3.20409, 0.06137], [-5.90509, 2.38696, 1.51132], [-7.33489, 4.34107, 0.97038], [-7.67452, 3.67072, -0.62599], [-8.26188, 2.84751, 0.81865], [4.35308, -1.18665, -2.08706], [5.10763, 0.2269, -1.36554], [6.27297, -1.88323, -0.82946], [4.82352, -2.51113, -0.05754], [4.97138, -0.65163, 1.64231], [6.31738, -1.78778, 1.65036], [7.30223, 0.34366, 1.88906], [7.61427, -0.10581, 0.20415], [3.75448, 3.16708, 1.67833], [4.07129, 2.94916, -0.06998], [5.23756, 3.83936, 0.92914]]}"
QYDYPVFESGNLHU-KHPPLWFESA-N,C(CC/C=C\CCCCCCCC)CCCCC(=O)OC,3,0.8973085011311923,"{""sym"": [""C"", ""C"", ""C"", ""C"", ""C"", ""C"", ""C"", ""C"", ""C"", ""C"", ""C"", ""C"", ""C"", ""C"", ""C"", ""C"", ""C"", ""C"", ""O"", ""O"", ""C"", ""H"", ""H"", ""H"", ""H"", ""H"", ""H"", ""H"", ""H"", ""H"", ""H"", ""H"", ""H"", ""H"", ""H"", ""H"", ""H"", ""H"", ""H"", ""H"", ""H"", ""H"", ""H"", ""H"", ""H"", ""H"", ""H"", ""H"", ""H"", ""H"", ""H"", ""H"", ""H"", ""H"", ""H"", ""H"", ""H""], ""x"": [[2.90918, 1.26201, 1.68595], [2.23718, 0.00603, 2.24286], [0.73776, -0.07442, 1.93669], [-0.00985, 1.07385, 2.53702], [-0.80521, 1.93727, 1.92388], [-1.16471, 1.98516, 0.47195], [-2.65783, 1.71821, 0.24871], [-3.03248, 0.28257, 0.6088], [-4.52322, -0.01831, 0.4455], [-4.96992, -0.04755, -1.01537], [-6.45961, -0.34614, -1.19019], [-6.84027, -1.78856, -0.86263], [-8.30276, -2.0672, -1.18901], [2.82402, 1.4246, 0.16621], [3.33835, 0.23347, -0.64393], [4.81148, -0.07399, -0.38817], [5.30801, -1.21176, -1.28989], [6.75348, -1.49759, -0.9682], [7.14359, -2.25689, -0.12139], [7.57107, -0.75461, -1.7263], [8.96233, -0.8921, -1.47462], [2.44257, 2.13817, 2.14312], [3.95829, 1.25585, 1.98944], [2.73016, -0.88482, 1.84995], [2.37526, 0.00098, 3.32735], [0.57986, -0.12882, 0.86118], [0.35162, -1.00142, 2.37366], [0.14252, 1.18176, 3.60481], [-1.28339, 2.70792, 2.51718], [-0.5875, 1.26013, -0.10186], [-0.9273, 2.98293, 0.08986], [-3.24429, 2.40979, 0.85833], [-2.89319, 1.91213, -0.79914], [-2.45756, -0.40671, -0.01459], [-2.74523, 0.1026, 1.64749], [-5.1039, 0.73342, 0.9855], [-4.72984, -0.98822, 0.90174], [-4.76176, 0.92177, -1.47217], [-4.38818, -0.7995, -1.55419], [-7.0402, 0.3329, -0.56122], [-6.73409, -0.14605, -2.22938], [-6.20613, -2.4669, -1.43849], [-6.66602, -1.98832, 0.19585], [-8.4961, -1.89816, -2.24645], [-8.56005, -3.09757, -0.95403], [-8.95393, -1.4113, -0.61494], [1.78641, 1.61357, -0.11267], [3.3975, 2.3128, -0.11148], [2.74051, -0.65176, -0.42159], [3.20441, 0.45839, -1.70538], [4.95704, -0.3673, 0.65228], [5.40904, 0.82081, -0.57648], [4.72281, -2.11229, -1.10059], [5.21922, -0.92462, -2.3375], [9.17296, -0.73843, -0.41446], [9.30008, -1.89089, -1.7579], [9.45786, -0.13688, -2.07909]]}"
QYDYPVFESGNLHU-KHPPLWFESA-N,C(CC/C=C\CCCCCCCC)CCCCC(=O)OC,4,1.2538996128860163,"{""sym"": [""C"", ""C"", ""C"", ""C"", ""C"", ""C"", ""C"", ""C"", ""C"", ""C"", ""C"", ""C"", ""C"", ""C"", ""C"", ""C"", ""C"", ""C"", ""O"", ""O"", ""C"", ""H"", ""H"", ""H"", ""H"", ""H"", ""H"", ""H"", ""H"", ""H"", ""H"", ""H"", ""H"", ""H"", ""H"", ""H"", ""H"", ""H"", ""H"", ""H"", ""H"", ""H"", ""H"", ""H"", ""H"", ""H"", ""H"", ""H"", ""H"", ""H"", ""H"", ""H"", ""H"", ""H"", ""H"", ""H"", ""H""], ""x"": [[2.86937, 0.30528, -0.65442], [1.81956, 1.17944, -1.33531], [0.59379, 0.37987, -1.79953], [-0.14615, -0.22838, -0.64642], [-1.2123, 0.27751, -0.04483], [-1.92441, 1.54212, -0.41795], [-3.15314, 1.27354, -1.30033], [-4.21743, 0.38473, -0.65481], [-4.85032, 1.00935, 0.58671], [-5.94139, 0.13814, 1.21034], [-7.21742, 0.06424, 0.37521], [-8.3149, -0.72425, 1.08606], [-9.59032, -0.79889, 0.25564], [4.12296, 1.1016, -0.2988], [5.16062, 0.28382, 0.47045], [5.77547, -0.83818, -0.36414], [6.89601, -1.55368, 0.38729], [8.14818, -0.71263, 0.4794], [8.45763, 0.17811, -0.26521], [8.9123, -1.11388, 1.5067], [10.15065, -0.43697, 1.67094], [2.44901, -0.12303, 0.2574], [3.13049, -0.51533, -1.32479], [2.27019, 1.66738, -2.20326], [1.49482, 1.96067, -0.64451], [0.92454, -0.41681, -2.4705], [-0.06359, 1.04059, -2.36545], [0.26749, -1.158, -0.27687], [-1.64637, -0.26387, 0.78626], [-2.23682, 2.05883, 0.49138], [-1.25306, 2.20975, -0.95921], [-3.60466, 2.23208, -1.56992], [-2.81513, 0.79373, -2.22231], [-4.99419, 0.19851, -1.39928], [-3.77604, -0.57841, -0.39189], [-4.07601, 1.17248, 1.33858], [-5.27178, 1.98329, 0.32549], [-5.55128, -0.87068, 1.36564], [-6.19445, 0.547, 2.19211], [-7.00635, -0.40985, -0.58482], [-7.57522, 1.07721, 0.17487], [-7.95562, -1.73543, 1.29181], [-8.53495, -0.2506, 2.04588], [-9.39893, -1.29421, -0.69399], [-9.97005, 0.19972, 0.04947], [-10.36032, -1.35598, 0.78452], [4.57986, 1.4897, -1.21167], [3.83045, 1.95837, 0.31335], [4.69574, -0.14153, 1.36379], [5.9613, 0.9522, 0.79414], [5.00879, -1.56652, -0.62945], [6.18696, -0.41786, -1.28337], [6.58768, -1.83153, 1.39591], [7.17573, -2.47049, -0.13922], [9.97987, 0.6198, 1.88564], [10.65274, -0.91972, 2.50508], [10.75042, -0.51787, 0.76221]]}"
OYHQOLUKZRVURQ-HZJYTTRNSA-N,C(C/C=C\C/C=C\CCCCC)CCCCCC(=O)O,0,0.0,"{""sym"": [""C"", ""C"", ""C"", ""C"", ""C"", ""C"", ""C"", ""C"", ""C"", ""C"", ""C"", ""C"", ""C"", ""C"", ""C"", ""C"", ""C"", ""C"", ""O"", ""O"", ""H"", ""H"", ""H"", ""H"", ""H"", ""H"", ""H"", ""H"", ""H"", ""H"", ""H"", ""H"", ""H"", ""H"", ""H"", ""H"", ""H"", ""H"", ""H"", ""H"", ""H"", ""H"", ""H"", ""H"", ""H"", ""H"", ""H"", ""H"", ""H"", ""H"", ""H"", ""H""], ""x"": [[3.27535, 3.09226, 0.9116], [1.8832, 3.50135, 0.40746], [1.49617, 2.80909, -0.86355], [0.40641, 2.09732, -1.11041], [-0.72113, 1.78001, -0.1723], [-2.00131, 2.34417, -0.717], [-2.98499, 1.66627, -1.2884], [-3.05499, 0.18279, -1.47927], [-3.95914, -0.45319, -0.41705], [-4.19302, -1.94631, -0.64264], [-2.91079, -2.77223, -0.56158], [-3.19935, -4.26851, -0.57428], [3.27699, 1.84397, 1.79741], [2.7031, 0.58374, 1.14902], [3.56028, 0.04476, 0.00639], [2.83038, -0.99754, -0.8393], [2.41585, -2.23817, -0.04383], [1.13132, -2.03531, 0.71489], [0.15852, -1.45568, 0.3118], [1.16245, -2.62452, 1.91866], [3.93912, 2.94699, 0.05739], [3.68895, 3.91238, 1.50443], [1.14867, 3.32961, 1.19394], [1.89755, 4.57704, 0.20108], [2.21486, 2.94193, -1.66478], [0.27183, 1.67935, -2.10076], [-0.53889, 2.20823, 0.81493], [-0.79177, 0.696, -0.06781], [-2.07634, 3.42255, -0.64341], [-3.85876, 2.20863, -1.62938], [-3.4673, -0.03074, -2.46913], [-2.06178, -0.25784, -1.41983], [-3.50479, -0.30205, 0.56469], [-4.92405, 0.06118, -0.41726], [-4.66116, -2.09889, -1.61854], [-4.89271, -2.30635, 0.11701], [-2.37333, -2.51016, 0.35171], [-2.26069, -2.52788, -1.40243], [-2.27298, -4.83777, -0.53235], [-3.7316, -4.54616, -1.48196], [-3.81338, -4.54984, 0.27931], [4.30492, 1.64728, 2.11534], [2.69385, 2.0613, 2.69635], [2.61347, -0.18377, 1.92189], [1.70423, 0.79633, 0.77377], [4.4808, -0.3851, 0.41008], [3.84049, 0.86705, -0.65232], [3.48242, -1.30562, -1.65898], [1.93483, -0.54573, -1.26996], [3.19496, -2.54673, 0.65318], [2.22813, -3.06521, -0.73433], [0.31513, -2.51029, 2.37762]]}"
OYHQOLUKZRVURQ-HZJYTTRNSA-N,C(C/C=C\C/C=C\CCCCC)CCCCCC(=O)O,1,0.6676540873304475,"{""sym"": [""C"", ""C"", ""C"", ""C"", ""C"", ""C"", ""C"", ""C"", ""C"", ""C"", ""C"", ""C"", ""C"", ""C"", ""C"", ""C"", ""C"", ""C"", ""O"", ""O"", ""H"", ""H"", ""H"", ""H"", ""H"", ""H"", ""H"", ""H"", ""H"", ""H"", ""H"", ""H"", ""H"", ""H"", ""H"", ""H"", ""H"", ""H"", ""H"", ""H"", ""H"", ""H"", ""H"", ""H"", ""H"", ""H"", ""H"", ""H"", ""H"", ""H"", ""H"", ""H""], ""x"": [[1.61634, 2.34289, 1.75768], [0.55232, 3.38602, 1.39593], [0.85918, 4.03478, 0.08345], [0.13861, 3.98957, -1.02672], [-1.1598, 3.25712, -1.2241], [-0.87891, 1.87386, -1.73701], [-1.30288, 0.72133, -1.24108], [-2.21183, 0.51232, -0.06978], [-3.60006, 0.01511, -0.49598], [-3.57814, -1.39823, -1.07194], [-4.98433, -1.91897, -1.35774], [-4.95688, -3.3342, -1.92124], [1.59009, 1.16025, 0.79407], [2.65148, 0.11318, 1.1212], [2.55153, -1.08767, 0.18253], [3.69788, -2.08567, 0.33993], [3.69753, -2.77757, 1.71052], [4.82077, -3.77731, 1.75523], [5.95402, -3.54619, 2.08007], [4.42604, -4.99274, 1.34953], [1.43788, 1.98739, 2.77543], [2.60404, 2.80951, 1.73606], [-0.42335, 2.90258, 1.37463], [0.53646, 4.15572, 2.17372], [1.79204, 4.58628, 0.07376], [0.51518, 4.49123, -1.90935], [-1.75432, 3.79173, -1.97128], [-1.73423, 3.22434, -0.30055], [-0.22949, 1.85716, -2.60421], [-0.98503, -0.19159, -1.72853], [-2.33336, 1.43891, 0.49194], [-1.76753, -0.2305, 0.59992], [-4.25752, 0.02951, 0.37725], [-4.01471, 0.70449, -1.23471], [-3.00061, -1.41011, -1.99789], [-3.08621, -2.06882, -0.36263], [-5.56935, -1.90745, -0.43498], [-5.47763, -1.25284, -2.06921], [-5.96472, -3.68594, -2.12849], [-4.38516, -3.36414, -2.84624], [-4.49446, -4.01813, -1.21262], [0.6035, 0.69468, 0.82796], [1.73912, 1.52656, -0.22375], [3.64363, 0.56108, 1.03111], [2.52355, -0.21015, 2.15607], [2.55425, -0.72371, -0.84762], [1.6002, -1.59848, 0.34717], [3.61131, -2.8498, -0.43591], [4.65143, -1.57222, 0.20275], [2.75023, -3.29421, 1.86251], [3.85825, -2.04288, 2.49794], [5.17365, -5.61104, 1.35521]]}"
OYHQOLUKZRVURQ-HZJYTTRNSA-N,C(C/C=C\C/C=C\CCCCC)CCCCCC(=O)O,2,0.8845325636139023,"{""sym"": [""C"", ""C"", ""C"", ""C"", ""C"", ""C"", ""C"", ""C"", ""C"", ""C"", ""C"", ""C"", ""C"", ""C"", ""C"", ""C"", ""C"", ""C"", ""O"", ""O"", ""H"", ""H"", ""H"", ""H"", ""H"", ""H"", ""H"", ""H"", ""H"", ""H"", ""H"", ""H"", ""H"", ""H"", ""H"", ""H"", ""H"", ""H"", ""H"", ""H"", ""H"", ""H"", ""H"", ""H"", ""H"", ""H"", ""H"", ""H"", ""H"", ""H"", ""H"", ""H""], ""x"": [[1.29266, -1.60212, 0.68724], [-0.07234, -0.94691, 0.93051], [0.06367, 0.33517, 1.69093], [-0.14737, 1.56533, 1.24875], [-0.60691, 1.97013, -0.12219], [-2.00712, 2.5054, -0.03609], [-3.10146, 1.98357, -0.56912], [-3.199, 0.73912, -1.39673], [-3.70961, -0.45661, -0.57916], [-5.17444, -0.31726, -0.1726], [-5.69046, -1.56423, 0.54233], [-7.16231, -1.4351, 0.91624], [2.16858, -0.77349, -0.24921], [3.53733, -1.41807, -0.45463], [4.40448, -0.69385, -1.48583], [4.76863, 0.74931, -1.13145], [5.5881, 0.86665, 0.15467], [6.93883, 0.21227, 0.01848], [7.64751, 0.2483, -0.9505], [7.29647, -0.42576, 1.14345], [1.13988, -2.59478, 0.25679], [1.8059, -1.73002, 1.64358], [-0.5719, -0.78845, -0.02453], [-0.68744, -1.63389, 1.51944], [0.39505, 0.20554, 2.71469], [-0.01213, 2.39474, 1.93247], [0.05005, 2.76769, -0.48531], [-0.54383, 1.13538, -0.81487], [-2.09607, 3.40861, 0.55556], [-4.04531, 2.48423, -0.39476], [-2.22579, 0.48538, -1.81868], [-3.88527, 0.91721, -2.22886], [-3.09262, -0.56304, 0.31555], [-3.59321, -1.3648, -1.17691], [-5.78119, -0.14057, -1.06462], [-5.29051, 0.54451, 0.48712], [-5.5576, -2.4338, -0.10618], [-5.09937, -1.73246, 1.44555], [-7.77069, -1.29579, 0.02494], [-7.31644, -0.58053, 1.57178], [-7.50847, -2.32888, 1.43059], [1.66985, -0.67443, -1.21645], [2.28316, 0.22691, 0.17098], [3.39195, -2.44579, -0.79789], [4.05976, -1.47287, 0.50197], [3.87717, -0.68492, -2.44263], [5.32771, -1.26021, -1.62701], [3.86351, 1.3494, -1.03238], [5.36027, 1.1633, -1.95034], [5.77035, 1.92286, 0.37068], [5.07077, 0.43287, 1.00895], [8.17722, -0.82121, 1.0457]]}"
OYHQOLUKZRVURQ-HZJYTTRNSA-N,C(C/C=C\C/C=C\CCCCC)CCCCCC(=O)O,3,1.0877887228925829,"{""sym"": [""C"", ""C"", ""C"", ""C"", ""C"", ""C"", ""C"", ""C"", ""C"", ""C"", ""C"", ""C"", ""C"", ""C"", ""C"", ""C"", ""C"", ""C"", ""O"", ""O"", ""H"", ""H"", ""H"", ""H"", ""H"", ""H"", ""H"", ""H"", ""H"", ""H"", ""H"", ""H"", ""H"", ""H"", ""H"", ""H"", ""H"", ""H"", ""H"", ""H"", ""H"", ""H"", ""H"", ""H"", ""H"", ""H"", ""H"", ""H"", ""H"", ""H"", ""H"", ""H""], ""x"": [[-2.78607, -1.92786, -0.05052], [-1.48585, -2.13529, 0.73498], [-1.05569, -0.86893, 1.40596], [0.03679, -0.157, 1.17512], [1.13694, -0.46113, 0.19766], [2.35102, -0.92312, 0.9517], [3.43846, -0.21185, 1.20777], [3.70235, 1.19451, 0.75796], [4.39522, 1.24544, -0.61163], [5.73789, 0.51671, -0.65782], [6.80521, 1.14644, 0.23446], [8.15843, 0.4719, 0.04601], [-2.57415, -0.98197, -1.23012], [-3.81879, -0.78963, -2.0987], [-5.05434, -0.29011, -1.34867], [-4.83125, 1.04488, -0.64181], [-6.09957, 1.51828, 0.06478], [-6.42739, 0.65799, 1.25841], [-5.6457, 0.0128, 1.90304], [-7.73447, 0.7033, 1.55629], [-3.14535, -2.89276, -0.41692], [-3.53863, -1.51848, 0.62463], [-0.71068, -2.51355, 0.06814], [-1.66052, -2.89019, 1.50704], [-1.75815, -0.51073, 2.14902], [0.21116, 0.73742, 1.7611], [1.36122, 0.43849, -0.37706], [0.82988, -1.2414, -0.49932], [2.27181, -1.92911, 1.34441], [4.23597, -0.6731, 1.77622], [2.76573, 1.7507, 0.69026], [4.32823, 1.69546, 1.49812], [4.54481, 2.292, -0.8904], [3.73158, 0.79463, -1.3535], [6.0971, 0.52601, -1.69043], [5.59267, -0.52699, -0.37192], [6.89344, 2.20942, -0.00354], [6.50941, 1.06257, 1.28153], [8.09006, -0.58736, 0.28468], [8.90663, 0.92273, 0.69406], [8.49454, 0.56873, -0.98445], [-1.7791, -1.38211, -1.86587], [-2.23025, -0.01704, -0.85414], [-3.57722, -0.07905, -2.89392], [-4.06916, -1.74185, -2.57382], [-5.3616, -1.03567, -0.61453], [-5.87166, -0.18077, -2.06747], [-4.51741, 1.79641, -1.36827], [-4.04472, 0.9375, 0.10497], [-5.9657, 2.53641, 0.4408], [-6.95948, 1.52269, -0.60644], [-7.92365, 0.16364, 2.34032]]}"
OYHQOLUKZRVURQ-HZJYTTRNSA-N,C(C/C=C\C/C=C\CCCCC)CCCCCC(=O)O,4,1.3281892077575321,"{""sym"": [""C"", ""C"", ""C"", ""C"", ""C"", ""C"", ""C"", ""C"", ""C"", ""C"", ""C"", ""C"", ""C"", ""C"", ""C"", ""C"", ""C"", ""C"", ""O"", ""O"", ""H"", ""H"", ""H"", ""H"", ""H"", ""H"", ""H"", ""H"", ""H"", ""H"", ""H"", ""H"", ""H"", ""H"", ""H"", ""H"", ""H"", ""H"", ""H"", ""H"", ""H"", ""H"", ""H"", ""H"", ""H"", ""H"", ""H"", ""H"", ""H"", ""H"", ""H"", ""H""], ""x"": [[-1.7886, -0.46967, -1.54701], [-1.06811, 0.86067, -1.28304], [0.03756, 0.71683, -0.28092], [1.3095, 0.45957, -0.5448], [1.9274, 0.25202, -1.89718], [2.59002, -1.09343, -1.94666], [3.88254, -1.35366, -2.07167], [5.00794, -0.37709, -2.20997], [6.05249, -0.57102, -1.10433], [5.49605, -0.3241, 0.29831], [5.20047, 1.14751, 0.58029], [4.72238, 1.36103, 2.01111], [-2.42589, -1.09122, -0.30392], [-3.52292, -0.22131, 0.30715], [-4.23814, -0.93071, 1.45545], [-5.21951, -0.02661, 2.20006], [-6.40257, 0.40331, 1.33769], [-7.42973, 1.17093, 2.12677], [-7.38681, 1.41972, 3.30032], [-8.44985, 1.56644, 1.34733], [-1.06791, -1.17903, -1.9602], [-2.56285, -0.30411, -2.30078], [-0.67342, 1.23059, -2.23099], [-1.78744, 1.59673, -0.92056], [-0.26085, 0.83106, 0.75321], [2.01218, 0.37534, 0.2748], [1.16696, 0.29799, -2.67839], [2.65339, 1.04685, -2.08106], [1.89828, -1.92136, -1.84566], [4.2006, -2.38992, -2.07736], [5.49468, -0.54233, -3.1767], [4.64541, 0.64936, -2.19597], [6.89227, 0.10497, -1.28351], [6.43246, -1.5945, -1.15843], [4.58306, -0.91021, 0.42777], [6.22514, -0.67926, 1.03141], [6.10587, 1.73565, 0.40981], [4.43338, 1.50958, -0.10547], [5.47465, 1.02306, 2.72074], [3.80611, 0.80387, 2.19514], [4.52404, 2.41431, 2.19605], [-2.85849, -2.0552, -0.58521], [-1.65242, -1.28394, 0.44196], [-3.08873, 0.70427, 0.68823], [-4.24099, 0.03736, -0.4737], [-4.76815, -1.80575, 1.07163], [-3.48898, -1.28625, 2.16647], [-5.60346, -0.55334, 3.07552], [-4.7001, 0.86297, 2.56084], [-6.08289, 1.0389, 0.51033], [-6.90209, -0.46662, 0.90455], [-9.10394, 2.05587, 1.87054]]}"
IPCSVZSSVZVIGE-UHFFFAOYSA-N,CCCCCCCCCCCCCCCC(=O)O,0,0.0,"{""sym"": [""C"", ""C"", ""C"", ""C"", ""C"", ""C"", ""C"", ""C"", ""C"", ""C"", ""C"", ""C"", ""C"", ""C"", ""C"", ""C"", ""O"", ""O"", ""H"", ""H"", ""H"", ""H"", ""H"", ""H"", ""H"", ""H"", ""H"", ""H"", ""H"", ""H"", ""H"", ""H"", ""H"", ""H"", ""H"", ""H"", ""H"", ""H"", ""H"", ""H"", ""H"", ""H"", ""H"", ""H"", ""H"", ""H"", ""H"", ""H"", ""H"", ""H""], ""x"": [[7.57096, -0.19476, -1.70328], [6.38903, -0.47325, -0.78228], [6.3081, 0.54722, 0.35121], [5.21773, 0.23621, 1.3767], [3.80331, 0.38383, 0.8202], [2.74794, 0.16496, 1.90236], [1.31791, 0.40672, 1.41663], [0.83033, -0.65444, 0.43226], [-0.59941, -0.41047, -0.05274], [-1.64798, -0.59365, 1.04341], [-3.07853, -0.61193, 0.50336], [-3.50427, 0.72733, -0.09587], [-4.99669, 0.7951, -0.42002], [-5.40908, -0.15215, -1.54518], [-6.87116, 0.05951, -1.95972], [-7.8053, -0.28159, -0.82847], [-8.47682, 0.49754, -0.20788], [-7.81432, -1.59721, -0.56916], [7.48625, 0.79754, -2.14152], [7.61059, -0.92444, -2.50907], [8.50645, -0.24406, -1.14977], [6.48901, -1.4749, -0.35756], [5.46842, -0.44912, -1.36758], [7.2725, 0.57301, 0.86483], [6.134, 1.54039, -0.06965], [5.35416, -0.78137, 1.75078], [5.33285, 0.91607, 2.22506], [3.65415, -0.33648, 0.01603], [3.68512, 1.38622, 0.4012], [2.82977, -0.85457, 2.2871], [2.95355, 0.84638, 2.73208], [1.25995, 1.3903, 0.94407], [0.65723, 0.41677, 2.2854], [1.48962, -0.66622, -0.43773], [0.88825, -1.63766, 0.90576], [-0.81632, -1.11362, -0.861], [-0.66596, 0.59872, -0.46291], [-1.45672, -1.54001, 1.55564], [-1.55736, 0.20627, 1.78022], [-3.75749, -0.85943, 1.32327], [-3.16377, -1.39827, -0.24901], [-2.93421, 0.92227, -1.00571], [-3.26967, 1.51959, 0.6189], [-5.57402, 0.56586, 0.47843], [-5.24521, 1.81764, -0.71455], [-4.77357, 0.02076, -2.41646], [-5.2821, -1.1887, -1.23107], [-7.10518, -0.59482, -2.80103], [-7.03961, 1.09823, -2.24509], [-8.41244, -1.79027, 0.16943]]}"
IPCSVZSSVZVIGE-UHFFFAOYSA-N,CCCCCCCCCCCCCCCC(=O)O,1,0.10388063384743873,"{""sym"": [""C"", ""C"", ""C"", ""C"", ""C"", ""C"", ""C"", ""C"", ""C"", ""C"", ""C"", ""C"", ""C"", ""C"", ""C"", ""C"", ""O"", ""O"", ""H"", ""H"", ""H"", ""H"", ""H"", ""H"", ""H"", ""H"", ""H"", ""H"", ""H"", ""H"", ""H"", ""H"", ""H"", ""H"", ""H"", ""H"", ""H"", ""H"", ""H"", ""H"", ""H"", ""H"", ""H"", ""H"", ""H"", ""H"", ""H"", ""H"", ""H"", ""H""], ""x"": [[5.86273, 2.2584, 0.59933], [5.28257, 1.1914, 1.5201], [5.83754, -0.20728, 1.24729], [5.56461, -0.74668, -0.15875], [4.08854, -0.78903, -0.5562], [3.24329, -1.67695, 0.35488], [1.8271, -1.90154, -0.1765], [0.98202, -0.62943, -0.20325], [-0.46013, -0.91288, -0.61704], [-1.30516, 0.35798, -0.65708], [-2.7489, 0.07715, -1.06739], [-3.58848, 1.35252, -1.08502], [-5.00606, 1.14589, -1.62233], [-5.8539, 0.14616, -0.83673], [-6.05486, 0.55119, 0.62029], [-7.01123, -0.36812, 1.33173], [-7.52915, -1.34896, 0.87235], [-7.23502, 0.0361, 2.59312], [6.94983, 2.24643, 0.64119], [5.5575, 2.09467, -0.43091], [5.51847, 3.2454, 0.90111], [5.51654, 1.45273, 2.5555], [4.1955, 1.18276, 1.42605], [5.42044, -0.89761, 1.98317], [6.92022, -0.18908, 1.39834], [6.10314, -0.13704, -0.88706], [5.97518, -1.75815, -0.21839], [4.02195, -1.17185, -1.5782], [3.6862, 0.22388, -0.56099], [3.73684, -2.64723, 0.45541], [3.17973, -1.23272, 1.34981], [1.32871, -2.63889, 0.45831], [1.88121, -2.31938, -1.18467], [1.41542, 0.08695, -0.9031], [0.98869, -0.17131, 0.78897], [-0.46639, -1.38179, -1.60383], [-0.90539, -1.62111, 0.08587], [-0.85974, 1.0649, -1.3612], [-1.2956, 0.8276, 0.32978], [-3.17937, -0.64257, -0.36924], [-2.76086, -0.37651, -2.06103], [-3.09113, 2.0896, -1.7207], [-3.62908, 1.77411, -0.0789], [-5.51704, 2.11215, -1.63018], [-4.94182, 0.80004, -2.65646], [-6.83346, 0.0656, -1.31256], [-5.40019, -0.84411, -0.87366], [-5.11245, 0.52808, 1.17097], [-6.44826, 1.56775, 0.69198], [-7.85029, -0.56921, 3.03582]]}"
IPCSVZSSVZVIGE-UHFFFAOYSA-N,CCCCCCCCCCCCCCCC(=O)O,2,0.2732018012102344,"{""sym"": [""C"", ""C"", ""C"", ""C"", ""C"", ""C"", ""C"", ""C"", ""C"", ""C"", ""C"", ""C"", ""C"", ""C"", ""C"", ""C"", ""O"", ""O"", ""H"", ""H"", ""H"", ""H"", ""H"", ""H"", ""H"", ""H"", ""H"", ""H"", ""H"", ""H"", ""H"", ""H"", ""H"", ""H"", ""H"", ""H"", ""H"", ""H"", ""H"", ""H"", ""H"", ""H"", ""H"", ""H"", ""H"", ""H"", ""H"", ""H"", ""H"", ""H""], ""x"": [[-7.4296, -0.21029, 0.69809], [-6.69783, -0.96448, -0.40597], [-5.31203, -1.45232, 0.01698], [-4.32046, -0.32028, 0.27891], [-2.92096, -0.86405, 0.55743], [-1.91565, 0.21297, 0.96689], [-1.66638, 1.29676, -0.08405], [-1.19317, 0.78094, -1.4447], [0.08028, -0.06467, -1.40912], [1.29769, 0.68762, -0.87756], [2.56864, -0.15132, -0.98798], [3.79159, 0.57856, -0.4377], [5.04845, -0.28414, -0.53142], [6.32869, 0.45662, -0.14485], [6.36779, 0.88184, 1.32151], [6.41843, -0.29128, 2.26471], [6.78074, -1.40508, 2.00156], [6.02045, 0.05852, 3.49867], [-8.44212, 0.03203, 0.38307], [-7.48677, -0.81784, 1.59891], [-6.91977, 0.71851, 0.93995], [-6.60132, -0.32056, -1.28346], [-7.29641, -1.83111, -0.69779], [-4.91081, -2.09122, -0.77439], [-5.40645, -2.06529, 0.91676], [-4.64905, 0.26921, 1.13666], [-4.29624, 0.33681, -0.59235], [-2.98593, -1.59424, 1.36895], [-2.55711, -1.39352, -0.32491], [-0.96914, -0.27225, 1.21331], [-2.27478, 0.70017, 1.87757], [-2.58581, 1.86581, -0.23694], [-0.92468, 1.99286, 0.31334], [-1.02207, 1.64432, -2.09333], [-1.9892, 0.18879, -1.9001], [0.29441, -0.39985, -2.42772], [-0.08373, -0.95723, -0.80306], [1.42565, 1.61443, -1.44238], [1.13972, 0.95472, 0.16887], [2.43236, -1.08632, -0.43892], [2.74289, -0.40793, -2.03574], [3.94381, 1.5035, -1.00034], [3.599, 0.84821, 0.60253], [4.93826, -1.16565, 0.10237], [5.15534, -0.63308, -1.56123], [6.43568, 1.34505, -0.77039], [7.18007, -0.19926, -0.33382], [7.26982, 1.47062, 1.5104], [5.51379, 1.50328, 1.58872], [6.08391, -0.6989, 4.10159]]}"
IPCSVZSSVZVIGE-UHFFFAOYSA-N,CCCCCCCCCCCCCCCC(=O)O,3,0.37797766130097443,"{""sym"": [""C"", ""C"", ""C"", ""C"", ""C"", ""C"", ""C"", ""C"", ""C"", ""C"", ""C"", ""C"", ""C"", ""C"", ""C"", ""C"", ""O"", ""O"", ""H"", ""H"", ""H"", ""H"", ""H"", ""H"", ""H"", ""H"", ""H"", ""H"", ""H"", ""H"", ""H"", ""H"", ""H"", ""H"", ""H"", ""H"", ""H"", ""H"", ""H"", ""H"", ""H"", ""H"", ""H"", ""H"", ""H"", ""H"", ""H"", ""H"", ""H"", ""H""], ""x"": [[4.43895, 3.72342, -0.15788], [4.23506, 2.26724, 0.24252], [4.44364, 1.32432, -0.94066], [4.36463, -0.15507, -0.56285], [2.97296, -0.59309, -0.11104], [2.90925, -2.1003, 0.12992], [1.57272, -2.56258, 0.71173], [0.40749, -2.38011, -0.25859], [-0.89252, -3.02101, 0.22885], [-1.42809, -2.46585, 1.55097], [-1.64436, -0.95244, 1.57656], [-2.65581, -0.45995, 0.54373], [-2.9181, 1.03588, 0.70459], [-3.82328, 1.61767, -0.37938], [-5.24839, 1.05131, -0.32019], [-6.12869, 1.79892, -1.28457], [-6.96493, 2.60943, -0.98995], [-5.86141, 1.47739, -2.55887], [4.28029, 4.38178, 0.69328], [5.44943, 3.88051, -0.52916], [3.74035, 4.00399, -0.94339], [4.93835, 2.00785, 1.03718], [3.22543, 2.14609, 0.63808], [3.69789, 1.5408, -1.70951], [5.42799, 1.52112, -1.37326], [5.08526, -0.36328, 0.2317], [4.65275, -0.75238, -1.43188], [2.24898, -0.3106, -0.87727], [2.70542, -0.07675, 0.81262], [3.70713, -2.37652, 0.82422], [3.09609, -2.62535, -0.81007], [1.3791, -2.00916, 1.63237], [1.6508, -3.62159, 0.97123], [0.67464, -2.83735, -1.21504], [0.24112, -1.31849, -0.44015], [-0.73076, -4.0948, 0.35469], [-1.65241, -2.89834, -0.54576], [-2.37901, -2.96049, 1.76586], [-0.73829, -2.72981, 2.35489], [-0.6929, -0.44082, 1.42286], [-2.00164, -0.6772, 2.57257], [-2.28082, -0.64822, -0.46356], [-3.58656, -1.01644, 0.66682], [-1.96256, 1.56509, 0.67251], [-3.36391, 1.22309, 1.68397], [-3.87295, 2.7017, -0.25246], [-3.4002, 1.41308, -1.36452], [-5.65578, 1.16758, 0.68418], [-5.24087, -0.00206, -0.59866], [-6.42146, 1.99176, -3.16112]]}"
IPCSVZSSVZVIGE-UHFFFAOYSA-N,CCCCCCCCCCCCCCCC(=O)O,4,0.5657792903657537,"{""sym"": [""C"", ""C"", ""C"", ""C"", ""C"", ""C"", ""C"", ""C"", ""C"", ""C"", ""C"", ""C"", ""C"", ""C"", ""C"", ""C"", ""O"", ""O"", ""H"", ""H"", ""H"", ""H"", ""H"", ""H"", ""H"", ""H"", ""H"", ""H"", ""H"", ""H"", ""H"", ""H"", ""H"", ""H"", ""H"", ""H"", ""H"", ""H"", ""H"", ""H"", ""H"", ""H"", ""H"", ""H"", ""H"", ""H"", ""H"", ""H"", ""H"", ""H""], ""x"": [[-7.81073, 0.89584, 1.56889], [-6.78622, 0.14419, 0.72759], [-6.32204, 0.97362, -0.46906], [-5.27696, 0.26039, -1.33854], [-3.83395, 0.69361, -1.071], [-3.33643, 0.34466, 0.32946], [-1.86872, 0.71172, 0.55521], [-0.89377, -0.16353, -0.22899], [0.55871, 0.15477, 0.11666], [1.53739, -0.70593, -0.67824], [2.9901, -0.39254, -0.32821], [3.96473, -1.26362, -1.1174], [5.43016, -0.89625, -0.88467], [5.90232, -1.1982, 0.53628], [7.39791, -0.94548, 0.70592], [7.74135, 0.52183, 0.69656], [6.97445, 1.43663, 0.82145], [9.06274, 0.7114, 0.55077], [-8.13414, 0.28932, 2.4118], [-7.38443, 1.81947, 1.95516], [-8.68461, 1.14705, 0.97126], [-5.932, -0.12078, 1.35165], [-7.23057, -0.78599, 0.36515], [-5.91363, 1.92286, -0.11573], [-7.19927, 1.20746, -1.07715], [-5.4913, 0.46057, -2.39113], [-5.35998, -0.81882, -1.19201], [-3.19427, 0.20742, -1.81014], [-3.75064, 1.773, -1.22183], [-3.46891, -0.726, 0.50403], [-3.93851, 0.88211, 1.06393], [-1.71245, 1.75894, 0.28555], [-1.64475, 0.61045, 1.62037], [-1.04123, -0.01666, -1.30032], [-1.09472, -1.21455, -0.00671], [0.72056, -0.00735, 1.18519], [0.75655, 1.20926, -0.08962], [1.33603, -1.76087, -0.47513], [1.37724, -0.54051, -1.74663], [3.19517, 0.65888, -0.54063], [3.13626, -0.54916, 0.74152], [3.80821, -2.31283, -0.85409], [3.74447, -1.15674, -2.18248], [6.04746, -1.46072, -1.58904], [5.57204, 0.16597, -1.09032], [5.68862, -2.2419, 0.77486], [5.36568, -0.56528, 1.24275], [7.74475, -1.33944, 1.66504], [7.97865, -1.43672, -0.07664], [9.27269, 1.65845, 0.57062]]}"
FLIACVVOZYBSBS-UHFFFAOYSA-N,C(CCCCCCCCCCCCC)CC(=O)OC,0,0.0,"{""sym"": [""C"", ""C"", ""C"", ""C"", ""C"", ""C"", ""C"", ""C"", ""C"", ""C"", ""C"", ""C"", ""C"", ""C"", ""C"", ""C"", ""O"", ""O"", ""C"", ""H"", ""H"", ""H"", ""H"", ""H"", ""H"", ""H"", ""H"", ""H"", ""H"", ""H"", ""H"", ""H"", ""H"", ""H"", ""H"", ""H"", ""H"", ""H"", ""H"", ""H"", ""H"", ""H"", ""H"", ""H"", ""H"", ""H"", ""H"", ""H"", ""H"", ""H"", ""H"", ""H"", ""H""], ""x"": [[5.65528, 0.27057, -0.01738], [4.54616, -0.22263, 0.90712], [3.17023, 0.26259, 0.45829], [2.05962, -0.22954, 1.38314], [0.68343, 0.25531, 0.93386], [-0.42202, -0.24514, 1.86087], [-1.80396, 0.31083, 1.51693], [-2.33421, -0.16616, 0.16646], [-3.7617, 0.31605, -0.08301], [-4.29314, -0.161, -1.433], [-5.67561, 0.39474, -1.77652], [-6.78332, -0.10489, -0.85128], [-8.15925, 0.38074, -1.30228], [-9.268, -0.11104, -0.37969], [7.02551, -0.21898, 0.43897], [8.13031, 0.26369, -0.46934], [7.99331, 0.95166, -1.44449], [9.32136, -0.18327, -0.04148], [10.45011, 0.20239, -0.81315], [5.47341, -0.07905, -1.03518], [5.65831, 1.36166, -0.04476], [4.55309, -1.31521, 0.93025], [4.73868, 0.12964, 1.92357], [3.16336, 1.35464, 0.43449], [2.97769, -0.08966, -0.55759], [2.25375, 0.12214, 2.39948], [2.06634, -1.32209, 1.40654], [0.67352, 1.34771, 0.91664], [0.50057, -0.0951, -0.0832], [-0.1758, 0.04491, 2.88578], [-0.45334, -1.33684, 1.82717], [-1.76473, 1.40275, 1.52296], [-2.50577, 0.0028, 2.29646], [-2.31211, -1.25828, 0.1355], [-1.69038, 0.20229, -0.634], [-4.40517, -0.05174, 0.71809], [-3.78309, 1.40816, -0.05244], [-4.33142, -1.25301, -1.43941], [-3.59199, 0.14773, -2.21295], [-5.64372, 1.4865, -1.74285], [-5.9208, 0.10514, -2.80187], [-6.77422, -1.19748, -0.83419], [-6.60163, 0.24546, 0.16622], [-8.35097, 0.02901, -2.31886], [-8.16422, 1.47313, -1.32528], [-10.23728, 0.24665, -0.71987], [-9.10694, 0.24691, 0.63507], [-9.29179, -1.19859, -0.35821], [7.06136, -1.31045, 0.46002], [7.24618, 0.12991, 1.45021], [11.31502, -0.24218, -0.32792], [10.35167, -0.16402, -1.83685], [10.5383, 1.29031, -0.83704]]}"
FLIACVVOZYBSBS-UHFFFAOYSA-N,C(CCCCCCCCCCCCC)CC(=O)OC,1,0.5507616264294484,"{""sym"": [""C"", ""C"", ""C"", ""C"", ""C"", ""C"", ""C"", ""C"", ""C"", ""C"", ""C"", ""C"", ""C"", ""C"", ""C"", ""C"", ""O"", ""O"", ""C"", ""H"", ""H"", ""H"", ""H"", ""H"", ""H"", ""H"", ""H"", ""H"", ""H"", ""H"", ""H"", ""H"", ""H"", ""H"", ""H"", ""H"", ""H"", ""H"", ""H"", ""H"", ""H"", ""H"", ""H"", ""H"", ""H"", ""H"", ""H"", ""H"", ""H"", ""H"", ""H"", ""H"", ""H""], ""x"": [[-5.5051, -1.24573, -0.19759], [-4.89349, -0.53793, 1.00989], [-3.43062, -0.91493, 1.24814], [-2.48972, -0.37307, 0.17395], [-1.02632, -0.7586, 0.4002], [-0.38836, -0.03957, 1.58729], [1.07451, -0.42599, 1.80934], [2.01159, 0.0843, 0.71703], [3.47356, -0.2109, 1.04258], [4.41467, 0.28347, -0.05286], [5.87709, -0.00876, 0.27254], [6.81854, 0.48673, -0.82196], [8.28122, 0.19459, -0.49755], [9.21538, 0.69143, -1.59359], [-7.00154, -0.97256, -0.32414], [-7.29, 0.4456, -0.75851], [-6.51039, 1.20202, -1.27166], [-8.57324, 0.76, -0.52195], [-8.98833, 2.05415, -0.93715], [-5.34665, -2.32203, -0.10472], [-5.0179, -0.90213, -1.10992], [-5.47063, -0.80127, 1.90065], [-4.96889, 0.54156, 0.8685], [-3.34012, -2.00349, 1.29215], [-3.13025, -0.51939, 2.21989], [-2.5752, 0.71504, 0.13691], [-2.79835, -0.76037, -0.79819], [-0.46618, -0.51563, -0.50449], [-0.95697, -1.83864, 0.55305], [-0.45549, 1.03981, 1.43185], [-0.94642, -0.27871, 2.49436], [1.15437, -1.5138, 1.87556], [1.40232, -0.01409, 2.76743], [1.76057, -0.38365, -0.23636], [1.87836, 1.16292, 0.60315], [3.73812, 0.26828, 1.98855], [3.60432, -1.28818, 1.17207], [4.15219, -0.19732, -0.99851], [4.28222, 1.36032, -0.18349], [6.13935, 0.47094, 1.21881], [6.00943, -1.08572, 0.40265], [6.68609, 1.56362, -0.95171], [6.55621, 0.00697, -1.76804], [8.54292, 0.67487, 0.44818], [8.41312, -0.88221, -0.36836], [10.25094, 0.47374, -1.34272], [9.11163, 1.76644, -1.72431], [8.98211, 0.20946, -2.54058], [-7.44118, -1.62651, -1.08208], [-7.52514, -1.16152, 0.61411], [-8.81203, 2.18349, -2.00694], [-8.43251, 2.8229, -0.39667], [-10.04981, 2.12004, -0.71282]]}"
FLIACVVOZYBSBS-UHFFFAOYSA-N,C(CCCCCCCCCCCCC)CC(=O)OC,2,0.7769430651096627,"{""sym"": [""C"", ""C"", ""C"", ""C"", ""C"", ""C"", ""C"", ""C"", ""C"", ""C"", ""C"", ""C"", ""C"", ""C"", ""C"", ""C"", ""O"", ""O"", ""C"", ""H"", ""H"", ""H"", ""H"", ""H"", ""H"", ""H"", ""H"", ""H"", ""H"", ""H"", ""H"", ""H"", ""H"", ""H"", ""H"", ""H"", ""H"", ""H"", ""H"", ""H"", ""H"", ""H"", ""H"", ""H"", ""H"", ""H"", ""H"", ""H"", ""H"", ""H"", ""H"", ""H"", ""H""], ""x"": [[4.17206, -0.44829, -0.00301], [4.25984, -1.18839, -1.33552], [2.95222, -1.14878, -2.12669], [2.583, 0.25563, -2.6006], [1.41275, 0.26839, -3.58578], [0.10882, -0.316, -3.03948], [-0.41887, 0.41267, -1.80554], [-1.78336, -0.12112, -1.37509], [-2.31167, 0.58764, -0.13008], [-3.67451, 0.0516, 0.3026], [-4.20101, 0.77355, 1.54127], [-5.50795, 0.18914, 2.07789], [-6.69356, 0.37796, 1.13385], [-7.99398, -0.10882, 1.76199], [5.45016, -0.61368, 0.81296], [5.38333, 0.12127, 2.1305], [4.4523, 0.76463, 2.53364], [6.52513, -0.03635, 2.81848], [6.59207, 0.60754, 4.08349], [3.32858, -0.82859, 0.57596], [4.00016, 0.61475, -0.17232], [4.51938, -2.23272, -1.14153], [5.06184, -0.75554, -1.93882], [3.05294, -1.799, -2.99953], [2.15275, -1.55058, -1.50242], [3.45103, 0.69698, -3.09769], [2.34022, 0.884, -1.7439], [1.69715, -0.29563, -4.47829], [1.23233, 1.30125, -3.89448], [-0.64561, -0.25973, -3.82876], [0.25002, -1.37211, -2.80309], [-0.50045, 1.48041, -2.02281], [0.28183, 0.2942, -0.97761], [-1.70279, -1.1922, -1.17298], [-2.49689, 0.00584, -2.19317], [-2.39456, 1.65816, -0.33265], [-1.59738, 0.46196, 0.68726], [-3.5907, -1.01665, 0.51719], [-4.3798, 0.17143, -0.52165], [-3.44452, 0.71409, 2.32803], [-4.34886, 1.83072, 1.30756], [-5.74068, 0.67433, 3.02944], [-5.37233, -0.87671, 2.27716], [-6.78709, 1.43693, 0.88169], [-6.51891, -0.17176, 0.20758], [-8.20959, 0.44455, 2.67382], [-8.82541, 0.02616, 1.07379], [-7.92349, -1.16546, 2.01203], [6.31308, -0.23508, 0.26083], [5.64183, -1.66765, 1.02682], [6.4713, 1.68651, 3.96755], [5.80521, 0.23403, 4.74191], [7.57264, 0.37451, 4.48993]]}"
FLIACVVOZYBSBS-UHFFFAOYSA-N,C(CCCCCCCCCCCCC)CC(=O)OC,3,0.9394333362070029,"{""sym"": [""C"", ""C"", ""C"", ""C"", ""C"", ""C"", ""C"", ""C"", ""C"", ""C"", ""C"", ""C"", ""C"", ""C"", ""C"", ""C"", ""O"", ""O"", ""C"", ""H"", ""H"", ""H"", ""H"", ""H"", ""H"", ""H"", ""H"", ""H"", ""H"", ""H"", ""H"", ""H"", ""H"", ""H"", ""H"", ""H"", ""H"", ""H"", ""H"", ""H"", ""H"", ""H"", ""H"", ""H"", ""H"", ""H"", ""H"", ""H"", ""H"", ""H"", ""H"", ""H"", ""H""], ""x"": [[4.55795, -0.63432, -1.05787], [4.54207, 0.49226, -0.02621], [3.26822, 0.51094, 0.8193], [2.0135, 0.85567, 0.01975], [0.78197, 0.98111, 0.91326], [-0.47612, 1.28694, 0.10496], [-1.71455, 1.40677, 0.98871], [-2.96928, 1.68426, 0.16499], [-4.21472, 1.92716, 1.01766], [-4.62312, 0.75592, 1.91464], [-4.85184, -0.57022, 1.18811], [-5.9681, -0.50935, 0.14848], [-6.24578, -1.87779, -0.46974], [-7.34212, -1.81056, -1.52601], [5.88946, -0.70517, -1.80227], [6.99451, -1.27892, -0.9452], [6.84985, -1.9027, 0.07134], [8.19474, -1.02668, -1.49031], [9.32027, -1.56078, -0.80681], [3.75646, -0.48483, -1.78195], [4.39245, -1.586, -0.54984], [4.65189, 1.45325, -0.53569], [5.39911, 0.36459, 0.6381], [3.13989, -0.46489, 1.29204], [3.38881, 1.24933, 1.6159], [1.82639, 0.08189, -0.72671], [2.17008, 1.79895, -0.50928], [0.94281, 1.775, 1.6464], [0.63917, 0.04853, 1.46413], [-0.33286, 2.21938, -0.44652], [-0.6341, 0.49218, -0.62844], [-1.83769, 0.47962, 1.55075], [-1.56901, 2.21566, 1.70858], [-2.79685, 2.57357, -0.44739], [-3.14388, 0.8518, -0.51855], [-5.04594, 2.1801, 0.35629], [-4.03531, 2.79465, 1.65846], [-3.85645, 0.606, 2.67747], [-5.54479, 1.03448, 2.43235], [-5.10916, -1.3261, 1.93526], [-3.92708, -0.89448, 0.70785], [-5.69541, 0.18683, -0.64656], [-6.88019, -0.13574, 0.62042], [-5.32862, -2.26077, -0.9238], [-6.54108, -2.57699, 0.31623], [-8.26917, -1.44441, -1.08996], [-7.05497, -1.13792, -2.33164], [-7.52842, -2.79413, -1.95136], [5.8003, -1.35806, -2.67482], [6.20002, 0.27824, -2.15873], [9.21851, -2.64219, -0.69583], [10.18811, -1.319, -1.41458], [9.41007, -1.11252, 0.18465]]}"
FLIACVVOZYBSBS-UHFFFAOYSA-N,C(CCCCCCCCCCCCC)CC(=O)OC,4,1.0427825155420578,"{""sym"": [""C"", ""C"", ""C"", ""C"", ""C"", ""C"", ""C"", ""C"", ""C"", ""C"", ""C"", ""C"", ""C"", ""C"", ""C"", ""C"", ""O"", ""O"", ""C"", ""H"", ""H"", ""H"", ""H"", ""H"", ""H"", ""H"", ""H"", ""H"", ""H"", ""H"", ""H"", ""H"", ""H"", ""H"", ""H"", ""H"", ""H"", ""H"", ""H"", ""H"", ""H"", ""H"", ""H"", ""H"", ""H"", ""H"", ""H"", ""H"", ""H"", ""H"", ""H"", ""H"", ""H""], ""x"": [[5.45638, 0.49414, 0.03842], [4.1281, 0.81353, -0.64324], [3.04944, 1.1965, 0.36726], [1.72879, 1.55566, -0.30958], [0.65702, 1.95667, 0.70161], [-0.66887, 2.28817, 0.02099], [-1.73448, 2.80739, 0.98698], [-2.12907, 1.831, 2.09762], [-2.61447, 0.46373, 1.61461], [-3.86211, 0.53378, 0.73737], [-4.37587, -0.85795, 0.37525], [-5.6209, -0.79448, -0.50674], [-6.09259, -2.16733, -0.98713], [-6.61085, -3.05207, 0.1407], [6.55722, 0.15471, -0.97393], [6.24206, -1.13244, -1.69724], [5.87666, -1.22477, -2.83894], [6.4126, -2.19016, -0.89168], [6.12207, -3.46067, -1.45579], [5.32951, -0.34812, 0.72154], [5.77702, 1.35747, 0.62578], [3.79556, -0.05145, -1.22096], [4.27387, 1.63774, -1.34513], [3.39411, 2.04988, 0.95672], [2.88762, 0.36421, 1.05668], [1.37606, 0.69945, -0.88925], [1.89379, 2.37925, -1.00835], [0.51474, 1.13775, 1.40882], [1.00058, 2.82759, 1.2653], [-1.04009, 1.40317, -0.49831], [-0.49156, 3.05652, -0.7363], [-2.62356, 3.07597, 0.41321], [-1.36554, 3.72273, 1.45728], [-2.92178, 2.2952, 2.69016], [-1.27556, 1.6818, 2.762], [-2.83829, -0.14661, 2.4938], [-1.8161, -0.04048, 1.06747], [-4.64553, 1.08172, 1.26675], [-3.63778, 1.07851, -0.18132], [-4.6019, -1.40259, 1.29357], [-3.59021, -1.40544, -0.15173], [-6.42964, -0.30812, 0.04418], [-5.40004, -0.1759, -1.38064], [-6.89248, -2.02416, -1.71777], [-5.26853, -2.67314, -1.49598], [-5.81597, -3.30117, 0.83877], [-7.01136, -3.98016, -0.26111], [-7.40376, -2.54521, 0.68674], [6.64552, 0.95029, -1.71399], [7.50641, 0.03244, -0.45092], [6.26616, -4.18902, -0.66191], [6.79429, -3.6668, -2.29124], [5.09331, -3.48738, -1.82042]]}"
MMKRHZKQPFCLLS-UHFFFAOYSA-N,C(CCCCCCCCCCC)CC(=O)OCC,0,0.0,"{""sym"": [""C"", ""C"", ""C"", ""C"", ""C"", ""C"", ""C"", ""C"", ""C"", ""C"", ""C"", ""C"", ""C"", ""C"", ""O"", ""O"", ""C"", ""C"", ""H"", ""H"", ""H"", ""H"", ""H"", ""H"", ""H"", ""H"", ""H"", ""H"", ""H"", ""H"", ""H"", ""H"", ""H"", ""H"", ""H"", ""H"", ""H"", ""H"", ""H"", ""H"", ""H"", ""H"", ""H"", ""H"", ""H"", ""H"", ""H"", ""H"", ""H"", ""H""], ""x"": [[3.1394, 1.98694, 2.31273], [2.69271, 0.76418, 3.1147], [2.28791, -0.44637, 2.27347], [1.03097, -0.2166, 1.43726], [0.60001, -1.49433, 0.71943], [-0.56946, -1.28028, -0.24136], [-1.88089, -0.94295, 0.46494], [-3.04614, -0.85726, -0.51841], [-4.35343, -0.48847, 0.17963], [-5.56648, -0.50683, -0.7508], [-5.52898, 0.58168, -1.82136], [-6.81221, 0.60483, -2.64314], [4.37272, 1.71774, 1.44557], [4.0047, 1.11753, 0.1086], [3.10192, 1.49563, -0.59088], [4.8297, 0.11315, -0.21278], [4.63236, -0.5178, -1.47901], [5.43709, 0.17586, -2.5679], [2.33048, 2.33236, 1.66816], [3.37058, 2.78896, 3.01675], [3.50835, 0.46841, 3.78024], [1.84669, 1.0559, 3.74195], [2.109, -1.28681, 2.95025], [3.11301, -0.73195, 1.61815], [1.21807, 0.55668, 0.69124], [0.22806, 0.12889, 2.09095], [0.32823, -2.25472, 1.45626], [1.45161, -1.879, 0.15128], [-0.71368, -2.19229, -0.82704], [-0.31674, -0.47711, -0.93718], [-2.09509, -1.70924, 1.21446], [-1.78526, 0.01234, 0.98359], [-3.16653, -1.81982, -1.02195], [-2.8106, -0.11088, -1.2787], [-4.5274, -1.19778, 0.99313], [-4.25695, 0.50448, 0.62537], [-6.46922, -0.37242, -0.14909], [-5.63647, -1.48473, -1.23338], [-5.38793, 1.5529, -1.34119], [-4.68233, 0.41309, -2.48851], [-7.67158, 0.80316, -2.00586], [-6.76508, 1.37895, -3.40573], [-6.96687, -0.35309, -3.13557], [5.08081, 1.06112, 1.95059], [4.87441, 2.6639, 1.22657], [4.9612, -1.55021, -1.34184], [3.565, -0.49458, -1.72201], [6.4919, 0.18904, -2.30463], [5.31097, -0.35192, -3.50879], [5.09148, 1.19973, -2.68817]]}"
MMKRHZKQPFCLLS-UHFFFAOYSA-N,C(CCCCCCCCCCC)CC(=O)OCC,1,1.4406627414864488,"{""sym"": [""C"", ""C"", ""C"", ""C"", ""C"", ""C"", ""C"", ""C"", ""C"", ""C"", ""C"", ""C"", ""C"", ""C"", ""O"", ""O"", ""C"", ""C"", ""H"", ""H"", ""H"", ""H"", ""H"", ""H"", ""H"", ""H"", ""H"", ""H"", ""H"", ""H"", ""H"", ""H"", ""H"", ""H"", ""H"", ""H"", ""H"", ""H"", ""H"", ""H"", ""H"", ""H"", ""H"", ""H"", ""H"", ""H"", ""H"", ""H"", ""H"", ""H""], ""x"": [[3.20469, -1.00905, 0.3687], [2.51434, -0.07171, -0.61985], [1.39228, 0.75088, 0.01512], [0.20094, -0.09258, 0.46594], [-0.95238, 0.7716, 0.97238], [-2.13858, -0.0795, 1.42057], [-3.26782, 0.73015, 2.05936], [-3.90578, 1.78043, 1.14707], [-4.45317, 1.23904, -0.17402], [-5.55961, 0.20159, 0.00064], [-6.16083, -0.21062, -1.34113], [-7.25265, -1.26086, -1.17888], [4.37154, -1.76512, -0.27826], [5.51437, -0.8351, -0.61433], [5.84253, -0.50928, -1.72491], [6.11999, -0.40768, 0.49947], [7.24441, 0.45789, 0.34158], [8.52446, -0.34121, 0.1429], [2.48867, -1.74193, 0.74303], [3.58065, -0.43729, 1.21927], [2.1062, -0.65895, -1.44562], [3.25804, 0.60922, -1.04012], [1.78769, 1.30407, 0.87024], [1.04389, 1.48299, -0.71731], [-0.14712, -0.70041, -0.37284], [0.50856, -0.77173, 1.26295], [-1.26386, 1.45019, 0.1766], [-0.60678, 1.38001, 1.81167], [-1.78838, -0.81021, 2.15471], [-2.5236, -0.63989, 0.5671], [-4.03994, 0.03843, 2.40252], [-2.87675, 1.24189, 2.94277], [-3.17068, 2.55723, 0.92667], [-4.7224, 2.2553, 1.69739], [-4.85019, 2.08079, -0.74785], [-3.64109, 0.80516, -0.75976], [-5.16183, -0.68549, 0.49667], [-6.34591, 0.61422, 0.63749], [-6.57611, 0.67019, -1.83652], [-5.36981, -0.60661, -1.98259], [-6.85467, -2.15551, -0.70461], [-7.66371, -1.5399, -2.14642], [-8.06149, -0.87813, -0.56015], [4.74366, -2.51853, 0.41789], [4.0427, -2.24903, -1.19832], [7.06995, 1.11466, -0.51699], [7.28661, 1.04714, 1.26008], [8.46145, -0.91889, -0.77604], [8.67469, -1.02146, 0.97784], [9.37279, 0.33359, 0.07572]]}"
MMKRHZKQPFCLLS-UHFFFAOYSA-N,C(CCCCCCCCCCC)CC(=O)OCC,2,1.561977564735571,"{""sym"": [""C"", ""C"", ""C"", ""C"", ""C"", ""C"", ""C"", ""C"", ""C"", ""C"", ""C"", ""C"", ""C"", ""C"", ""O"", ""O"", ""C"", ""C"", ""H"", ""H"", ""H"", ""H"", ""H"", ""H"", ""H"", ""H"", ""H"", ""H"", ""H"", ""H"", ""H"", ""H"", ""H"", ""H"", ""H"", ""H"", ""H"", ""H"", ""H"", ""H"", ""H"", ""H"", ""H"", ""H"", ""H"", ""H"", ""H"", ""H"", ""H"", ""H""], ""x"": [[3.15984, -0.10707, -1.35628], [2.97874, -0.95651, -0.09749], [2.26849, -0.24902, 1.05966], [0.89928, 0.34331, 0.72038], [-0.12273, -0.71021, 0.29738], [-1.49488, -0.12184, -0.03785], [-2.25189, 0.37826, 1.19074], [-3.61637, 0.98139, 0.85445], [-4.63603, -0.04763, 0.37085], [-6.01656, 0.57233, 0.16868], [-7.03755, -0.44797, -0.32906], [-8.41409, 0.1748, -0.52643], [3.94629, 1.18709, -1.11598], [5.32963, 0.89224, -0.58763], [5.70964, 1.12077, 0.53081], [6.09428, 0.34879, -1.54155], [7.43121, -0.00415, -1.18761], [7.48962, -1.36273, -0.50391], [2.1841, 0.1516, -1.76989], [3.69033, -0.70022, -2.1042], [3.96064, -1.27653, 0.25948], [2.42462, -1.85763, -0.36939], [2.91449, 0.54585, 1.43675], [2.14392, -0.97261, 1.86933], [0.53396, 0.86357, 1.60787], [0.99817, 1.08692, -0.07254], [-0.23298, -1.44679, 1.09678], [0.24925, -1.23331, -0.5857], [-1.3709, 0.70199, -0.74521], [-2.0876, -0.89466, -0.53079], [-2.38748, -0.44975, 1.8906], [-1.6551, 1.14165, 1.6931], [-3.49116, 1.75282, 0.09087], [-4.01197, 1.46741, 1.75009], [-4.30391, -0.48453, -0.57255], [-4.70799, -0.85475, 1.10399], [-6.36427, 0.99779, 1.1133], [-5.94288, 1.38944, -0.55312], [-6.69202, -0.87123, -1.2752], [-7.10914, -1.26608, 0.39151], [-8.78488, 0.5843, 0.41082], [-9.1246, -0.56845, -0.88098], [-8.36692, 0.98022, -1.25636], [4.049, 1.71967, -2.06246], [3.43293, 1.82414, -0.39765], [7.9806, -0.01498, -2.13138], [7.83764, 0.76958, -0.52765], [8.52482, -1.63105, -0.3128], [6.95605, -1.32417, 0.44269], [7.03637, -2.12207, -1.1371]]}"
MMKRHZKQPFCLLS-UHFFFAOYSA-N,C(CCCCCCCCCCC)CC(=O)OCC,3,1.6962220437198994,"{""sym"": [""C"", ""C"", ""C"", ""C"", ""C"", ""C"", ""C"", ""C"", ""C"", ""C"", ""C"", ""C"", ""C"", ""C"", ""O"", ""O"", ""C"", ""C"", ""H"", ""H"", ""H"", ""H"", ""H"", ""H"", ""H"", ""H"", ""H"", ""H"", ""H"", ""H"", ""H"", ""H"", ""H"", ""H"", ""H"", ""H"", ""H"", ""H"", ""H"", ""H"", ""H"", ""H"", ""H"", ""H"", ""H"", ""H"", ""H"", ""H"", ""H"", ""H""], ""x"": [[3.65441, -1.11155, 1.53277], [3.14777, 0.27874, 1.92083], [1.85714, 0.71277, 1.22353], [0.68474, -0.23436, 1.46886], [-0.61784, 0.30987, 0.88618], [-1.77643, -0.66326, 1.09645], [-3.12746, -0.12197, 0.62639], [-3.22795, 0.00154, -0.89265], [-4.5719, 0.55755, -1.36578], [-5.73901, -0.39975, -1.12827], [-7.02542, 0.03621, -1.83082], [-7.60678, 1.32808, -1.26831], [3.91707, -1.26879, 0.03054], [4.93571, -0.26319, -0.45191], [4.70123, 0.67097, -1.17288], [6.14744, -0.54266, 0.04144], [7.22148, 0.32397, -0.32309], [7.83737, -0.08296, -1.65428], [2.92984, -1.86655, 1.84122], [4.58464, -1.30521, 2.0708], [2.98793, 0.29118, 3.00218], [3.92272, 1.01486, 1.69425], [2.03433, 0.81117, 0.15153], [1.59063, 1.70465, 1.59739], [0.56339, -0.38772, 2.54439], [0.89044, -1.20592, 1.01585], [-0.47616, 0.49613, -0.17971], [-0.85649, 1.26413, 1.36197], [-1.84533, -0.89324, 2.16308], [-1.56262, -1.59811, 0.57222], [-3.30109, 0.85637, 1.08085], [-3.90868, -0.79653, 0.98146], [-3.06448, -0.97994, -1.34455], [-2.43916, 0.66566, -1.24986], [-4.76034, 1.5047, -0.85759], [-4.50407, 0.76344, -2.43736], [-5.45979, -1.39004, -1.49754], [-5.9352, -0.48764, -0.05823], [-7.76699, -0.75938, -1.72346], [-6.82939, 0.16128, -2.89851], [-7.77688, 1.23412, -0.19775], [-8.55675, 1.55575, -1.74707], [-6.93358, 2.16401, -1.43796], [2.99888, -1.12719, -0.53722], [4.30765, -2.26952, -0.15943], [6.84416, 1.35036, -0.37901], [7.94742, 0.23673, 0.48843], [8.69795, 0.54558, -1.86462], [7.10956, 0.03788, -2.4529], [8.15589, -1.12222, -1.61933]]}"
MMKRHZKQPFCLLS-UHFFFAOYSA-N,C(CCCCCCCCCCC)CC(=O)OCC,4,1.8462046727072448,"{""sym"": [""C"", ""C"", ""C"", ""C"", ""C"", ""C"", ""C"", ""C"", ""C"", ""C"", ""C"", ""C"", ""C"", ""C"", ""O"", ""O"", ""C"", ""C"", ""H"", ""H"", ""H"", ""H"", ""H"", ""H"", ""H"", ""H"", ""H"", ""H"", ""H"", ""H"", ""H"", ""H"", ""H"", ""H"", ""H"", ""H"", ""H"", ""H"", ""H"", ""H"", ""H"", ""H"", ""H"", ""H"", ""H"", ""H"", ""H"", ""H"", ""H"", ""H""], ""x"": [[3.05513, -1.1665, -0.75154], [2.19454, 0.0945, -0.66306], [1.24657, 0.09983, 0.53411], [0.35863, 1.34525, 0.59209], [-0.61111, 1.50973, -0.5801], [-1.59453, 0.34995, -0.72086], [-2.65006, 0.63502, -1.78655], [-3.55453, -0.56369, -2.07721], [-4.36125, -1.06786, -0.8794], [-5.31389, -0.02258, -0.30471], [-6.20296, -0.60328, 0.79241], [-7.13085, 0.45093, 1.38358], [4.08383, -1.28467, 0.37168], [5.13804, -0.20383, 0.29505], [5.50076, 0.35267, -0.70699], [5.6388, 0.0468, 1.51202], [6.70163, 0.99747, 1.59783], [8.0393, 0.37292, 1.22824], [2.41037, -2.04777, -0.73676], [3.59232, -1.15384, -1.70161], [1.60885, 0.16397, -1.58076], [2.84553, 0.96942, -0.61972], [0.62283, -0.79565, 0.50683], [1.82734, 0.06482, 1.45839], [-0.22141, 1.31113, 1.51838], [0.99988, 2.22924, 0.63945], [-0.05394, 1.63053, -1.51067], [-1.17752, 2.43163, -0.42207], [-2.0779, 0.17956, 0.24261], [-1.05754, -0.55987, -0.99439], [-3.25524, 1.49055, -1.48201], [-2.14374, 0.91231, -2.71503], [-2.93643, -1.38571, -2.44756], [-4.24819, -0.28916, -2.87592], [-4.94497, -1.93413, -1.20241], [-3.68336, -1.41005, -0.09544], [-4.74284, 0.80915, 0.11129], [-5.94303, 0.3725, -1.10614], [-5.5746, -1.01821, 1.58422], [-6.79835, -1.42225, 0.38185], [-7.75749, 0.01984, 2.16102], [-7.77683, 0.86486, 0.61223], [-6.5546, 1.26507, 1.81847], [3.62163, -1.25302, 1.3575], [4.6096, -2.23966, 0.28359], [6.69583, 1.33376, 2.63664], [6.4806, 1.83767, 0.93134], [8.23511, -0.4943, 1.85439], [8.0268, 0.06185, 0.18653], [8.83322, 1.10058, 1.3692]]}"
DTOSIQBPPRVQHS-PDBXOOCHSA-N,CC/C=C\C/C=C\C/C=C\CCCCCCCC(=O)O,0,0.0,"{""sym"": [""C"", ""C"", ""C"", ""C"", ""C"", ""C"", ""C"", ""C"", ""C"", ""C"", ""C"", ""C"", ""C"", ""C"", ""C"", ""C"", ""C"", ""C"", ""O"", ""O"", ""H"", ""H"", ""H"", ""H"", ""H"", ""H"", ""H"", ""H"", ""H"", ""H"", ""H"", ""H"", ""H"", ""H"", ""H"", ""H"", ""H"", ""H"", ""H"", ""H"", ""H"", ""H"", ""H"", ""H"", ""H"", ""H"", ""H"", ""H"", ""H"", ""H""], ""x"": [[-3.95066, 0.5142, -0.56572], [-3.2678, -0.52307, -1.457], [-1.81529, -0.21462, -1.64841], [-0.77683, -1.00216, -1.41331], [-0.78845, -2.39611, -0.8551], [0.11867, -2.47763, 0.34079], [-0.25042, -2.43993, 1.61172], [-1.64949, -2.30191, 2.14245], [-1.68437, -1.401, 3.34804], [-1.43944, -0.09905, 3.33249], [-1.06274, 0.70352, 2.12808], [0.42992, 1.05058, 2.14677], [0.85127, 1.76553, 0.8666], [2.36082, 1.98628, 0.81625], [2.83929, 2.6598, -0.47168], [2.49631, 1.90061, -1.75341], [3.06651, 0.48547, -1.77825], [2.79173, -0.20768, -3.08639], [2.37866, 0.30456, -4.09049], [3.07105, -1.51987, -3.01478], [-5.01593, 0.30664, -0.49155], [-3.82148, 1.51355, -0.97585], [-3.52686, 0.49713, 0.43578], [-3.40867, -1.51712, -1.03162], [-3.74963, -0.51402, -2.44021], [-1.63007, 0.7769, -2.04507], [0.21655, -0.63136, -1.63465], [-1.79788, -2.70964, -0.59799], [-0.4098, -3.07843, -1.62296], [1.17234, -2.55687, 0.10374], [0.50785, -2.52041, 2.3808], [-2.30997, -1.9084, 1.36876], [-2.01802, -3.2918, 2.42811], [-1.91543, -1.88027, 4.29025], [-1.47571, 0.45516, 4.26224], [-1.6424, 1.6309, 2.10925], [-1.27292, 0.14485, 1.21625], [1.00067, 0.12413, 2.24367], [0.65528, 1.67345, 3.01546], [0.53478, 1.15592, 0.01994], [0.33805, 2.72722, 0.7946], [2.65507, 2.61403, 1.66122], [2.86633, 1.02664, 0.93995], [3.92346, 2.78538, -0.41367], [2.3956, 3.6557, -0.53514], [2.89421, 2.44913, -2.60926], [1.41444, 1.8537, -1.8819], [2.65111, -0.13081, -0.97986], [4.15101, 0.50842, -1.64042], [2.8993, -1.9472, -3.86853]]}"
DTOSIQBPPRVQHS-PDBXOOCHSA-N,CC/C=C\C/C=C\C/C=C\CCCCCCCC(=O)O,1,1.2685483639579616,"{""sym"": [""C"", ""C"", ""C"", ""C"", ""C"", ""C"", ""C"", ""C"", ""C"", ""C"", ""C"", ""C"", ""C"", ""C"", ""C"", ""C"", ""C"", ""C"", ""O"", ""O"", ""H"", ""H"", ""H"", ""H"", ""H"", ""H"", ""H"", ""H"", ""H"", ""H"", ""H"", ""H"", ""H"", ""H"", ""H"", ""H"", ""H"", ""H"", ""H"", ""H"", ""H"", ""H"", ""H"", ""H"", ""H"", ""H"", ""H"", ""H"", ""H"", ""H""], ""x"": [[-5.62282, -2.26179, 1.42997], [-5.34154, -1.41829, 0.18582], [-4.49317, -0.23227, 0.52545], [-3.25334, 0.02009, 0.13529], [-2.39203, -0.80652, -0.77576], [-2.12965, -0.04016, -2.04117], [-1.03876, 0.64265, -2.35198], [0.19471, 0.8158, -1.51586], [0.36614, 2.27086, -1.18975], [0.21654, 2.85704, -0.01124], [-0.12392, 2.21918, 1.29993], [1.03178, 2.35416, 2.29993], [2.27432, 1.5762, 1.86533], [2.14573, 0.07199, 2.10247], [3.28919, -0.72777, 1.47502], [3.15246, -0.82171, -0.04156], [4.29929, -1.58734, -0.69174], [4.14987, -1.62008, -2.19022], [3.31019, -1.04317, -2.82674], [5.08868, -2.38342, -2.76828], [-6.12128, -1.66488, 2.1907], [-6.26073, -3.10746, 1.1823], [-4.69223, -2.63991, 1.84766], [-6.29183, -1.06242, -0.22303], [-4.86535, -2.03893, -0.57279], [-4.97549, 0.47317, 1.19172], [-2.7782, 0.93481, 0.46731], [-2.87722, -1.75138, -1.02232], [-1.45564, -1.0335, -0.26177], [-2.9581, -0.04726, -2.73856], [-1.00518, 1.16314, -3.30112], [1.05939, 0.48115, -2.09852], [0.13987, 0.21926, -0.60937], [0.60873, 2.88797, -2.04652], [0.37143, 3.92813, 0.05331], [-0.9999, 2.72759, 1.71489], [-0.38188, 1.16974, 1.17167], [1.28816, 3.41236, 2.39286], [0.70514, 2.00384, 3.28175], [3.14165, 1.94264, 2.41969], [2.44741, 1.77537, 0.80702], [2.12435, -0.11278, 3.17934], [1.2019, -0.28917, 1.69159], [3.2921, -1.73719, 1.89367], [4.24238, -0.25991, 1.73205], [3.1173, 0.17741, -0.47564], [2.21379, -1.31926, -0.29216], [4.34962, -2.61639, -0.33008], [5.25959, -1.11788, -0.46438], [4.97656, -2.38373, -3.73198]]}"
DTOSIQBPPRVQHS-PDBXOOCHSA-N,CC/C=C\C/C=C\C/C=C\CCCCCCCC(=O)O,2,1.5491236066445708,"{""sym"": [""C"", ""C"", ""C"", ""C"", ""C"", ""C"", ""C"", ""C"", ""C"", ""C"", ""C"", ""C"", ""C"", ""C"", ""C"", ""C"", ""C"", ""C"", ""O"", ""O"", ""H"", ""H"", ""H"", ""H"", ""H"", ""H"", ""H"", ""H"", ""H"", ""H"", ""H"", ""H"", ""H"", ""H"", ""H"", ""H"", ""H"", ""H"", ""H"", ""H"", ""H"", ""H"", ""H"", ""H"", ""H"", ""H"", ""H"", ""H"", ""H"", ""H""], ""x"": [[-3.14815, 2.0797, -1.92899], [-3.95663, 1.52531, -0.75351], [-5.19182, 0.82568, -1.23618], [-5.30562, -0.45989, -1.5311], [-4.2331, -1.50205, -1.42122], [-4.60773, -2.53201, -0.3959], [-3.79186, -3.06799, 0.49801], [-2.33142, -2.73613, 0.64943], [-2.16381, -1.42986, 1.3712], [-1.37113, -0.42119, 1.0403], [-0.41255, -0.35069, -0.10747], [1.0301, -0.47509, 0.39575], [2.04295, -0.32209, -0.73614], [3.48681, -0.55779, -0.29182], [3.99477, 0.48802, 0.69856], [5.47836, 0.29541, 1.00523], [5.98174, 1.29934, 2.04013], [6.06372, 2.69963, 1.48821], [6.20023, 3.00309, 0.33482], [5.99152, 3.61631, 2.46565], [-2.80287, 1.26831, -2.56575], [-3.75891, 2.74907, -2.53118], [-2.28316, 2.63276, -1.56936], [-4.24875, 2.35187, -0.10188], [-3.33248, 0.84541, -0.1718], [-6.05144, 1.46768, -1.38307], [-6.26094, -0.83651, -1.87704], [-3.27602, -1.04932, -1.17646], [-4.14039, -2.00037, -2.39427], [-5.64518, -2.8415, -0.41919], [-4.18599, -3.78801, 1.20294], [-1.84484, -2.70759, -0.32582], [-1.84878, -3.52127, 1.23897], [-2.787, -1.33544, 2.2518], [-1.35927, 0.45484, 1.67816], [-0.52735, 0.61298, -0.61157], [-0.60755, -1.13727, -0.83747], [1.15687, -1.45043, 0.87145], [1.20346, 0.29138, 1.15285], [1.9579, 0.67966, -1.16371], [1.80069, -1.03891, -1.52508], [4.12876, -0.54032, -1.17553], [3.56924, -1.55088, 0.15708], [3.84394, 1.48472, 0.27955], [3.42717, 0.42134, 1.62873], [6.05635, 0.41978, 0.08803], [5.64319, -0.71686, 1.37959], [6.99303, 1.03329, 2.36016], [5.34628, 1.31354, 2.92655], [6.07764, 4.51032, 2.09844]]}"
DTOSIQBPPRVQHS-PDBXOOCHSA-N,CC/C=C\C/C=C\C/C=C\CCCCCCCC(=O)O,3,1.766077491985925,"{""sym"": [""C"", ""C"", ""C"", ""C"", ""C"", ""C"", ""C"", ""C"", ""C"", ""C"", ""C"", ""C"", ""C"", ""C"", ""C"", ""C"", ""C"", ""C"", ""O"", ""O"", ""H"", ""H"", ""H"", ""H"", ""H"", ""H"", ""H"", ""H"", ""H"", ""H"", ""H"", ""H"", ""H"", ""H"", ""H"", ""H"", ""H"", ""H"", ""H"", ""H"", ""H"", ""H"", ""H"", ""H"", ""H"", ""H"", ""H"", ""H"", ""H"", ""H""], ""x"": [[3.83242, -1.43929, -0.25394], [2.70272, -0.9921, 0.67508], [3.22196, -0.11194, 1.7701], [3.08478, 1.20302, 1.84595], [2.35256, 2.06736, 0.8601], [0.882, 2.12929, 1.17156], [-0.08919, 2.36227, 0.30175], [0.09041, 2.60599, -1.17071], [-1.16526, 2.28558, -1.92219], [-1.33229, 1.31574, -2.80845], [-0.29401, 0.31878, -3.23815], [-0.11189, -0.79002, -2.19322], [-1.39382, -1.59271, -1.98024], [-1.28495, -2.61482, -0.83932], [-1.94926, -2.14909, 0.45796], [-1.25123, -0.95227, 1.09775], [-1.98075, -0.4777, 2.35588], [-3.25593, 0.24076, 2.00013], [-3.37639, 1.07005, 1.13862], [-4.28145, -0.13573, 2.77705], [4.59349, -1.98133, 0.30317], [3.44748, -2.08977, -1.03624], [4.30134, -0.57556, -0.71991], [2.24082, -1.87772, 1.12087], [1.94026, -0.4702, 0.09814], [3.78094, -0.62817, 2.54086], [3.50243, 1.72389, 2.6979], [2.50577, 1.7038, -0.15727], [2.76211, 3.08162, 0.90542], [0.63439, 1.98497, 2.21534], [-1.11366, 2.39913, 0.64766], [0.93449, 2.03118, -1.55365], [0.32346, 3.66834, -1.31666], [-2.00607, 2.92099, -1.67519], [-2.30712, 1.19563, -3.26233], [-0.59343, -0.12956, -4.18774], [0.66626, 0.81647, -3.39451], [0.68715, -1.46261, -2.51689], [0.19146, -0.33534, -1.25086], [-1.63595, -2.10744, -2.91318], [-2.212, -0.90336, -1.76589], [-0.23362, -2.83925, -0.64542], [-1.76505, -3.54785, -1.14254], [-1.95496, -2.97985, 1.16939], [-2.98982, -1.88789, 0.24919], [-0.22604, -1.2199, 1.35692], [-1.22374, -0.11905, 0.3966], [-2.21403, -1.30574, 3.02527], [-1.35067, 0.23885, 2.8884], [-5.0861, 0.35254, 2.53994]]}"
DTOSIQBPPRVQHS-PDBXOOCHSA-N,CC/C=C\C/C=C\C/C=C\CCCCCCCC(=O)O,4,1.929383381466323,"{""sym"": [""C"", ""C"", ""C"", ""C"", ""C"", ""C"", ""C"", ""C"", ""C"", ""C"", ""C"", ""C"", ""C"", ""C"", ""C"", ""C"", ""C"", ""C"", ""O"", ""O"", ""H"", ""H"", ""H"", ""H"", ""H"", ""H"", ""H"", ""H"", ""H"", ""H"", ""H"", ""H"", ""H"", ""H"", ""H"", ""H"", ""H"", ""H"", ""H"", ""H"", ""H"", ""H"", ""H"", ""H"", ""H"", ""H"", ""H"", ""H"", ""H"", ""H""], ""x"": [[-4.51577, 1.52088, -0.50487], [-4.11041, 0.7182, -1.74166], [-5.17463, -0.27352, -2.09219], [-5.1205, -1.5904, -1.96697], [-3.96979, -2.40129, -1.44411], [-4.25834, -2.81356, -0.02919], [-3.46934, -2.67556, 1.02442], [-2.09069, -2.08179, 1.05581], [-2.13706, -0.71366, 1.67336], [-1.56187, 0.39322, 1.23001], [-0.68643, 0.55534, 0.02771], [0.75009, 0.89254, 0.44157], [1.6474, 1.08808, -0.77817], [3.04571, 1.60108, -0.43425], [3.87446, 0.6115, 0.38176], [5.30345, 1.11238, 0.5712], [6.1431, 0.12677, 1.39427], [7.5345, 0.67878, 1.5511], [7.86424, 1.5409, 2.31971], [8.39499, 0.11795, 0.69016], [-3.76416, 2.27271, -0.27584], [-5.46765, 2.02202, -0.66793], [-4.61306, 0.85902, 0.35246], [-3.97039, 1.40382, -2.58269], [-3.16201, 0.22177, -1.54394], [-6.09089, 0.17253, -2.46091], [-5.9945, -2.17364, -2.22998], [-3.04116, -1.83896, -1.50325], [-3.86797, -3.30261, -2.0587], [-5.23606, -3.25986, 0.10838], [-3.83642, -2.99827, 1.99118], [-1.45471, -2.72005, 1.67977], [-1.6535, -2.05017, 0.06045], [-2.72542, -0.66434, 2.58155], [-1.69315, 1.30468, 1.80077], [-0.67584, -0.3487, -0.58158], [-1.07448, 1.37276, -0.58725], [0.7462, 1.80601, 1.04059], [1.13373, 0.08356, 1.06544], [1.73158, 0.14271, -1.3198], [1.17209, 1.8094, -1.44825], [2.96023, 2.54045, 0.11661], [3.57453, 1.81337, -1.36691], [3.89335, -0.35241, -0.13192], [3.41559, 0.46204, 1.3599], [5.77085, 1.25405, -0.40591], [5.29086, 2.07772, 1.0813], [5.69851, 0.00879, 2.38302], [6.19378, -0.83798, 0.89021], [9.27694, 0.51175, 0.78358]]}"
DCAYPVUWAIABOU-UHFFFAOYSA-N,CCCCCCCCCCCCCCCC,0,0.0,"{""sym"": [""C"", ""C"", ""C"", ""C"", ""C"", ""C"", ""C"", ""C"", ""C"", ""C"", ""C"", ""C"", ""C"", ""C"", ""C"", ""C"", ""H"", ""H"", ""H"", ""H"", ""H"", ""H"", ""H"", ""H"", ""H"", ""H"", ""H"", ""H"", ""H"", ""H"", ""H"", ""H"", ""H"", ""H"", ""H"", ""H"", ""H"", ""H"", ""H"", ""H"", ""H"", ""H"", ""H"", ""H"", ""H"", ""H"", ""H"", ""H"", ""H"", ""H""], ""x"": [[-7.3599, 2.09371, -1.46609], [-6.87779, 1.46025, -0.16707], [-5.62533, 0.61222, -0.37651], [-5.14126, -0.01541, 0.92887], [-3.95987, -0.96869, 0.7465], [-2.68077, -0.27144, 0.28772], [-1.49701, -1.23479, 0.23419], [-0.21508, -0.54737, -0.23075], [0.96932, -1.50981, -0.28601], [2.25205, -0.82019, -0.74652], [3.43201, -1.78909, -0.78533], [4.71113, -1.17734, -1.36039], [5.2425, 0.03829, -0.59857], [5.57709, -0.2637, 0.86101], [6.31657, 0.88162, 1.5537], [5.46999, 2.14166, 1.69395], [-7.59861, 1.32635, -2.19915], [-8.25131, 2.69201, -1.29313], [-6.59038, 2.73803, -1.88554], [-7.67227, 0.83512, 0.24732], [-6.66223, 2.24609, 0.56079], [-5.84182, -0.17885, -1.0988], [-4.83972, 1.24207, -0.79733], [-5.96974, -0.56991, 1.37765], [-4.86045, 0.77673, 1.62719], [-3.76431, -1.46582, 1.70023], [-4.22932, -1.74173, 0.02292], [-2.8306, 0.15888, -0.70377], [-2.45051, 0.54647, 0.97485], [-1.3363, -1.66479, 1.22583], [-1.73284, -2.05647, -0.44644], [-0.37557, -0.11744, -1.22241], [0.01955, 0.27452, 0.45011], [1.1295, -1.94175, 0.7051], [0.73535, -2.33085, -0.96807], [2.47208, 0.00349, -0.06534], [2.09867, -0.39753, -1.74259], [3.15908, -2.64867, -1.40358], [3.62532, -2.16424, 0.2211], [5.48533, -1.94907, -1.37564], [4.52381, -0.88106, -2.39585], [6.14886, 0.38629, -1.10191], [4.50993, 0.84356, -0.65144], [4.65995, -0.47401, 1.41416], [6.20293, -1.15928, 0.9003], [7.22508, 1.11668, 0.99408], [6.61962, 0.54833, 2.54948], [4.53239, 1.91656, 2.19804], [6.001, 2.89063, 2.27719], [5.24387, 2.56975, 0.72109]]}"
DCAYPVUWAIABOU-UHFFFAOYSA-N,CCCCCCCCCCCCCCCC,1,0.6208742127564619,"{""sym"": [""C"", ""C"", ""C"", ""C"", ""C"", ""C"", ""C"", ""C"", ""C"", ""C"", ""C"", ""C"", ""C"", ""C"", ""C"", ""C"", ""H"", ""H"", ""H"", ""H"", ""H"", ""H"", ""H"", ""H"", ""H"", ""H"", ""H"", ""H"", ""H"", ""H"", ""H"", ""H"", ""H"", ""H"", ""H"", ""H"", ""H"", ""H"", ""H"", ""H"", ""H"", ""H"", ""H"", ""H"", ""H"", ""H"", ""H"", ""H"", ""H"", ""H""], ""x"": [[8.45755, -0.47261, 0.38907], [7.48364, 0.35946, -0.43708], [6.04051, -0.14111, -0.35779], [5.41546, 0.03844, 1.02426], [3.97479, -0.46871, 1.10559], [2.98719, 0.36111, 0.28825], [1.54755, -0.10163, 0.4983], [0.55654, 0.7155, -0.32673], [-0.88327, 0.25445, -0.11464], [-1.87182, 1.08427, -0.93059], [-3.30949, 0.57234, -0.84001], [-3.90821, 0.70644, 0.55927], [-5.41175, 0.43051, 0.59287], [-5.7583, -1.01609, 0.24421], [-7.22326, -1.36311, 0.51025], [-8.18772, -0.59894, -0.38908], [9.4789, -0.14059, 0.21712], [8.38819, -1.52259, 0.1132], [8.24863, -0.38179, 1.45155], [7.52335, 1.39991, -0.10618], [7.8012, 0.33379, -1.48251], [6.01284, -1.19914, -0.62968], [5.44834, 0.40662, -1.09317], [6.01002, -0.50791, 1.75864], [5.44032, 1.09652, 1.2965], [3.65916, -0.45128, 2.15218], [3.93812, -1.50776, 0.76915], [3.22946, 0.28731, -0.77323], [3.07336, 1.41154, 0.57675], [1.29039, -0.01739, 1.55704], [1.46357, -1.15578, 0.22279], [0.64153, 1.76997, -0.0527], [0.81206, 0.62982, -1.38577], [-1.12641, 0.33017, 0.9465], [-0.97134, -0.79604, -0.40234], [-1.83491, 2.12314, -0.59358], [-1.56116, 1.06773, -1.97859], [-3.92642, 1.14221, -1.53967], [-3.33243, -0.4735, -1.15133], [-3.73175, 1.72317, 0.91993], [-3.4064, 0.01929, 1.243], [-5.91233, 1.10766, -0.10165], [-5.78452, 0.64812, 1.59739], [-5.12759, -1.68037, 0.84079], [-5.53752, -1.20359, -0.80817], [-7.36178, -2.43483, 0.347], [-7.46075, -1.15567, 1.55641], [-7.92755, -0.74654, -1.43505], [-8.15965, 0.46594, -0.1744], [-9.20634, -0.94843, -0.2366]]}"
DCAYPVUWAIABOU-UHFFFAOYSA-N,CCCCCCCCCCCCCCCC,2,0.7602224841393763,"{""sym"": [""C"", ""C"", ""C"", ""C"", ""C"", ""C"", ""C"", ""C"", ""C"", ""C"", ""C"", ""C"", ""C"", ""C"", ""C"", ""C"", ""H"", ""H"", ""H"", ""H"", ""H"", ""H"", ""H"", ""H"", ""H"", ""H"", ""H"", ""H"", ""H"", ""H"", ""H"", ""H"", ""H"", ""H"", ""H"", ""H"", ""H"", ""H"", ""H"", ""H"", ""H"", ""H"", ""H"", ""H"", ""H"", ""H"", ""H"", ""H"", ""H"", ""H""], ""x"": [[-6.80424, -1.4964, -0.93099], [-5.95088, -2.09958, 0.17808], [-5.71643, -1.13994, 1.34571], [-5.0038, 0.16176, 0.9762], [-3.60671, -0.04988, 0.39827], [-2.88403, 1.27581, 0.17161], [-1.49155, 1.07639, -0.42151], [-0.77194, 2.40589, -0.63574], [0.57582, 2.26184, -1.34252], [1.62301, 1.5264, -0.50927], [2.98058, 1.50446, -1.20845], [4.09205, 0.87923, -0.36399], [3.91515, -0.62284, -0.14983], [5.03211, -1.24706, 0.68785], [6.38704, -1.26918, -0.01631], [7.43174, -2.01313, 0.80634], [-6.28477, -0.67862, -1.42333], [-7.03618, -2.24925, -1.681], [-7.73981, -1.11622, -0.52635], [-4.99304, -2.42244, -0.23292], [-6.45332, -2.98886, 0.56696], [-5.12872, -1.65774, 2.10818], [-6.68335, -0.88919, 1.78976], [-5.60866, 0.72419, 0.26297], [-4.92006, 0.77162, 1.87981], [-3.02192, -0.66881, 1.08325], [-3.67544, -0.58081, -0.55284], [-3.47864, 1.899, -0.50127], [-2.79782, 1.80897, 1.12171], [-1.57789, 0.55547, -1.37818], [-0.909, 0.44369, 0.25028], [-0.62309, 2.8951, 0.32986], [-1.4127, 3.05569, -1.23746], [0.43253, 1.73423, -2.28858], [0.95345, 3.2604, -1.57748], [1.72528, 2.02233, 0.45903], [1.29019, 0.50427, -0.33008], [3.26496, 2.53221, -1.45003], [2.89289, 0.95831, -2.15096], [5.044, 1.05817, -0.86726], [4.13036, 1.3788, 0.60721], [2.96621, -0.80277, 0.35895], [3.87115, -1.12206, -1.12098], [4.75145, -2.27571, 0.92947], [5.12428, -0.70117, 1.6301], [6.73193, -0.24858, -0.18929], [6.27843, -1.7541, -0.98925], [8.39291, -2.01363, 0.29761], [7.12838, -3.04551, 0.96678], [7.55807, -1.54074, 1.77814]]}"
DCAYPVUWAIABOU-UHFFFAOYSA-N,CCCCCCCCCCCCCCCC,3,1.0923855584478588,"{""sym"": [""C"", ""C"", ""C"", ""C"", ""C"", ""C"", ""C"", ""C"", ""C"", ""C"", ""C"", ""C"", ""C"", ""C"", ""C"", ""C"", ""H"", ""H"", ""H"", ""H"", ""H"", ""H"", ""H"", ""H"", ""H"", ""H"", ""H"", ""H"", ""H"", ""H"", ""H"", ""H"", ""H"", ""H"", ""H"", ""H"", ""H"", ""H"", ""H"", ""H"", ""H"", ""H"", ""H"", ""H"", ""H"", ""H"", ""H"", ""H"", ""H"", ""H""], ""x"": [[-8.45453, -0.16113, 0.43298], [-6.9848, -0.43418, 0.13659], [-6.15253, -0.47369, 1.41636], [-4.69334, -0.86588, 1.18376], [-3.90428, 0.16853, 0.3837], [-2.42665, -0.20227, 0.27583], [-1.63842, 0.83293, -0.52415], [-0.1799, 0.44259, -0.76886], [0.66495, 0.43477, 0.50342], [2.12175, 0.04142, 0.25439], [2.89641, 1.07026, -0.56802], [4.4015, 0.80166, -0.59263], [4.75874, -0.50106, -1.3055], [6.25875, -0.66293, -1.55586], [7.11998, -0.67903, -0.29189], [6.76227, -1.8101, 0.66515], [-9.03223, -0.12819, -0.4883], [-8.86789, -0.94094, 1.06974], [-8.5687, 0.79307, 0.94367], [-6.89157, -1.39057, -0.38342], [-6.60585, 0.34517, -0.52634], [-6.60225, -1.19752, 2.10116], [-6.19099, 0.50478, 1.90121], [-4.21061, -0.99927, 2.15539], [-4.65816, -1.82701, 0.66515], [-3.99617, 1.14419, 0.8671], [-4.32218, 0.25371, -0.62078], [-2.00963, -0.28922, 1.28051], [-2.3352, -1.17742, -0.2086], [-1.66994, 1.79276, -0.0031], [-2.1272, 0.96938, -1.49244], [-0.14381, -0.54662, -1.23169], [0.24861, 1.1554, -1.47572], [0.2367, -0.27596, 1.21261], [0.63134, 1.42512, 0.96416], [2.14366, -0.92598, -0.2503], [2.61827, -0.07656, 1.22129], [2.52308, 1.08098, -1.59351], [2.72476, 2.06172, -0.14067], [4.89689, 1.63083, -1.1047], [4.7722, 0.77617, 0.43365], [4.39621, -1.34985, -0.72597], [4.24796, -0.52223, -2.27185], [6.59991, 0.1531, -2.19824], [6.41944, -1.59739, -2.10004], [7.03088, 0.2773, 0.22602], [8.16492, -0.78901, -0.59299], [7.47011, -1.84388, 1.49083], [6.78998, -2.76858, 0.15039], [5.76755, -1.67018, 1.08052]]}"
DCAYPVUWAIABOU-UHFFFAOYSA-N,CCCCCCCCCCCCCCCC,4,1.2005270457266306,"{""sym"": [""C"", ""C"", ""C"", ""C"", ""C"", ""C"", ""C"", ""C"", ""C"", ""C"", ""C"", ""C"", ""C"", ""C"", ""C"", ""C"", ""H"", ""H"", ""H"", ""H"", ""H"", ""H"", ""H"", ""H"", ""H"", ""H"", ""H"", ""H"", ""H"", ""H"", ""H"", ""H"", ""H"", ""H"", ""H"", ""H"", ""H"", ""H"", ""H"", ""H"", ""H"", ""H"", ""H"", ""H"", ""H"", ""H"", ""H"", ""H"", ""H"", ""H""], ""x"": [[6.96109, -2.57976, -0.48122], [6.08532, -1.4351, 0.01442], [5.63108, -0.53734, -1.13459], [4.85035, 0.69349, -0.67361], [3.49977, 0.35567, -0.04532], [2.70267, 1.61824, 0.27649], [1.40435, 1.34676, 1.03776], [0.36026, 0.61232, 0.19956], [-0.94402, 0.34075, 0.95162], [-1.76006, 1.60365, 1.21805], [-3.05667, 1.33833, 1.98568], [-4.04715, 0.41024, 1.28036], [-4.49505, 0.93084, -0.08395], [-5.65628, 0.13136, -0.67484], [-5.28322, -1.30851, -1.02197], [-6.42647, -2.0301, -1.72523], [7.26844, -3.21329, 0.34782], [6.41695, -3.19162, -1.19792], [7.85433, -2.19445, -0.96898], [5.21453, -1.84888, 0.52557], [6.64467, -0.8372, 0.73794], [5.01463, -1.1192, -1.82424], [6.5142, -0.20342, -1.68545], [5.45394, 1.25441, 0.04433], [4.68065, 1.34188, -1.53717], [3.65261, -0.20986, 0.87547], [2.93634, -0.27242, -0.73753], [2.47109, 2.14727, -0.65122], [3.3294, 2.27785, 0.88236], [0.99465, 2.30457, 1.3635], [1.62613, 0.75978, 1.9323], [0.77369, -0.345, -0.12293], [0.1423, 1.19832, -0.69662], [-1.54129, -0.34923, 0.35307], [-0.71822, -0.15282, 1.89995], [-1.16204, 2.30063, 1.80826], [-1.988, 2.09154, 0.26878], [-2.80596, 0.90255, 2.95638], [-3.54745, 2.29709, 2.17363], [-3.60181, -0.57871, 1.17085], [-4.92711, 0.30357, 1.92022], [-3.6581, 0.9024, -0.78378], [-4.80571, 1.97353, 0.02192], [-5.99851, 0.63159, -1.58465], [-6.4904, 0.12669, 0.03108], [-4.40311, -1.30596, -1.66963], [-5.02574, -1.85221, -0.11152], [-7.31004, -2.05021, -1.09055], [-6.14721, -3.05526, -1.958], [-6.68385, -1.52477, -2.65397]]}"
TUNFSRHWOTWDNC-UHFFFAOYSA-N,CCCCCCCCCCCCCC(=O)O,0,0.0,"{""sym"": [""C"", ""C"", ""C"", ""C"", ""C"", ""C"", ""C"", ""C"", ""C"", ""C"", ""C"", ""C"", ""C"", ""C"", ""O"", ""O"", ""H"", ""H"", ""H"", ""H"", ""H"", ""H"", ""H"", ""H"", ""H"", ""H"", ""H"", ""H"", ""H"", ""H"", ""H"", ""H"", ""H"", ""H"", ""H"", ""H"", ""H"", ""H"", ""H"", ""H"", ""H"", ""H"", ""H"", ""H""], ""x"": [[7.19526, 1.28251, 2.37424], [6.42213, 0.49853, 1.3209], [4.95043, 0.9022, 1.27717], [4.17003, 0.11827, 0.22526], [2.69842, 0.52155, 0.18121], [1.91835, -0.26699, -0.86774], [0.44661, 0.13681, -0.91303], [-0.33215, -0.67348, -1.9469], [-1.77891, -0.21033, -2.11789], [-2.64387, -0.44717, -0.88158], [-4.10587, -0.0944, -1.14576], [-4.97206, -0.29762, 0.094], [-6.43947, 0.05637, -0.18243], [-7.24378, -0.12177, 1.07696], [-7.56536, 0.7519, 1.83592], [-7.55064, -1.40865, 1.29431], [6.77494, 1.1101, 3.36284], [8.23983, 0.97989, 2.38831], [7.1501, 2.34928, 2.1653], [6.49644, -0.56981, 1.537], [6.87172, 0.66845, 0.33981], [4.50191, 0.73391, 2.25926], [4.87657, 1.97049, 1.0598], [4.61916, 0.2858, -0.75664], [4.24449, -0.94999, 0.44274], [2.24967, 0.35649, 1.16364], [2.62268, 1.58891, -0.03976], [2.36886, -0.1044, -1.84986], [1.99183, -1.33417, -0.64508], [0.00939, -0.0093, 0.07603], [0.3718, 1.19908, -1.15716], [0.17565, -0.58939, -2.91109], [-0.32162, -1.72804, -1.66157], [-2.21926, -0.749, -2.96081], [-1.78923, 0.85352, -2.3661], [-2.27628, 0.15898, -0.05212], [-2.57245, -1.49664, -0.58669], [-4.17166, 0.9479, -1.46529], [-4.48716, -0.71525, -1.95976], [-4.91005, -1.33847, 0.41798], [-4.60031, 0.33221, 0.90496], [-6.83536, -0.60283, -0.95518], [-6.51614, 1.09482, -0.5047], [-8.03465, -1.50402, 2.12953]]}"
TUNFSRHWOTWDNC-UHFFFAOYSA-N,CCCCCCCCCCCCCC(=O)O,1,0.5759668865575804,"{""sym"": [""C"", ""C"", ""C"", ""C"", ""C"", ""C"", ""C"", ""C"", ""C"", ""C"", ""C"", ""C"", ""C"", ""C"", ""O"", ""O"", ""H"", ""H"", ""H"", ""H"", ""H"", ""H"", ""H"", ""H"", ""H"", ""H"", ""H"", ""H"", ""H"", ""H"", ""H"", ""H"", ""H"", ""H"", ""H"", ""H"", ""H"", ""H"", ""H"", ""H"", ""H"", ""H"", ""H"", ""H""], ""x"": [[-6.22314, -1.92433, 0.71628], [-4.75409, -1.54155, 0.85107], [-4.58709, -0.18994, 1.54257], [-3.12916, 0.17954, 1.818], [-2.31947, 0.45083, 0.55195], [-0.90428, 0.92665, 0.87306], [-0.08525, 1.18025, -0.39018], [1.3382, 1.62732, -0.06581], [2.14394, 2.02013, -1.30526], [2.34986, 0.89555, -2.32368], [2.99483, -0.37046, -1.75833], [4.38678, -0.12514, -1.18001], [5.03062, -1.41685, -0.68269], [4.35321, -1.96038, 0.54895], [3.58847, -1.37094, 1.26295], [4.72525, -3.22701, 0.79082], [-6.32575, -2.88375, 0.21409], [-6.76065, -1.17531, 0.13855], [-6.69052, -1.99781, 1.69609], [-4.23162, -2.30769, 1.42875], [-4.3026, -1.50679, -0.1417], [-5.12533, -0.21764, 2.49383], [-5.04639, 0.58772, 0.92746], [-2.6544, -0.62553, 2.38386], [-3.10955, 1.07581, 2.4434], [-2.25943, -0.45827, -0.04893], [-2.82942, 1.21112, -0.04512], [-0.9569, 1.84551, 1.46222], [-0.3989, 0.17427, 1.48281], [-0.05827, 0.26343, -0.98157], [-0.57747, 1.94916, -0.99149], [1.29006, 2.49616, 0.59607], [1.85343, 0.83519, 0.47898], [3.11759, 2.39557, -0.98384], [1.63238, 2.84344, -1.8118], [2.97676, 1.27978, -3.13336], [1.38597, 0.62756, -2.76106], [2.35562, -0.79313, -0.98337], [3.07042, -1.10638, -2.56421], [4.31743, 0.56721, -0.34117], [5.02425, 0.32299, -1.94499], [6.07551, -1.24102, -0.41261], [5.01794, -2.19383, -1.44914], [4.30115, -3.55704, 1.5986]]}"
TUNFSRHWOTWDNC-UHFFFAOYSA-N,CCCCCCCCCCCCCC(=O)O,2,0.8614881608518772,"{""sym"": [""C"", ""C"", ""C"", ""C"", ""C"", ""C"", ""C"", ""C"", ""C"", ""C"", ""C"", ""C"", ""C"", ""C"", ""O"", ""O"", ""H"", ""H"", ""H"", ""H"", ""H"", ""H"", ""H"", ""H"", ""H"", ""H"", ""H"", ""H"", ""H"", ""H"", ""H"", ""H"", ""H"", ""H"", ""H"", ""H"", ""H"", ""H"", ""H"", ""H"", ""H"", ""H"", ""H"", ""H""], ""x"": [[-7.48239, 0.59431, -0.60005], [-6.19435, 0.81751, 0.1825], [-4.95963, 0.4918, -0.65409], [-3.6632, 0.7118, 0.121], [-2.43078, 0.3861, -0.71893], [-1.13346, 0.61184, 0.05341], [0.09259, 0.26739, -0.78904], [1.41835, 0.59434, -0.10092], [1.71273, -0.31162, 1.09235], [3.02598, 0.02898, 1.79932], [4.28324, -0.11818, 0.94067], [4.49338, -1.53753, 0.41886], [5.83599, -1.68002, -0.30761], [5.87444, -0.81707, -1.5415], [6.59182, 0.1301, -1.71816], [4.99225, -1.22596, -2.46532], [-7.55993, -0.44337, -0.91771], [-8.34988, 0.83179, 0.01124], [-7.50374, 1.22541, -1.486], [-6.1435, 1.85866, 0.50954], [-6.19942, 0.19061, 1.07726], [-5.01147, -0.54934, -0.98198], [-4.9553, 1.11911, -1.54884], [-3.61108, 1.75272, 0.44961], [-3.66682, 0.0842, 1.01561], [-2.48054, -0.65629, -1.04316], [-2.43103, 1.01011, -1.61608], [-1.07596, 1.65827, 0.36277], [-1.14932, -0.00136, 0.95605], [0.0376, 0.82836, -1.72572], [0.07015, -0.79546, -1.04185], [1.40587, 1.63529, 0.23062], [2.21752, 0.4897, -0.83659], [1.72963, -1.35122, 0.76109], [0.9068, -0.21515, 1.82234], [3.12322, -0.61646, 2.6762], [2.97238, 1.06045, 2.15551], [4.24286, 0.57718, 0.10093], [5.14611, 0.16473, 1.5485], [3.6957, -1.80577, -0.27398], [4.4711, -2.23981, 1.25467], [5.9697, -2.71754, -0.61791], [6.65881, -1.3856, 0.34391], [5.03358, -0.65301, -3.24678]]}"
TUNFSRHWOTWDNC-UHFFFAOYSA-N,CCCCCCCCCCCCCC(=O)O,3,1.0628891173837474,"{""sym"": [""C"", ""C"", ""C"", ""C"", ""C"", ""C"", ""C"", ""C"", ""C"", ""C"", ""C"", ""C"", ""C"", ""C"", ""O"", ""O"", ""H"", ""H"", ""H"", ""H"", ""H"", ""H"", ""H"", ""H"", ""H"", ""H"", ""H"", ""H"", ""H"", ""H"", ""H"", ""H"", ""H"", ""H"", ""H"", ""H"", ""H"", ""H"", ""H"", ""H"", ""H"", ""H"", ""H"", ""H""], ""x"": [[-7.28886, 0.81154, -0.21264], [-6.31849, 0.18632, 0.78314], [-4.85572, 0.53526, 0.50473], [-4.31839, -0.10907, -0.77138], [-2.85894, 0.24727, -1.05707], [-1.87381, -0.38038, -0.07316], [-0.42503, -0.10422, -0.46835], [0.56525, -0.71576, 0.51975], [2.01518, -0.44827, 0.12256], [2.99597, -1.05366, 1.12429], [4.45972, -0.89744, 0.713], [4.94055, 0.5518, 0.74338], [6.44915, 0.65387, 0.48603], [6.79013, 0.17834, -0.90186], [7.4005, -0.81916, -1.17645], [6.32462, 1.0125, -1.84284], [-7.15406, 1.89072, -0.24862], [-7.13734, 0.41173, -1.2119], [-8.31549, 0.60483, 0.08167], [-6.57376, 0.53637, 1.78635], [-6.43672, -0.8998, 0.77287], [-4.75307, 1.62051, 0.43005], [-4.25555, 0.20254, 1.35363], [-4.41495, -1.19474, -0.695], [-4.92244, 0.21869, -1.6192], [-2.60703, -0.09451, -2.06444], [-2.74373, 1.33377, -1.04071], [-2.04794, 0.01431, 0.92929], [-2.03744, -1.46025, -0.03855], [-0.26539, 0.97561, -0.51851], [-0.2383, -0.51126, -1.4652], [0.39823, -1.79423, 0.57607], [0.38349, -0.30226, 1.5147], [2.20158, -0.87399, -0.86615], [2.17082, 0.62981, 0.05585], [2.84398, -0.59296, 2.10336], [2.77546, -2.11879, 1.22627], [4.59885, -1.30697, -0.28989], [5.07907, -1.48566, 1.3941], [4.725, 0.98599, 1.72194], [4.4178, 1.13887, -0.01209], [6.75959, 1.69612, 0.57281], [7.0005, 0.04603, 1.20356], [6.54702, 0.68059, -2.72658]]}"
TUNFSRHWOTWDNC-UHFFFAOYSA-N,CCCCCCCCCCCCCC(=O)O,4,1.2437501281892764,"{""sym"": [""C"", ""C"", ""C"", ""C"", ""C"", ""C"", ""C"", ""C"", ""C"", ""C"", ""C"", ""C"", ""C"", ""C"", ""O"", ""O"", ""H"", ""H"", ""H"", ""H"", ""H"", ""H"", ""H"", ""H"", ""H"", ""H"", ""H"", ""H"", ""H"", ""H"", ""H"", ""H"", ""H"", ""H"", ""H"", ""H"", ""H"", ""H"", ""H"", ""H"", ""H"", ""H"", ""H"", ""H""], ""x"": [[-7.1391, -0.8044, -0.58771], [-6.17591, -1.12411, 0.54888], [-4.73971, -0.73439, 0.20677], [-3.78114, -1.04037, 1.3554], [-2.31469, -0.77902, 1.01063], [-2.00638, 0.69999, 0.78386], [-0.50806, 0.99209, 0.69256], [0.1449, 0.37286, -0.54247], [1.57075, 0.87005, -0.79062], [2.56836, 0.38211, 0.25879], [4.00112, 0.85392, 0.00319], [4.64367, 0.20648, -1.22258], [6.1114, 0.60418, -1.36705], [6.9914, -0.04646, -0.33027], [6.75558, -1.05828, 0.27104], [8.13478, 0.63655, -0.16037], [-8.15307, -1.09775, -0.32549], [-6.8511, -1.33556, -1.49255], [-7.13656, 0.26224, -0.80221], [-6.2174, -2.19356, 0.76878], [-6.48861, -0.59044, 1.44943], [-4.70825, 0.33121, -0.02653], [-4.42135, -1.28064, -0.6845], [-3.8926, -2.09211, 1.63182], [-4.05991, -0.44173, 2.22615], [-2.05262, -1.35141, 0.11921], [-1.69454, -1.14264, 1.83397], [-2.49037, 1.04151, -0.13283], [-2.42383, 1.27531, 1.6142], [-0.36633, 2.07547, 0.65736], [-0.0194, 0.62269, 1.59576], [0.16102, -0.71399, -0.44547], [-0.46449, 0.61974, -1.41599], [1.57213, 1.96288, -0.8099], [1.88605, 0.52073, -1.77565], [2.25877, 0.74786, 1.23942], [2.55356, -0.7095, 0.29078], [4.6056, 0.60572, 0.87806], [4.00959, 1.94092, -0.11253], [4.10938, 0.50399, -2.12525], [4.58449, -0.87907, -1.12797], [6.49467, 0.28137, -2.3391], [6.24342, 1.68512, -1.3035], [8.70477, 0.18827, 0.48447]]}"
ZAZKJZBWRNNLDS-UHFFFAOYSA-N,C(CCCCC(=O)OC)CCCCCCCC,0,0.0,"{""sym"": [""C"", ""C"", ""C"", ""C"", ""C"", ""C"", ""O"", ""O"", ""C"", ""C"", ""C"", ""C"", ""C"", ""C"", ""C"", ""C"", ""C"", ""H"", ""H"", ""H"", ""H"", ""H"", ""H"", ""H"", ""H"", ""H"", ""H"", ""H"", ""H"", ""H"", ""H"", ""H"", ""H"", ""H"", ""H"", ""H"", ""H"", ""H"", ""H"", ""H"", ""H"", ""H"", ""H"", ""H"", ""H"", ""H"", ""H""], ""x"": [[1.21357, -0.57581, 1.1271], [2.33964, -0.6799, 2.15392], [3.70325, -0.25626, 1.60748], [4.22029, -1.18318, 0.50926], [5.63312, -0.80907, 0.06605], [5.66214, 0.49779, -0.69251], [4.75687, 0.96239, -1.33176], [6.86762, 1.07796, -0.59156], [7.04633, 2.29041, -1.31125], [-0.14358, -0.89145, 1.75384], [-1.29556, -0.90276, 0.7471], [-1.65022, 0.48881, 0.22677], [-2.79755, 0.48044, -0.78478], [-4.15727, 0.15287, -0.17094], [-5.28207, 0.26754, -1.19742], [-6.64451, -0.07272, -0.59873], [-7.76813, 0.07054, -1.61798], [1.20809, 0.43233, 0.7109], [1.39386, -1.27497, 0.30923], [2.40156, -1.70753, 2.52107], [2.0938, -0.04224, 3.00683], [4.42157, -0.24617, 2.43202], [3.63466, 0.75909, 1.21287], [3.56402, -1.12156, -0.35867], [4.21994, -2.21284, 0.87264], [6.31619, -0.73827, 0.91326], [6.02216, -1.57211, -0.6139], [6.45742, 3.0907, -0.85821], [8.10676, 2.52363, -1.25978], [6.72824, 2.16553, -2.34833], [-0.3608, -0.16295, 2.53892], [-0.08468, -1.87533, 2.22698], [-1.03205, -1.54575, -0.09606], [-2.1717, -1.33688, 1.23254], [-0.77265, 0.92317, -0.25512], [-1.91771, 1.13058, 1.06967], [-2.85796, 1.4678, -1.24984], [-2.57431, -0.24136, -1.57402], [-4.14893, -0.86093, 0.23327], [-4.35398, 0.83909, 0.65662], [-5.07758, -0.40601, -2.03319], [-5.30728, 1.28558, -1.59386], [-6.62564, -1.09793, -0.2216], [-6.8393, 0.58774, 0.24942], [-7.82303, 1.09363, -1.98419], [-7.59891, -0.5874, -2.46774], [-8.72569, -0.18621, -1.17044]]}"
ZAZKJZBWRNNLDS-UHFFFAOYSA-N,C(CCCCC(=O)OC)CCCCCCCC,1,0.19174068435677327,"{""sym"": [""C"", ""C"", ""C"", ""C"", ""C"", ""C"", ""O"", ""O"", ""C"", ""C"", ""C"", ""C"", ""C"", ""C"", ""C"", ""C"", ""C"", ""H"", ""H"", ""H"", ""H"", ""H"", ""H"", ""H"", ""H"", ""H"", ""H"", ""H"", ""H"", ""H"", ""H"", ""H"", ""H"", ""H"", ""H"", ""H"", ""H"", ""H"", ""H"", ""H"", ""H"", ""H"", ""H"", ""H"", ""H"", ""H"", ""H""], ""x"": [[-1.43615, -0.72275, 0.82439], [-1.8285, -1.48665, -0.43874], [-3.16151, -1.02861, -1.03186], [-4.36371, -1.40289, -0.16721], [-5.69059, -1.10313, -0.87514], [-5.86759, 0.38158, -1.08225], [-5.78891, 0.9591, -2.13377], [-6.12499, 1.00021, 0.07886], [-6.28984, 2.40893, 0.01366], [-0.11206, -1.1979, 1.42508], [1.10354, -0.86071, 0.56386], [2.40869, -1.21183, 1.27531], [3.64674, -1.01938, 0.39919], [3.92124, 0.44183, 0.04985], [5.2316, 0.6062, -0.71645], [5.50338, 2.06292, -1.08431], [6.81104, 2.22165, -1.85004], [-1.36412, 0.34265, 0.59291], [-2.21733, -0.84737, 1.57654], [-1.88363, -2.55408, -0.21073], [-1.05303, -1.34907, -1.19382], [-3.28289, -1.49175, -2.01398], [-3.13967, 0.05263, -1.18339], [-4.32411, -2.47075, 0.05876], [-4.33894, -0.85633, 0.77625], [-5.71679, -1.592, -1.84934], [-6.51807, -1.46338, -0.26289], [-7.14384, 2.66071, -0.61819], [-6.4576, 2.7445, 1.0337], [-5.39639, 2.87674, -0.40461], [-0.15585, -2.27812, 1.58377], [0.01527, -0.72789, 2.40385], [1.08612, 0.20532, 0.33162], [1.05622, -1.41096, -0.37741], [2.36406, -2.25729, 1.59147], [2.50612, -0.60032, 2.17567], [4.51475, -1.42094, 0.92851], [3.52886, -1.59458, -0.52236], [3.10497, 0.83588, -0.55793], [3.96523, 1.03024, 0.96971], [6.05695, 0.22843, -0.10793], [5.19371, 0.00533, -1.62844], [4.67848, 2.44016, -1.6934], [5.5418, 2.66331, -0.17225], [6.98409, 3.26566, -2.10117], [6.78458, 1.64609, -2.77289], [7.64868, 1.86863, -1.25217]]}"
ZAZKJZBWRNNLDS-UHFFFAOYSA-N,C(CCCCC(=O)OC)CCCCCCCC,2,0.33285490917478455,"{""sym"": [""C"", ""C"", ""C"", ""C"", ""C"", ""C"", ""O"", ""O"", ""C"", ""C"", ""C"", ""C"", ""C"", ""C"", ""C"", ""C"", ""C"", ""H"", ""H"", ""H"", ""H"", ""H"", ""H"", ""H"", ""H"", ""H"", ""H"", ""H"", ""H"", ""H"", ""H"", ""H"", ""H"", ""H"", ""H"", ""H"", ""H"", ""H"", ""H"", ""H"", ""H"", ""H"", ""H"", ""H"", ""H"", ""H"", ""H""], ""x"": [[0.93698, -0.77328, -0.68074], [2.18034, -1.39942, -0.05434], [3.45546, -0.64446, -0.42177], [4.69341, -1.3049, 0.18003], [5.98618, -0.58556, -0.22309], [6.03067, 0.80314, 0.36722], [5.87404, 1.82923, -0.23946], [6.26127, 0.75651, 1.68682], [6.30232, 2.00606, 2.36036], [-0.3315, -1.54636, -0.32727], [-1.57844, -0.91655, -0.94324], [-2.84553, -1.67579, -0.55703], [-4.10418, -1.15919, -1.25628], [-4.44363, 0.30747, -0.98382], [-4.72405, 0.60048, 0.48821], [-5.08735, 2.06297, 0.75021], [-6.44332, 2.46425, 0.18131], [0.83988, 0.25876, -0.33621], [1.05309, -0.74753, -1.76681], [2.06876, -1.41288, 1.03265], [2.26669, -2.43615, -0.38928], [3.55687, -0.61306, -1.50897], [3.38279, 0.38725, -0.07133], [4.61596, -1.31283, 1.26914], [4.75019, -2.34129, -0.16021], [6.04621, -0.49901, -1.30813], [6.84458, -1.1461, 0.1488], [5.36637, 2.5481, 2.21155], [7.12381, 2.61536, 1.97793], [6.45179, 1.78194, 3.4134], [-0.44376, -1.57768, 0.75947], [-0.23429, -2.57699, -0.67742], [-1.47941, -0.90787, -2.03136], [-1.65094, 0.11879, -0.60613], [-2.71844, -2.72908, -0.82136], [-2.97822, -1.62993, 0.52528], [-3.98253, -1.28946, -2.33484], [-4.94983, -1.77767, -0.94481], [-3.62735, 0.94401, -1.3292], [-5.32628, 0.55949, -1.57462], [-3.83612, 0.36123, 1.07609], [-5.53654, -0.04197, 0.83633], [-4.31209, 2.70626, 0.32701], [-5.09943, 2.22892, 1.83038], [-7.22429, 1.80815, 0.56], [-6.44538, 2.41167, -0.90421], [-6.68475, 3.48496, 0.46974]]}"
ZAZKJZBWRNNLDS-UHFFFAOYSA-N,C(CCCCC(=O)OC)CCCCCCCC,3,0.5213143201472121,"{""sym"": [""C"", ""C"", ""C"", ""C"", ""C"", ""C"", ""O"", ""O"", ""C"", ""C"", ""C"", ""C"", ""C"", ""C"", ""C"", ""C"", ""C"", ""H"", ""H"", ""H"", ""H"", ""H"", ""H"", ""H"", ""H"", ""H"", ""H"", ""H"", ""H"", ""H"", ""H"", ""H"", ""H"", ""H"", ""H"", ""H"", ""H"", ""H"", ""H"", ""H"", ""H"", ""H"", ""H"", ""H"", ""H"", ""H"", ""H""], ""x"": [[-1.43441, -2.28913, 0.6025], [-2.1204, -1.54818, -0.54331], [-3.63826, -1.53514, -0.37401], [-4.37695, -0.95636, -1.58135], [-4.05151, 0.51889, -1.84956], [-4.40036, 1.37512, -0.65621], [-3.61237, 1.89588, 0.08793], [-5.72869, 1.48714, -0.51761], [-6.18074, 2.25784, 0.58556], [0.0793, -2.40648, 0.42335], [0.80642, -1.06598, 0.50103], [2.32223, -1.24324, 0.46042], [3.05636, 0.09407, 0.51467], [4.57049, -0.0878, 0.44588], [5.34992, 1.21481, 0.63255], [5.07165, 2.2897, -0.41974], [5.41235, 1.84731, -1.8379], [-1.64761, -1.77311, 1.54132], [-1.85551, -3.29562, 0.67623], [-1.75611, -0.52204, -0.57261], [-1.86442, -2.03236, -1.4895], [-3.89118, -0.96075, 0.51987], [-3.98828, -2.55909, -0.21773], [-4.11969, -1.53437, -2.47183], [-5.45266, -1.04996, -1.41927], [-2.99204, 0.64491, -2.06747], [-4.63851, 0.863, -2.70209], [-5.79722, 1.84475, 1.52051], [-7.26645, 2.21483, 0.56392], [-5.83584, 3.28947, 0.49237], [0.29298, -2.87798, -0.53921], [0.47267, -3.06255, 1.20431], [0.50222, -0.43023, -0.33202], [0.52649, -0.5566, 1.42591], [2.59905, -1.77025, -0.4564], [2.63706, -1.86432, 1.30271], [2.71957, 0.71378, -0.31791], [2.79589, 0.61189, 1.44083], [4.8762, -0.78264, 1.23283], [4.83773, -0.54455, -0.50855], [6.41815, 0.9828, 0.62073], [5.11399, 1.6258, 1.61756], [5.6701, 3.1698, -0.17062], [4.02301, 2.58758, -0.37342], [6.43863, 1.48949, -1.88955], [5.30448, 2.68075, -2.52878], [4.75225, 1.0491, -2.16699]]}"
ZAZKJZBWRNNLDS-UHFFFAOYSA-N,C(CCCCC(=O)OC)CCCCCCCC,4,0.7275348600305733,"{""sym"": [""C"", ""C"", ""C"", ""C"", ""C"", ""C"", ""O"", ""O"", ""C"", ""C"", ""C"", ""C"", ""C"", ""C"", ""C"", ""C"", ""C"", ""H"", ""H"", ""H"", ""H"", ""H"", ""H"", ""H"", ""H"", ""H"", ""H"", ""H"", ""H"", ""H"", ""H"", ""H"", ""H"", ""H"", ""H"", ""H"", ""H"", ""H"", ""H"", ""H"", ""H"", ""H"", ""H"", ""H"", ""H"", ""H"", ""H""], ""x"": [[-0.79267, -1.229, -0.44983], [-2.31404, -1.17341, -0.30652], [-2.85611, 0.25251, -0.23457], [-4.37995, 0.31534, -0.12849], [-5.08489, -0.15995, -1.40621], [-6.57159, 0.04874, -1.2618], [-7.3515, -0.74985, -0.81517], [-6.92497, 1.27469, -1.67263], [-8.2998, 1.60912, -1.54735], [-0.04291, -0.74493, 0.78907], [1.46438, -0.94144, 0.64541], [2.22138, -0.43317, 1.87008], [3.72081, -0.72731, 1.82192], [4.45581, 0.03468, 0.7209], [5.96546, -0.18314, 0.80215], [6.73314, 0.45039, -0.35845], [6.66793, 1.97333, -0.36017], [-0.50088, -2.26314, -0.64936], [-0.48915, -0.63062, -1.31231], [-2.75465, -1.68223, -1.16553], [-2.61153, -1.71862, 0.59198], [-2.43764, 0.75215, 0.64049], [-2.53356, 0.80645, -1.11912], [-4.71577, -0.29554, 0.71173], [-4.67664, 1.3486, 0.06628], [-4.90155, -1.22151, -1.56513], [-4.72435, 0.41513, -2.25906], [-8.39812, 2.63201, -1.90145], [-8.61789, 1.52924, -0.50577], [-8.90961, 0.93419, -2.15138], [-0.39832, -1.29487, 1.66382], [-0.24638, 0.31401, 0.95726], [1.80564, -0.41307, -0.2464], [1.67861, -2.00368, 0.50512], [2.06682, 0.64405, 1.96856], [1.80195, -0.90781, 2.761], [4.15944, -0.45666, 2.78592], [3.87163, -1.8005, 1.68229], [4.10319, -0.29673, -0.2574], [4.23106, 1.09814, 0.81755], [6.33968, 0.22413, 1.74459], [6.16441, -1.25803, 0.80696], [6.33787, 0.06942, -1.30303], [7.77981, 0.14354, -0.29148], [5.65426, 2.32163, -0.53942], [7.00371, 2.36824, 0.59627], [7.3075, 2.37829, -1.14132]]}"
ZUHZGEOKBKGPSW-UHFFFAOYSA-N,COCCOCCOCCOCCOC,0,0.0,"{""sym"": [""C"", ""O"", ""C"", ""C"", ""O"", ""C"", ""C"", ""O"", ""C"", ""C"", ""O"", ""C"", ""C"", ""O"", ""C"", ""H"", ""H"", ""H"", ""H"", ""H"", ""H"", ""H"", ""H"", ""H"", ""H"", ""H"", ""H"", ""H"", ""H"", ""H"", ""H"", ""H"", ""H"", ""H"", ""H"", ""H"", ""H""], ""x"": [[-5.12086, 1.914, -0.04889], [-4.94768, 0.61929, -0.57222], [-3.63613, 0.11887, -0.49651], [-3.22313, -0.30787, 0.92527], [-1.9073, -0.80266, 0.98587], [-1.74312, -2.12444, 0.51365], [-0.26665, -2.51956, 0.63869], [0.52319, -2.09152, -0.43989], [0.76873, -0.6988, -0.45669], [1.72748, -0.41261, -1.61574], [1.82749, 0.95616, -1.94611], [2.39112, 1.79654, -0.96633], [3.84296, 1.46522, -0.60752], [3.86309, 0.49163, 0.41209], [5.16141, 0.12022, 0.79327], [-6.11368, 2.23544, -0.35893], [-4.3725, 2.60628, -0.45183], [-5.06506, 1.92784, 1.0447], [-2.91315, 0.85884, -0.87095], [-3.62841, -0.74731, -1.16283], [-3.22775, 0.56044, 1.58954], [-3.93965, -1.05051, 1.30451], [-2.04237, -2.21433, -0.53804], [-2.36163, -2.80941, 1.11331], [0.12202, -2.12231, 1.58695], [-0.18585, -3.60908, 0.63767], [-0.16298, -0.13721, -0.60277], [1.21817, -0.39434, 0.49868], [1.34046, -0.89315, -2.51741], [2.70825, -0.84008, -1.3814], [1.79834, 1.78827, -0.0436], [2.34844, 2.79372, -1.41055], [4.35053, 2.37789, -0.25791], [4.37067, 1.10115, -1.50207], [5.71514, -0.31713, -0.04745], [5.0553, -0.6217, 1.58218], [5.72507, 0.98223, 1.17273]]}"
ZUHZGEOKBKGPSW-UHFFFAOYSA-N,COCCOCCOCCOCCOC,1,0.40735755568312015,"{""sym"": [""C"", ""O"", ""C"", ""C"", ""O"", ""C"", ""C"", ""O"", ""C"", ""C"", ""O"", ""C"", ""C"", ""O"", ""C"", ""H"", ""H"", ""H"", ""H"", ""H"", ""H"", ""H"", ""H"", ""H"", ""H"", ""H"", ""H"", ""H"", ""H"", ""H"", ""H"", ""H"", ""H"", ""H"", ""H"", ""H"", ""H""], ""x"": [[6.142, 0.16533, 2.16943], [5.439, -0.44272, 1.11559], [4.20405, 0.17727, 0.85153], [3.53207, -0.56617, -0.29702], [2.32263, 0.08432, -0.60367], [1.61252, -0.53706, -1.65248], [0.33531, 0.25812, -1.94434], [-0.74817, -0.07583, -1.11838], [-0.60652, 0.34109, 0.22844], [-1.88175, -0.00589, 1.00147], [-2.88979, 0.97572, 0.92272], [-3.43622, 1.21098, -0.35555], [-4.07249, -0.0252, -1.01809], [-4.85239, -0.81887, -0.15869], [-5.97647, -0.166, 0.37973], [7.07596, -0.38267, 2.27444], [5.57732, 0.1115, 3.10855], [6.35689, 1.21826, 1.94889], [4.3471, 1.23075, 0.56744], [3.55526, 0.15077, 1.74011], [3.34954, -1.61026, -0.00407], [4.20268, -0.57045, -1.16878], [1.34722, -1.56905, -1.37923], [2.23808, -0.56798, -2.55727], [-0.00188, 0.03575, -2.95942], [0.57068, 1.32875, -1.86131], [0.25016, -0.16108, 0.6919], [-0.42865, 1.42528, 0.26977], [-2.25208, -0.97865, 0.65949], [-1.65139, -0.06619, 2.06742], [-4.18838, 1.98626, -0.18539], [-2.67949, 1.60224, -1.04831], [-4.67315, 0.32575, -1.87299], [-3.28632, -0.68637, -1.38825], [-6.58208, 0.29376, -0.41174], [-6.56204, -0.93387, 0.88242], [-5.68924, 0.60103, 1.10564]]}"
ZUHZGEOKBKGPSW-UHFFFAOYSA-N,COCCOCCOCCOCCOC,2,0.6412556640425464,"{""sym"": [""C"", ""O"", ""C"", ""C"", ""O"", ""C"", ""C"", ""O"", ""C"", ""C"", ""O"", ""C"", ""C"", ""O"", ""C"", ""H"", ""H"", ""H"", ""H"", ""H"", ""H"", ""H"", ""H"", ""H"", ""H"", ""H"", ""H"", ""H"", ""H"", ""H"", ""H"", ""H"", ""H"", ""H"", ""H"", ""H"", ""H""], ""x"": [[-5.32354, -2.32265, 1.40156], [-3.97775, -2.06079, 1.71943], [-3.17492, -1.67611, 0.63089], [-3.44618, -0.23668, 0.15306], [-2.64279, 0.14386, -0.93968], [-1.31171, 0.47377, -0.61394], [-0.63423, 0.96522, -1.89964], [0.72222, 1.28414, -1.71637], [0.96349, 2.57559, -1.19484], [2.47313, 2.74827, -0.99751], [2.93595, 2.35237, 0.27246], [2.7504, 0.99557, 0.61833], [3.57076, 0.02149, -0.24599], [3.59087, -1.28906, 0.26825], [4.44462, -1.48166, 1.36926], [-5.7597, -2.78134, 2.28713], [-5.40144, -3.0166, 0.55657], [-5.87721, -1.40845, 1.1629], [-3.30954, -2.36222, -0.2183], [-2.14758, -1.76214, 0.99366], [-3.31588, 0.45516, 0.99796], [-4.47271, -0.15656, -0.214], [-1.30028, 1.26037, 0.15678], [-0.7585, -0.39455, -0.23096], [-0.66208, 0.15876, -2.63608], [-1.19149, 1.82331, -2.29786], [0.45529, 2.72567, -0.2333], [0.59261, 3.33179, -1.9029], [2.98711, 2.20508, -1.79958], [2.73144, 3.80773, -1.05805], [1.69336, 0.70935, 0.56807], [3.08266, 0.94146, 1.65813], [4.59442, 0.41214, -0.35343], [3.10931, -0.06688, -1.23254], [5.45938, -1.12927, 1.14848], [4.08388, -0.97439, 2.2705], [4.46664, -2.55452, 1.55154]]}"
ZUHZGEOKBKGPSW-UHFFFAOYSA-N,COCCOCCOCCOCCOC,3,1.0259318958342192,"{""sym"": [""C"", ""O"", ""C"", ""C"", ""O"", ""C"", ""C"", ""O"", ""C"", ""C"", ""O"", ""C"", ""C"", ""O"", ""C"", ""H"", ""H"", ""H"", ""H"", ""H"", ""H"", ""H"", ""H"", ""H"", ""H"", ""H"", ""H"", ""H"", ""H"", ""H"", ""H"", ""H"", ""H"", ""H"", ""H"", ""H"", ""H""], ""x"": [[-5.10167, 1.96746, -0.37555], [-5.78805, 1.16361, 0.55628], [-5.81209, -0.20159, 0.22977], [-4.46497, -0.90769, 0.42789], [-3.69241, -0.77226, -0.74906], [-2.41434, -1.35216, -0.68372], [-1.38964, -0.46148, 0.03007], [-0.14004, -1.10672, -0.02168], [0.88822, -0.36381, 0.58972], [2.17549, -1.19449, 0.51985], [3.2524, -0.57024, 1.17967], [3.97451, 0.37768, 0.42142], [5.03897, -0.29264, -0.46929], [5.69991, 0.60299, -1.32813], [6.62283, 1.45637, -0.69502], [-5.17183, 2.98882, -0.006], [-4.05134, 1.6772, -0.46471], [-5.56714, 1.90119, -1.36592], [-6.12957, -0.34738, -0.81183], [-6.5499, -0.64403, 0.90262], [-4.6347, -1.97513, 0.63372], [-3.95739, -0.46261, 1.29322], [-2.09179, -1.4968, -1.71767], [-2.44929, -2.33061, -0.18667], [-1.34385, 0.51724, -0.47279], [-1.68386, -0.2922, 1.07787], [0.64538, -0.15356, 1.64242], [1.01985, 0.59982, 0.07255], [2.40462, -1.40913, -0.52931], [2.00718, -2.14122, 1.03845], [3.3127, 0.98646, -0.20601], [4.45592, 1.02654, 1.15802], [5.757, -0.82461, 0.17166], [4.55719, -1.01826, -1.12998], [7.18138, 1.94353, -1.49227], [6.12658, 2.21993, -0.08698], [7.31373, 0.88977, -0.05998]]}"
ZUHZGEOKBKGPSW-UHFFFAOYSA-N,COCCOCCOCCOCCOC,4,1.4210369394349982,"{""sym"": [""C"", ""O"", ""C"", ""C"", ""O"", ""C"", ""C"", ""O"", ""C"", ""C"", ""O"", ""C"", ""C"", ""O"", ""C"", ""H"", ""H"", ""H"", ""H"", ""H"", ""H"", ""H"", ""H"", ""H"", ""H"", ""H"", ""H"", ""H"", ""H"", ""H"", ""H"", ""H"", ""H"", ""H"", ""H"", ""H"", ""H""], ""x"": [[5.57662, 0.50601, 2.37718], [5.45137, -0.04567, 1.09104], [4.25978, 0.33302, 0.44645], [4.24081, -0.32807, -0.93695], [3.18757, 0.1077, -1.76071], [1.90767, -0.33348, -1.36431], [0.93613, -0.04603, -2.51681], [-0.35252, -0.56889, -2.30863], [-1.11936, 0.11446, -1.34266], [-2.54244, -0.43163, -1.39686], [-3.28709, 0.17697, -0.37061], [-4.60093, -0.32851, -0.26482], [-5.33958, 0.38916, 0.87108], [-5.07085, -0.13245, 2.14596], [-3.7979, 0.20101, 2.65084], [5.58719, 1.60255, 2.34124], [4.75564, 0.18423, 3.03085], [6.52196, 0.14664, 2.77766], [3.39146, 0.01192, 1.04401], [4.21127, 1.42709, 0.3294], [5.15855, -0.05792, -1.46339], [4.21517, -1.41969, -0.81253], [1.91791, -1.41397, -1.15865], [1.58075, 0.19241, -0.4563], [0.89715, 1.0379, -2.69075], [1.30996, -0.53326, -3.41972], [-1.12878, 1.19454, -1.54559], [-0.72429, -0.04209, -0.32995], [-2.51299, -1.52263, -1.26289], [-2.98861, -0.22153, -2.3795], [-5.14056, -0.16564, -1.20995], [-4.57858, -1.40885, -0.05989], [-5.08996, 1.45843, 0.82774], [-6.41492, 0.25913, 0.72867], [-2.99719, -0.175, 2.00876], [-3.68907, 1.28829, 2.74557], [-3.73137, -0.25913, 3.63502]]}"
HLZKNKRTKFSKGZ-UHFFFAOYSA-N,C(CCCCCCCCCCO)CCC,0,0.0,"{""sym"": [""C"", ""C"", ""C"", ""C"", ""C"", ""C"", ""C"", ""C"", ""C"", ""C"", ""C"", ""O"", ""C"", ""C"", ""C"", ""H"", ""H"", ""H"", ""H"", ""H"", ""H"", ""H"", ""H"", ""H"", ""H"", ""H"", ""H"", ""H"", ""H"", ""H"", ""H"", ""H"", ""H"", ""H"", ""H"", ""H"", ""H"", ""H"", ""H"", ""H"", ""H"", ""H"", ""H"", ""H"", ""H""], ""x"": [[4.13995, -0.71154, 0.91515], [2.83297, 0.00274, 0.56616], [2.32569, -0.32147, -0.83768], [1.01767, 0.39083, -1.18577], [-0.18261, -0.11249, -0.387], [-1.48576, 0.53362, -0.8513], [-2.68499, 0.04443, -0.04323], [-3.9889, 0.68868, -0.50696], [-5.18915, 0.1987, 0.29899], [-6.49389, 0.82985, -0.18595], [-7.69704, 0.42928, 0.67152], [-8.04008, -0.93049, 0.55519], [5.34266, -0.20978, 0.11874], [6.64555, -0.8551, 0.58559], [7.8411, -0.36399, -0.22143], [4.34279, -0.56444, 1.97932], [4.01884, -1.78495, 0.74992], [2.97762, 1.0821, 0.65601], [2.07738, -0.29295, 1.29639], [2.18259, -1.40102, -0.92777], [3.08058, -0.024, -1.56768], [1.13661, 1.46441, -1.02121], [0.81341, 0.24246, -2.24929], [-0.03995, 0.10464, 0.67292], [-0.25897, -1.19698, -0.49738], [-1.64683, 0.30705, -1.90807], [-1.4048, 1.6192, -0.75633], [-2.52438, 0.27139, 1.01367], [-2.76371, -1.04145, -0.13831], [-4.14774, 0.46168, -1.5636], [-3.90915, 1.77399, -0.41151], [-5.03831, 0.44391, 1.35383], [-5.24538, -0.89018, 0.21315], [-6.68302, 0.53282, -1.21938], [-6.4018, 1.91713, -0.15712], [-8.58463, 0.97712, 0.346], [-7.49874, 0.68551, 1.72373], [-7.2749, -1.46018, 0.8041], [5.20213, -0.42781, -0.94133], [5.41953, 0.87478, 0.22838], [6.56395, -1.94045, 0.49032], [6.80324, -0.62764, 1.64256], [8.75847, -0.83268, 0.12671], [7.94896, 0.71426, -0.12553], [7.71301, -0.60098, -1.27541]]}"
HLZKNKRTKFSKGZ-UHFFFAOYSA-N,C(CCCCCCCCCCO)CCC,1,0.8983056224351458,"{""sym"": [""C"", ""C"", ""C"", ""C"", ""C"", ""C"", ""C"", ""C"", ""C"", ""C"", ""C"", ""O"", ""C"", ""C"", ""C"", ""H"", ""H"", ""H"", ""H"", ""H"", ""H"", ""H"", ""H"", ""H"", ""H"", ""H"", ""H"", ""H"", ""H"", ""H"", ""H"", ""H"", ""H"", ""H"", ""H"", ""H"", ""H"", ""H"", ""H"", ""H"", ""H"", ""H"", ""H"", ""H"", ""H""], ""x"": [[-3.96391, -0.07375, -0.07764], [-2.71543, -0.8442, -0.50298], [-1.4834, -0.53885, 0.35185], [-0.9391, 0.87378, 0.14509], [0.29309, 1.17767, 0.99958], [1.53336, 0.3885, 0.58529], [2.76187, 0.81128, 1.38885], [3.9952, -0.04782, 1.10407], [4.59362, 0.20906, -0.27747], [5.80583, -0.67485, -0.5786], [7.06263, -0.25138, 0.18502], [7.45839, 1.07051, -0.09372], [-5.19371, -0.49282, -0.88028], [-6.44055, 0.28798, -0.47162], [-7.66853, -0.1418, -1.26509], [-4.14988, -0.25012, 0.98458], [-3.80218, 0.99694, -0.21265], [-2.49157, -0.62078, -1.54895], [-2.92867, -1.91428, -0.43402], [-1.73369, -0.6777, 1.40645], [-0.70496, -1.26121, 0.09842], [-1.71674, 1.59688, 0.39768], [-0.68856, 1.01167, -0.90972], [0.0657, 0.96973, 2.04804], [0.51816, 2.24435, 0.91836], [1.71293, 0.54681, -0.47955], [1.36286, -0.67811, 0.7417], [2.99382, 1.85777, 1.17815], [2.52194, 0.73604, 2.45255], [3.72443, -1.10321, 1.19259], [4.74961, 0.16617, 1.86313], [4.89465, 1.25676, -0.34614], [3.83543, 0.02376, -1.04024], [6.0223, -0.62919, -1.6509], [5.58031, -1.71354, -0.32973], [7.8798, -0.95062, -0.04987], [6.88967, -0.28086, 1.26196], [7.56347, 1.1634, -1.04736], [-5.00255, -0.33343, -1.94424], [-5.37462, -1.56052, -0.73456], [-6.26424, 1.35483, -0.62728], [-6.62681, 0.13618, 0.59408], [-8.54285, 0.42882, -0.95989], [-7.87653, -1.19765, -1.1052], [-7.51062, 0.01718, -2.32974]]}"
HLZKNKRTKFSKGZ-UHFFFAOYSA-N,C(CCCCCCCCCCO)CCC,2,1.0389229330794478,"{""sym"": [""C"", ""C"", ""C"", ""C"", ""C"", ""C"", ""C"", ""C"", ""C"", ""C"", ""C"", ""O"", ""C"", ""C"", ""C"", ""H"", ""H"", ""H"", ""H"", ""H"", ""H"", ""H"", ""H"", ""H"", ""H"", ""H"", ""H"", ""H"", ""H"", ""H"", ""H"", ""H"", ""H"", ""H"", ""H"", ""H"", ""H"", ""H"", ""H"", ""H"", ""H"", ""H"", ""H"", ""H"", ""H""], ""x"": [[-3.82801, -0.37096, 0.1299], [-2.59695, -1.10752, -0.39245], [-1.94269, -1.95695, 0.69445], [-0.78488, -2.81607, 0.18347], [0.37698, -2.03455, -0.43212], [1.03584, -1.05735, 0.53812], [2.27042, -0.39968, -0.07371], [2.92248, 0.58613, 0.89309], [4.08407, 1.3656, 0.27554], [5.29921, 0.48952, -0.02722], [6.46198, 1.28787, -0.62202], [7.05753, 2.18047, 0.28856], [-4.46299, 0.50666, -0.94629], [-5.76146, 1.17536, -0.49456], [-5.55349, 2.20579, 0.60943], [-4.56367, -1.09846, 0.48152], [-3.53505, 0.24442, 0.98224], [-2.88555, -1.75019, -1.22775], [-1.88215, -0.37377, -0.76862], [-1.59386, -1.309, 1.50049], [-2.69761, -2.62357, 1.11988], [-0.40343, -3.41252, 1.01643], [-1.16977, -3.50978, -0.56846], [1.12816, -2.75352, -0.7699], [0.03088, -1.49145, -1.31322], [0.32412, -0.27937, 0.81907], [1.32422, -1.58966, 1.44755], [1.9819, 0.1278, -0.98635], [2.98606, -1.17582, -0.35032], [3.27914, 0.0471, 1.7739], [2.16516, 1.29975, 1.22825], [4.37421, 2.15209, 0.97851], [3.74614, 1.84897, -0.64536], [5.63716, 0.00572, 0.89133], [5.02718, -0.28634, -0.74275], [6.11568, 1.82857, -1.51584], [7.26357, 0.60854, -0.92146], [6.38291, 2.79215, 0.60344], [-3.75035, 1.27645, -1.25235], [-4.67516, -0.11179, -1.82225], [-6.45893, 0.40941, -0.14778], [-6.21676, 1.66969, -1.35632], [-5.20779, 1.73284, 1.52496], [-4.81753, 2.94685, 0.30425], [-6.48693, 2.72056, 0.82657]]}"
HLZKNKRTKFSKGZ-UHFFFAOYSA-N,C(CCCCCCCCCCO)CCC,3,1.2186428837594576,"{""sym"": [""C"", ""C"", ""C"", ""C"", ""C"", ""C"", ""C"", ""C"", ""C"", ""C"", ""C"", ""O"", ""C"", ""C"", ""C"", ""H"", ""H"", ""H"", ""H"", ""H"", ""H"", ""H"", ""H"", ""H"", ""H"", ""H"", ""H"", ""H"", ""H"", ""H"", ""H"", ""H"", ""H"", ""H"", ""H"", ""H"", ""H"", ""H"", ""H"", ""H"", ""H"", ""H"", ""H"", ""H"", ""H""], ""x"": [[4.23446, -0.87277, -0.03255], [2.71232, -0.75743, 0.04922], [2.24651, 0.56704, 0.65175], [0.75019, 0.58654, 0.96468], [-0.11956, 0.49324, -0.28824], [-1.60001, 0.7693, -0.02095], [-2.26119, -0.30683, 0.83788], [-3.74138, -0.03789, 1.11349], [-4.62543, -0.15946, -0.12647], [-6.10361, -0.01582, 0.22364], [-6.9976, -0.13102, -1.01091], [-8.36366, 0.03623, -0.71315], [4.85682, 0.13982, -0.99235], [6.33755, -0.12466, -1.26616], [7.21366, 0.05606, -0.03172], [4.49111, -1.88021, -0.37063], [4.65385, -0.74018, 0.96625], [2.2934, -0.87374, -0.95185], [2.33235, -1.57602, 0.66614], [2.79931, 0.74437, 1.57796], [2.47602, 1.38445, -0.03399], [0.52005, -0.24016, 1.63913], [0.51427, 1.51748, 1.4868], [0.24287, 1.22236, -1.01739], [-0.01967, -0.49841, -0.73286], [-2.11624, 0.82959, -0.98099], [-1.70343, 1.73823, 0.47361], [-2.15772, -1.27598, 0.34361], [-1.74155, -0.36583, 1.79584], [-3.85439, 0.96141, 1.54042], [-4.08978, -0.75568, 1.86082], [-4.35728, 0.61001, -0.85159], [-4.4585, -1.13225, -0.59577], [-6.38478, -0.79219, 0.94205], [-6.27984, 0.95267, 0.69624], [-6.75906, 0.65975, -1.72583], [-6.82835, -1.10188, -1.50117], [-8.615, -0.61284, -0.04656], [4.74826, 1.14685, -0.58586], [4.31442, 0.10318, -1.94072], [6.67544, 0.5651, -2.04373], [6.45838, -1.14017, -1.65101], [6.98178, -0.69096, 0.72286], [7.06053, 1.04262, 0.40098], [8.26446, -0.04391, -0.29485]]}"
HLZKNKRTKFSKGZ-UHFFFAOYSA-N,C(CCCCCCCCCCO)CCC,4,1.4040085677843308,"{""sym"": [""C"", ""C"", ""C"", ""C"", ""C"", ""C"", ""C"", ""C"", ""C"", ""C"", ""C"", ""O"", ""C"", ""C"", ""C"", ""H"", ""H"", ""H"", ""H"", ""H"", ""H"", ""H"", ""H"", ""H"", ""H"", ""H"", ""H"", ""H"", ""H"", ""H"", ""H"", ""H"", ""H"", ""H"", ""H"", ""H"", ""H"", ""H"", ""H"", ""H"", ""H"", ""H"", ""H"", ""H"", ""H""], ""x"": [[-4.57109, 0.33209, 1.05164], [-3.47326, 1.0085, 0.22971], [-2.12216, 0.30169, 0.31462], [-1.0363, 1.09566, -0.40941], [0.30847, 0.37109, -0.48467], [0.98635, 0.21965, 0.87554], [2.32904, -0.50948, 0.80378], [3.41446, 0.28489, 0.08055], [4.76971, -0.41639, 0.13789], [5.8514, 0.37711, -0.58928], [7.21023, -0.32063, -0.52439], [8.2165, 0.38032, -1.21682], [-4.8881, -1.10903, 0.64569], [-5.28683, -1.29381, -0.81893], [-6.54116, -0.51841, -1.20324], [-5.47983, 0.93289, 0.97792], [-4.27054, 0.32801, 2.10288], [-3.78146, 1.07534, -0.81521], [-3.35589, 2.0317, 0.59732], [-2.19402, -0.69025, -0.13503], [-1.85448, 0.17583, 1.36529], [-0.89918, 2.0587, 0.08871], [-1.37806, 1.29928, -1.42804], [0.16085, -0.6177, -0.92541], [0.96275, 0.93667, -1.15045], [0.32791, -0.34174, 1.54064], [1.13602, 1.20912, 1.31416], [2.66758, -0.71472, 1.82261], [2.19066, -1.47083, 0.30389], [3.4996, 1.27346, 0.53805], [3.13581, 0.42505, -0.9647], [5.06457, -0.5543, 1.181], [4.6857, -1.40752, -0.31313], [5.5743, 0.50912, -1.63751], [5.93859, 1.37114, -0.13888], [7.15582, -1.30041, -1.0049], [7.50038, -0.46953, 0.5271], [8.26972, 1.27438, -0.86057], [-5.70592, -1.465, 1.27803], [-4.02095, -1.73936, 0.85334], [-5.46318, -2.35904, -0.98915], [-4.46166, -0.99463, -1.46708], [-6.84071, -0.76535, -2.2194], [-6.36932, 0.55356, -1.15287], [-7.36229, -0.76712, -0.53433]]}"
YCOZIPAWZNQLMR-UHFFFAOYSA-N,CCCCCCCCCCCCCCC,0,0.0,"{""sym"": [""C"", ""C"", ""C"", ""C"", ""C"", ""C"", ""C"", ""C"", ""C"", ""C"", ""C"", ""C"", ""C"", ""C"", ""C"", ""H"", ""H"", ""H"", ""H"", ""H"", ""H"", ""H"", ""H"", ""H"", ""H"", ""H"", ""H"", ""H"", ""H"", ""H"", ""H"", ""H"", ""H"", ""H"", ""H"", ""H"", ""H"", ""H"", ""H"", ""H"", ""H"", ""H"", ""H"", ""H"", ""H"", ""H"", ""H""], ""x"": [[-7.94163, 1.09937, -0.41437], [-6.452, 1.22549, -0.1198], [-5.65051, 0.12207, -0.80696], [-4.13711, 0.2739, -0.64926], [-3.65746, 0.05534, 0.78429], [-2.14474, 0.21203, 0.94321], [-1.34301, -0.89127, 0.25625], [0.15093, -0.76806, 0.54629], [0.95768, -1.85531, -0.15976], [2.44271, -1.84244, 0.20328], [3.18039, -0.60172, -0.29558], [4.68083, -0.68611, -0.02422], [5.42381, 0.55637, -0.50952], [6.92361, 0.47312, -0.23699], [7.66022, 1.71442, -0.72453], [-8.50031, 1.88546, 0.0882], [-8.31687, 0.13772, -0.07086], [-8.12792, 1.1758, -1.48358], [-6.09424, 2.19791, -0.46618], [-6.29752, 1.17872, 0.95933], [-5.89131, 0.13272, -1.87325], [-5.95875, -0.84822, -0.40995], [-3.65112, -0.45211, -1.30383], [-3.83895, 1.27186, -0.98008], [-4.14646, 0.77889, 1.4391], [-3.95186, -0.94408, 1.11378], [-1.83907, 1.18279, 0.54536], [-1.90415, 0.2036, 2.00965], [-1.70072, -1.86417, 0.60246], [-1.49806, -0.84527, -0.82306], [0.49307, 0.21612, 0.22177], [0.31681, -0.83992, 1.624], [0.54194, -2.82936, 0.11103], [0.84914, -1.74108, -1.24101], [2.5489, -1.91346, 1.28844], [2.91486, -2.7272, -0.23143], [2.78148, 0.28753, 0.19546], [3.01421, -0.49194, -1.36996], [5.0902, -1.56839, -0.52279], [4.84626, -0.80931, 1.049], [5.01593, 1.43888, -0.01059], [5.25913, 0.67927, -1.58283], [7.08799, 0.35154, 0.83614], [7.33126, -0.40982, -0.73462], [7.5253, 1.84184, -1.79642], [7.28201, 2.60362, -0.22484], [8.72511, 1.63286, -0.5201]]}"
YCOZIPAWZNQLMR-UHFFFAOYSA-N,CCCCCCCCCCCCCCC,1,0.4197814866893168,"{""sym"": [""C"", ""C"", ""C"", ""C"", ""C"", ""C"", ""C"", ""C"", ""C"", ""C"", ""C"", ""C"", ""C"", ""C"", ""C"", ""H"", ""H"", ""H"", ""H"", ""H"", ""H"", ""H"", ""H"", ""H"", ""H"", ""H"", ""H"", ""H"", ""H"", ""H"", ""H"", ""H"", ""H"", ""H"", ""H"", ""H"", ""H"", ""H"", ""H"", ""H"", ""H"", ""H"", ""H"", ""H"", ""H"", ""H"", ""H""], ""x"": [[-6.34304, 1.50751, -1.23906], [-5.96284, 1.12829, 0.18687], [-4.82313, 0.11282, 0.22172], [-4.43554, -0.25687, 1.65177], [-3.38318, -1.36299, 1.73318], [-2.01909, -0.9468, 1.18707], [-0.97468, -2.04179, 1.39385], [0.43176, -1.62505, 0.9633], [0.55348, -1.38945, -0.5414], [2.00014, -1.22008, -1.0064], [2.66556, 0.04212, -0.4615], [4.06362, 0.24589, -1.04082], [4.73358, 1.4975, -0.47738], [6.08913, 1.80194, -1.11559], [7.14736, 0.75162, -0.799], [-7.15475, 2.23154, -1.23999], [-6.66608, 0.62937, -1.79431], [-5.49269, 1.94531, -1.75781], [-6.83531, 0.71064, 0.6948], [-5.662, 2.02613, 0.73188], [-5.12811, -0.78937, -0.31416], [-3.96078, 0.53379, -0.29788], [-4.06309, 0.63236, 2.16609], [-5.33196, -0.59065, 2.18105], [-3.73815, -2.23951, 1.18579], [-3.267, -1.65523, 2.78022], [-1.69096, -0.03529, 1.69287], [-2.10655, -0.72895, 0.12301], [-0.95014, -2.30799, 2.45389], [-1.27309, -2.93424, 0.83827], [1.1321, -2.41333, 1.25165], [0.71129, -0.71845, 1.50265], [0.11639, -2.24332, -1.06572], [-0.01366, -0.50068, -0.82327], [2.01303, -1.17949, -2.09877], [2.58062, -2.09501, -0.7036], [2.74038, -0.0224, 0.62524], [2.04484, 0.9088, -0.70203], [4.67032, -0.63182, -0.81249], [3.9965, 0.33147, -2.12826], [4.07154, 2.35202, -0.63923], [4.86379, 1.3828, 0.60149], [6.43547, 2.77228, -0.75091], [5.96921, 1.88101, -2.19864], [8.11529, 1.05908, -1.18881], [7.2381, 0.61618, 0.27687], [6.89235, -0.20535, -1.24651]]}"
YCOZIPAWZNQLMR-UHFFFAOYSA-N,CCCCCCCCCCCCCCC,2,1.0397588044870645,"{""sym"": [""C"", ""C"", ""C"", ""C"", ""C"", ""C"", ""C"", ""C"", ""C"", ""C"", ""C"", ""C"", ""C"", ""C"", ""C"", ""H"", ""H"", ""H"", ""H"", ""H"", ""H"", ""H"", ""H"", ""H"", ""H"", ""H"", ""H"", ""H"", ""H"", ""H"", ""H"", ""H"", ""H"", ""H"", ""H"", ""H"", ""H"", ""H"", ""H"", ""H"", ""H"", ""H"", ""H"", ""H"", ""H"", ""H"", ""H""], ""x"": [[-7.77228, -0.88359, -1.06202], [-6.89573, 0.25069, -0.54479], [-5.40985, -0.08656, -0.64569], [-4.53383, 1.04777, -0.11876], [-3.03601, 0.80958, -0.31422], [-2.48771, -0.32387, 0.55019], [-0.99091, -0.56145, 0.34592], [-0.12383, 0.59455, 0.84211], [1.36643, 0.25544, 0.88801], [1.97551, 0.0469, -0.49677], [3.46538, -0.29323, -0.45022], [4.33462, 0.86104, 0.0458], [5.82961, 0.60834, -0.14831], [6.36347, -0.54376, 0.70015], [7.87622, -0.678, 0.57417], [-7.55021, -1.09059, -2.10701], [-7.59843, -1.79194, -0.48857], [-8.82476, -0.62171, -0.97976], [-7.14733, 0.45704, 0.49828], [-7.10065, 1.15767, -1.11886], [-5.21669, -0.99881, -0.07862], [-5.15597, -0.283, -1.69024], [-4.80968, 1.96886, -0.63887], [-4.73804, 1.19792, 0.9441], [-2.83997, 0.5876, -1.36604], [-2.50958, 1.73287, -0.06605], [-3.01605, -1.24778, 0.30798], [-2.67799, -0.09828, 1.60242], [-0.80435, -0.73585, -0.71511], [-0.70599, -1.4675, 0.88701], [-0.44937, 0.86603, 1.84963], [-0.26577, 1.46616, 0.20092], [1.51432, -0.64735, 1.4858], [1.88766, 1.07368, 1.38813], [1.45415, -0.7712, -0.99696], [1.82808, 0.94962, -1.0947], [3.60717, -1.16408, 0.19202], [3.79118, -0.56582, -1.45735], [4.06018, 1.76673, -0.50116], [4.1428, 1.04123, 1.10502], [6.02841, 0.40109, -1.20273], [6.37491, 1.51809, 0.11613], [6.10022, -0.3717, 1.74654], [5.89539, -1.47867, 0.38791], [8.36989, 0.23261, 0.90777], [8.15639, -0.85918, -0.46154], [8.23901, -1.50654, 1.1783]]}"
YCOZIPAWZNQLMR-UHFFFAOYSA-N,CCCCCCCCCCCCCCC,3,1.3089772352104774,"{""sym"": [""C"", ""C"", ""C"", ""C"", ""C"", ""C"", ""C"", ""C"", ""C"", ""C"", ""C"", ""C"", ""C"", ""C"", ""C"", ""H"", ""H"", ""H"", ""H"", ""H"", ""H"", ""H"", ""H"", ""H"", ""H"", ""H"", ""H"", ""H"", ""H"", ""H"", ""H"", ""H"", ""H"", ""H"", ""H"", ""H"", ""H"", ""H"", ""H"", ""H"", ""H"", ""H"", ""H"", ""H"", ""H"", ""H"", ""H""], ""x"": [[-7.00136, -0.07598, 0.73636], [-5.79725, 0.15251, 1.64229], [-4.46276, -0.0229, 0.9174], [-4.22705, 1.02577, -0.16846], [-2.8024, 0.99838, -0.7229], [-2.47534, -0.29661, -1.46505], [-1.14952, -0.23563, -2.22442], [0.06781, -0.11118, -1.30994], [1.37335, -0.19145, -2.09912], [2.61563, 0.06344, -1.24476], [2.84957, -1.0154, -0.1883], [4.20993, -0.89358, 0.49897], [4.3467, 0.38478, 1.32447], [5.59823, 0.40196, 2.20225], [6.891, 0.42461, 1.3954], [-7.92249, -0.03944, 1.31353], [-7.05692, 0.68619, -0.03606], [-6.93657, -1.04994, 0.25579], [-5.84915, 1.15762, 2.06765], [-5.83927, -0.55857, 2.47108], [-4.42973, -1.02126, 0.47763], [-3.65527, 0.04497, 1.65108], [-4.92965, 0.87163, -0.98927], [-4.41889, 2.01633, 0.25277], [-2.10003, 1.13862, 0.10071], [-2.67976, 1.83787, -1.41234], [-2.43966, -1.12714, -0.75788], [-3.27653, -0.50254, -2.17988], [-1.04711, -1.14694, -2.81956], [-1.16924, 0.60865, -2.91806], [0.03348, 0.84201, -0.77953], [0.03632, -0.91155, -0.56865], [1.45324, -1.17542, -2.5679], [1.3432, 0.55209, -2.89999], [2.51831, 1.03706, -0.76129], [3.48787, 0.10441, -1.90263], [2.78747, -1.99547, -0.66864], [2.06534, -0.96562, 0.56923], [4.99427, -0.92919, -0.25911], [4.34576, -1.75413, 1.15962], [4.37084, 1.25047, 0.66023], [3.46795, 0.48233, 1.96728], [5.59425, -0.47346, 2.85608], [5.56437, 1.28921, 2.83938], [6.88739, 1.25656, 0.69426], [7.74808, 0.53676, 2.05554], [7.01557, -0.49776, 0.83474]]}"
YCOZIPAWZNQLMR-UHFFFAOYSA-N,CCCCCCCCCCCCCCC,4,1.4264639079738117,"{""sym"": [""C"", ""C"", ""C"", ""C"", ""C"", ""C"", ""C"", ""C"", ""C"", ""C"", ""C"", ""C"", ""C"", ""C"", ""C"", ""H"", ""H"", ""H"", ""H"", ""H"", ""H"", ""H"", ""H"", ""H"", ""H"", ""H"", ""H"", ""H"", ""H"", ""H"", ""H"", ""H"", ""H"", ""H"", ""H"", ""H"", ""H"", ""H"", ""H"", ""H"", ""H"", ""H"", ""H"", ""H"", ""H"", ""H"", ""H""], ""x"": [[6.36662, 1.09155, -1.91149], [6.07957, 0.7714, -0.44939], [4.58639, 0.58562, -0.18979], [4.29983, 0.25261, 1.27272], [2.80723, 0.18373, 1.59682], [2.09514, -0.97106, 0.89401], [0.67281, -1.20708, 1.40462], [-0.27752, -0.06327, 1.05838], [-1.70385, -0.27904, 1.56696], [-2.42891, -1.49556, 0.98683], [-2.51996, -1.52844, -0.54035], [-3.1863, -0.30686, -1.17457], [-4.63814, -0.10808, -0.74624], [-5.29571, 1.04211, -1.50569], [-6.73992, 1.26151, -1.07182], [7.43475, 1.21789, -2.07285], [5.86378, 2.01034, -2.20663], [6.01529, 0.28696, -2.55439], [6.60973, -0.1413, -0.16692], [6.45843, 1.58047, 0.17988], [4.21375, -0.21599, -0.82981], [4.05769, 1.50275, -0.46104], [4.76932, -0.70172, 1.52413], [4.7587, 1.0194, 1.90245], [2.69152, 0.06065, 2.67662], [2.34202, 1.13117, 1.31888], [2.67716, -1.88348, 1.04836], [2.05552, -0.77967, -0.17984], [0.69376, -1.34664, 2.48834], [0.30032, -2.13144, 0.95945], [-0.28705, 0.07873, -0.02363], [0.0984, 0.85863, 1.50663], [-2.28593, 0.61937, 1.35178], [-1.67261, -0.39009, 2.65425], [-3.43727, -1.52161, 1.40546], [-1.92397, -2.40558, 1.31782], [-1.5162, -1.6313, -0.95746], [-3.08144, -2.42178, -0.8272], [-3.15801, -0.42963, -2.26085], [-2.61531, 0.59214, -0.93616], [-5.19989, -1.02774, -0.92762], [-4.68376, 0.10414, 0.32333], [-4.72345, 1.95753, -1.33629], [-5.26753, 0.83067, -2.57742], [-6.78811, 1.49406, -0.00984], [-7.18413, 2.08654, -1.62431], [-7.33274, 0.36741, -1.25407]]}"
BGHCVCJVXZWKCC-UHFFFAOYSA-N,CCCCCCCCCCCCCC,0,0.0,"{""sym"": [""C"", ""C"", ""C"", ""C"", ""C"", ""C"", ""C"", ""C"", ""C"", ""C"", ""C"", ""C"", ""C"", ""C"", ""H"", ""H"", ""H"", ""H"", ""H"", ""H"", ""H"", ""H"", ""H"", ""H"", ""H"", ""H"", ""H"", ""H"", ""H"", ""H"", ""H"", ""H"", ""H"", ""H"", ""H"", ""H"", ""H"", ""H"", ""H"", ""H"", ""H"", ""H"", ""H"", ""H""], ""x"": [[-7.10163, -1.25565, 0.55274], [-6.43659, -0.03306, -0.06799], [-4.95373, 0.05007, 0.28657], [-4.28521, 1.26993, -0.34342], [-2.8296, 1.45769, 0.08569], [-1.89956, 0.35459, -0.41519], [-0.4398, 0.64298, -0.07251], [0.49432, -0.46171, -0.56067], [1.95376, -0.17245, -0.21844], [2.88486, -1.2743, -0.7194], [4.33916, -1.07896, -0.29011], [4.98769, 0.15572, -0.91393], [6.49749, 0.22232, -0.68205], [6.86687, 0.39529, 0.78675], [-6.62501, -2.16877, 0.20173], [-7.02212, -1.2231, 1.63751], [-8.15546, -1.29388, 0.28621], [-6.54464, -0.07413, -1.15439], [-6.94312, 0.87057, 0.27959], [-4.45837, -0.86028, -0.05501], [-4.84642, 0.10135, 1.37273], [-4.84915, 2.16209, -0.05859], [-4.33254, 1.1855, -1.43185], [-2.47485, 2.41623, -0.302], [-2.77889, 1.50559, 1.17617], [-2.0035, 0.26103, -1.49889], [-2.18509, -0.59959, 0.03076], [-0.33868, 0.74842, 1.0104], [-0.14288, 1.59254, -0.52468], [0.39319, -0.56729, -1.64352], [0.19774, -1.41125, -0.10828], [2.05778, -0.07805, 0.86516], [2.23909, 0.78152, -0.66477], [2.83283, -1.32279, -1.80982], [2.53265, -2.23357, -0.33113], [4.37893, -1.00724, 0.79809], [4.91108, -1.96194, -0.58688], [4.53002, 1.05835, -0.50556], [4.79926, 0.14397, -1.99056], [6.96441, -0.68638, -1.0695], [6.89983, 1.06595, -1.24857], [6.58172, -0.47954, 1.36528], [7.94018, 0.53684, 0.89267], [6.364, 1.26538, 1.20407]]}"
BGHCVCJVXZWKCC-UHFFFAOYSA-N,CCCCCCCCCCCCCC,1,0.5627429758969811,"{""sym"": [""C"", ""C"", ""C"", ""C"", ""C"", ""C"", ""C"", ""C"", ""C"", ""C"", ""C"", ""C"", ""C"", ""C"", ""H"", ""H"", ""H"", ""H"", ""H"", ""H"", ""H"", ""H"", ""H"", ""H"", ""H"", ""H"", ""H"", ""H"", ""H"", ""H"", ""H"", ""H"", ""H"", ""H"", ""H"", ""H"", ""H"", ""H"", ""H"", ""H"", ""H"", ""H"", ""H"", ""H""], ""x"": [[6.53535, -1.55222, 1.71515], [5.94863, -0.806, 0.5232], [4.44943, -0.56452, 0.68444], [3.85388, 0.18425, -0.50571], [2.35419, 0.42601, -0.34731], [1.76856, 1.16749, -1.54767], [0.29484, 1.53742, -1.37605], [-0.63524, 0.32724, -1.3265], [-2.10422, 0.74154, -1.27134], [-3.02996, -0.47061, -1.1982], [-4.51568, -0.11331, -1.26363], [-5.01626, 0.79163, -0.13505], [-4.77689, 0.2566, 1.27758], [-5.46521, -1.0773, 1.54125], [6.05446, -2.52087, 1.83351], [7.60248, -1.71354, 1.58013], [6.38771, -0.98444, 2.63132], [6.45885, 0.15339, 0.41042], [6.1255, -1.383, -0.38746], [3.94158, -1.52537, 0.79802], [4.27469, 0.01057, 1.59699], [4.36399, 1.14401, -0.61859], [4.03018, -0.39139, -1.41767], [2.17579, 1.01072, 0.55843], [1.85199, -0.53532, -0.22766], [2.34094, 2.0855, -1.70458], [1.88319, 0.55234, -2.44335], [-0.00438, 2.17321, -2.21352], [0.17493, 2.12238, -0.46098], [-0.46675, -0.29338, -2.21007], [-0.40679, -0.27726, -0.44698], [-2.25803, 1.37707, -0.3975], [-2.34911, 1.33017, -2.15899], [-2.80369, -1.13469, -2.03706], [-2.82419, -1.02723, -0.28228], [-5.09546, -1.03858, -1.26372], [-4.71331, 0.39044, -2.21366], [-4.54006, 1.77021, -0.2227], [-6.09028, 0.94226, -0.27412], [-3.70553, 0.15388, 1.45696], [-5.15503, 0.99572, 1.98877], [-5.03567, -1.86594, 0.92899], [-5.35132, -1.36055, 2.58558], [-6.52812, -1.00854, 1.31874]]}"
BGHCVCJVXZWKCC-UHFFFAOYSA-N,CCCCCCCCCCCCCC,2,0.6704303061487735,"{""sym"": [""C"", ""C"", ""C"", ""C"", ""C"", ""C"", ""C"", ""C"", ""C"", ""C"", ""C"", ""C"", ""C"", ""C"", ""H"", ""H"", ""H"", ""H"", ""H"", ""H"", ""H"", ""H"", ""H"", ""H"", ""H"", ""H"", ""H"", ""H"", ""H"", ""H"", ""H"", ""H"", ""H"", ""H"", ""H"", ""H"", ""H"", ""H"", ""H"", ""H"", ""H"", ""H"", ""H"", ""H""], ""x"": [[7.01933, 1.28561, 0.05693], [5.91852, 0.23487, 0.13117], [4.56078, 0.8548, 0.45191], [3.45279, -0.19301, 0.52774], [2.09686, 0.43782, 0.83671], [0.97884, -0.58439, 1.04694], [0.6026, -1.33201, -0.23032], [-0.50332, -2.36917, -0.02466], [-1.83848, -1.80804, 0.46757], [-2.45282, -0.77834, -0.47769], [-3.8432, -0.34749, -0.0164], [-4.44776, 0.70409, -0.94413], [-5.88397, 1.08103, -0.57988], [-5.99358, 1.79906, 0.76022], [6.79764, 2.01568, -0.71858], [7.97618, 0.82214, -0.17124], [7.10948, 1.81097, 1.00531], [6.16909, -0.50019, 0.89968], [5.85638, -0.294, -0.82282], [4.62397, 1.3852, 1.4054], [4.30941, 1.58928, -0.31726], [3.69678, -0.92057, 1.30578], [3.40553, -0.72647, -0.42333], [1.81942, 1.11278, 0.02326], [2.193, 1.04012, 1.74408], [1.28554, -1.30311, 1.81078], [0.10207, -0.05432, 1.42278], [1.48117, -1.85645, -0.61096], [0.29589, -0.61238, -0.99138], [-0.15509, -3.11316, 0.69651], [-0.67084, -2.88483, -0.97407], [-2.53663, -2.64223, 0.57833], [-1.71097, -1.36178, 1.45553], [-1.81198, 0.10339, -0.53094], [-2.51862, -1.20345, -1.48243], [-3.77002, 0.05249, 0.99651], [-4.50083, -1.21976, 0.01674], [-4.43604, 0.31697, -1.96651], [-3.82543, 1.60223, -0.92553], [-6.28053, 1.73286, -1.36213], [-6.49956, 0.17871, -0.56024], [-5.34049, 2.66895, 0.77844], [-5.71643, 1.14123, 1.57971], [-7.01469, 2.13485, 0.92591]]}"
BGHCVCJVXZWKCC-UHFFFAOYSA-N,CCCCCCCCCCCCCC,3,0.7782241124696156,"{""sym"": [""C"", ""C"", ""C"", ""C"", ""C"", ""C"", ""C"", ""C"", ""C"", ""C"", ""C"", ""C"", ""C"", ""C"", ""H"", ""H"", ""H"", ""H"", ""H"", ""H"", ""H"", ""H"", ""H"", ""H"", ""H"", ""H"", ""H"", ""H"", ""H"", ""H"", ""H"", ""H"", ""H"", ""H"", ""H"", ""H"", ""H"", ""H"", ""H"", ""H"", ""H"", ""H"", ""H"", ""H""], ""x"": [[-7.31621, 0.26125, -0.20426], [-6.36533, -0.92639, -0.28592], [-4.95454, -0.5571, 0.16638], [-3.99806, -1.74384, 0.07295], [-2.60696, -1.45057, 0.63543], [-1.82671, -0.42051, -0.17814], [-0.40021, -0.25218, 0.33962], [0.37905, 0.77782, -0.47513], [1.76885, 1.07636, 0.08845], [2.73366, -0.10097, -0.03743], [4.12674, 0.1956, 0.52098], [4.91756, 1.19242, -0.32388], [6.31085, 1.48183, 0.23641], [7.25192, 0.28534, 0.15734], [-7.38128, 0.62854, 0.81766], [-6.9665, 1.0743, -0.83674], [-8.31399, -0.02224, -0.53082], [-6.32914, -1.29244, -1.31461], [-6.74478, -1.73804, 0.33928], [-4.58815, 0.26257, -0.45405], [-4.98937, -0.20365, 1.19976], [-4.42729, -2.58276, 0.6271], [-3.90631, -2.05287, -0.97118], [-2.03655, -2.3829, 0.65595], [-2.7005, -1.10033, 1.66626], [-2.33498, 0.54442, -0.13766], [-1.79455, -0.73628, -1.22372], [-0.43127, 0.06429, 1.38511], [0.10785, -1.2173, 0.3], [-0.19419, 1.70839, -0.49746], [0.47483, 0.42654, -1.50547], [2.17755, 1.93473, -0.44803], [1.67725, 1.35548, 1.14101], [2.82018, -0.38457, -1.08924], [2.32435, -0.95571, 0.50448], [4.68002, -0.74401, 0.57157], [4.03164, 0.58101, 1.53922], [5.01351, 0.80449, -1.341], [4.36844, 2.13432, -0.37868], [6.22103, 1.80579, 1.27591], [6.74714, 2.30853, -0.32972], [8.25405, 0.57102, 0.46887], [6.9159, -0.52183, 0.80274], [7.30453, -0.08858, -0.86292]]}"
BGHCVCJVXZWKCC-UHFFFAOYSA-N,CCCCCCCCCCCCCC,4,1.0010209520478384,"{""sym"": [""C"", ""C"", ""C"", ""C"", ""C"", ""C"", ""C"", ""C"", ""C"", ""C"", ""C"", ""C"", ""C"", ""C"", ""H"", ""H"", ""H"", ""H"", ""H"", ""H"", ""H"", ""H"", ""H"", ""H"", ""H"", ""H"", ""H"", ""H"", ""H"", ""H"", ""H"", ""H"", ""H"", ""H"", ""H"", ""H"", ""H"", ""H"", ""H"", ""H"", ""H"", ""H"", ""H"", ""H""], ""x"": [[-6.91274, 0.73563, -0.89966], [-5.99255, 0.3732, 0.25935], [-4.52893, 0.31468, -0.17179], [-3.60837, -0.05888, 0.98809], [-2.12391, -0.00836, 0.62553], [-1.72195, -1.05701, -0.41041], [-0.20758, -1.17006, -0.58722], [0.42095, 0.09699, -1.16468], [1.88414, -0.08899, -1.56631], [2.8084, -0.35725, -0.38007], [4.27179, -0.39563, -0.81494], [5.23437, -0.80428, 0.30124], [5.24203, 0.12522, 1.51603], [5.63738, 1.55712, 1.17567], [-7.94886, 0.77033, -0.57102], [-6.64934, 1.70972, -1.30612], [-6.83085, 0.00014, -1.69704], [-6.10584, 1.1123, 1.05594], [-6.28711, -0.59736, 0.66533], [-4.42661, -0.41833, -0.97374], [-4.23152, 1.28828, -0.56924], [-3.85999, -1.06252, 1.33973], [-3.78877, 0.63347, 1.81477], [-1.5383, -0.17196, 1.5341], [-1.88511, 0.9887, 0.25163], [-2.1737, -0.81556, -1.37414], [-2.11011, -2.02883, -0.09437], [0.00439, -2.00462, -1.26079], [0.24558, -1.39902, 0.37894], [-0.14737, 0.39862, -2.04849], [0.35471, 0.90606, -0.43519], [2.22382, 0.81719, -2.07538], [1.9615, -0.91382, -2.279], [2.54997, -1.31176, 0.08185], [2.66299, 0.4281, 0.36385], [4.55895, 0.58113, -1.20793], [4.37403, -1.11495, -1.63203], [6.24493, -0.84632, -0.11368], [4.97665, -1.81193, 0.63748], [4.25797, 0.12192, 1.9875], [5.95214, -0.27403, 2.24473], [6.59063, 1.57544, 0.65141], [5.73381, 2.14798, 2.08393], [4.88832, 2.02925, 0.54564]]}"
POULHZVOKOAJMA-UHFFFAOYSA-N,C(CCCCCCCC)CCC(=O)O,0,0.0,"{""sym"": [""C"", ""C"", ""C"", ""C"", ""C"", ""C"", ""C"", ""C"", ""C"", ""C"", ""C"", ""C"", ""O"", ""O"", ""H"", ""H"", ""H"", ""H"", ""H"", ""H"", ""H"", ""H"", ""H"", ""H"", ""H"", ""H"", ""H"", ""H"", ""H"", ""H"", ""H"", ""H"", ""H"", ""H"", ""H"", ""H"", ""H"", ""H""], ""x"": [[3.30154, 0.74914, -0.82897], [2.1071, -0.18314, -0.63756], [0.80286, 0.59486, -0.47832], [-0.39168, -0.33156, -0.26424], [-1.696, 0.44251, -0.09088], [-2.89015, -0.48405, 0.12411], [-4.19417, 0.29011, 0.29955], [-5.38844, -0.63639, 0.51422], [-6.68755, 0.14066, 0.68851], [4.5997, 0.01554, -1.16735], [5.07759, -0.92778, -0.05484], [5.3261, -0.16902, 1.22206], [4.6701, -0.24354, 2.22567], [6.39479, 0.63489, 1.12392], [3.08085, 1.44449, -1.64289], [3.44176, 1.33856, 0.07945], [2.25944, -0.79397, 0.25319], [2.02634, -0.85128, -1.49879], [0.63089, 1.20572, -1.36826], [0.89109, 1.27129, 0.37491], [-0.48414, -1.0066, -1.11867], [-0.21679, -0.94469, 0.62271], [-1.87199, 1.05795, -0.97646], [-1.60415, 1.11599, 0.76437], [-2.98326, -1.15798, -0.73106], [-2.71439, -1.09935, 1.00973], [-4.37111, 0.90564, -0.58586], [-4.1025, 0.96275, 1.15574], [-5.21247, -1.25152, 1.39964], [-5.4807, -1.30949, -0.34128], [-6.89195, 0.74517, -0.19268], [-6.6236, 0.80273, 1.54944], [-7.52376, -0.5382, 0.83975], [5.38456, 0.74991, -1.35977], [4.45607, -0.57115, -2.07691], [6.01591, -1.39179, -0.36248], [4.33712, -1.7026, 0.13743], [6.52499, 1.12618, 1.94992]]}"
POULHZVOKOAJMA-UHFFFAOYSA-N,C(CCCCCCCC)CCC(=O)O,1,0.39372661901143147,"{""sym"": [""C"", ""C"", ""C"", ""C"", ""C"", ""C"", ""C"", ""C"", ""C"", ""C"", ""C"", ""C"", ""O"", ""O"", ""H"", ""H"", ""H"", ""H"", ""H"", ""H"", ""H"", ""H"", ""H"", ""H"", ""H"", ""H"", ""H"", ""H"", ""H"", ""H"", ""H"", ""H"", ""H"", ""H"", ""H"", ""H"", ""H"", ""H""], ""x"": [[2.95794, -0.97221, -0.73243], [2.12612, -2.2539, -0.67442], [0.82431, -2.1409, 0.12102], [-0.12273, -1.06698, -0.40968], [-1.47034, -1.09973, 0.30795], [-2.43044, -0.04099, -0.22923], [-3.76053, -0.04483, 0.52157], [-4.79542, 0.91331, -0.06982], [-4.42036, 2.38148, 0.09606], [3.40201, -0.48349, 0.64439], [4.28788, 0.75566, 0.54433], [3.52493, 1.97165, 0.08511], [2.33217, 2.1106, 0.09146], [4.35578, 2.93831, -0.33473], [3.8439, -1.16514, -1.34451], [2.38487, -0.18515, -1.22221], [2.73429, -3.04952, -0.23558], [1.88535, -2.5517, -1.69777], [0.31907, -3.10979, 0.07897], [1.04676, -1.9407, 1.17037], [0.32399, -0.08068, -0.27602], [-0.28049, -1.22393, -1.47967], [-1.92095, -2.08932, 0.19209], [-1.31166, -0.93294, 1.37614], [-2.61534, -0.22872, -1.28996], [-1.95834, 0.93836, -0.14117], [-4.17158, -1.05772, 0.49933], [-3.58569, 0.2161, 1.56826], [-4.92662, 0.69061, -1.13151], [-5.75469, 0.73742, 0.42386], [-3.51471, 2.61778, -0.45608], [-4.25579, 2.61562, 1.14577], [-5.21995, 3.01902, -0.27531], [2.52688, -0.23146, 1.24313], [3.95281, -1.27697, 1.15343], [4.71062, 1.00057, 1.52276], [5.12144, 0.59788, -0.14209], [3.85454, 3.72239, -0.60893]]}"
POULHZVOKOAJMA-UHFFFAOYSA-N,C(CCCCCCCC)CCC(=O)O,2,0.5440480802790262,"{""sym"": [""C"", ""C"", ""C"", ""C"", ""C"", ""C"", ""C"", ""C"", ""C"", ""C"", ""C"", ""C"", ""O"", ""O"", ""H"", ""H"", ""H"", ""H"", ""H"", ""H"", ""H"", ""H"", ""H"", ""H"", ""H"", ""H"", ""H"", ""H"", ""H"", ""H"", ""H"", ""H"", ""H"", ""H"", ""H"", ""H"", ""H"", ""H""], ""x"": [[2.6575, -0.13243, -0.1677], [1.63369, -1.14583, 0.33839], [0.26224, -0.51411, 0.56565], [-0.75781, -1.53837, 1.05909], [-2.11783, -0.9277, 1.39906], [-2.88554, -0.43375, 0.1746], [-4.27192, 0.08299, 0.55379], [-5.10846, 0.51859, -0.64995], [-4.5764, 1.77588, -1.32786], [4.02513, -0.77419, -0.39004], [5.05144, 0.22619, -0.9159], [5.46667, 1.2298, 0.12906], [5.37759, 1.09878, 1.31892], [5.99559, 2.32855, -0.43239], [2.75605, 0.67461, 0.56056], [2.3017, 0.30262, -1.10539], [1.53956, -1.95762, -0.38746], [1.99172, -1.57935, 1.27471], [-0.08202, -0.06957, -0.36981], [0.35328, 0.2874, 1.30234], [-0.35862, -2.02205, 1.95421], [-0.88991, -2.31225, 0.29897], [-1.97529, -0.09759, 2.09504], [-2.72157, -1.6832, 1.90849], [-2.99073, -1.25438, -0.53955], [-2.32093, 0.36275, -0.30946], [-4.8078, -0.70907, 1.08346], [-4.16716, 0.92528, 1.24187], [-6.13071, 0.70804, -0.31333], [-5.14672, -0.29702, -1.37585], [-5.23699, 2.07677, -2.13813], [-3.58666, 1.60693, -1.74368], [-4.51485, 2.59492, -0.61435], [4.38667, -1.18302, 0.55479], [3.93008, -1.59474, -1.10381], [4.67432, 0.76839, -1.78411], [5.96168, -0.29589, -1.2233], [6.28301, 2.95364, 0.2518]]}"
POULHZVOKOAJMA-UHFFFAOYSA-N,C(CCCCCCCC)CCC(=O)O,3,0.6485950645037519,"{""sym"": [""C"", ""C"", ""C"", ""C"", ""C"", ""C"", ""C"", ""C"", ""C"", ""C"", ""C"", ""C"", ""O"", ""O"", ""H"", ""H"", ""H"", ""H"", ""H"", ""H"", ""H"", ""H"", ""H"", ""H"", ""H"", ""H"", ""H"", ""H"", ""H"", ""H"", ""H"", ""H"", ""H"", ""H"", ""H"", ""H"", ""H"", ""H""], ""x"": [[-2.88194, 0.09582, 0.89235], [-2.08224, -0.95377, 1.66597], [-0.77148, -1.38179, 1.0032], [0.20776, -0.22967, 0.79131], [1.54584, -0.71698, 0.24074], [2.52015, 0.434, 0.00175], [3.85602, -0.05092, -0.5553], [4.83414, 1.09682, -0.79383], [6.16276, 0.60099, -1.35135], [-3.29589, -0.36912, -0.50227], [-4.19619, 0.65922, -1.19985], [-5.51973, 0.78551, -0.49249], [-5.8927, 1.73382, 0.14397], [-6.27311, -0.31303, -0.64519], [-3.77887, 0.33649, 1.46791], [-2.29902, 1.01433, 0.80914], [-2.70599, -1.84061, 1.80469], [-1.85795, -0.55092, 2.65656], [-0.97985, -1.86201, 0.04547], [-0.29789, -2.13135, 1.64231], [0.37169, 0.28402, 1.74161], [-0.21602, 0.49235, 0.09154], [1.37649, -1.2474, -0.69982], [1.99024, -1.42695, 0.9423], [2.07448, 1.14509, -0.69831], [2.69179, 0.96265, 0.94248], [3.68416, -0.57774, -1.49708], [4.30129, -0.76308, 0.14365], [4.3907, 1.80981, -1.49281], [5.00895, 1.62309, 0.14741], [6.01119, 0.09047, -2.30008], [6.62895, -0.09752, -0.65972], [6.84602, 1.43153, -1.51353], [-2.41036, -0.51899, -1.12099], [-3.82786, -1.32011, -0.43327], [-4.38933, 0.33425, -2.22329], [-3.71412, 1.637, -1.21074], [-7.11204, -0.21527, -0.1684]]}"
POULHZVOKOAJMA-UHFFFAOYSA-N,C(CCCCCCCC)CCC(=O)O,4,0.8681275997369085,"{""sym"": [""C"", ""C"", ""C"", ""C"", ""C"", ""C"", ""C"", ""C"", ""C"", ""C"", ""C"", ""C"", ""O"", ""O"", ""H"", ""H"", ""H"", ""H"", ""H"", ""H"", ""H"", ""H"", ""H"", ""H"", ""H"", ""H"", ""H"", ""H"", ""H"", ""H"", ""H"", ""H"", ""H"", ""H"", ""H"", ""H"", ""H"", ""H""], ""x"": [[2.77844, -0.61466, 0.08286], [1.75106, 0.335, -0.52789], [0.32295, -0.15836, -0.30811], [-0.70537, 0.79743, -0.90852], [-2.14217, 0.28067, -0.8241], [-2.6811, 0.22889, 0.60416], [-4.12093, -0.28005, 0.68574], [-5.14628, 0.68022, 0.08613], [-6.57076, 0.1863, 0.30846], [4.20774, -0.12937, -0.14098], [5.228, -1.09616, 0.47565], [6.61842, -0.59546, 0.19382], [7.31711, -0.93879, -0.72092], [7.00294, 0.334, 1.08001], [2.66066, -1.60572, -0.36098], [2.59166, -0.70624, 1.15531], [1.94043, 0.43134, -1.59937], [1.86361, 1.32629, -0.08266], [0.20849, -1.14405, -0.76527], [0.14857, -0.26622, 0.7636], [-0.4554, 0.95978, -1.96014], [-0.63959, 1.7634, -0.40236], [-2.1922, -0.71804, -1.26454], [-2.776, 0.93857, -1.42104], [-2.05085, -0.43331, 1.20058], [-2.6266, 1.22671, 1.04626], [-4.37318, -0.44308, 1.73688], [-4.19093, -1.24527, 0.17842], [-4.97139, 0.78798, -0.98554], [-5.0278, 1.66499, 0.54448], [-6.7092, -0.79217, -0.14687], [-6.7836, 0.10099, 1.37214], [-7.28906, 0.8744, -0.13169], [4.40113, -0.04146, -1.21245], [4.33384, 0.85823, 0.30771], [5.11441, -2.08565, 0.03265], [5.07767, -1.15126, 1.55396], [7.88528, 0.67013, 0.85722]]}"
UWHCKJMYHZGTIT-UHFFFAOYSA-N,OCCOCCOCCOCCO,0,0.0,"{""sym"": [""O"", ""C"", ""C"", ""O"", ""C"", ""C"", ""O"", ""C"", ""C"", ""O"", ""C"", ""C"", ""O"", ""H"", ""H"", ""H"", ""H"", ""H"", ""H"", ""H"", ""H"", ""H"", ""H"", ""H"", ""H"", ""H"", ""H"", ""H"", ""H"", ""H"", ""H""], ""x"": [[6.13607, -0.74737, -0.03483], [5.20086, -0.5608, 0.99381], [4.14316, 0.47416, 0.58984], [3.46873, 0.06549, -0.58859], [2.36151, -0.78322, -0.39732], [1.07268, -0.00315, -0.10868], [0.02995, -0.94517, 0.00415], [-1.21075, -0.41885, 0.40949], [-1.9463, 0.33238, -0.71561], [-3.19288, 0.84431, -0.31636], [-4.21675, -0.11919, -0.14283], [-5.53941, 0.64414, -0.04956], [-5.82153, 1.33866, -1.23355], [5.64146, -0.78098, -0.86495], [5.75268, -0.21497, 1.87027], [4.7111, -1.51566, 1.24091], [4.63954, 1.41248, 0.32863], [3.44627, 0.65127, 1.41508], [2.53279, -1.50463, 0.40964], [2.23101, -1.33425, -1.33172], [1.16815, 0.56919, 0.82714], [0.89374, 0.7055, -0.92787], [-1.79659, -1.28928, 0.71603], [-1.08989, 0.25152, 1.27287], [-2.0579, -0.33904, -1.57949], [-1.36727, 1.20796, -1.02015], [-4.0627, -0.7048, 0.77239], [-4.23746, -0.80075, -1.00442], [-6.36269, -0.05527, 0.10772], [-5.48604, 1.33649, 0.80211], [-5.04151, 1.86717, -1.44414]]}"
UWHCKJMYHZGTIT-UHFFFAOYSA-N,OCCOCCOCCOCCO,1,0.8239298801599944,"{""sym"": [""O"", ""C"", ""C"", ""O"", ""C"", ""C"", ""O"", ""C"", ""C"", ""O"", ""C"", ""C"", ""O"", ""H"", ""H"", ""H"", ""H"", ""H"", ""H"", ""H"", ""H"", ""H"", ""H"", ""H"", ""H"", ""H"", ""H"", ""H"", ""H"", ""H"", ""H""], ""x"": [[-1.06315, 1.37164, 1.2595], [-2.24922, 1.57352, 0.51685], [-2.3815, 0.4602, -0.51765], [-2.94586, -0.68274, 0.10197], [-2.50879, -1.91486, -0.41328], [-1.06701, -2.25609, -0.01781], [-0.17882, -1.68685, -0.9598], [1.17984, -1.80158, -0.60783], [1.598, -0.84262, 0.53088], [2.7613, -0.10738, 0.20926], [2.54918, 1.01478, -0.62975], [2.10691, 2.23092, 0.19316], [3.03573, 2.50831, 1.21317], [-1.07272, 1.94734, 2.03144], [-3.12785, 1.54356, 1.17071], [-2.21169, 2.54557, 0.00491], [-3.0388, 0.79349, -1.33434], [-1.39323, 0.23278, -0.92483], [-3.18631, -2.65605, 0.01644], [-2.59058, -1.9369, -1.50798], [-0.92952, -3.34825, 0.00014], [-0.87771, -1.8619, 0.98835], [1.41354, -2.84201, -0.34417], [1.7375, -1.54387, -1.51223], [1.85546, -1.39976, 1.43479], [0.76135, -0.16939, 0.75314], [3.51945, 1.21667, -1.09121], [1.81249, 0.79886, -1.41079], [1.11429, 2.04231, 0.62536], [2.05208, 3.11667, -0.44337], [3.32567, 1.65364, 1.5608]]}"
UWHCKJMYHZGTIT-UHFFFAOYSA-N,OCCOCCOCCOCCO,2,1.189168046341365,"{""sym"": [""O"", ""C"", ""C"", ""O"", ""C"", ""C"", ""O"", ""C"", ""C"", ""O"", ""C"", ""C"", ""O"", ""H"", ""H"", ""H"", ""H"", ""H"", ""H"", ""H"", ""H"", ""H"", ""H"", ""H"", ""H"", ""H"", ""H"", ""H"", ""H"", ""H"", ""H""], ""x"": [[5.18101, -2.48255, 0.56889], [4.26442, -2.10895, 1.56252], [3.58867, -0.77562, 1.2392], [2.86106, -0.96355, 0.03977], [2.36707, 0.20662, -0.55404], [1.29902, 0.94613, 0.27632], [0.25526, 0.10824, 0.71696], [-0.7322, -0.20247, -0.23767], [-1.8604, 0.83759, -0.2528], [-2.76203, 0.48149, -1.27661], [-3.89287, 1.32437, -1.39126], [-5.00064, 0.91743, -0.4123], [-5.4057, -0.40664, -0.63943], [4.71148, -2.44936, -0.27394], [4.82868, -2.02486, 2.49328], [3.48586, -2.87507, 1.67855], [2.92546, -0.48945, 2.06448], [4.34939, 0.00635, 1.09635], [1.94111, -0.1267, -1.50397], [3.18651, 0.91445, -0.76027], [1.74841, 1.34652, 1.18885], [0.9214, 1.78586, -0.32175], [-0.31648, -0.29071, -1.2467], [-1.14293, -1.17293, 0.05071], [-1.45042, 1.84096, -0.4486], [-2.34765, 0.85645, 0.73093], [-4.25296, 1.1845, -2.41409], [-3.61764, 2.37647, -1.24447], [-5.87851, 1.55085, -0.55619], [-4.64883, 1.03757, 0.6238], [-4.60557, -0.92593, -0.79652]]}"
UWHCKJMYHZGTIT-UHFFFAOYSA-N,OCCOCCOCCOCCO,3,1.400565375948645,"{""sym"": [""O"", ""C"", ""C"", ""O"", ""C"", ""C"", ""O"", ""C"", ""C"", ""O"", ""C"", ""C"", ""O"", ""H"", ""H"", ""H"", ""H"", ""H"", ""H"", ""H"", ""H"", ""H"", ""H"", ""H"", ""H"", ""H"", ""H"", ""H"", ""H"", ""H"", ""H""], ""x"": [[-5.1803, 2.21898, -0.28665], [-4.8591, 1.51933, 0.88644], [-4.47108, 0.0696, 0.57303], [-3.34179, 0.00531, -0.2777], [-2.10196, 0.08527, 0.38848], [-0.99449, 0.0679, -0.6737], [0.29542, 0.13494, -0.12028], [0.80268, -1.09452, 0.34922], [2.22215, -0.87085, 0.85624], [3.09678, -0.79701, -0.23975], [4.42775, -0.49344, 0.12113], [5.20917, -0.28839, -1.1757], [4.74061, 0.82668, -1.88325], [-4.52263, 1.97718, -0.95225], [-4.03537, 2.02145, 1.41626], [-5.74551, 1.53998, 1.52352], [-5.28242, -0.405, 0.01454], [-4.2947, -0.48909, 1.5007], [-1.99556, -0.77043, 1.073], [-2.01723, 1.00759, 0.97868], [-1.0974, 0.95365, -1.30547], [-1.11234, -0.82545, -1.30095], [0.188, -1.48617, 1.17139], [0.8212, -1.83315, -0.46433], [2.24934, 0.06576, 1.43153], [2.5137, -1.70106, 1.51853], [4.456, 0.42724, 0.72227], [4.86619, -1.31274, 0.71047], [5.12174, -1.198, -1.78646], [6.26232, -0.10339, -0.95471], [3.77884, 0.74785, -1.92847]]}"
UWHCKJMYHZGTIT-UHFFFAOYSA-N,OCCOCCOCCOCCO,4,1.5026574049588817,"{""sym"": [""O"", ""C"", ""C"", ""O"", ""C"", ""C"", ""O"", ""C"", ""C"", ""O"", ""C"", ""C"", ""O"", ""H"", ""H"", ""H"", ""H"", ""H"", ""H"", ""H"", ""H"", ""H"", ""H"", ""H"", ""H"", ""H"", ""H"", ""H"", ""H"", ""H"", ""H""], ""x"": [[5.36386, 1.11881, -0.68313], [4.71814, 1.16053, 0.55992], [3.92132, -0.118, 0.81958], [2.93502, -0.20527, -0.18582], [2.11906, -1.34248, -0.07697], [1.06961, -1.30284, -1.19257], [0.08928, -0.30917, -1.03009], [-0.91934, -0.61509, -0.09625], [-1.83639, 0.60877, 0.01494], [-2.91535, 0.38088, 0.89156], [-4.06369, -0.21259, 0.30891], [-5.00853, 0.86788, -0.2334], [-5.42698, 1.72845, 0.79238], [4.69308, 0.89112, -1.33918], [5.49673, 1.27698, 1.31639], [4.03273, 2.01793, 0.61116], [3.45891, -0.08185, 1.81701], [4.58621, -0.9939, 0.77188], [2.72261, -2.25808, -0.18482], [1.63633, -1.37017, 0.91169], [0.60324, -2.29537, -1.27974], [1.57424, -1.0552, -2.12932], [-1.49242, -1.49505, -0.43288], [-0.5069, -0.84176, 0.89561], [-1.26395, 1.43974, 0.4338], [-2.17574, 0.89081, -0.98781], [-4.56122, -0.75159, 1.11997], [-3.79617, -0.91846, -0.48396], [-4.50056, 1.43836, -1.02685], [-5.90672, 0.40919, -0.65198], [-4.6464, 1.93741, 1.32291]]}"
LQZZUXJYWNFBMV-UHFFFAOYSA-N,C(CCCCCCCCCO)CC,0,0.0,"{""sym"": [""C"", ""C"", ""C"", ""C"", ""C"", ""C"", ""C"", ""C"", ""C"", ""C"", ""O"", ""C"", ""C"", ""H"", ""H"", ""H"", ""H"", ""H"", ""H"", ""H"", ""H"", ""H"", ""H"", ""H"", ""H"", ""H"", ""H"", ""H"", ""H"", ""H"", ""H"", ""H"", ""H"", ""H"", ""H"", ""H"", ""H"", ""H"", ""H""], ""x"": [[-4.59489, -0.63317, -0.5416], [-3.19355, -0.47174, -1.13144], [-2.12557, -0.17267, -0.08144], [-0.72417, -0.13627, -0.68647], [0.34366, 0.17739, 0.35922], [1.74466, 0.21346, -0.24621], [2.81634, 0.51317, 0.79997], [4.21161, 0.66939, 0.1965], [4.76888, -0.62454, -0.39397], [6.21598, -0.44901, -0.85765], [7.09588, -0.11812, 0.19036], [-5.15769, 0.65673, 0.05136], [-6.59939, 0.47943, 0.51193], [-5.26825, -0.97598, -1.33154], [-4.57435, -1.40563, 0.23101], [-2.92487, -1.39549, -1.65069], [-3.20468, 0.33029, -1.8735], [-2.33131, 0.78983, 0.38972], [-2.16214, -0.93872, 0.69686], [-0.69136, 0.6202, -1.47436], [-0.50404, -1.10168, -1.14886], [0.31005, -0.57894, 1.14719], [0.12353, 1.14298, 0.82072], [1.78058, 0.97993, -1.0238], [1.94945, -0.7486, -0.71917], [2.82687, -0.28429, 1.54711], [2.55453, 1.44083, 1.31488], [4.18278, 1.4316, -0.58536], [4.90027, 1.01783, 0.96946], [4.72763, -1.41844, 0.35837], [4.17218, -0.94027, -1.25002], [6.55479, -1.36617, -1.3635], [6.28623, 0.38028, -1.56539], [7.03427, -0.80029, 0.86869], [-5.11162, 1.44762, -0.70079], [-4.54862, 0.9687, 0.90113], [-6.6643, -0.3006, 1.26763], [-6.98293, 1.40343, 0.93881], [-7.23646, 0.1975, -0.32382]]}"
LQZZUXJYWNFBMV-UHFFFAOYSA-N,C(CCCCCCCCCO)CC,1,0.10388416066052741,"{""sym"": [""C"", ""C"", ""C"", ""C"", ""C"", ""C"", ""C"", ""C"", ""C"", ""C"", ""O"", ""C"", ""C"", ""H"", ""H"", ""H"", ""H"", ""H"", ""H"", ""H"", ""H"", ""H"", ""H"", ""H"", ""H"", ""H"", ""H"", ""H"", ""H"", ""H"", ""H"", ""H"", ""H"", ""H"", ""H"", ""H"", ""H"", ""H"", ""H""], ""x"": [[4.34036, 0.66114, -0.84603], [2.81892, 0.71875, -0.98333], [2.08222, 0.48514, 0.33406], [0.5745, 0.67113, 0.18095], [-0.16617, 0.40578, 1.48979], [-1.66439, 0.69771, 1.40773], [-2.41469, -0.25428, 0.4791], [-3.92325, -0.03315, 0.54007], [-4.67804, -0.9744, -0.39592], [-6.18686, -0.72775, -0.3554], [-6.54726, 0.56748, -0.77289], [4.86726, -0.73043, -0.50233], [6.39029, -0.76816, -0.5], [4.65888, 1.36793, -0.07603], [4.7881, 0.98042, -1.79076], [2.49498, -0.02516, -1.71556], [2.53987, 1.70292, -1.36911], [2.27813, -0.52692, 0.69229], [2.45815, 1.1835, 1.08584], [0.21301, -0.00879, -0.59241], [0.36822, 1.69226, -0.14914], [-0.01799, -0.63618, 1.78394], [0.26994, 1.03314, 2.2714], [-1.81378, 1.72547, 1.06927], [-2.09094, 0.61686, 2.41058], [-2.07455, -0.11203, -0.54827], [-2.19104, -1.28532, 0.76412], [-4.27342, -0.18948, 1.56286], [-4.15505, 0.99859, 0.26791], [-4.48729, -2.01209, -0.11541], [-4.31875, -0.83467, -1.42033], [-6.55339, -0.81282, 0.67014], [-6.70066, -1.48199, -0.97115], [-6.19283, 0.71376, -1.65734], [4.50266, -1.02998, 0.48133], [4.488, -1.44919, -1.23245], [6.78072, -0.50463, -1.48071], [6.78707, -0.06232, 0.22651], [6.74909, -1.76221, -0.24332]]}"
LQZZUXJYWNFBMV-UHFFFAOYSA-N,C(CCCCCCCCCO)CC,2,0.6513525421651138,"{""sym"": [""C"", ""C"", ""C"", ""C"", ""C"", ""C"", ""C"", ""C"", ""C"", ""C"", ""O"", ""C"", ""C"", ""H"", ""H"", ""H"", ""H"", ""H"", ""H"", ""H"", ""H"", ""H"", ""H"", ""H"", ""H"", ""H"", ""H"", ""H"", ""H"", ""H"", ""H"", ""H"", ""H"", ""H"", ""H"", ""H"", ""H"", ""H"", ""H""], ""x"": [[-3.84518, -0.20675, 0.577], [-2.97234, -0.7954, -0.52892], [-1.47272, -0.65968, -0.26312], [-0.97775, 0.7837, -0.32464], [0.52242, 0.91112, -0.05691], [1.38332, 0.28772, -1.15451], [2.86377, 0.64923, -1.03323], [3.51999, 0.07788, 0.22123], [5.02329, 0.34514, 0.24951], [5.68264, -0.22578, 1.50593], [5.5629, -1.62482, 1.60641], [-5.32741, -0.48008, 0.33396], [-6.20213, 0.11809, 1.42878], [-3.55185, -0.6393, 1.53654], [-3.69102, 0.87189, 0.63773], [-3.2154, -0.31085, -1.47772], [-3.21207, -1.85697, -0.63223], [-0.93869, -1.25117, -1.00891], [-1.24141, -1.07722, 0.71964], [-1.20687, 1.20119, -1.30823], [-1.51046, 1.37818, 0.41977], [0.7731, 1.97213, 0.0222], [0.75039, 0.44288, 0.902], [1.01859, 0.635, -2.1247], [1.28331, -0.79863, -1.13115], [2.97214, 1.73677, -1.03253], [3.38893, 0.2683, -1.91344], [3.06946, 0.52361, 1.10897], [3.34743, -0.99931, 0.26707], [5.20825, 1.42051, 0.21841], [5.49224, -0.09983, -0.6338], [5.1965, 0.16944, 2.40089], [6.74335, 0.06796, 1.52921], [5.93386, -2.02226, 0.81037], [-5.61665, -0.05997, -0.63221], [-5.4927, -1.55902, 0.2868], [-6.06723, 1.19666, 1.47804], [-7.25295, -0.0878, 1.23729], [-5.94108, -0.30256, 2.3977]]}"
LQZZUXJYWNFBMV-UHFFFAOYSA-N,C(CCCCCCCCCO)CC,3,0.7532720360613894,"{""sym"": [""C"", ""C"", ""C"", ""C"", ""C"", ""C"", ""C"", ""C"", ""C"", ""C"", ""O"", ""C"", ""C"", ""H"", ""H"", ""H"", ""H"", ""H"", ""H"", ""H"", ""H"", ""H"", ""H"", ""H"", ""H"", ""H"", ""H"", ""H"", ""H"", ""H"", ""H"", ""H"", ""H"", ""H"", ""H"", ""H"", ""H"", ""H"", ""H""], ""x"": [[4.38553, -0.60168, -0.1387], [3.08743, 0.03539, -0.6299], [1.86499, -0.78997, -0.23623], [0.56576, -0.15978, -0.73108], [-0.66002, -0.95694, -0.29296], [-1.95941, -0.35609, -0.82272], [-3.17976, -1.11734, -0.30961], [-4.50212, -0.59436, -0.87216], [-4.89928, 0.79692, -0.37454], [-5.21963, 0.85967, 1.12144], [-4.09597, 0.75514, 1.96373], [5.64031, 0.1365, -0.60712], [5.79061, 1.5206, 0.01411], [4.42937, -1.63099, -0.50432], [4.37854, -0.64021, 0.95335], [2.98583, 1.0375, -0.20977], [3.12215, 0.13147, -1.71809], [1.82825, -0.88473, 0.85175], [1.9574, -1.7967, -0.65078], [0.49001, 0.85959, -0.344], [0.58723, -0.09643, -1.82194], [-0.69873, -0.98643, 0.79851], [-0.5676, -1.98626, -0.64715], [-2.01193, 0.69005, -0.51398], [-1.95054, -0.3767, -1.9158], [-3.20646, -1.06946, 0.77903], [-3.07778, -2.16779, -0.59298], [-5.29687, -1.29463, -0.60537], [-4.43964, -0.56706, -1.96343], [-5.79299, 1.11564, -0.91553], [-4.10611, 1.51373, -0.60076], [-5.7531, 1.80035, 1.33183], [-5.87057, 0.02824, 1.40254], [-3.45375, 1.42544, 1.70472], [5.61828, 0.22904, -1.69555], [6.51494, -0.46427, -0.34499], [4.98342, 2.17794, -0.29836], [5.78033, 1.4527, 1.09998], [6.73186, 1.97193, -0.29224]]}"
LQZZUXJYWNFBMV-UHFFFAOYSA-N,C(CCCCCCCCCO)CC,4,0.863310347605875,"{""sym"": [""C"", ""C"", ""C"", ""C"", ""C"", ""C"", ""C"", ""C"", ""C"", ""C"", ""O"", ""C"", ""C"", ""H"", ""H"", ""H"", ""H"", ""H"", ""H"", ""H"", ""H"", ""H"", ""H"", ""H"", ""H"", ""H"", ""H"", ""H"", ""H"", ""H"", ""H"", ""H"", ""H"", ""H"", ""H"", ""H"", ""H"", ""H"", ""H""], ""x"": [[-4.19999, -1.27968, 1.04657], [-2.9239, -0.91192, 0.28727], [-2.4657, 0.52394, 0.53108], [-1.18138, 0.88088, -0.21882], [0.05484, 0.15183, 0.3027], [1.33047, 0.62924, -0.38781], [2.56539, -0.10805, 0.12475], [3.84465, 0.36602, -0.56133], [5.07635, -0.36747, -0.03882], [6.35883, 0.11233, -0.71862], [7.50236, -0.58001, -0.2759], [-5.43611, -0.45877, 0.67511], [-5.81214, -0.57239, -0.79755], [-4.41596, -2.33518, 0.86132], [-4.01826, -1.16501, 2.11828], [-3.07587, -1.06536, -0.78224], [-2.13813, -1.599, 0.60656], [-2.31421, 0.67831, 1.60207], [-3.24952, 1.20992, 0.20557], [-1.01332, 1.95729, -0.12832], [-1.31013, 0.65735, -1.28062], [-0.05114, -0.92203, 0.14077], [0.14407, 0.31841, 1.37894], [1.45459, 1.70192, -0.21997], [1.23922, 0.47363, -1.46541], [2.65428, 0.047, 1.20283], [2.442, -1.18035, -0.04502], [3.75878, 0.20585, -1.63828], [3.96756, 1.4394, -0.39723], [4.96869, -1.4406, -0.20945], [5.16293, -0.20929, 1.04078], [6.30858, -0.07135, -1.79433], [6.48025, 1.1945, -0.55862], [7.56781, -0.48629, 0.68111], [-6.27209, -0.81406, 1.28306], [-5.27451, 0.58994, 0.92997], [-5.9179, -1.61697, -1.0833], [-6.75686, -0.06717, -0.98692], [-5.05449, -0.11715, -1.43013]]}"
SNRUBQQJIBEYMU-UHFFFAOYSA-N,CCCCCCCCCCCC,0,0.0,"{""sym"": [""C"", ""C"", ""C"", ""C"", ""C"", ""C"", ""C"", ""C"", ""C"", ""C"", ""C"", ""C"", ""H"", ""H"", ""H"", ""H"", ""H"", ""H"", ""H"", ""H"", ""H"", ""H"", ""H"", ""H"", ""H"", ""H"", ""H"", ""H"", ""H"", ""H"", ""H"", ""H"", ""H"", ""H"", ""H"", ""H"", ""H"", ""H""], ""x"": [[6.40422, -0.84811, -0.00576], [4.98056, -0.41475, 0.32341], [4.38644, 0.45024, -0.78635], [3.00204, 1.00625, -0.45166], [1.92536, -0.07045, -0.33172], [0.54102, 0.53484, -0.11023], [-0.54102, -0.53484, 0.01754], [-1.92535, 0.07045, 0.23903], [-3.00204, -1.00625, 0.35896], [-4.38644, -0.45024, 0.69366], [-4.98056, 0.41476, -0.4161], [-6.40422, 0.84811, -0.08693], [7.04858, 0.01962, -0.1316], [6.42188, -1.42252, -0.92968], [6.81216, -1.46637, 0.79093], [4.36309, -1.30251, 0.46888], [4.97914, 0.14975, 1.25877], [4.32726, -0.13633, -1.70632], [5.0624, 1.28871, -0.97431], [2.70915, 1.707, -1.23799], [3.05576, 1.56718, 0.48453], [2.15779, -0.73449, 0.50254], [1.9148, -0.6729, -1.24323], [0.55586, 1.14312, 0.7975], [0.29756, 1.19639, -0.94529], [-0.55586, -1.14311, -0.8902], [-0.29756, -1.19639, 0.85259], [-2.15779, 0.73449, -0.59522], [-1.9148, 0.6729, 1.15055], [-2.70915, -1.707, 1.1453], [-3.05576, -1.56718, -0.57723], [-4.32726, 0.13633, 1.61363], [-5.0624, -1.28871, 0.88162], [-4.97914, -0.14975, -1.35146], [-4.36309, 1.30252, -0.56157], [-6.81216, 1.46637, -0.88361], [-6.42188, 1.42252, 0.83699], [-7.04858, -0.01962, 0.03892]]}"
SNRUBQQJIBEYMU-UHFFFAOYSA-N,CCCCCCCCCCCC,1,0.4972456385366968,"{""sym"": [""C"", ""C"", ""C"", ""C"", ""C"", ""C"", ""C"", ""C"", ""C"", ""C"", ""C"", ""C"", ""H"", ""H"", ""H"", ""H"", ""H"", ""H"", ""H"", ""H"", ""H"", ""H"", ""H"", ""H"", ""H"", ""H"", ""H"", ""H"", ""H"", ""H"", ""H"", ""H"", ""H"", ""H"", ""H"", ""H"", ""H"", ""H""], ""x"": [[-5.41282, -0.86733, 1.11446], [-5.18803, -0.57631, -0.36491], [-3.72961, -0.25775, -0.69541], [-3.23871, 1.03864, -0.05307], [-1.8706, 1.48348, -0.57039], [-0.7417, 0.52697, -0.19293], [0.62272, 1.06218, -0.6203], [1.75536, 0.10608, -0.25427], [3.11761, 0.65157, -0.67693], [4.26707, -0.32653, -0.43329], [4.53419, -0.59825, 1.0457], [5.76235, -1.47921, 1.24175], [-5.22667, 0.01742, 1.71765], [-4.74829, -1.66108, 1.44976], [-6.43899, -1.18487, 1.28577], [-5.8203, 0.26071, -0.67072], [-5.49418, -1.44945, -0.94669], [-3.6274, -0.17152, -1.78026], [-3.10569, -1.09086, -0.36731], [-3.9639, 1.82921, -0.26265], [-3.18349, 0.91654, 1.02997], [-1.64565, 2.47035, -0.15748], [-1.90995, 1.58404, -1.65779], [-0.74646, 0.37373, 0.88897], [-0.90611, -0.44186, -0.66739], [0.62188, 1.22619, -1.70068], [0.79917, 2.02831, -0.14117], [1.58664, -0.857, -0.74214], [1.74323, -0.05983, 0.82428], [3.0833, 0.88899, -1.74343], [3.31682, 1.58198, -0.13968], [4.05135, -1.27051, -0.93956], [5.17524, 0.08609, -0.88031], [3.66918, -1.09065, 1.49286], [4.68333, 0.35167, 1.56443], [6.6481, -0.99803, 0.83166], [5.62872, -2.43509, 0.73926], [5.93228, -1.66802, 2.29946]]}"
SNRUBQQJIBEYMU-UHFFFAOYSA-N,CCCCCCCCCCCC,2,0.6291290291519545,"{""sym"": [""C"", ""C"", ""C"", ""C"", ""C"", ""C"", ""C"", ""C"", ""C"", ""C"", ""C"", ""C"", ""H"", ""H"", ""H"", ""H"", ""H"", ""H"", ""H"", ""H"", ""H"", ""H"", ""H"", ""H"", ""H"", ""H"", ""H"", ""H"", ""H"", ""H"", ""H"", ""H"", ""H"", ""H"", ""H"", ""H"", ""H"", ""H""], ""x"": [[5.80854, 0.71653, -0.7113], [4.47141, 0.05173, -1.01468], [4.0687, -0.92141, 0.09097], [2.79947, -1.71622, -0.2212], [1.54432, -0.8753, -0.46446], [1.14402, -0.01986, 0.73554], [-0.12066, 0.80488, 0.48981], [-1.3885, -0.03656, 0.35536], [-2.63696, 0.83541, 0.23684], [-3.91084, 0.00556, 0.09412], [-5.15852, 0.87797, -0.02426], [-6.4248, 0.04254, -0.16502], [6.59611, -0.02898, -0.625], [5.75587, 1.26624, 0.22621], [6.08006, 1.41245, -1.50168], [4.53949, -0.48678, -1.96299], [3.709, 0.82482, -1.12246], [3.94111, -0.37272, 1.02587], [4.88435, -1.63353, 0.24391], [2.60678, -2.39884, 0.61073], [2.98073, -2.32671, -1.1099], [0.72902, -1.56076, -0.70389], [1.6946, -0.23126, -1.33271], [0.99374, -0.6645, 1.60504], [1.9566, 0.67023, 0.97006], [-0.25083, 1.49753, 1.32558], [0.01243, 1.4038, -0.41463], [-1.31839, -0.67327, -0.52811], [-1.48337, -0.68711, 1.22827], [-2.71858, 1.47092, 1.12214], [-2.5354, 1.49164, -0.63112], [-4.01246, -0.65094, 0.96176], [-3.83111, -0.62904, -0.79194], [-5.05936, 1.53362, -0.89246], [-5.24046, 1.51254, 0.8612], [-6.55363, -0.60426, 0.69995], [-6.37265, -0.58325, -1.05316], [-7.2998, 0.6829, -0.24766]]}"
SNRUBQQJIBEYMU-UHFFFAOYSA-N,CCCCCCCCCCCC,3,0.9142676575575024,"{""sym"": [""C"", ""C"", ""C"", ""C"", ""C"", ""C"", ""C"", ""C"", ""C"", ""C"", ""C"", ""C"", ""H"", ""H"", ""H"", ""H"", ""H"", ""H"", ""H"", ""H"", ""H"", ""H"", ""H"", ""H"", ""H"", ""H"", ""H"", ""H"", ""H"", ""H"", ""H"", ""H"", ""H"", ""H"", ""H"", ""H"", ""H"", ""H""], ""x"": [[-6.19458, -0.38309, 0.85634], [-4.74258, -0.77104, 0.60596], [-3.81601, 0.44265, 0.62499], [-2.35911, 0.06079, 0.37235], [-1.43836, 1.27966, 0.38253], [0.04294, 0.92213, 0.25303], [0.39668, 0.30255, -1.09839], [1.90421, 0.17456, -1.32092], [2.56588, -0.79991, -0.3483], [4.01829, -1.12064, -0.7052], [4.95673, 0.08735, -0.72188], [5.03896, 0.80566, 0.61979], [-6.54244, 0.30918, 0.09271], [-6.29995, 0.09819, 1.82619], [-6.83498, -1.26193, 0.83896], [-4.6642, -1.27013, -0.36267], [-4.42155, -1.4821, 1.37069], [-4.13962, 1.15351, -0.13926], [-3.89691, 0.94102, 1.59415], [-2.03244, -0.6432, 1.14177], [-2.28869, -0.44407, -0.5925], [-1.58469, 1.82129, 1.32083], [-1.71958, 1.95204, -0.4317], [0.31122, 0.23307, 1.05577], [0.63261, 1.83335, 0.38547], [-0.02149, 0.92873, -1.89093], [-0.05783, -0.68634, -1.18036], [2.36055, 1.16143, -1.22407], [2.07913, -0.17448, -2.34223], [2.52463, -0.39636, 0.66326], [2.00024, -1.7357, -0.35111], [4.39828, -1.84871, 0.01648], [4.04395, -1.59273, -1.69082], [5.95529, -0.26206, -0.99677], [4.63603, 0.79088, -1.49193], [5.30324, 0.10733, 1.4113], [4.08978, 1.27059, 0.87269], [5.79636, 1.58572, 0.58375]]}"
SNRUBQQJIBEYMU-UHFFFAOYSA-N,CCCCCCCCCCCC,4,1.0222861763722904,"{""sym"": [""C"", ""C"", ""C"", ""C"", ""C"", ""C"", ""C"", ""C"", ""C"", ""C"", ""C"", ""C"", ""H"", ""H"", ""H"", ""H"", ""H"", ""H"", ""H"", ""H"", ""H"", ""H"", ""H"", ""H"", ""H"", ""H"", ""H"", ""H"", ""H"", ""H"", ""H"", ""H"", ""H"", ""H"", ""H"", ""H"", ""H"", ""H""], ""x"": [[-4.47514, -1.35751, -1.00051], [-4.60689, 0.16095, -1.00282], [-3.25876, 0.88175, -1.01478], [-2.44158, 0.66751, 0.25789], [-1.15291, 1.48618, 0.23203], [-0.34462, 1.40249, 1.52752], [0.12798, -0.00251, 1.90966], [0.95469, -0.72211, 0.8427], [2.2473, 0.00396, 0.47629], [3.09613, -0.80821, -0.49982], [4.38531, -0.0857, -0.88408], [5.22508, -0.89912, -1.86116], [-5.45429, -1.82239, -1.09102], [-3.86041, -1.68715, -1.83538], [-4.01969, -1.70832, -0.07839], [-5.17029, 0.46478, -1.88866], [-5.17634, 0.47659, -0.12558], [-2.67794, 0.54199, -1.87614], [-3.43707, 1.95307, -1.14119], [-3.03935, 0.95853, 1.12544], [-2.19663, -0.38975, 0.35738], [-0.53745, 1.16128, -0.60867], [-1.40768, 2.53551, 0.05874], [-0.95632, 1.78785, 2.34769], [0.52306, 2.05923, 1.43726], [0.72629, 0.07927, 2.82106], [-0.74068, -0.61917, 2.14979], [1.20671, -1.71619, 1.22238], [0.353, -0.86395, -0.05657], [2.01294, 0.96834, 0.02217], [2.82393, 0.19521, 1.38478], [3.3447, -1.77187, -0.0482], [2.51369, -1.00857, -1.40279], [4.13788, 0.87797, -1.3355], [4.96968, 0.11237, 0.01745], [6.1367, -0.36554, -2.1199], [4.66853, -1.09058, -2.77598], [5.50042, -1.85619, -1.42365]]}"
YFNKIDBQEZZDLK-UHFFFAOYSA-N,COCCOCCOCCOC,0,0.0,"{""sym"": [""C"", ""O"", ""C"", ""C"", ""O"", ""C"", ""C"", ""O"", ""C"", ""C"", ""O"", ""C"", ""H"", ""H"", ""H"", ""H"", ""H"", ""H"", ""H"", ""H"", ""H"", ""H"", ""H"", ""H"", ""H"", ""H"", ""H"", ""H"", ""H"", ""H""], ""x"": [[-4.44051, 1.70318, 0.1503], [-3.10175, 1.99928, -0.16802], [-2.15131, 1.21711, 0.50753], [-2.01641, -0.2068, -0.04652], [-0.97124, -0.83172, 0.66081], [-0.63666, -2.12452, 0.20293], [0.31957, -2.13844, -1.00247], [1.66706, -1.93426, -0.65745], [1.96283, -0.61953, -0.22928], [3.47561, -0.54572, 0.00861], [3.89922, 0.64205, 0.62757], [3.82434, 1.7893, -0.18367], [-4.60596, 1.74466, 1.23346], [-5.04449, 2.46554, -0.33835], [-4.74337, 0.71674, -0.21688], [-1.19495, 1.72947, 0.37871], [-2.37627, 1.16067, 1.58151], [-1.80742, -0.15574, -1.12415], [-2.95002, -0.77386, 0.09405], [-1.54805, -2.68188, -0.05373], [-0.14174, -2.61754, 1.04371], [-0.002, -1.3884, -1.74096], [0.29136, -3.12744, -1.46615], [1.65291, 0.09812, -1.00482], [1.43347, -0.37623, 0.70032], [3.99996, -0.69755, -0.94629], [3.75485, -1.3506, 0.69157], [4.34951, 2.57701, 0.35389], [4.31178, 1.62289, -1.15185], [2.78967, 2.10423, -0.35677]]}"
YFNKIDBQEZZDLK-UHFFFAOYSA-N,COCCOCCOCCOC,1,0.135761924644612,"{""sym"": [""C"", ""O"", ""C"", ""C"", ""O"", ""C"", ""C"", ""O"", ""C"", ""C"", ""O"", ""C"", ""H"", ""H"", ""H"", ""H"", ""H"", ""H"", ""H"", ""H"", ""H"", ""H"", ""H"", ""H"", ""H"", ""H"", ""H"", ""H"", ""H"", ""H""], ""x"": [[4.28767, -0.76962, 0.80527], [3.00963, -1.32453, 0.60224], [2.63358, -1.45844, -0.74383], [2.49867, -0.12824, -1.51172], [1.86239, 0.91017, -0.80201], [0.58921, 0.63624, -0.25971], [-0.49402, 0.40233, -1.32807], [-1.77448, 0.20831, -0.77899], [-2.43146, 1.38539, -0.35387], [-3.87835, 1.04359, 0.02783], [-4.02893, 0.61521, 1.35546], [-3.52453, -0.67789, 1.60221], [4.49927, -0.88218, 1.86704], [4.31503, 0.29256, 0.54324], [5.04716, -1.30613, 0.223], [3.35698, -2.08494, -1.29042], [1.67414, -1.981, -0.71679], [1.98935, -0.33621, -2.46386], [3.48803, 0.27802, -1.73798], [0.62344, -0.21946, 0.42481], [0.35135, 1.53325, 0.31746], [-0.49723, 1.24761, -2.03251], [-0.28367, -0.51785, -1.88057], [-1.93172, 1.83193, 0.51544], [-2.43328, 2.12041, -1.17227], [-4.49181, 1.94381, -0.05395], [-4.25064, 0.28107, -0.67101], [-2.4541, -0.74119, 1.38933], [-4.04765, -1.4233, 0.99111], [-3.70403, -0.87891, 2.6566]]}"
YFNKIDBQEZZDLK-UHFFFAOYSA-N,COCCOCCOCCOC,2,0.31853191307891393,"{""sym"": [""C"", ""O"", ""C"", ""C"", ""O"", ""C"", ""C"", ""O"", ""C"", ""C"", ""O"", ""C"", ""H"", ""H"", ""H"", ""H"", ""H"", ""H"", ""H"", ""H"", ""H"", ""H"", ""H"", ""H"", ""H"", ""H"", ""H"", ""H"", ""H"", ""H""], ""x"": [[-4.50685, -1.08834, 0.84259], [-4.68292, -0.33746, -0.33425], [-3.52829, -0.20637, -1.12663], [-2.5258, 0.82524, -0.57429], [-1.40882, 0.98192, -1.42404], [-0.35899, 0.06019, -1.22898], [0.57752, 0.48719, -0.08097], [1.60527, -0.45019, 0.1439], [2.7589, -0.30346, -0.66262], [3.75465, 0.74804, -0.13703], [4.61292, 0.26587, 0.86525], [3.9816, 0.04709, 2.10647], [-3.84848, -0.58794, 1.56099], [-5.49527, -1.19549, 1.28499], [-4.09834, -2.08199, 0.61964], [-3.03378, -1.1821, -1.24577], [-3.87466, 0.13123, -2.10646], [-2.21144, 0.5441, 0.43714], [-3.01398, 1.80219, -0.52951], [0.19324, 0.04319, -2.17248], [-0.73198, -0.95117, -1.02891], [0.97423, 1.48616, -0.29762], [0.01401, 0.535, 0.85559], [2.48188, -0.05273, -1.6925], [3.24789, -1.28103, -0.65632], [4.41383, 1.05167, -0.9537], [3.20463, 1.62952, 0.22627], [4.75466, -0.31317, 2.78204], [3.56049, 0.98121, 2.49894], [3.18387, -0.6961, 2.02827]]}"
YFNKIDBQEZZDLK-UHFFFAOYSA-N,COCCOCCOCCOC,3,0.5370751243572158,"{""sym"": [""C"", ""O"", ""C"", ""C"", ""O"", ""C"", ""C"", ""O"", ""C"", ""C"", ""O"", ""C"", ""H"", ""H"", ""H"", ""H"", ""H"", ""H"", ""H"", ""H"", ""H"", ""H"", ""H"", ""H"", ""H"", ""H"", ""H"", ""H"", ""H"", ""H""], ""x"": [[-5.06266, 1.67162, 1.18853], [-4.45423, 1.75264, -0.07821], [-3.81711, 0.57506, -0.5013], [-2.48533, 0.29944, 0.20999], [-1.89705, -0.81512, -0.42395], [-0.74133, -1.31127, 0.20262], [0.51072, -0.46136, -0.04875], [1.6, -1.14543, 0.52831], [2.83603, -0.48045, 0.41961], [3.41545, -0.51175, -1.0095], [4.81405, -0.37803, -1.04401], [5.28766, 0.90311, -0.70695], [-4.32588, 1.61962, 1.99716], [-5.65118, 2.58021, 1.30261], [-5.72403, 0.79975, 1.25393], [-4.47639, -0.29532, -0.37644], [-3.61476, 0.70896, -1.56616], [-2.64893, 0.07875, 1.27581], [-1.84767, 1.19123, 0.1334], [-0.57322, -2.30265, -0.22402], [-0.89197, -1.41602, 1.28593], [0.40748, 0.53462, 0.41008], [0.64171, -0.33383, -1.13153], [3.51551, -1.0276, 1.07867], [2.74134, 0.55601, 0.77755], [3.20632, -1.49344, -1.4424], [2.94635, 0.26494, -1.63292], [5.12431, 1.13516, 0.3508], [6.35687, 0.89382, -0.90995], [4.80796, 1.67706, -1.3189]]}"
YFNKIDBQEZZDLK-UHFFFAOYSA-N,COCCOCCOCCOC,4,0.7795340792363277,"{""sym"": [""C"", ""O"", ""C"", ""C"", ""O"", ""C"", ""C"", ""O"", ""C"", ""C"", ""O"", ""C"", ""H"", ""H"", ""H"", ""H"", ""H"", ""H"", ""H"", ""H"", ""H"", ""H"", ""H"", ""H"", ""H"", ""H"", ""H"", ""H"", ""H"", ""H""], ""x"": [[6.21432, 1.02612, 0.13932], [5.13786, 0.41854, -0.52876], [3.91821, 0.55354, 0.16036], [2.82996, -0.141, -0.65087], [1.60379, 0.00765, 0.02712], [0.53333, -0.62717, -0.63214], [-0.74567, -0.35592, 0.15453], [-1.81087, -0.98117, -0.52636], [-3.04959, -0.9412, 0.14288], [-3.73491, 0.43582, 0.05701], [-4.99069, 0.47665, 0.68839], [-6.02455, -0.18689, 0.00132], [7.09402, 0.86197, -0.4795], [6.37269, 0.57952, 1.12896], [6.04975, 2.10378, 0.26262], [3.98089, 0.09488, 1.15833], [3.65713, 1.61444, 0.28988], [2.77893, 0.30949, -1.65282], [3.08499, -1.20401, -0.76914], [0.4186, -0.23775, -1.65414], [0.70288, -1.71182, -0.69928], [-0.89223, 0.7292, 0.22902], [-0.64594, -0.76094, 1.17159], [-3.66289, -1.69205, -0.36193], [-2.93726, -1.22519, 1.19885], [-3.81924, 0.72248, -1.00182], [-3.13265, 1.18299, 0.57988], [-6.0735, 0.13682, -1.04495], [-5.90921, -1.27552, 0.03163], [-6.94818, 0.08674, 0.50852]]}"
RGXWDWUGBIJHDO-UHFFFAOYSA-N,C(CCCCCCCC)C(=O)OCC,0,0.0,"{""sym"": [""C"", ""C"", ""C"", ""C"", ""C"", ""C"", ""C"", ""C"", ""C"", ""C"", ""O"", ""O"", ""C"", ""C"", ""H"", ""H"", ""H"", ""H"", ""H"", ""H"", ""H"", ""H"", ""H"", ""H"", ""H"", ""H"", ""H"", ""H"", ""H"", ""H"", ""H"", ""H"", ""H"", ""H"", ""H"", ""H"", ""H"", ""H""], ""x"": [[2.55121, 0.5361, -0.75251], [2.12321, 1.04666, 0.62934], [0.68374, 1.55879, 0.64518], [-0.35028, 0.46542, 0.3881], [-1.77634, 0.99448, 0.51743], [-2.8166, -0.08909, 0.24601], [-4.24146, 0.44292, 0.37269], [-5.2855, -0.63834, 0.10673], [-6.70549, -0.10147, 0.23538], [4.02641, 0.21741, -0.73671], [4.8927, 0.92749, -1.17525], [4.25277, -0.95363, -0.13057], [5.61072, -1.3823, -0.02069], [6.05137, -2.14157, -1.26402], [2.37109, 1.30462, -1.50457], [1.99878, -0.36847, -1.00334], [2.79069, 1.8602, 0.92328], [2.23461, 0.23962, 1.356], [0.57349, 2.34515, -0.10451], [0.48764, 2.00616, 1.62259], [-0.21674, 0.05784, -0.61533], [-0.20029, -0.34776, 1.10193], [-1.91997, 1.81672, -0.18758], [-1.92556, 1.39345, 1.52351], [-2.6741, -0.912, 0.95072], [-2.6689, -0.48826, -0.76039], [-4.38773, 0.84546, 1.37784], [-4.38424, 1.26324, -0.33478], [-5.14256, -1.45845, 0.81405], [-5.1397, -1.04062, -0.89838], [-7.43134, -0.88803, 0.04269], [-6.87486, 0.7037, -0.47635], [-6.8774, 0.28617, 1.23724], [6.24766, -0.50474, 0.13103], [5.64067, -2.02274, 0.86347], [5.3928, -2.98848, -1.44144], [7.0671, -2.50273, -1.13136], [6.02239, -1.48293, -2.12859]]}"
RGXWDWUGBIJHDO-UHFFFAOYSA-N,C(CCCCCCCC)C(=O)OCC,1,0.43823469416747685,"{""sym"": [""C"", ""C"", ""C"", ""C"", ""C"", ""C"", ""C"", ""C"", ""C"", ""C"", ""O"", ""O"", ""C"", ""C"", ""H"", ""H"", ""H"", ""H"", ""H"", ""H"", ""H"", ""H"", ""H"", ""H"", ""H"", ""H"", ""H"", ""H"", ""H"", ""H"", ""H"", ""H"", ""H"", ""H"", ""H"", ""H"", ""H"", ""H""], ""x"": [[-2.25452, 0.32997, -0.13533], [-1.5452, 0.13821, -1.47217], [-0.33153, 1.05128, -1.63388], [0.79981, 0.7327, -0.65784], [2.03791, 1.57972, -0.94605], [3.15392, 1.39821, 0.08311], [3.77376, 0.00265, 0.0691], [4.96226, -0.10056, 1.02229], [5.57485, -1.49576, 1.0168], [-3.53385, -0.46909, -0.05774], [-3.93815, -1.22817, -0.8974], [-4.16567, -0.22568, 1.09875], [-5.40673, -0.89825, 1.31755], [-6.56564, -0.14495, 0.68085], [-1.62209, 0.01591, 0.69662], [-2.50447, 1.38126, 0.02275], [-1.23976, -0.90488, -1.56939], [-2.25799, 0.34152, -2.27361], [0.04701, 0.94628, -2.65325], [-0.64069, 2.09148, -1.50352], [0.47259, 0.92517, 0.36567], [1.04953, -0.32633, -0.73969], [2.42003, 1.33481, -1.93989], [1.74385, 2.63248, -0.95753], [2.76266, 1.60974, 1.08135], [3.93859, 2.13065, -0.12335], [3.02528, -0.73733, 0.35769], [4.10435, -0.23451, -0.94503], [4.63411, 0.14754, 2.03452], [5.72182, 0.62996, 0.73373], [5.92702, -1.75366, 0.02021], [4.8391, -2.23702, 1.32176], [6.41752, -1.54685, 1.70239], [-5.33795, -1.90906, 0.9025], [-5.51657, -0.9468, 2.40284], [-6.43791, -0.11262, -0.39845], [-7.49921, -0.65081, 0.90955], [-6.60801, 0.87185, 1.06409]]}"
RGXWDWUGBIJHDO-UHFFFAOYSA-N,C(CCCCCCCC)C(=O)OCC,2,0.5550981742744625,"{""sym"": [""C"", ""C"", ""C"", ""C"", ""C"", ""C"", ""C"", ""C"", ""C"", ""C"", ""O"", ""O"", ""C"", ""C"", ""H"", ""H"", ""H"", ""H"", ""H"", ""H"", ""H"", ""H"", ""H"", ""H"", ""H"", ""H"", ""H"", ""H"", ""H"", ""H"", ""H"", ""H"", ""H"", ""H"", ""H"", ""H"", ""H"", ""H""], ""x"": [[2.44252, 0.5607, -0.84614], [1.76266, -0.65047, -1.49789], [0.29492, -0.39379, -1.83821], [-0.58538, -0.17683, -0.60976], [-2.05655, -0.02158, -0.98813], [-2.93926, 0.21901, 0.2341], [-4.41059, 0.35551, -0.15033], [-5.31709, 0.70776, 1.02917], [-5.42139, -0.40896, 2.06138], [3.92011, 0.28846, -0.70292], [4.7769, 0.70098, -1.43957], [4.1534, -0.51397, 0.34163], [5.50896, -0.88784, 0.58967], [6.21489, 0.14377, 1.45798], [2.31096, 1.44315, -1.47233], [2.02132, 0.73851, 0.14231], [1.83861, -1.50617, -0.82402], [2.29886, -0.89712, -2.41736], [0.22268, 0.47726, -2.49288], [-0.08351, -1.25485, -2.39467], [-0.47435, -1.02675, 0.06754], [-0.26309, 0.71944, -0.07689], [-2.16361, 0.81595, -1.68178], [-2.39536, -0.92228, -1.50571], [-2.61375, 1.13074, 0.74099], [-2.81432, -0.612, 0.93018], [-4.50288, 1.13842, -0.90745], [-4.75409, -0.57875, -0.60049], [-4.94398, 1.61395, 1.51167], [-6.31647, 0.9268, 0.64539], [-6.14405, -0.14617, 2.83066], [-5.74558, -1.33374, 1.58885], [-4.46432, -0.58562, 2.5449], [5.45189, -1.8547, 1.09442], [6.02733, -0.99556, -0.3689], [5.67339, 0.2823, 2.39077], [7.22356, -0.1935, 1.6789], [6.26664, 1.09574, 0.93493]]}"
RGXWDWUGBIJHDO-UHFFFAOYSA-N,C(CCCCCCCC)C(=O)OCC,3,0.6903649114647123,"{""sym"": [""C"", ""C"", ""C"", ""C"", ""C"", ""C"", ""C"", ""C"", ""C"", ""C"", ""O"", ""O"", ""C"", ""C"", ""H"", ""H"", ""H"", ""H"", ""H"", ""H"", ""H"", ""H"", ""H"", ""H"", ""H"", ""H"", ""H"", ""H"", ""H"", ""H"", ""H"", ""H"", ""H"", ""H"", ""H"", ""H"", ""H"", ""H""], ""x"": [[2.06694, -1.01535, 1.01569], [1.38162, -2.1155, 0.20207], [0.83508, -1.62342, -1.13936], [-0.22554, -0.52553, -1.04304], [-1.46571, -0.95739, -0.26347], [-2.60091, 0.05679, -0.38245], [-3.8213, -0.37272, 0.42956], [-5.03742, 0.53182, 0.23007], [-4.826, 1.94508, 0.76046], [3.26369, -0.46306, 0.2763], [4.11269, -1.12497, -0.26026], [3.25834, 0.87552, 0.29071], [4.34914, 1.53832, -0.35067], [5.57312, 1.60413, 0.55142], [1.38595, -0.19856, 1.24876], [2.43204, -1.43978, 1.95432], [2.11659, -2.89825, 0.00442], [0.57664, -2.55087, 0.79553], [0.40507, -2.48003, -1.66452], [1.66874, -1.25576, -1.74199], [0.20186, 0.3696, -0.58771], [-0.52529, -0.25659, -2.05922], [-1.80693, -1.92412, -0.64207], [-1.21622, -1.08247, 0.79182], [-2.24696, 1.02964, -0.03676], [-2.88554, 0.15932, -1.43243], [-4.09284, -1.39049, 0.13699], [-3.56028, -0.39388, 1.4905], [-5.89092, 0.08543, 0.74656], [-5.28286, 0.57552, -0.83359], [-5.74484, 2.52132, 0.67789], [-4.5319, 1.9176, 1.80769], [-4.05234, 2.46079, 0.19784], [4.59147, 1.00385, -1.27525], [3.97657, 2.53784, -0.584], [6.36417, 2.15634, 0.05206], [5.32669, 2.10093, 1.48701], [5.92741, 0.59892, 0.76677]]}"
RGXWDWUGBIJHDO-UHFFFAOYSA-N,C(CCCCCCCC)C(=O)OCC,4,0.8922649712148996,"{""sym"": [""C"", ""C"", ""C"", ""C"", ""C"", ""C"", ""C"", ""C"", ""C"", ""C"", ""O"", ""O"", ""C"", ""C"", ""H"", ""H"", ""H"", ""H"", ""H"", ""H"", ""H"", ""H"", ""H"", ""H"", ""H"", ""H"", ""H"", ""H"", ""H"", ""H"", ""H"", ""H"", ""H"", ""H"", ""H"", ""H"", ""H"", ""H""], ""x"": [[2.33943, 0.40778, 0.60508], [1.63896, -0.94002, 0.38967], [0.11585, -0.82496, 0.43504], [-0.45586, 0.03074, -0.69413], [-1.98103, -0.04242, -0.78388], [-2.67879, 0.56336, 0.43342], [-4.1872, 0.72796, 0.24405], [-4.93278, -0.60062, 0.13659], [-6.44191, -0.39505, 0.08387], [3.82754, 0.18312, 0.71838], [4.44575, 0.13747, 1.74925], [4.37126, -0.00249, -0.4899], [5.7752, -0.25785, -0.54387], [6.56938, 1.03949, -0.58531], [2.14628, 1.06764, -0.23962], [1.98685, 0.86824, 1.52831], [1.9495, -1.35127, -0.57307], [1.96407, -1.63035, 1.17176], [-0.17948, -0.40866, 1.39916], [-0.30542, -1.83051, 0.36186], [-0.03317, -0.31061, -1.64246], [-0.16193, 1.0725, -0.55389], [-2.30366, 0.49871, -1.67723], [-2.28115, -1.0852, -0.90053], [-2.49989, -0.0621, 1.30978], [-2.24436, 1.54663, 0.63174], [-4.58669, 1.28348, 1.09668], [-4.37784, 1.32205, -0.65317], [-4.68238, -1.22336, 0.99858], [-4.61318, -1.13047, -0.76213], [-6.95721, -1.34898, -0.0028], [-6.79192, 0.10231, 0.98606], [-6.71267, 0.22007, -0.77167], [5.92652, -0.84138, -1.45451], [6.06037, -0.84943, 0.3322], [6.25357, 1.64595, -1.43074], [6.40991, 1.60048, 0.33216], [7.62809, 0.81773, -0.68214]]}"
MWKFXSUHUHTGQN-UHFFFAOYSA-N,CCCCCCCCCCO,0,0.0,"{""sym"": [""C"", ""C"", ""C"", ""C"", ""C"", ""C"", ""C"", ""C"", ""C"", ""C"", ""O"", ""H"", ""H"", ""H"", ""H"", ""H"", ""H"", ""H"", ""H"", ""H"", ""H"", ""H"", ""H"", ""H"", ""H"", ""H"", ""H"", ""H"", ""H"", ""H"", ""H"", ""H"", ""H""], ""x"": [[-5.12818, 0.87695, -0.37541], [-4.28027, 0.29342, 0.74799], [-2.90008, -0.13316, 0.25279], [-2.03937, -0.70268, 1.37862], [-0.69835, -1.25819, 0.89696], [0.25331, -0.18573, 0.3699], [1.62373, -0.76568, 0.0271], [2.56751, 0.2905, -0.54117], [3.93672, -0.28924, -0.88939], [4.88888, 0.78041, -1.42735], [5.15116, 1.80584, -0.49935], [-6.1056, 1.17517, -0.00388], [-4.64306, 1.75097, -0.80451], [-5.27062, 0.14299, -1.16556], [-4.79307, -0.56988, 1.17881], [-4.16526, 1.03754, 1.53957], [-2.40224, 0.7308, -0.19074], [-3.01681, -0.88865, -0.5283], [-2.59331, -1.50805, 1.86848], [-1.86064, 0.07425, 2.12598], [-0.2159, -1.77413, 1.73135], [-0.8771, -1.99826, 0.11304], [-0.16919, 0.27551, -0.52415], [0.37071, 0.59585, 1.12418], [1.50138, -1.56924, -0.70352], [2.06567, -1.20335, 0.92594], [2.6971, 1.09671, 0.1838], [2.126, 0.72573, -1.44026], [4.3771, -0.74452, 0.00305], [3.83049, -1.07122, -1.64384], [4.44348, 1.28009, -2.29071], [5.83041, 0.30782, -1.74756], [5.49538, 1.40755, 0.30814]]}"
MWKFXSUHUHTGQN-UHFFFAOYSA-N,CCCCCCCCCCO,1,0.4375378437252948,"{""sym"": [""C"", ""C"", ""C"", ""C"", ""C"", ""C"", ""C"", ""C"", ""C"", ""C"", ""O"", ""H"", ""H"", ""H"", ""H"", ""H"", ""H"", ""H"", ""H"", ""H"", ""H"", ""H"", ""H"", ""H"", ""H"", ""H"", ""H"", ""H"", ""H"", ""H"", ""H"", ""H"", ""H""], ""x"": [[5.28237, -0.04087, 1.08692], [3.77883, -0.24594, 0.94888], [3.36623, -0.40501, -0.51283], [1.88463, -0.73463, -0.69441], [0.95613, 0.4043, -0.2782], [-0.50477, 0.08365, -0.58389], [-1.44144, 1.20836, -0.14783], [-2.89554, 0.96204, -0.54744], [-3.53706, -0.2159, 0.18351], [-5.02549, -0.33526, -0.14844], [-5.77265, 0.78978, 0.2492], [5.8236, -0.89444, 0.68411], [5.55987, 0.07912, 2.13173], [5.5963, 0.84818, 0.54407], [3.48139, -1.13779, 1.5053], [3.26152, 0.60871, 1.38753], [3.95966, -1.20848, -0.9569], [3.59975, 0.51446, -1.05499], [1.7047, -0.96546, -1.74771], [1.64045, -1.62935, -0.11637], [1.06031, 0.5933, 0.79152], [1.24547, 1.31554, -0.80702], [-0.62136, -0.0822, -1.65744], [-0.77642, -0.84235, -0.0739], [-1.37508, 1.33592, 0.93551], [-1.10745, 2.14141, -0.60847], [-2.94766, 0.7819, -1.6235], [-3.48314, 1.85812, -0.33566], [-3.42026, -0.08456, 1.26384], [-3.04902, -1.14957, -0.09699], [-5.43446, -1.2465, 0.31439], [-5.165, -0.40609, -1.22969], [-5.64441, 0.92396, 1.19515]]}"
MWKFXSUHUHTGQN-UHFFFAOYSA-N,CCCCCCCCCCO,2,0.5466655103846279,"{""sym"": [""C"", ""C"", ""C"", ""C"", ""C"", ""C"", ""C"", ""C"", ""C"", ""C"", ""O"", ""H"", ""H"", ""H"", ""H"", ""H"", ""H"", ""H"", ""H"", ""H"", ""H"", ""H"", ""H"", ""H"", ""H"", ""H"", ""H"", ""H"", ""H"", ""H"", ""H"", ""H"", ""H""], ""x"": [[5.20961, 0.28076, 0.07758], [4.55681, -1.0304, -0.3448], [3.15957, -1.22619, 0.24481], [2.13462, -0.21766, -0.27013], [0.73223, -0.51724, 0.25535], [-0.29843, 0.49071, -0.2482], [-1.70135, 0.19109, 0.27673], [-2.72408, 1.20138, -0.2395], [-4.11865, 1.02016, 0.35813], [-4.79136, -0.2858, -0.0675], [-6.10656, -0.40103, 0.42374], [4.66999, 1.13307, -0.32656], [5.22677, 0.36452, 1.16215], [6.23389, 0.32629, -0.2855], [4.49718, -1.07115, -1.43494], [5.18922, -1.85969, -0.01838], [2.81456, -2.23324, -0.00381], [3.21665, -1.15766, 1.33386], [2.42018, 0.78914, 0.03918], [2.12363, -0.241, -1.36268], [0.74687, -0.50232, 1.34786], [0.43623, -1.5219, -0.05637], [-0.00277, 1.49531, 0.06428], [-0.31252, 0.4764, -1.34076], [-1.98853, -0.8153, -0.0319], [-1.69051, 0.2148, 1.36871], [-2.78745, 1.1274, -1.32805], [-2.37425, 2.20798, 0.0022], [-4.06445, 1.05083, 1.44834], [-4.75096, 1.8533, 0.03376], [-4.7842, -0.36313, -1.16581], [-4.25882, -1.14508, 0.34312], [-6.61314, 0.36563, 0.13269]]}"
MWKFXSUHUHTGQN-UHFFFAOYSA-N,CCCCCCCCCCO,3,0.6738416654661705,"{""sym"": [""C"", ""C"", ""C"", ""C"", ""C"", ""C"", ""C"", ""C"", ""C"", ""C"", ""O"", ""H"", ""H"", ""H"", ""H"", ""H"", ""H"", ""H"", ""H"", ""H"", ""H"", ""H"", ""H"", ""H"", ""H"", ""H"", ""H"", ""H"", ""H"", ""H"", ""H"", ""H"", ""H""], ""x"": [[-5.63462, -0.10068, -0.18409], [-4.24797, 0.35478, -0.62084], [-3.15326, -0.5644, -0.08483], [-1.76126, -0.11266, -0.51929], [-0.67101, -1.02846, 0.03267], [0.72837, -0.68991, -0.48253], [1.25346, 0.64539, 0.04079], [2.65817, 0.97707, -0.46511], [3.74041, 0.0622, 0.10258], [5.13764, 0.51442, -0.32358], [6.15432, -0.3429, 0.13983], [-5.83651, -1.10641, -0.54631], [-5.70864, -0.10737, 0.90128], [-6.39939, 0.56552, -0.57638], [-4.07035, 1.37217, -0.26419], [-4.19822, 0.37428, -1.71206], [-3.20153, -0.58449, 1.00674], [-3.33066, -1.58222, -0.44094], [-1.70821, -0.10721, -1.61078], [-1.59856, 0.90977, -0.17367], [-0.9063, -2.05782, -0.25002], [-0.676, -0.97919, 1.12427], [1.40768, -1.48696, -0.17592], [0.71401, -0.66769, -1.57476], [1.25601, 0.62936, 1.13343], [0.58043, 1.44323, -0.27745], [2.67161, 0.91786, -1.55551], [2.8955, 2.00777, -0.18839], [3.68137, 0.06402, 1.19548], [3.59227, -0.96307, -0.23912], [5.22217, 0.50075, -1.41272], [5.31637, 1.54379, 0.02371], [6.09268, -0.40093, 1.09985]]}"
MWKFXSUHUHTGQN-UHFFFAOYSA-N,CCCCCCCCCCO,4,0.8192828130158887,"{""sym"": [""C"", ""C"", ""C"", ""C"", ""C"", ""C"", ""C"", ""C"", ""C"", ""C"", ""O"", ""H"", ""H"", ""H"", ""H"", ""H"", ""H"", ""H"", ""H"", ""H"", ""H"", ""H"", ""H"", ""H"", ""H"", ""H"", ""H"", ""H"", ""H"", ""H"", ""H"", ""H"", ""H""], ""x"": [[5.57285, -0.1699, 0.64852], [4.11719, -0.31788, 1.07239], [3.16302, -0.1771, -0.11083], [1.70261, -0.32393, 0.3088], [0.75299, -0.16612, -0.87685], [-0.71214, -0.43221, -0.52857], [-1.3127, 0.63152, 0.38841], [-2.77524, 0.36014, 0.74238], [-3.71717, 0.47954, -0.45628], [-5.19028, 0.44135, -0.04278], [-5.59423, -0.80363, 0.47493], [5.74206, 0.80716, 0.20095], [5.83592, -0.93094, -0.08296], [6.23453, -0.27401, 1.50529], [3.97239, -1.2956, 1.5376], [3.87892, 0.4417, 1.82051], [3.30779, 0.80099, -0.57589], [3.40274, -0.93654, -0.85901], [1.5549, -1.3085, 0.75931], [1.47735, 0.4271, 1.06808], [0.84733, 0.84291, -1.28516], [1.05555, -0.86617, -1.6597], [-0.79694, -1.41146, -0.05067], [-1.28342, -0.46478, -1.45805], [-0.73947, 0.67178, 1.31633], [-1.23565, 1.60914, -0.09336], [-3.08744, 1.07804, 1.50701], [-2.84932, -0.64225, 1.1727], [-3.53247, 1.42465, -0.97026], [-3.53536, -0.33445, -1.15884], [-5.8263, 0.60933, -0.91521], [-5.38824, 1.24031, 0.68805], [-5.04177, -1.01019, 1.23676]]}"
GHVNFZFCNZKVNT-UHFFFAOYSA-N,C(CCCCCC)CCC(=O)O,0,0.0,"{""sym"": [""C"", ""C"", ""C"", ""C"", ""C"", ""C"", ""C"", ""C"", ""C"", ""C"", ""O"", ""O"", ""H"", ""H"", ""H"", ""H"", ""H"", ""H"", ""H"", ""H"", ""H"", ""H"", ""H"", ""H"", ""H"", ""H"", ""H"", ""H"", ""H"", ""H"", ""H"", ""H""], ""x"": [[1.88863, -0.13278, 0.3459], [0.44549, -0.6209, 0.246], [-0.55742, 0.52533, 0.34802], [-2.00007, 0.03447, 0.24926], [-2.99652, 1.18739, 0.34872], [-4.45692, 0.73425, 0.36203], [-4.90022, 0.08093, -0.94212], [2.87992, -1.29075, 0.25295], [4.32854, -0.82277, 0.36307], [4.79939, -0.09698, -0.87071], [4.25211, -0.07292, -1.93867], [5.9651, 0.53146, -0.64922], [2.02796, 0.39228, 1.29481], [2.08746, 0.57426, -0.46132], [0.25206, -1.34199, 1.04451], [0.30768, -1.13789, -0.70617], [-0.36491, 1.24373, -0.45226], [-0.41582, 1.0456, 1.29881], [-2.13073, -0.48706, -0.70022], [-2.1941, -0.68115, 1.05225], [-2.79741, 1.74307, 1.26904], [-2.83926, 1.87174, -0.4884], [-4.6093, 0.03419, 1.18693], [-5.08705, 1.60721, 0.55017], [-5.9665, -0.13279, -0.91206], [-4.37305, -0.85453, -1.10974], [-4.70697, 0.742, -1.78426], [2.6751, -2.00815, 1.05041], [2.74893, -1.79732, -0.70481], [4.47186, -0.16469, 1.22174], [4.99642, -1.67828, 0.49451], [6.26959, 0.97305, -1.45748]]}"
GHVNFZFCNZKVNT-UHFFFAOYSA-N,C(CCCCCC)CCC(=O)O,1,0.21052957384381443,"{""sym"": [""C"", ""C"", ""C"", ""C"", ""C"", ""C"", ""C"", ""C"", ""C"", ""C"", ""O"", ""O"", ""H"", ""H"", ""H"", ""H"", ""H"", ""H"", ""H"", ""H"", ""H"", ""H"", ""H"", ""H"", ""H"", ""H"", ""H"", ""H"", ""H"", ""H"", ""H"", ""H""], ""x"": [[1.6195, -0.42473, -0.22064], [0.60003, 0.57804, 0.31464], [-0.79575, 0.32614, -0.25196], [-1.81753, 1.32253, 0.29175], [-3.20265, 1.17907, -0.33962], [-3.89983, -0.13396, 0.01017], [-5.32172, -0.17619, -0.53626], [3.01645, -0.17344, 0.33967], [4.02864, -1.186, -0.21226], [5.39493, -0.8726, 0.33438], [6.23721, -0.21416, -0.21304], [5.57429, -1.39227, 1.55707], [1.30249, -1.43686, 0.04105], [1.65059, -0.35878, -1.31043], [0.56401, 0.51186, 1.40461], [0.91857, 1.59063, 0.05609], [-1.10167, -0.69052, 0.00017], [-0.76212, 0.4035, -1.3413], [-1.90009, 1.20003, 1.37437], [-1.45201, 2.33517, 0.10293], [-3.11464, 1.26212, -1.42555], [-3.82803, 2.00714, 0.00383], [-3.9253, -0.24916, 1.09621], [-3.33613, -0.9726, -0.40136], [-5.31698, -0.07086, -1.61902], [-5.80128, -1.11957, -0.28568], [-5.9171, 0.6326, -0.11802], [3.34058, 0.83582, 0.07757], [2.99441, -0.24881, 1.42865], [4.06165, -1.1217, -1.29977], [3.7419, -2.19231, 0.09255], [6.44757, -1.15015, 1.90351]]}"
GHVNFZFCNZKVNT-UHFFFAOYSA-N,C(CCCCCC)CCC(=O)O,2,0.322514541730925,"{""sym"": [""C"", ""C"", ""C"", ""C"", ""C"", ""C"", ""C"", ""C"", ""C"", ""C"", ""O"", ""O"", ""H"", ""H"", ""H"", ""H"", ""H"", ""H"", ""H"", ""H"", ""H"", ""H"", ""H"", ""H"", ""H"", ""H"", ""H"", ""H"", ""H"", ""H"", ""H"", ""H""], ""x"": [[-1.6491, -0.89419, 0.49082], [-0.66749, 0.07946, -0.15864], [0.76328, -0.15802, 0.32035], [1.74924, 0.81196, -0.32767], [3.17209, 0.68372, 0.21705], [3.83828, -0.6471, -0.12579], [5.29253, -0.67729, 0.3284], [-3.06892, -0.78385, -0.06176], [-3.73622, 0.54745, 0.27118], [-5.17952, 0.57919, -0.15726], [-5.76528, -0.2836, -0.75166], [-5.77466, 1.72665, 0.2088], [-1.66299, -0.72752, 1.57061], [-1.29295, -1.91276, 0.32146], [-0.70687, -0.03933, -1.24391], [-0.95273, 1.10697, 0.07487], [0.80402, -0.04055, 1.40596], [1.04945, -1.18464, 0.086], [1.76026, 0.64755, -1.40794], [1.4011, 1.83373, -0.1544], [3.77792, 1.49345, -0.19801], [3.15552, 0.80895, 1.30252], [3.29867, -1.46485, 0.35448], [3.79175, -0.80488, -1.20582], [5.35796, -0.53016, 1.40442], [5.86208, 0.11138, -0.15884], [5.75131, -1.63263, 0.08423], [-3.67915, -1.58889, 0.35206], [-3.05292, -0.91379, -1.14515], [-3.23223, 1.3782, -0.22624], [-3.70244, 0.7435, 1.34526], [-6.70195, 1.73188, -0.07666]]}"
GHVNFZFCNZKVNT-UHFFFAOYSA-N,C(CCCCCC)CCC(=O)O,3,0.42303126397382584,"{""sym"": [""C"", ""C"", ""C"", ""C"", ""C"", ""C"", ""C"", ""C"", ""C"", ""C"", ""O"", ""O"", ""H"", ""H"", ""H"", ""H"", ""H"", ""H"", ""H"", ""H"", ""H"", ""H"", ""H"", ""H"", ""H"", ""H"", ""H"", ""H"", ""H"", ""H"", ""H"", ""H""], ""x"": [[1.50004, 0.67597, 0.25779], [0.58185, 1.41607, -0.71212], [-0.89534, 1.06927, -0.5289], [-1.21689, -0.38251, -0.87929], [-2.71828, -0.66339, -0.9397], [-3.41288, -0.52854, 0.4137], [-4.87898, -0.93616, 0.3349], [2.94496, 1.15269, 0.12924], [3.88004, 0.42488, 1.09157], [4.13327, -1.00528, 0.68809], [3.88426, -1.50357, -0.37497], [4.71868, -1.69394, 1.68149], [1.46433, -0.39398, 0.05435], [1.15163, 0.83902, 1.28104], [0.70892, 2.49199, -0.56452], [0.88347, 1.18601, -1.73608], [-1.48867, 1.72402, -1.17237], [-1.18079, 1.27211, 0.5049], [-0.76081, -1.04953, -0.14587], [-0.77843, -0.61236, -1.85331], [-3.1859, 0.01908, -1.65368], [-2.86917, -1.68057, -1.31039], [-2.89988, -1.15757, 1.14494], [-3.34903, 0.50442, 0.75931], [-4.971, -1.97343, 0.0198], [-5.4085, -0.31397, -0.38357], [-5.36107, -0.82761, 1.30391], [2.99304, 2.22478, 0.33059], [3.28824, 0.98101, -0.89245], [4.85616, 0.91689, 1.11947], [3.48497, 0.42855, 2.10911], [4.90175, -2.60436, 1.40051]]}"
GHVNFZFCNZKVNT-UHFFFAOYSA-N,C(CCCCCC)CCC(=O)O,4,0.5344109486613888,"{""sym"": [""C"", ""C"", ""C"", ""C"", ""C"", ""C"", ""C"", ""C"", ""C"", ""C"", ""O"", ""O"", ""H"", ""H"", ""H"", ""H"", ""H"", ""H"", ""H"", ""H"", ""H"", ""H"", ""H"", ""H"", ""H"", ""H"", ""H"", ""H"", ""H"", ""H"", ""H"", ""H""], ""x"": [[1.68675, -0.29756, -0.20701], [0.45067, -0.55508, -1.06571], [-0.81702, -0.69813, -0.2262], [-2.04529, -0.94152, -1.10065], [-3.31983, -1.2242, -0.3036], [-3.75849, -0.09586, 0.63141], [-4.04275, 1.21293, -0.09603], [2.94743, -0.16285, -1.05848], [4.19223, 0.08269, -0.20971], [4.23255, 1.46985, 0.37847], [3.54938, 2.40298, 0.05722], [5.17534, 1.56809, 1.32969], [1.54424, 0.62146, 0.36423], [1.81256, -1.12029, 0.50208], [0.32488, 0.2724, -1.76762], [0.60062, -1.4653, -1.65236], [-0.95408, 0.21134, 0.36072], [-0.69907, -1.53112, 0.47157], [-2.20191, -0.0798, -1.75156], [-1.85093, -1.80291, -1.74554], [-4.12921, -1.4269, -1.00989], [-3.17022, -2.12889, 0.29164], [-2.9943, 0.06899, 1.39273], [-4.6664, -0.41815, 1.14776], [-4.76045, 1.05521, -0.89855], [-4.45593, 1.94509, 0.59423], [-3.13328, 1.62787, -0.52215], [2.82418, 0.67184, -1.7505], [3.08988, -1.07331, -1.64426], [4.26476, -0.6374, 0.60703], [5.09483, -0.02369, -0.81729], [5.20888, 2.47221, 1.68026]]}"
RSJKGSCJYJTIGS-UHFFFAOYSA-N,CCCCCCCCCCC,0,0.0,"{""sym"": [""C"", ""C"", ""C"", ""C"", ""C"", ""C"", ""C"", ""C"", ""C"", ""C"", ""C"", ""H"", ""H"", ""H"", ""H"", ""H"", ""H"", ""H"", ""H"", ""H"", ""H"", ""H"", ""H"", ""H"", ""H"", ""H"", ""H"", ""H"", ""H"", ""H"", ""H"", ""H"", ""H"", ""H"", ""H""], ""x"": [[-5.61127, -0.31449, 0.66245], [-5.13669, 0.80815, -0.25327], [-3.72621, 1.29843, 0.07478], [-2.64482, 0.24824, -0.16871], [-1.24605, 0.81383, 0.065], [-0.1571, -0.22973, -0.17084], [1.24151, 0.33584, 0.06361], [2.32955, -0.70853, -0.17343], [3.7293, -0.14584, 0.06021], [4.81595, -1.19179, -0.17742], [6.21094, -0.6248, 0.05717], [-5.0162, -1.21251, 0.51829], [-5.53429, -0.01288, 1.70496], [-6.65016, -0.55972, 0.45257], [-5.16631, 0.4658, -1.29029], [-5.82536, 1.65217, -0.16464], [-3.68957, 1.61687, 1.11932], [-3.50908, 2.17358, -0.54332], [-2.79776, -0.60215, 0.49779], [-2.72032, -0.11616, -1.19611], [-1.08225, 1.6629, -0.60318], [-1.17445, 1.18454, 1.09048], [-0.22884, -0.6007, -1.19621], [-0.31945, -1.0786, 0.49788], [1.40427, 1.1849, -0.60473], [1.31378, 0.70628, 1.08909], [2.16604, -1.55757, 0.49483], [2.25636, -1.07899, -1.19889], [3.89379, 0.70285, -0.60814], [3.80349, 0.22421, 1.08568], [4.6506, -2.03998, 0.49111], [4.74091, -1.5613, -1.20286], [6.96989, -1.38438, -0.117], [6.3097, -0.26872, 1.08057], [6.40006, 0.21021, -0.61431]]}"
RSJKGSCJYJTIGS-UHFFFAOYSA-N,CCCCCCCCCCC,1,0.5169242317933822,"{""sym"": [""C"", ""C"", ""C"", ""C"", ""C"", ""C"", ""C"", ""C"", ""C"", ""C"", ""C"", ""H"", ""H"", ""H"", ""H"", ""H"", ""H"", ""H"", ""H"", ""H"", ""H"", ""H"", ""H"", ""H"", ""H"", ""H"", ""H"", ""H"", ""H"", ""H"", ""H"", ""H"", ""H"", ""H"", ""H""], ""x"": [[-5.49667, -1.20402, 0.39667], [-4.14165, -0.96858, -0.25932], [-3.34124, 0.11443, 0.46035], [-1.98122, 0.35528, -0.19027], [-1.1823, 1.43284, 0.53996], [0.13358, 1.7873, -0.15339], [1.14848, 0.64593, -0.15218], [2.48885, 1.09011, -0.73427], [3.49945, -0.04824, -0.87277], [3.95936, -0.61872, 0.46699], [5.05377, -1.66292, 0.28387], [-6.04961, -1.97749, -0.13167], [-6.08913, -0.29153, 0.38706], [-5.37075, -1.51798, 1.43076], [-4.29037, -0.67534, -1.30118], [-3.57218, -1.90097, -0.25673], [-3.91356, 1.04528, 0.45788], [-3.19487, -0.17989, 1.50246], [-1.42047, -0.58082, -0.19212], [-2.12723, 0.65877, -1.22982], [-1.79376, 2.3364, 0.60835], [-0.97381, 1.10011, 1.55966], [-0.07158, 2.08803, -1.18366], [0.57578, 2.64671, 0.35747], [0.7666, -0.18873, -0.74244], [1.28765, 0.29906, 0.87312], [2.31338, 1.52238, -1.72283], [2.91497, 1.87445, -0.10395], [3.06211, -0.84886, -1.47429], [4.37429, 0.32631, -1.41069], [4.33399, 0.19328, 1.09472], [3.11424, -1.07721, 0.98267], [5.92236, -1.225, -0.20357], [5.36605, -2.06503, 1.24502], [4.69551, -2.48534, -0.33186]]}"
RSJKGSCJYJTIGS-UHFFFAOYSA-N,CCCCCCCCCCC,2,0.6274586149011157,"{""sym"": [""C"", ""C"", ""C"", ""C"", ""C"", ""C"", ""C"", ""C"", ""C"", ""C"", ""C"", ""H"", ""H"", ""H"", ""H"", ""H"", ""H"", ""H"", ""H"", ""H"", ""H"", ""H"", ""H"", ""H"", ""H"", ""H"", ""H"", ""H"", ""H"", ""H"", ""H"", ""H"", ""H"", ""H"", ""H""], ""x"": [[-6.11121, -0.01301, 0.38843], [-4.75998, -0.66452, 0.12203], [-3.61787, 0.34678, 0.18027], [-2.26096, -0.30007, -0.08611], [-1.12041, 0.71344, -0.02943], [0.23589, 0.0648, -0.29605], [1.37551, 1.07893, -0.22478], [2.73631, 0.49621, -0.60952], [3.26223, -0.5221, 0.4001], [4.62662, -1.09884, 0.01932], [5.75306, -0.07413, 0.08701], [-6.31507, 0.75935, -0.35], [-6.12619, 0.4461, 1.37452], [-6.90867, -0.75092, 0.34175], [-4.77281, -1.13646, -0.86309], [-4.58377, -1.4494, 0.86113], [-3.79401, 1.1321, -0.55884], [-3.60456, 0.81897, 1.1656], [-2.2734, -0.77409, -1.07075], [-2.08309, -1.08458, 0.65364], [-1.29854, 1.49851, -0.7685], [-1.10616, 1.1867, 0.95547], [0.22611, -0.39638, -1.28667], [0.39807, -0.72691, 0.43737], [1.43132, 1.48932, 0.78647], [1.14738, 1.90585, -0.90257], [3.44866, 1.31927, -0.69041], [2.6605, 0.02357, -1.59194], [3.33536, -0.0487, 1.38224], [2.55236, -1.34738, 0.48071], [4.85814, -1.91955, 0.7029], [4.5737, -1.51539, -0.98929], [6.71289, -0.5542, -0.09008], [5.62192, 0.70306, -0.66126], [5.78067, 0.3937, 1.06884]]}"
RSJKGSCJYJTIGS-UHFFFAOYSA-N,CCCCCCCCCCC,3,0.9938856643893814,"{""sym"": [""C"", ""C"", ""C"", ""C"", ""C"", ""C"", ""C"", ""C"", ""C"", ""C"", ""C"", ""H"", ""H"", ""H"", ""H"", ""H"", ""H"", ""H"", ""H"", ""H"", ""H"", ""H"", ""H"", ""H"", ""H"", ""H"", ""H"", ""H"", ""H"", ""H"", ""H"", ""H"", ""H"", ""H"", ""H""], ""x"": [[-5.15549, 1.12157, 0.97229], [-3.69319, 0.74262, 0.77413], [-3.46877, 0.05749, -0.57212], [-1.99673, -0.23126, -0.86588], [-1.38482, -1.25517, 0.08885], [0.00386, -1.7242, -0.34571], [1.05604, -0.61779, -0.30296], [2.44988, -1.15958, -0.61368], [3.51893, -0.0712, -0.71053], [3.79167, 0.6326, 0.61701], [4.94536, 1.62077, 0.49905], [-5.78645, 0.23627, 0.93077], [-5.30132, 1.60133, 1.93739], [-5.48119, 1.80909, 0.19455], [-3.38608, 0.07634, 1.58164], [-3.07446, 1.64156, 0.82844], [-3.86263, 0.70246, -1.36213], [-4.03367, -0.87764, -0.59904], [-1.91253, -0.61123, -1.88737], [-1.4367, 0.70394, -0.81171], [-2.04597, -2.12418, 0.14141], [-1.31539, -0.8293, 1.09132], [-0.05254, -2.13121, -1.35831], [0.32159, -2.53377, 0.31675], [1.04913, -0.16274, 0.689], [0.80702, 0.15608, -1.03103], [2.738, -1.87934, 0.15647], [2.41092, -1.69541, -1.56572], [4.44887, -0.52669, -1.06111], [3.21475, 0.66884, -1.45484], [2.89771, 1.16737, 0.94137], [4.02957, -0.11419, 1.3782], [5.85877, 1.10873, 0.20397], [4.72236, 2.37825, -0.24935], [5.12351, 2.11961, 1.44889]]}"
RSJKGSCJYJTIGS-UHFFFAOYSA-N,CCCCCCCCCCC,4,1.1017809274962929,"{""sym"": [""C"", ""C"", ""C"", ""C"", ""C"", ""C"", ""C"", ""C"", ""C"", ""C"", ""C"", ""H"", ""H"", ""H"", ""H"", ""H"", ""H"", ""H"", ""H"", ""H"", ""H"", ""H"", ""H"", ""H"", ""H"", ""H"", ""H"", ""H"", ""H"", ""H"", ""H"", ""H"", ""H"", ""H"", ""H""], ""x"": [[-4.28037, 1.03503, -1.19142], [-4.36596, -0.3377, -0.53491], [-3.84153, -0.35423, 0.90202], [-2.37612, 0.05644, 1.05713], [-1.40212, -0.85, 0.30751], [0.05114, -0.48121, 0.59915], [1.02785, -1.37095, -0.16706], [2.49353, -1.11436, 0.18527], [2.99372, 0.26222, -0.24734], [4.48937, 0.42997, 0.01087], [4.98862, 1.80612, -0.4116], [-4.76506, 1.01841, -2.16521], [-3.24575, 1.33456, -1.33591], [-4.77354, 1.784, -0.57522], [-5.41105, -0.65753, -0.51887], [-3.81473, -1.06287, -1.13566], [-4.45404, 0.32088, 1.50565], [-3.9697, -1.36181, 1.30596], [-2.24621, 1.08576, 0.7188], [-2.12761, 0.0328, 2.12162], [-1.57857, -1.88873, 0.59791], [-1.57522, -0.77069, -0.76714], [0.24086, -0.57733, 1.67105], [0.21105, 0.56316, 0.32536], [0.79516, -2.41586, 0.05473], [0.88474, -1.22381, -1.24031], [2.62916, -1.22488, 1.26385], [3.10622, -1.87724, -0.30242], [2.79473, 0.39984, -1.31304], [2.45326, 1.03907, 0.29608], [4.68964, 0.28341, 1.07486], [5.03952, -0.33832, -0.53752], [4.81675, 1.96497, -1.47403], [4.46776, 2.58704, 0.13833], [6.05448, 1.90383, -0.21852]]}"
DOIRQSBPFJWKBE-UHFFFAOYSA-N,c1(c(C(=O)OCCCC)cccc1)C(=O)OCCCC,0,0.0,"{""sym"": [""C"", ""C"", ""C"", ""O"", ""O"", ""C"", ""C"", ""C"", ""C"", ""C"", ""C"", ""C"", ""C"", ""C"", ""O"", ""O"", ""C"", ""C"", ""C"", ""C"", ""H"", ""H"", ""H"", ""H"", ""H"", ""H"", ""H"", ""H"", ""H"", ""H"", ""H"", ""H"", ""H"", ""H"", ""H"", ""H"", ""H"", ""H"", ""H"", ""H"", ""H"", ""H""], ""x"": [[-0.75334, -2.03109, 1.21495], [0.61703, -2.2909, 1.14247], [1.59474, -1.168, 1.14777], [1.43507, -0.13432, 1.74755], [2.68899, -1.48009, 0.45003], [3.73387, -0.51128, 0.36964], [3.78227, 0.12846, -1.01651], [2.56809, 1.00375, -1.33082], [2.47356, 2.23238, -0.43168], [1.06618, -3.60724, 1.16036], [0.16497, -4.65175, 1.25955], [-1.19273, -4.39124, 1.35446], [-1.64988, -3.08553, 1.33231], [-1.29898, -0.64193, 1.14904], [-2.11967, -0.20724, 1.91393], [-0.81224, 0.01917, 0.09731], [-1.25747, 1.3658, -0.06918], [-2.61812, 1.4295, -0.75746], [-3.06147, 2.8726, -0.98059], [-4.41976, 2.9391, -1.66789], [4.66212, -1.05649, 0.56449], [3.58235, 0.24217, 1.14711], [3.85292, -0.66992, -1.75874], [4.69167, 0.73005, -1.07519], [1.65741, 0.40852, -1.23184], [2.64341, 1.32255, -2.37343], [1.72937, 2.9265, -0.81599], [3.42965, 2.75064, -0.38959], [2.17947, 1.95136, 0.57601], [2.12646, -3.80036, 1.10941], [0.52214, -5.67065, 1.27436], [-1.89475, -5.20626, 1.44633], [-2.70488, -2.868, 1.40301], [-0.48853, 1.84753, -0.6754], [-1.30737, 1.8429, 0.9146], [-2.55767, 0.90607, -1.71481], [-3.35141, 0.91454, -0.13385], [-3.11583, 3.3832, -0.01713], [-2.31768, 3.3901, -1.59082], [-4.72178, 3.97251, -1.81837], [-5.17621, 2.4446, -1.06338], [-4.38195, 2.44831, -2.63778]]}"
DOIRQSBPFJWKBE-UHFFFAOYSA-N,c1(c(C(=O)OCCCC)cccc1)C(=O)OCCCC,1,0.13730510698951548,"{""sym"": [""C"", ""C"", ""C"", ""O"", ""O"", ""C"", ""C"", ""C"", ""C"", ""C"", ""C"", ""C"", ""C"", ""C"", ""O"", ""O"", ""C"", ""C"", ""C"", ""C"", ""H"", ""H"", ""H"", ""H"", ""H"", ""H"", ""H"", ""H"", ""H"", ""H"", ""H"", ""H"", ""H"", ""H"", ""H"", ""H"", ""H"", ""H"", ""H"", ""H"", ""H"", ""H""], ""x"": [[-0.6837, 2.49178, -0.46728], [0.34003, 2.28398, 0.45984], [0.87951, 0.90573, 0.63026], [0.19005, -0.08401, 0.62685], [2.19699, 0.91107, 0.82513], [2.83065, -0.36368, 0.94454], [3.06313, -0.98473, -0.43087], [3.88981, -2.26753, -0.36628], [3.18046, -3.39798, 0.37098], [0.7813, 3.3359, 1.25163], [0.19486, 4.58349, 1.13046], [-0.83409, 4.78466, 0.22437], [-1.27127, 3.74368, -0.5777], [-1.06014, 1.37211, -1.38439], [-0.26801, 0.80032, -2.0895], [-2.36811, 1.13196, -1.35194], [-2.82926, 0.013, -2.11224], [-2.60433, -1.29037, -1.35102], [-3.44524, -1.36472, -0.07933], [-3.11638, -2.61248, 0.72926], [2.19998, -1.01222, 1.55984], [3.77792, -0.16772, 1.45207], [2.09401, -1.18943, -0.88959], [3.57792, -0.24892, -1.05291], [4.09885, -2.58768, -1.38903], [4.8471, -2.05875, 0.11768], [2.19153, -3.56216, -0.0503], [3.74901, -4.32111, 0.28356], [3.07165, -3.16813, 1.42765], [1.5734, 3.16522, 1.96434], [0.5379, 5.40018, 1.74779], [-1.29505, 5.75743, 0.13931], [-2.06174, 3.89899, -1.29613], [-3.89227, 0.19934, -2.28008], [-2.29504, -0.00818, -3.06803], [-2.8453, -2.1251, -2.01178], [-1.54743, -1.3537, -1.08593], [-4.50617, -1.3631, -0.34303], [-3.24608, -0.47935, 0.52692], [-3.72977, -2.65995, 1.62606], [-2.07075, -2.59801, 1.02676], [-3.29593, -3.50986, 0.14017]]}"
DOIRQSBPFJWKBE-UHFFFAOYSA-N,c1(c(C(=O)OCCCC)cccc1)C(=O)OCCCC,2,0.4135256892623147,"{""sym"": [""C"", ""C"", ""C"", ""O"", ""O"", ""C"", ""C"", ""C"", ""C"", ""C"", ""C"", ""C"", ""C"", ""C"", ""O"", ""O"", ""C"", ""C"", ""C"", ""C"", ""H"", ""H"", ""H"", ""H"", ""H"", ""H"", ""H"", ""H"", ""H"", ""H"", ""H"", ""H"", ""H"", ""H"", ""H"", ""H"", ""H"", ""H"", ""H"", ""H"", ""H"", ""H""], ""x"": [[-0.03867, 1.56886, 1.86705], [1.22646, 1.07986, 2.19672], [1.69697, -0.26667, 1.77521], [2.60414, -0.85751, 2.30685], [1.028, -0.71645, 0.71167], [1.42908, -1.97736, 0.18073], [2.60267, -1.85762, -0.79], [2.26389, -1.1261, -2.09002], [2.07848, 0.37708, -1.91153], [2.11391, 1.88462, 2.90486], [1.7565, 3.16846, 3.26988], [0.50805, 3.66081, 2.92454], [-0.38565, 2.86409, 2.22912], [-1.07016, 0.70841, 1.20641], [-1.59192, -0.24422, 1.72332], [-1.39601, 1.19894, 0.00904], [-2.41963, 0.51369, -0.71601], [-1.85685, -0.69573, -1.45719], [-2.86649, -1.3292, -2.41228], [-4.05717, -1.9506, -1.69132], [0.5458, -2.37388, -0.32419], [1.70696, -2.63235, 1.01332], [3.42567, -1.35055, -0.28286], [2.92838, -2.87312, -1.02449], [1.3566, -1.5591, -2.51832], [3.077, -1.29831, -2.79944], [2.97152, 0.81997, -1.47455], [1.23631, 0.59432, -1.26014], [1.89983, 0.85032, -2.87514], [3.08316, 1.48016, 3.15469], [2.45051, 3.78616, 3.81937], [0.22651, 4.66586, 3.20151], [-1.36351, 3.24196, 1.97088], [-3.19892, 0.20484, -0.01284], [-2.8158, 1.25245, -1.41646], [-0.97818, -0.37029, -2.0182], [-1.53866, -1.43203, -0.71727], [-3.21818, -0.57626, -3.12132], [-2.35339, -2.10579, -2.98392], [-3.71666, -2.64143, -0.92379], [-4.6703, -1.18795, -1.21919], [-4.68023, -2.49834, -2.3944]]}"
DOIRQSBPFJWKBE-UHFFFAOYSA-N,c1(c(C(=O)OCCCC)cccc1)C(=O)OCCCC,3,0.5263502287270967,"{""sym"": [""C"", ""C"", ""C"", ""O"", ""O"", ""C"", ""C"", ""C"", ""C"", ""C"", ""C"", ""C"", ""C"", ""C"", ""O"", ""O"", ""C"", ""C"", ""C"", ""C"", ""H"", ""H"", ""H"", ""H"", ""H"", ""H"", ""H"", ""H"", ""H"", ""H"", ""H"", ""H"", ""H"", ""H"", ""H"", ""H"", ""H"", ""H"", ""H"", ""H"", ""H"", ""H""], ""x"": [[-1.03922, -2.39021, -0.76885], [0.34373, -2.55823, -0.68179], [1.28298, -1.54955, -1.26684], [1.445, -1.36819, -2.44548], [1.95967, -0.92403, -0.30667], [2.88524, 0.07793, -0.72987], [3.32379, 0.87633, 0.48789], [2.17148, 1.68321, 1.08248], [2.60082, 2.44672, 2.3287], [0.85921, -3.70709, -0.09787], [0.00825, -4.68755, 0.38395], [-1.36491, -4.52969, 0.282], [-1.88643, -3.38545, -0.29182], [-1.64274, -1.16393, -1.35673], [-2.74915, -1.12181, -1.83327], [-0.81459, -0.11965, -1.26482], [-1.22885, 1.11957, -1.83847], [-1.58348, 2.13442, -0.7556], [-2.82133, 1.72431, 0.03953], [-3.21332, 2.79302, 1.05113], [2.39519, 0.71723, -1.47224], [3.73829, -0.41294, -1.21219], [4.13362, 1.54433, 0.18949], [3.70963, 0.18466, 1.23848], [1.35628, 1.00082, 1.33011], [1.80498, 2.38858, 0.33276], [1.77036, 3.02394, 2.72836], [3.4142, 3.13102, 2.09625], [2.94248, 1.75963, 3.0994], [1.9295, -3.83343, -0.03159], [0.41924, -5.57926, 0.83356], [-2.02677, -5.29854, 0.65074], [-2.95213, -3.23809, -0.3803], [-2.08833, 0.93378, -2.49087], [-0.38274, 1.4699, -2.43679], [-1.75941, 3.09628, -1.24162], [-0.73376, 2.24329, -0.07826], [-3.65104, 1.54895, -0.64825], [-2.6212, 0.78619, 0.56201], [-4.08995, 2.48169, 1.61351], [-3.44328, 3.72847, 0.54574], [-2.40132, 2.97334, 1.75239]]}"
DOIRQSBPFJWKBE-UHFFFAOYSA-N,c1(c(C(=O)OCCCC)cccc1)C(=O)OCCCC,4,0.6518120723485481,"{""sym"": [""C"", ""C"", ""C"", ""O"", ""O"", ""C"", ""C"", ""C"", ""C"", ""C"", ""C"", ""C"", ""C"", ""C"", ""O"", ""O"", ""C"", ""C"", ""C"", ""C"", ""H"", ""H"", ""H"", ""H"", ""H"", ""H"", ""H"", ""H"", ""H"", ""H"", ""H"", ""H"", ""H"", ""H"", ""H"", ""H"", ""H"", ""H"", ""H"", ""H"", ""H"", ""H""], ""x"": [[0.46114, -2.33562, -0.36144], [-0.57692, -2.50902, -1.27912], [-1.42083, -1.37203, -1.7396], [-1.90181, -1.2819, -2.84105], [-1.62794, -0.4901, -0.76054], [-2.4239, 0.64895, -1.08607], [-2.53972, 1.5296, 0.14876], [-3.27115, 0.82545, 1.28961], [-3.3999, 1.72576, 2.51138], [-0.87506, -3.78427, -1.74665], [-0.16622, -4.88005, -1.2885], [0.84198, -4.71117, -0.3526], [1.15628, -3.44412, 0.10607], [0.89754, -0.98705, 0.1032], [1.12333, -0.70482, 1.25163], [1.06873, -0.15793, -0.92978], [1.54794, 1.15272, -0.63199], [3.07484, 1.1725, -0.61919], [3.65075, 2.58079, -0.4848], [3.35931, 3.21645, 0.86971], [-3.40826, 0.30579, -1.4255], [-1.94722, 1.18394, -1.91584], [-3.07131, 2.44146, -0.13018], [-1.5369, 1.80479, 0.47968], [-2.72041, -0.07826, 1.55553], [-4.26528, 0.52624, 0.94979], [-3.92296, 1.20822, 3.31141], [-2.41728, 2.01533, 2.8762], [-3.95504, 2.62881, 2.26523], [-1.67227, -3.8972, -2.46591], [-0.40477, -5.86693, -1.6553], [1.38873, -5.56638, 0.01522], [1.94721, -3.29691, 0.82585], [1.14821, 1.46039, 0.33891], [1.1553, 1.79547, -1.42338], [3.4264, 0.72208, -1.55067], [3.42355, 0.55289, 0.20977], [3.25196, 3.21411, -1.2806], [4.73249, 2.51914, -0.62152], [3.6891, 2.56314, 1.67408], [2.29631, 3.40506, 0.99353], [3.88406, 4.16467, 0.9603]]}"
DIOQZVSQGTUSAI-UHFFFAOYSA-N,CCCCCCCCCC,0,0.0,"{""sym"": [""C"", ""C"", ""C"", ""C"", ""C"", ""C"", ""C"", ""C"", ""C"", ""C"", ""H"", ""H"", ""H"", ""H"", ""H"", ""H"", ""H"", ""H"", ""H"", ""H"", ""H"", ""H"", ""H"", ""H"", ""H"", ""H"", ""H"", ""H"", ""H"", ""H"", ""H"", ""H""], ""x"": [[-5.24932, 0.66379, -0.4373], [-3.79023, 0.27115, -0.63652], [-3.31444, -0.69026, 0.45067], [-1.89167, -1.20467, 0.23025], [-0.82657, -0.11522, 0.3361], [0.58374, -0.68948, 0.22302], [1.65465, 0.39409, 0.32249], [3.06558, -0.1779, 0.20902], [4.1353, 0.90701, 0.30976], [5.54173, 0.33128, 0.19611], [-5.38326, 1.14959, 0.52701], [-5.57248, 1.35119, -1.21595], [-5.88951, -0.21551, -0.46778], [-3.17487, 1.17214, -0.62655], [-3.67128, -0.20357, -1.61328], [-3.99352, -1.54653, 0.48035], [-3.37175, -0.19187, 1.42137], [-1.67985, -1.97366, 0.97785], [-1.82713, -1.67644, -0.75323], [-0.97173, 0.62227, -0.45509], [-0.93137, 0.39985, 1.29406], [0.68447, -1.21001, -0.73252], [0.73992, -1.42498, 1.016], [1.55273, 0.91509, 1.27769], [1.49902, 1.12922, -0.471], [3.22242, -0.91309, 1.00208], [3.16889, -0.69808, -0.74638], [4.03147, 1.42669, 1.2652], [3.97816, 1.64168, -0.48351], [6.2873, 1.11989, 0.27038], [5.72344, -0.38941, 0.99073], [5.67015, -0.17429, -0.75873]]}"
DIOQZVSQGTUSAI-UHFFFAOYSA-N,CCCCCCCCCC,1,0.4731323573323607,"{""sym"": [""C"", ""C"", ""C"", ""C"", ""C"", ""C"", ""C"", ""C"", ""C"", ""C"", ""H"", ""H"", ""H"", ""H"", ""H"", ""H"", ""H"", ""H"", ""H"", ""H"", ""H"", ""H"", ""H"", ""H"", ""H"", ""H"", ""H"", ""H"", ""H"", ""H"", ""H"", ""H""], ""x"": [[-5.26869, -0.64156, -0.16299], [-3.77474, -0.93593, -0.2159], [-2.94263, 0.25045, 0.26595], [-1.4436, -0.03655, 0.2138], [-0.61695, 1.15728, 0.68821], [0.88208, 0.86437, 0.76194], [1.50967, 0.59712, -0.60534], [3.0369, 0.54041, -0.5639], [3.57676, -0.63851, 0.24313], [5.09562, -0.72512, 0.16019], [-5.57686, -0.41185, 0.85456], [-5.51246, 0.2108, -0.79325], [-5.8414, -1.49868, -0.50923], [-3.49092, -1.18295, -1.24159], [-3.55514, -1.80673, 0.40623], [-3.16399, 1.12114, -0.35634], [-3.2284, 0.49703, 1.29157], [-1.21955, -0.90188, 0.84269], [-1.16811, -0.28989, -0.81133], [-0.96364, 1.45051, 1.68271], [-0.78705, 2.00373, 0.01836], [1.38329, 1.72376, 1.21515], [1.04121, 0.00453, 1.4149], [1.13323, -0.34584, -1.00571], [1.20861, 1.39388, -1.29058], [3.4228, 1.47216, -0.14275], [3.41108, 0.46278, -1.58829], [3.28353, -0.53346, 1.28877], [3.13873, -1.56507, -0.13576], [5.54976, 0.18606, 0.54354], [5.41555, -0.85764, -0.87108], [5.46532, -1.56437, 0.74466]]}"
DIOQZVSQGTUSAI-UHFFFAOYSA-N,CCCCCCCCCC,2,0.5788090827554697,"{""sym"": [""C"", ""C"", ""C"", ""C"", ""C"", ""C"", ""C"", ""C"", ""C"", ""C"", ""H"", ""H"", ""H"", ""H"", ""H"", ""H"", ""H"", ""H"", ""H"", ""H"", ""H"", ""H"", ""H"", ""H"", ""H"", ""H"", ""H"", ""H"", ""H"", ""H"", ""H"", ""H""], ""x"": [[-5.34285, 0.26239, 0.5511], [-3.97176, -0.23795, 0.98801], [-2.89479, 0.07253, -0.04901], [-1.51826, -0.42674, 0.38383], [-0.43859, -0.11872, -0.65124], [0.93731, -0.61726, -0.21369], [2.01113, -0.2944, -1.25046], [3.3828, -0.8854, -0.91925], [3.9938, -0.4039, 0.39812], [4.20395, 1.10465, 0.45175], [-5.6395, -0.20564, -0.38495], [-5.32658, 1.33989, 0.40287], [-6.09351, 0.03102, 1.30317], [-4.01521, -1.31741, 1.15052], [-3.70223, 0.2284, 1.9385], [-3.16558, -0.39355, -0.99956], [-2.85269, 1.15233, -0.21171], [-1.24928, 0.03961, 1.33488], [-1.5619, -1.5063, 0.54756], [-0.70653, -0.58546, -1.60232], [-0.39409, 0.96085, -0.81602], [0.8983, -1.69834, -0.05843], [1.19257, -0.15295, 0.74041], [1.69458, -0.69385, -2.21787], [2.09407, 0.78814, -1.3605], [3.29648, -1.97449, -0.8821], [4.06919, -0.63873, -1.73367], [3.36058, -0.71222, 1.23157], [4.95985, -0.89962, 0.5243], [3.25368, 1.63187, 0.4495], [4.78627, 1.43958, -0.40405], [4.73877, 1.37819, 1.35875]]}"
DIOQZVSQGTUSAI-UHFFFAOYSA-N,CCCCCCCCCC,3,1.0214397397248831,"{""sym"": [""C"", ""C"", ""C"", ""C"", ""C"", ""C"", ""C"", ""C"", ""C"", ""C"", ""H"", ""H"", ""H"", ""H"", ""H"", ""H"", ""H"", ""H"", ""H"", ""H"", ""H"", ""H"", ""H"", ""H"", ""H"", ""H"", ""H"", ""H"", ""H"", ""H"", ""H"", ""H""], ""x"": [[-4.55029, 0.6185, -0.23944], [-3.32002, 0.56253, 0.65744], [-2.32604, -0.50167, 0.19709], [-1.09001, -0.54308, 1.09253], [-0.11844, -1.67335, 0.74951], [0.46454, -1.62087, -0.66492], [1.18044, -0.31766, -1.02302], [2.37973, -0.00931, -0.12974], [3.13143, 1.2325, -0.60437], [4.32205, 1.55391, 0.29017], [-5.24233, 1.38351, 0.10499], [-4.26579, 0.84943, -1.26374], [-5.06759, -0.33842, -0.23708], [-2.82765, 1.53811, 0.65792], [-3.62904, 0.34878, 1.68345], [-2.03128, -0.28713, -0.83166], [-2.81357, -1.47972, 0.20683], [-0.57334, 0.41661, 1.03749], [-1.41331, -0.67644, 2.12871], [-0.63641, -2.62913, 0.86607], [0.6986, -1.6594, 1.47386], [-0.33664, -1.7859, -1.38833], [1.16997, -2.44949, -0.77042], [0.47554, 0.51431, -0.97908], [1.52573, -0.39361, -2.0579], [2.04549, 0.15189, 0.89668], [3.05988, -0.86473, -0.12812], [2.44707, 2.08438, -0.61619], [3.47946, 1.07507, -1.62808], [3.99445, 1.73321, 1.31193], [5.02693, 0.72544, 0.29887], [4.84044, 2.44176, -0.06451]]}"
DIOQZVSQGTUSAI-UHFFFAOYSA-N,CCCCCCCCCC,4,1.1231285132853372,"{""sym"": [""C"", ""C"", ""C"", ""C"", ""C"", ""C"", ""C"", ""C"", ""C"", ""C"", ""H"", ""H"", ""H"", ""H"", ""H"", ""H"", ""H"", ""H"", ""H"", ""H"", ""H"", ""H"", ""H"", ""H"", ""H"", ""H"", ""H"", ""H"", ""H"", ""H"", ""H"", ""H""], ""x"": [[-4.02578, 0.6472, -0.97208], [-3.84057, 0.67058, 0.54046], [-3.22087, -0.61393, 1.09367], [-1.83441, -0.94991, 0.54149], [-0.78071, 0.11487, 0.83847], [0.60983, -0.32536, 0.38503], [1.66324, 0.74618, 0.6588], [3.08722, 0.30248, 0.323], [3.31895, 0.075, -1.16925], [4.77879, -0.24499, -1.4659], [-4.56823, 1.53158, -1.29939], [-3.06645, 0.63322, -1.48252], [-4.59002, -0.23285, -1.27381], [-4.81608, 0.80834, 1.01391], [-3.22247, 1.52596, 0.81773], [-3.89111, -1.44888, 0.87244], [-3.15492, -0.52635, 2.18122], [-1.51157, -1.89512, 0.98628], [-1.89726, -1.10613, -0.53671], [-0.76523, 0.31883, 1.91206], [-1.03875, 1.04356, 0.32656], [0.57767, -0.54615, -0.68339], [0.88658, -1.24478, 0.9069], [1.42245, 1.64427, 0.08466], [1.62243, 1.01296, 1.71814], [3.78172, 1.07231, 0.66969], [3.31704, -0.61662, 0.86748], [3.02491, 0.97142, -1.72038], [2.69702, -0.75091, -1.51767], [5.08785, -1.14141, -0.93248], [4.92737, -0.41145, -2.53036], [5.42137, 0.57567, -1.15406]]}"
ZIBGPFATKBEMQZ-UHFFFAOYSA-N,OCCOCCOCCO,0,0.0,"{""sym"": [""O"", ""C"", ""C"", ""O"", ""C"", ""C"", ""O"", ""C"", ""C"", ""O"", ""H"", ""H"", ""H"", ""H"", ""H"", ""H"", ""H"", ""H"", ""H"", ""H"", ""H"", ""H"", ""H"", ""H""], ""x"": [[-1.23872, 1.52419, -0.80605], [-1.85945, 0.45161, -1.45446], [-2.64618, -0.43874, -0.47727], [-1.88328, -0.87669, 0.62614], [-0.84346, -1.79412, 0.35944], [0.46896, -1.27615, 0.94843], [0.86038, -0.12502, 0.23738], [2.05359, 0.4625, 0.71494], [2.33226, 1.70908, -0.12869], [2.53651, 1.38996, -1.47777], [-0.6475, 1.1392, -0.13812], [-1.11458, -0.15169, -1.99704], [-2.5539, 0.876, -2.18294], [-3.45138, 0.14522, -0.02605], [-3.07738, -1.29041, -1.02285], [-1.08644, -2.75334, 0.83647], [-0.71899, -1.95745, -0.715], [0.31699, -1.02913, 2.00846], [1.24331, -2.05402, 0.87348], [1.94795, 0.73817, 1.77393], [2.88307, -0.25191, 0.61552], [1.49557, 2.41181, -0.0185], [3.25028, 2.18641, 0.21954], [1.73241, 0.96448, -1.7985]]}"
ZIBGPFATKBEMQZ-UHFFFAOYSA-N,OCCOCCOCCO,1,0.5828322661873244,"{""sym"": [""O"", ""C"", ""C"", ""O"", ""C"", ""C"", ""O"", ""C"", ""C"", ""O"", ""H"", ""H"", ""H"", ""H"", ""H"", ""H"", ""H"", ""H"", ""H"", ""H"", ""H"", ""H"", ""H"", ""H""], ""x"": [[-4.48714, 0.85286, 0.41481], [-3.98413, -0.42247, 0.12375], [-2.56316, -0.3585, -0.43846], [-1.73888, 0.1737, 0.58249], [-0.42805, 0.49603, 0.19006], [0.47125, -0.74318, 0.02191], [1.76591, -0.43398, -0.4285], [2.61893, 0.15252, 0.53789], [4.02612, 0.18575, -0.06114], [4.09864, 1.03886, -1.17114], [-3.8348, 1.29549, 0.97192], [-4.65684, -0.86319, -0.61424], [-3.97519, -1.05107, 1.0253], [-2.23719, -1.36406, -0.73301], [-2.53723, 0.29747, -1.32028], [-0.04171, 1.13115, 0.99194], [-0.43068, 1.0687, -0.74922], [0.50896, -1.29219, 0.97405], [0.05531, -1.39973, -0.74691], [2.61597, -0.44376, 1.4607], [2.29872, 1.1762, 0.77147], [4.7337, 0.57196, 0.67532], [4.31625, -0.83714, -0.33912], [3.40523, 0.76856, -1.78533]]}"
ZIBGPFATKBEMQZ-UHFFFAOYSA-N,OCCOCCOCCO,2,0.7246436175410054,"{""sym"": [""O"", ""C"", ""C"", ""O"", ""C"", ""C"", ""O"", ""C"", ""C"", ""O"", ""H"", ""H"", ""H"", ""H"", ""H"", ""H"", ""H"", ""H"", ""H"", ""H"", ""H"", ""H"", ""H"", ""H""], ""x"": [[4.28831, 0.84539, -0.25247], [4.05764, -0.42839, 0.28568], [2.68846, -0.97117, -0.12227], [1.71288, -0.12483, 0.45233], [0.39575, -0.48041, 0.11398], [-0.54723, 0.45466, 0.87887], [-1.90185, 0.11066, 0.75785], [-2.49029, 0.41285, -0.49457], [-4.00258, 0.25004, -0.32742], [-4.51251, 1.12731, 0.63868], [3.5296, 1.39398, -0.0178], [4.11253, -0.40036, 1.38289], [4.84563, -1.07925, -0.09801], [2.56324, -2.0022, 0.23839], [2.59465, -0.96653, -1.21834], [0.24636, -0.38745, -0.97318], [0.18877, -1.52179, 0.40242], [-0.31559, 0.38143, 1.94416], [-0.37472, 1.48928, 0.54994], [-2.25277, 1.44841, -0.77717], [-2.12885, -0.26417, -1.2796], [-4.50885, 0.48642, -1.26523], [-4.21721, -0.79254, -0.0539], [-3.97141, 1.01866, 1.4311]]}"
ZIBGPFATKBEMQZ-UHFFFAOYSA-N,OCCOCCOCCO,3,1.5169288852739555,"{""sym"": [""O"", ""C"", ""C"", ""O"", ""C"", ""C"", ""O"", ""C"", ""C"", ""O"", ""H"", ""H"", ""H"", ""H"", ""H"", ""H"", ""H"", ""H"", ""H"", ""H"", ""H"", ""H"", ""H"", ""H""], ""x"": [[-3.89319, -1.20494, 1.05519], [-3.51594, -1.24606, -0.29591], [-2.85911, 0.07168, -0.72341], [-1.70485, 0.35166, 0.04639], [-0.52712, -0.27487, -0.40903], [0.60106, 0.08223, 0.56616], [1.8347, -0.4666, 0.16678], [2.59274, 0.32004, -0.73734], [3.50129, 1.2952, 0.02232], [4.40567, 0.60718, 0.84471], [-3.17554, -0.7755, 1.53973], [-2.82572, -2.0849, -0.47448], [-4.42455, -1.414, -0.87769], [-2.62128, 0.05094, -1.79445], [-3.54747, 0.89681, -0.52037], [-0.6361, -1.36654, -0.44834], [-0.28216, 0.07913, -1.42264], [0.37326, -0.3482, 1.54471], [0.65246, 1.1721, 0.66952], [3.21321, -0.38687, -1.2946], [1.9494, 0.86475, -1.43585], [2.88578, 1.98294, 0.62313], [4.09455, 1.88096, -0.68275], [3.90891, -0.08714, 1.29764]]}"
ZIBGPFATKBEMQZ-UHFFFAOYSA-N,OCCOCCOCCO,4,1.750540032848221,"{""sym"": [""O"", ""C"", ""C"", ""O"", ""C"", ""C"", ""O"", ""C"", ""C"", ""O"", ""H"", ""H"", ""H"", ""H"", ""H"", ""H"", ""H"", ""H"", ""H"", ""H"", ""H"", ""H"", ""H"", ""H""], ""x"": [[3.64453, -1.39695, -0.22414], [3.07343, -1.13751, -1.47994], [2.65067, 0.33157, -1.59567], [1.70701, 0.67852, -0.59921], [0.37207, 0.35301, -0.91411], [-0.50672, 0.79446, 0.252], [-1.84582, 0.50435, -0.07942], [-2.79093, 0.86374, 0.91123], [-2.91406, -0.22061, 1.98796], [-3.31123, -1.44334, 1.42434], [3.11644, -0.92354, 0.43261], [3.83106, -1.3695, -2.23101], [2.20332, -1.79089, -1.64636], [2.25859, 0.54213, -2.59846], [3.51797, 0.9691, -1.40339], [0.05404, 0.87335, -1.82877], [0.24355, -0.72614, -1.07316], [-0.37632, 1.87302, 0.41997], [-0.18963, 0.26663, 1.16151], [-3.7432, 0.95026, 0.38083], [-2.53696, 1.83006, 1.36442], [-1.95372, -0.33607, 2.51343], [-3.67737, 0.05985, 2.7164], [-2.82671, -1.54549, 0.5942]]}"
LEQCJROTXBYLEU-IWSPIJDZSA-N,O([C@@H](COC[C@@H](C)O)C)C[C@@H](C)O,0,0.0,"{""sym"": [""O"", ""C"", ""C"", ""O"", ""C"", ""C"", ""C"", ""O"", ""C"", ""C"", ""C"", ""C"", ""O"", ""H"", ""H"", ""H"", ""H"", ""H"", ""H"", ""H"", ""H"", ""H"", ""H"", ""H"", ""H"", ""H"", ""H"", ""H"", ""H"", ""H"", ""H"", ""H"", ""H""], ""x"": [[1.76684, -0.91598, -0.90303], [0.72912, -1.8228, -0.56809], [-0.6228, -1.24258, -1.01445], [-1.05874, -0.31817, -0.04463], [-2.14062, 0.49921, -0.44168], [-2.43321, 1.53402, 0.66441], [-2.68784, 0.84479, 2.00384], [-1.41847, 2.49669, 0.75195], [0.99619, -3.15861, -1.26411], [2.56441, -0.39595, 0.13874], [2.06601, 0.9601, 0.68614], [1.8225, 1.93994, -0.46023], [0.92047, 0.80473, 1.49256], [0.69245, -1.97671, 0.51864], [-0.4908, -0.74994, -1.98738], [-1.36519, -2.0454, -1.12559], [-3.03244, -0.11823, -0.61958], [-1.89005, 1.0277, -1.37255], [-3.32778, 2.08838, 0.35379], [-1.80274, 0.29357, 2.31193], [-2.91461, 1.59237, 2.75953], [-3.52461, 0.15635, 1.92261], [-0.62723, 2.08544, 1.14027], [0.95598, -3.0262, -2.3418], [0.26041, -3.89915, -0.96404], [1.98796, -3.51461, -0.99794], [3.5584, -0.24995, -0.29534], [2.64362, -1.1119, 0.96664], [2.83809, 1.35344, 1.35784], [1.4069, 2.86806, -0.07684], [2.75539, 2.14967, -0.97564], [1.12385, 1.50602, -1.17082], [0.24855, 0.34568, 0.95236]]}"
PWGJDPKCLMLPJW-UHFFFAOYSA-N,NCCCCCCCCN,0,0.0,"{""sym"": [""N"", ""C"", ""C"", ""C"", ""C"", ""C"", ""C"", ""C"", ""C"", ""N"", ""H"", ""H"", ""H"", ""H"", ""H"", ""H"", ""H"", ""H"", ""H"", ""H"", ""H"", ""H"", ""H"", ""H"", ""H"", ""H"", ""H"", ""H"", ""H"", ""H""], ""x"": [[5.03231, 0.56009, -1.36471], [3.73489, 0.68808, -0.72432], [3.32253, -0.52162, 0.12633], [2.01154, -0.31435, 0.88361], [0.78849, -0.22433, -0.02665], [-0.50628, -0.15335, 0.77933], [-1.73779, -0.04938, -0.11691], [-3.0293, 0.01544, 0.69275], [-4.26895, 0.11621, -0.20641], [-5.53375, 0.18253, 0.5033], [5.03999, -0.2485, -1.97848], [5.75449, 0.41763, -0.66547], [3.00139, 0.85574, -1.51599], [3.76661, 1.58186, -0.09443], [3.23573, -1.40129, -0.51814], [4.1178, -0.72076, 0.8519], [1.87104, -1.15158, 1.57256], [2.08465, 0.59635, 1.48288], [0.75839, -1.0998, -0.67974], [0.86134, 0.66101, -0.66001], [-0.4693, 0.71289, 1.44426], [-0.59015, -1.04478, 1.40581], [-1.77462, -0.91412, -0.78357], [-1.65807, 0.84453, -0.74], [-3.11176, -0.87873, 1.31804], [-2.99696, 0.88323, 1.35828], [-4.19529, 1.01166, -0.82988], [-4.31019, -0.7525, -0.86959], [-5.65205, -0.64239, 1.08296], [-5.54672, 0.99022, 1.11805]]}"
PWGJDPKCLMLPJW-UHFFFAOYSA-N,NCCCCCCCCN,1,0.35240285745385336,"{""sym"": [""N"", ""C"", ""C"", ""C"", ""C"", ""C"", ""C"", ""C"", ""C"", ""N"", ""H"", ""H"", ""H"", ""H"", ""H"", ""H"", ""H"", ""H"", ""H"", ""H"", ""H"", ""H"", ""H"", ""H"", ""H"", ""H"", ""H"", ""H"", ""H"", ""H""], ""x"": [[5.11076, -0.07291, -0.97899], [3.74548, -0.54069, -0.82202], [2.8832, 0.29575, 0.13338], [1.4632, -0.25024, 0.25309], [0.60929, 0.59496, 1.19658], [-0.78155, 0.01104, 1.44887], [-1.67802, 0.01335, 0.21234], [-3.0968, -0.44734, 0.54297], [-4.00076, -0.5304, -0.69766], [-4.26953, 0.72892, -1.36609], [5.11537, 0.87895, -1.33156], [5.58325, -0.06691, -0.08063], [3.28631, -0.5505, -1.8146], [3.79164, -1.57273, -0.46292], [3.35308, 0.30782, 1.12147], [2.84578, 1.32773, -0.2284], [1.009, -0.27285, -0.73886], [1.50284, -1.27671, 0.62483], [1.12756, 0.67958, 2.15542], [0.5097, 1.60379, 0.78802], [-1.26702, 0.59851, 2.23289], [-0.68082, -1.01183, 1.81941], [-1.26009, -0.6471, -0.54985], [-1.70617, 1.02599, -0.19881], [-3.54363, 0.24053, 1.26699], [-3.05577, -1.43515, 1.0063], [-3.5484, -1.2014, -1.43312], [-4.96683, -0.95293, -0.40534], [-4.67231, 1.39167, -0.71134], [-3.40875, 1.13109, -1.72079]]}"
PWGJDPKCLMLPJW-UHFFFAOYSA-N,NCCCCCCCCN,2,0.7029608702796395,"{""sym"": [""N"", ""C"", ""C"", ""C"", ""C"", ""C"", ""C"", ""C"", ""C"", ""N"", ""H"", ""H"", ""H"", ""H"", ""H"", ""H"", ""H"", ""H"", ""H"", ""H"", ""H"", ""H"", ""H"", ""H"", ""H"", ""H"", ""H"", ""H"", ""H"", ""H""], ""x"": [[-4.77075, -0.337, 0.69786], [-4.31707, 0.22654, -0.55976], [-2.86336, -0.08906, -0.94824], [-1.84419, 0.5082, 0.02059], [-0.40922, 0.23382, -0.42427], [0.61157, 0.81657, 0.55119], [2.05804, 0.66887, 0.07637], [2.53782, -0.78112, 0.04101], [4.00697, -0.91153, -0.39416], [4.98856, -0.33227, 0.50313], [-4.64432, -1.34422, 0.69578], [-4.23184, 0.04123, 1.4692], [-4.98186, -0.15352, -1.34136], [-4.45107, 1.3103, -0.50124], [-2.73284, -1.17436, -0.98915], [-2.68005, 0.3048, -1.95034], [-2.00347, 1.58748, 0.09001], [-1.98964, 0.08619, 1.01889], [-0.24984, 0.66903, -1.41381], [-0.26586, -0.84502, -0.50895], [0.39725, 1.88003, 0.68614], [0.49962, 0.33392, 1.52562], [2.69777, 1.2426, 0.75308], [2.15723, 1.10588, -0.92046], [2.41921, -1.22638, 1.03318], [1.92753, -1.35396, -0.65817], [4.25096, -1.9735, -0.49354], [4.13993, -0.44331, -1.37335], [4.85939, 0.67124, 0.57029], [4.88354, -0.72145, 1.43471]]}"
PWGJDPKCLMLPJW-UHFFFAOYSA-N,NCCCCCCCCN,3,0.832260619092267,"{""sym"": [""N"", ""C"", ""C"", ""C"", ""C"", ""C"", ""C"", ""C"", ""C"", ""N"", ""H"", ""H"", ""H"", ""H"", ""H"", ""H"", ""H"", ""H"", ""H"", ""H"", ""H"", ""H"", ""H"", ""H"", ""H"", ""H"", ""H"", ""H"", ""H"", ""H""], ""x"": [[4.44427, -1.18849, -0.87466], [3.25904, -0.77192, -0.14626], [2.96303, 0.73275, -0.21771], [1.7818, 1.164, 0.65089], [0.44091, 0.61153, 0.17062], [-0.72191, 1.17229, 0.98821], [-2.09337, 0.72477, 0.48057], [-2.33756, -0.77565, 0.63702], [-3.78402, -1.17639, 0.30508], [-4.1979, -0.95533, -1.06811], [5.26234, -0.70485, -0.51792], [4.35312, -0.94826, -1.85671], [3.39537, -1.06609, 0.89823], [2.41879, -1.33981, -0.5517], [3.85521, 1.27546, 0.11059], [2.77124, 1.01251, -1.25771], [1.73197, 2.25626, 0.65284], [1.95713, 0.84098, 1.6798], [0.45026, -0.47539, 0.25138], [0.29988, 0.87152, -0.88187], [-0.6796, 2.26453, 0.95539], [-0.60766, 0.86993, 2.03203], [-2.18753, 1.00775, -0.57129], [-2.86378, 1.26393, 1.03878], [-1.66266, -1.33232, -0.01711], [-2.12443, -1.06891, 1.66709], [-3.91221, -2.24311, 0.51221], [-4.47414, -0.62341, 0.94836], [-3.56682, -1.43209, -1.7044], [-4.17078, 0.03382, -1.28994]]}"
PWGJDPKCLMLPJW-UHFFFAOYSA-N,NCCCCCCCCN,4,1.0031928768512444,"{""sym"": [""N"", ""C"", ""C"", ""C"", ""C"", ""C"", ""C"", ""C"", ""C"", ""N"", ""H"", ""H"", ""H"", ""H"", ""H"", ""H"", ""H"", ""H"", ""H"", ""H"", ""H"", ""H"", ""H"", ""H"", ""H"", ""H"", ""H"", ""H"", ""H"", ""H""], ""x"": [[-4.90244, 0.26656, 1.03717], [-4.57871, -0.06218, -0.33856], [-3.21919, 0.44693, -0.84507], [-2.03447, -0.17976, -0.1115], [-0.69799, 0.29364, -0.6785], [0.49155, -0.32221, 0.0548], [1.8246, 0.15146, -0.52008], [3.01652, -0.45254, 0.21708], [4.34801, 0.03315, -0.35216], [5.45197, -0.61388, 0.34028], [-4.23495, -0.16362, 1.66803], [-4.85477, 1.27111, 1.17582], [-5.37021, 0.36022, -0.96528], [-4.61825, -1.15076, -0.4343], [-3.14287, 0.22142, -1.91083], [-3.18156, 1.5344, -0.73313], [-2.07829, 0.0791, 0.94978], [-2.09661, -1.26807, -0.19038], [-0.6437, 0.03162, -1.73771], [-0.64154, 1.38267, -0.60651], [0.43479, -1.41079, -0.0155], [0.44075, -0.0571, 1.11377], [1.87934, -0.1206, -1.57663], [1.87732, 1.24164, -0.45724], [2.96248, -0.18687, 1.27599], [2.98831, -1.54095, 0.14763], [4.41702, -0.24679, -1.40753], [4.38529, 1.13589, -0.29514], [6.33956, -0.3061, -0.04228], [5.43804, -0.36758, 1.32499]]}"
AFFLGGQVNFXPEV-UHFFFAOYSA-N,C=CCCCCCCCC,0,0.0,"{""sym"": [""C"", ""C"", ""C"", ""C"", ""C"", ""C"", ""C"", ""C"", ""C"", ""C"", ""H"", ""H"", ""H"", ""H"", ""H"", ""H"", ""H"", ""H"", ""H"", ""H"", ""H"", ""H"", ""H"", ""H"", ""H"", ""H"", ""H"", ""H"", ""H"", ""H""], ""x"": [[-4.52122, 1.51403, 0.12886], [-4.10162, 0.42945, 0.7523], [-3.71398, -0.84674, 0.07677], [-2.28226, -1.26451, 0.42559], [-1.25287, -0.2707, -0.10548], [0.17557, -0.70465, 0.21209], [1.21089, 0.27459, -0.33536], [2.6387, -0.17994, -0.04388], [3.68131, 0.79377, -0.58732], [5.09859, 0.32276, -0.28567], [-4.61283, 1.55129, -0.94478], [-4.7955, 2.41067, 0.65891], [-4.01782, 0.42074, 1.83227], [-3.8103, -0.7376, -1.00532], [-4.39799, -1.63718, 0.40146], [-2.08366, -2.25053, -0.00091], [-2.1827, -1.34583, 1.51064], [-1.37081, -0.17628, -1.18769], [-1.44156, 0.71207, 0.33196], [0.35517, -1.69451, -0.21497], [0.29485, -0.78846, 1.29493], [1.04557, 1.2597, 0.1074], [1.07656, 0.3728, -1.41521], [2.77175, -0.28239, 1.03587], [2.80108, -1.16428, -0.48988], [3.52234, 1.77895, -0.14278], [3.55326, 0.89499, -1.66753], [5.24816, 0.23196, 0.78808], [5.83072, 1.02549, -0.6763], [5.2806, -0.64968, -0.73826]]}"
AFFLGGQVNFXPEV-UHFFFAOYSA-N,C=CCCCCCCCC,1,0.14186155756397056,"{""sym"": [""C"", ""C"", ""C"", ""C"", ""C"", ""C"", ""C"", ""C"", ""C"", ""C"", ""H"", ""H"", ""H"", ""H"", ""H"", ""H"", ""H"", ""H"", ""H"", ""H"", ""H"", ""H"", ""H"", ""H"", ""H"", ""H"", ""H"", ""H"", ""H"", ""H""], ""x"": [[5.75337, -0.1899, -0.3363], [4.72971, -0.55551, 0.41147], [3.49679, 0.26339, 0.61871], [2.25301, -0.45711, 0.08888], [0.98659, 0.36728, 0.30476], [-0.25896, -0.34104, -0.2227], [-1.52404, 0.48619, -0.00615], [-2.77077, -0.22052, -0.53231], [-4.03545, 0.60676, -0.31523], [-5.27608, -0.10346, -0.84207], [5.7664, 0.75734, -0.85078], [6.62213, -0.81303, -0.46434], [4.73755, -1.51378, 0.91554], [3.60243, 1.22654, 0.11557], [3.36507, 0.45112, 1.68863], [2.15021, -1.42061, 0.59375], [2.38173, -0.65505, -0.97782], [1.09359, 1.33081, -0.19948], [0.86391, 0.56612, 1.37238], [-0.36695, -1.30441, 0.28155], [-0.13579, -0.53999, -1.29005], [-1.41561, 1.44955, -0.51051], [-1.64617, 0.68575, 1.06133], [-2.64923, -0.41953, -1.59985], [-2.87953, -1.18381, -0.028], [-3.92712, 1.56961, -0.8199], [-4.15724, 0.80542, 0.75212], [-5.41273, -1.05736, -0.33724], [-6.16415, 0.50237, -0.67751], [-5.18265, -0.29313, -1.90918]]}"
AFFLGGQVNFXPEV-UHFFFAOYSA-N,C=CCCCCCCCC,2,0.5216247313146596,"{""sym"": [""C"", ""C"", ""C"", ""C"", ""C"", ""C"", ""C"", ""C"", ""C"", ""C"", ""H"", ""H"", ""H"", ""H"", ""H"", ""H"", ""H"", ""H"", ""H"", ""H"", ""H"", ""H"", ""H"", ""H"", ""H"", ""H"", ""H"", ""H"", ""H"", ""H""], ""x"": [[-5.03984, 0.62108, -0.31213], [-4.22962, -0.055, 0.48019], [-3.25483, -1.09252, 0.0235], [-1.82175, -0.75991, 0.45297], [-1.31023, 0.50993, -0.22339], [0.08275, 0.92869, 0.24756], [1.18081, -0.04376, -0.17849], [2.57396, 0.45911, 0.19333], [3.66359, -0.53178, -0.21091], [5.05602, -0.03695, 0.16102], [-5.05227, 0.46431, -1.37864], [-5.7282, 1.35767, 0.06672], [-4.23909, 0.1251, 1.54824], [-3.29789, -1.19133, -1.06306], [-3.53628, -2.05473, 0.4634], [-1.17598, -1.60165, 0.19776], [-1.7909, -0.6286, 1.53741], [-1.29505, 0.36024, -1.30555], [-2.01297, 1.32014, -0.01466], [0.08287, 1.02023, 1.33616], [0.30824, 1.91566, -0.16418], [1.01924, -1.01277, 0.29707], [1.12912, -0.19125, -1.25999], [2.75795, 1.41778, -0.29788], [2.62233, 0.62691, 1.27202], [3.61483, -0.69913, -1.28948], [3.4779, -1.49022, 0.27979], [5.27123, 0.90689, -0.33533], [5.13253, 0.11659, 1.23539], [5.81154, -0.76073, -0.13654]]}"
AFFLGGQVNFXPEV-UHFFFAOYSA-N,C=CCCCCCCCC,3,0.651438317658176,"{""sym"": [""C"", ""C"", ""C"", ""C"", ""C"", ""C"", ""C"", ""C"", ""C"", ""C"", ""H"", ""H"", ""H"", ""H"", ""H"", ""H"", ""H"", ""H"", ""H"", ""H"", ""H"", ""H"", ""H"", ""H"", ""H"", ""H"", ""H"", ""H"", ""H"", ""H""], ""x"": [[4.97352, 1.33352, -0.18799], [4.46259, 0.11816, -0.23942], [3.01759, -0.18378, -0.47433], [2.40454, -0.90757, 0.72913], [0.96175, -1.35502, 0.49363], [-0.01965, -0.19455, 0.33831], [-1.46203, -0.68382, 0.22435], [-2.45141, 0.46796, 0.06258], [-3.89285, -0.02267, -0.05218], [-4.87532, 1.13086, -0.21247], [6.0211, 1.5086, -0.01101], [4.36112, 2.20986, -0.32652], [5.0979, -0.7464, -0.0928], [2.47903, 0.74448, -0.66678], [2.92312, -0.82606, -1.35516], [2.44395, -0.24893, 1.59979], [3.01143, -1.78849, 0.95435], [0.6461, -1.96808, 1.3422], [0.92141, -1.9838, -0.39933], [0.22812, 0.38274, -0.55412], [0.06947, 0.47041, 1.20089], [-1.72055, -1.25779, 1.11766], [-1.54725, -1.35499, -0.63394], [-2.19498, 1.04205, -0.8312], [-2.36713, 1.13919, 0.92074], [-3.97822, -0.6929, -0.9107], [-4.15058, -0.59624, 0.84119], [-5.89415, 0.75871, -0.29219], [-4.82049, 1.80057, 0.64306], [-4.64813, 1.70398, -1.10878]]}"
AFFLGGQVNFXPEV-UHFFFAOYSA-N,C=CCCCCCCCC,4,0.9712166582721693,"{""sym"": [""C"", ""C"", ""C"", ""C"", ""C"", ""C"", ""C"", ""C"", ""C"", ""C"", ""H"", ""H"", ""H"", ""H"", ""H"", ""H"", ""H"", ""H"", ""H"", ""H"", ""H"", ""H"", ""H"", ""H"", ""H"", ""H"", ""H"", ""H"", ""H"", ""H""], ""x"": [[3.26281, 1.68531, 0.04062], [3.54445, 0.44294, 0.38412], [3.16494, -0.76799, -0.40527], [2.31952, -1.74142, 0.42405], [1.00848, -1.13353, 0.92304], [0.0459, -0.76804, -0.20446], [-1.31127, -0.32015, 0.33219], [-2.25651, 0.09128, -0.79442], [-3.6633, 0.44187, -0.3095], [-3.70506, 1.69678, 0.5548], [2.72695, 1.91595, -0.86589], [3.55713, 2.52817, 0.64277], [4.0831, 0.24087, 1.30175], [4.07726, -1.28635, -0.71708], [2.62535, -0.47394, -1.30599], [2.10047, -2.62469, -0.18051], [2.90522, -2.06678, 1.28764], [0.51968, -1.85558, 1.58283], [1.22868, -0.24085, 1.51308], [0.47176, 0.04051, -0.80043], [-0.09044, -1.63267, -0.85948], [-1.7627, -1.13615, 0.90232], [-1.1596, 0.51894, 1.01314], [-1.83475, 0.94914, -1.32388], [-2.32855, -0.73299, -1.50905], [-4.06941, -0.40082, 0.25484], [-4.30342, 0.59299, -1.18221], [-4.73419, 1.95784, 0.79156], [-3.25033, 2.53481, 0.03058], [-3.17215, 1.54454, 1.48963]]}"
UQKAOOAFEFCDGT-UHFFFAOYSA-N,CN(CCCCCCCC)C,0,0.0,"{""sym"": [""C"", ""N"", ""C"", ""C"", ""C"", ""C"", ""C"", ""C"", ""C"", ""C"", ""C"", ""H"", ""H"", ""H"", ""H"", ""H"", ""H"", ""H"", ""H"", ""H"", ""H"", ""H"", ""H"", ""H"", ""H"", ""H"", ""H"", ""H"", ""H"", ""H"", ""H"", ""H"", ""H"", ""H""], ""x"": [[4.33628, -1.89351, -0.28635], [4.17885, -0.74372, 0.57579], [2.84151, -0.58422, 1.11246], [1.71934, -0.28933, 0.10414], [0.36775, -0.14482, 0.79763], [-0.7524, 0.14841, -0.19865], [-2.11236, 0.29598, 0.47957], [-3.22399, 0.58881, -0.52581], [-4.58617, 0.73725, 0.14781], [-5.69111, 1.02928, -0.86013], [4.7202, 0.45354, -0.0272], [3.92453, -2.77194, 0.20756], [3.84981, -1.77839, -1.26712], [5.40092, -2.05805, -0.45489], [2.60045, -1.50454, 1.6536], [2.88385, 0.22798, 1.84489], [1.94558, 0.63398, -0.43344], [1.66189, -1.1004, -0.62495], [0.13889, -1.06576, 1.33955], [0.42183, 0.66395, 1.53053], [-0.52012, 1.06876, -0.74022], [-0.80306, -0.66098, -0.93121], [-2.06551, 1.106, 1.21151], [-2.34843, -0.62364, 1.02053], [-3.27075, -0.22111, -1.25798], [-2.98786, 1.50836, -1.06702], [-4.53886, 1.54733, 0.87934], [-4.8218, -0.18247, 0.68835], [-6.65053, 1.13081, -0.35835], [-5.48453, 1.95352, -1.39548], [-5.76758, 0.22308, -1.58655], [4.25663, 0.7087, -0.9925], [5.78767, 0.30633, -0.19383], [4.58909, 1.29078, 0.65615]]}"
UQKAOOAFEFCDGT-UHFFFAOYSA-N,CN(CCCCCCCC)C,1,0.5374856412454392,"{""sym"": [""C"", ""N"", ""C"", ""C"", ""C"", ""C"", ""C"", ""C"", ""C"", ""C"", ""C"", ""H"", ""H"", ""H"", ""H"", ""H"", ""H"", ""H"", ""H"", ""H"", ""H"", ""H"", ""H"", ""H"", ""H"", ""H"", ""H"", ""H"", ""H"", ""H"", ""H"", ""H"", ""H"", ""H""], ""x"": [[-3.92815, -0.97349, 1.49503], [-3.71783, -1.0481, 0.06668], [-2.37169, -0.70353, -0.34832], [-1.91392, 0.73888, -0.07823], [-0.53474, 1.03568, -0.66529], [0.59781, 0.27971, 0.02691], [1.96762, 0.72442, -0.48051], [3.10644, -0.03446, 0.1961], [4.47519, 0.4109, -0.31344], [5.609, -0.34926, 0.36386], [-4.75968, -0.36495, -0.66621], [-4.87573, -1.45732, 1.73351], [-3.9641, 0.05647, 1.88181], [-3.12847, -1.50983, 2.0032], [-2.30604, -0.90093, -1.42275], [-1.69877, -1.39798, 0.16108], [-1.89272, 0.92178, 0.99821], [-2.63531, 1.42795, -0.52308], [-0.34231, 2.10823, -0.57559], [-0.5365, 0.79017, -1.73016], [0.4877, -0.79225, -0.14534], [0.54117, 0.45226, 1.10455], [2.09066, 1.79498, -0.29834], [2.02127, 0.56617, -1.56035], [3.05477, 0.12446, 1.27605], [2.98552, -1.10521, 0.0143], [4.52571, 0.25201, -1.39329], [4.59595, 1.48143, -0.131], [5.58749, -0.18686, 1.43941], [6.57321, -0.01722, -0.01404], [5.5163, -1.41708, 0.17739], [-5.71294, -0.84407, -0.44115], [-4.56818, -0.46011, -1.73375], [-4.84875, 0.70382, -0.41726]]}"
UQKAOOAFEFCDGT-UHFFFAOYSA-N,CN(CCCCCCCC)C,2,0.7622939176944783,"{""sym"": [""C"", ""N"", ""C"", ""C"", ""C"", ""C"", ""C"", ""C"", ""C"", ""C"", ""C"", ""H"", ""H"", ""H"", ""H"", ""H"", ""H"", ""H"", ""H"", ""H"", ""H"", ""H"", ""H"", ""H"", ""H"", ""H"", ""H"", ""H"", ""H"", ""H"", ""H"", ""H"", ""H"", ""H""], ""x"": [[-4.4899, -1.11495, -0.25486], [-3.18264, -0.52598, -0.0583], [-2.66503, -0.8181, 1.2691], [-1.15592, -0.59717, 1.37278], [-0.40085, -1.44794, 0.35494], [1.1105, -1.2196, 0.37231], [1.52284, 0.14564, -0.17514], [3.04024, 0.2871, -0.2701], [3.45829, 1.64838, -0.82134], [4.97331, 1.78493, -0.90959], [-3.2119, 0.89398, -0.33827], [-4.82508, -0.90492, -1.26967], [-5.24522, -0.72821, 0.44887], [-4.41982, -2.19503, -0.13143], [-3.17951, -0.21722, 2.04254], [-2.87213, -1.87184, 1.47486], [-0.92496, 0.45702, 1.2226], [-0.83892, -0.86212, 2.38431], [-0.60181, -2.50073, 0.56677], [-0.79507, -1.23089, -0.63853], [1.48327, -1.32805, 1.39387], [1.58686, -1.99386, -0.23452], [1.08559, 0.27977, -1.1674], [1.13556, 0.93776, 0.46854], [3.43693, -0.49906, -0.91721], [3.47798, 0.14898, 0.72165], [3.06035, 2.43677, -0.17793], [3.02381, 1.78255, -1.81484], [5.24847, 2.75837, -1.30903], [5.42445, 1.6779, 0.07464], [5.38759, 1.01771, -1.56015], [-3.85729, 1.45072, 0.3617], [-2.20497, 1.30021, -0.28175], [-3.58503, 1.04786, -1.34991]]}"
UQKAOOAFEFCDGT-UHFFFAOYSA-N,CN(CCCCCCCC)C,3,1.020952531540388,"{""sym"": [""C"", ""N"", ""C"", ""C"", ""C"", ""C"", ""C"", ""C"", ""C"", ""C"", ""C"", ""H"", ""H"", ""H"", ""H"", ""H"", ""H"", ""H"", ""H"", ""H"", ""H"", ""H"", ""H"", ""H"", ""H"", ""H"", ""H"", ""H"", ""H"", ""H"", ""H"", ""H"", ""H"", ""H""], ""x"": [[-4.42553, -0.93093, 0.81059], [-3.94193, -0.05949, -0.23675], [-2.54625, -0.25896, -0.57436], [-1.51458, 0.06715, 0.51669], [-0.09164, -0.18595, 0.02717], [0.94237, 0.15227, 1.09912], [2.37323, -0.20302, 0.69485], [2.89676, 0.63864, -0.46797], [4.39809, 0.46522, -0.70206], [4.77172, -0.94004, -1.16], [-4.29674, 1.31975, 0.01205], [-4.13529, -1.95608, 0.58723], [-4.05, -0.66648, 1.81116], [-5.5143, -0.87577, 0.83412], [-2.4329, -1.30721, -0.86795], [-2.3372, 0.35605, -1.45522], [-1.6131, 1.11455, 0.81002], [-1.70862, -0.54937, 1.39701], [0.01242, -1.23662, -0.25513], [0.09049, 0.41714, -0.86409], [0.69223, -0.3954, 2.01158], [0.88566, 1.21866, 1.33094], [2.41304, -1.26123, 0.43123], [3.02584, -0.04986, 1.5583], [2.36426, 0.3755, -1.38383], [2.69609, 1.69222, -0.2566], [4.93745, 0.70186, 0.21851], [4.71661, 1.18135, -1.46383], [4.57385, -1.66929, -0.37894], [4.19873, -1.21608, -2.04278], [5.82973, -0.98794, -1.40816], [-3.91334, 1.70691, 0.9687], [-3.91324, 1.94051, -0.79583], [-5.38392, 1.40197, 0.02679]]}"
UQKAOOAFEFCDGT-UHFFFAOYSA-N,CN(CCCCCCCC)C,4,1.1333330274101172,"{""sym"": [""C"", ""N"", ""C"", ""C"", ""C"", ""C"", ""C"", ""C"", ""C"", ""C"", ""C"", ""H"", ""H"", ""H"", ""H"", ""H"", ""H"", ""H"", ""H"", ""H"", ""H"", ""H"", ""H"", ""H"", ""H"", ""H"", ""H"", ""H"", ""H"", ""H"", ""H"", ""H"", ""H"", ""H""], ""x"": [[3.89516, 1.77595, -0.48186], [3.87609, 0.63609, 0.40719], [2.58938, 0.39307, 1.02935], [1.43189, -0.00092, 0.0981], [0.14129, -0.22809, 0.8796], [-1.01614, -0.61674, -0.038], [-2.31647, -0.82539, 0.73442], [-3.4612, -1.34679, -0.13639], [-3.86666, -0.42358, -1.28704], [-4.33281, 0.94965, -0.81817], [4.4624, -0.53246, -0.20988], [3.45639, 2.63378, 0.02487], [4.93206, 2.01, -0.72439], [3.354, 1.60762, -1.42562], [2.73441, -0.39951, 1.77019], [2.31555, 1.30481, 1.56966], [1.27045, 0.78979, -0.63796], [1.69012, -0.91612, -0.43905], [-0.11754, 0.68464, 1.4223], [0.30026, -1.0167, 1.61925], [-1.15231, 0.16999, -0.78199], [-0.76182, -1.53753, -0.56906], [-2.13855, -1.55054, 1.53299], [-2.61155, 0.11187, 1.2092], [-3.17227, -2.31474, -0.55436], [-4.33291, -1.51168, 0.50226], [-4.67939, -0.90501, -1.83681], [-3.03145, -0.30881, -1.98002], [-5.12396, 0.84973, -0.07803], [-4.71765, 1.5251, -1.65712], [-3.51352, 1.5088, -0.37435], [3.95587, -0.84197, -1.13696], [4.43797, -1.36124, 0.49559], [5.50289, -0.31303, -0.45069]]}"
BKIMMITUMNQMOS-UHFFFAOYSA-N,CCCCCCCCC,0,0.0,"{""sym"": [""C"", ""C"", ""C"", ""C"", ""C"", ""C"", ""C"", ""C"", ""C"", ""H"", ""H"", ""H"", ""H"", ""H"", ""H"", ""H"", ""H"", ""H"", ""H"", ""H"", ""H"", ""H"", ""H"", ""H"", ""H"", ""H"", ""H"", ""H"", ""H""], ""x"": [[-5.0659, 0.13792, -0.29601], [-3.78487, -0.56106, 0.14298], [-2.54017, 0.22227, -0.26722], [-1.25374, -0.47353, 0.17012], [-0.00815, 0.30845, -0.23928], [1.27655, -0.38988, 0.19945], [2.52401, 0.38969, -0.20851], [3.80788, -0.31005, 0.231], [5.04978, 0.47232, -0.17874], [-5.93992, -0.43528, 0.00527], [-5.13225, 1.12712, 0.15224], [-5.08556, 0.25166, -1.37792], [-3.74411, -1.55863, -0.30073], [-3.79077, -0.68363, 1.22862], [-2.57994, 1.22016, 0.17623], [-2.53329, 0.34526, -1.35296], [-1.26153, -0.59679, 1.2559], [-1.21489, -1.47161, -0.27317], [0.00038, 0.43135, -1.32504], [-0.04628, 1.30635, 0.20432], [1.26732, -0.51318, 1.28522], [1.31397, -1.38801, -0.24385], [2.53417, 0.51278, -1.29421], [2.48751, 1.38768, 0.23497], [3.84337, -1.30779, -0.21276], [3.79672, -0.43279, 1.31658], [5.08694, 0.58795, -1.25999], [5.95253, -0.04213, 0.14314], [5.04026, 1.46341, 0.27016]]}"
BKIMMITUMNQMOS-UHFFFAOYSA-N,CCCCCCCCC,1,0.5542102157742193,"{""sym"": [""C"", ""C"", ""C"", ""C"", ""C"", ""C"", ""C"", ""C"", ""C"", ""H"", ""H"", ""H"", ""H"", ""H"", ""H"", ""H"", ""H"", ""H"", ""H"", ""H"", ""H"", ""H"", ""H"", ""H"", ""H"", ""H"", ""H"", ""H"", ""H""], ""x"": [[-4.3926, 0.08744, 1.28061], [-3.61885, -0.10261, -0.01821], [-2.13326, -0.3511, 0.23292], [-1.36307, -0.53689, -1.07253], [0.10781, -0.90211, -0.87026], [0.92924, 0.20861, -0.21973], [2.41073, -0.15307, -0.14268], [3.23789, 0.95132, 0.51062], [4.71548, 0.58726, 0.58636], [-4.30752, -0.79682, 1.9087], [-4.00496, 0.93925, 1.83539], [-5.44674, 0.26266, 1.07827], [-3.73317, 0.78691, -0.64217], [-4.0382, -0.94749, -0.5696], [-2.01653, -1.24436, 0.85148], [-1.72267, 0.49488, 0.78661], [-1.4292, 0.37981, -1.6636], [-1.84171, -1.33299, -1.64879], [0.54486, -1.13272, -1.84527], [0.17505, -1.80536, -0.25913], [0.8119, 1.1292, -0.79676], [0.55906, 0.39845, 0.78912], [2.79157, -0.34004, -1.14977], [2.5269, -1.0767, 0.42965], [2.85787, 1.13719, 1.51785], [3.12034, 1.87446, -0.06167], [5.11854, 0.41754, -0.4098], [5.28535, 1.38688, 1.05399], [4.85589, -0.31959, 1.17075]]}"
BKIMMITUMNQMOS-UHFFFAOYSA-N,CCCCCCCCC,2,1.028160292771645,"{""sym"": [""C"", ""C"", ""C"", ""C"", ""C"", ""C"", ""C"", ""C"", ""C"", ""H"", ""H"", ""H"", ""H"", ""H"", ""H"", ""H"", ""H"", ""H"", ""H"", ""H"", ""H"", ""H"", ""H"", ""H"", ""H"", ""H"", ""H"", ""H"", ""H""], ""x"": [[-4.53584, -0.53001, 0.04687], [-3.01266, -0.55356, 0.02284], [-2.42449, 0.79901, 0.41926], [-0.89941, 0.7877, 0.52452], [-0.20849, 0.54781, -0.81702], [1.30264, 0.77433, -0.76286], [2.0346, -0.23031, 0.12474], [3.54944, -0.0494, 0.05815], [4.28107, -1.04425, 0.95059], [-4.91492, 0.22179, -0.64195], [-4.94031, -1.49661, -0.24413], [-4.89877, -0.29212, 1.0444], [-2.64978, -1.31985, 0.71206], [-2.67694, -0.82066, -0.98032], [-2.8395, 1.09016, 1.38796], [-2.73164, 1.55297, -0.30986], [-0.60108, 0.01567, 1.23598], [-0.56955, 1.75157, 0.92098], [-0.40031, -0.47256, -1.15335], [-0.63648, 1.22839, -1.55785], [1.70244, 0.70093, -1.77783], [1.50325, 1.78664, -0.40327], [1.71036, -0.11187, 1.16008], [1.77834, -1.24471, -0.19125], [3.88332, -0.17547, -0.97451], [3.80352, 0.96785, 0.36536], [3.97751, -0.92185, 1.98796], [4.05697, -2.06481, 0.64819], [5.3567, -0.89677, 0.88873]]}"
BKIMMITUMNQMOS-UHFFFAOYSA-N,CCCCCCCCC,3,1.1290150458553398,"{""sym"": [""C"", ""C"", ""C"", ""C"", ""C"", ""C"", ""C"", ""C"", ""C"", ""H"", ""H"", ""H"", ""H"", ""H"", ""H"", ""H"", ""H"", ""H"", ""H"", ""H"", ""H"", ""H"", ""H"", ""H"", ""H"", ""H"", ""H"", ""H"", ""H""], ""x"": [[3.74662, -0.69997, 0.69634], [3.31719, -0.25596, -0.69689], [2.65311, 1.12212, -0.717], [1.38585, 1.24188, 0.13166], [0.26725, 0.29491, -0.29801], [-1.01648, 0.54266, 0.49186], [-2.1407, -0.40521, 0.08036], [-3.42289, -0.15875, 0.87218], [-4.53931, -1.10786, 0.45487], [4.308, -1.63004, 0.63874], [4.37923, 0.05444, 1.15931], [2.88435, -0.86655, 1.33642], [2.63836, -0.99738, -1.12128], [4.19857, -0.21642, -1.34224], [2.40767, 1.37218, -1.75245], [3.37495, 1.86315, -0.36334], [1.62792, 1.06357, 1.18071], [1.02236, 2.27029, 0.05472], [0.0688, 0.43042, -1.36415], [0.57978, -0.73968, -0.14635], [-1.34125, 1.57487, 0.33877], [-0.81192, 0.41738, 1.55828], [-1.81693, -1.43769, 0.23359], [-2.34649, -0.2791, -0.98543], [-3.21895, -0.28609, 1.93791], [-3.74862, 0.87279, 0.71937], [-4.24249, -2.14159, 0.61791], [-5.44186, -0.91554, 1.0302], [-4.77213, -0.98283, -0.60032]]}"
BKIMMITUMNQMOS-UHFFFAOYSA-N,CCCCCCCCC,4,1.5255322344091837,"{""sym"": [""C"", ""C"", ""C"", ""C"", ""C"", ""C"", ""C"", ""C"", ""C"", ""H"", ""H"", ""H"", ""H"", ""H"", ""H"", ""H"", ""H"", ""H"", ""H"", ""H"", ""H"", ""H"", ""H"", ""H"", ""H"", ""H"", ""H"", ""H"", ""H""], ""x"": [[4.58541, 0.04537, 0.17093], [3.09235, 0.29823, 0.00031], [2.27729, -0.97295, 0.23053], [0.78422, -0.79508, -0.04733], [0.10289, 0.1682, 0.92381], [-1.4211, 0.16426, 0.79898], [-1.90849, 0.6862, -0.55179], [-3.42067, 0.90716, -0.6003], [-4.21699, -0.38601, -0.46939], [4.93089, -0.7008, -0.54131], [5.15132, 0.96016, 0.01101], [4.79715, -0.31775, 1.17428], [2.77885, 1.06874, 0.70643], [2.89954, 0.67121, -1.0085], [2.41654, -1.30782, 1.26151], [2.66283, -1.75843, -0.42511], [0.29703, -1.77095, 0.02776], [0.6558, -0.43739, -1.07053], [0.37051, -0.1154, 1.94515], [0.46859, 1.18248, 0.75375], [-1.78726, -0.85194, 0.95568], [-1.83772, 0.79425, 1.58956], [-1.40988, 1.63641, -0.76105], [-1.62985, -0.0162, -1.33938], [-3.67126, 1.38269, -1.55196], [-3.71166, 1.59389, 0.19819], [-3.89858, -1.10597, -1.22021], [-4.07933, -0.82954, 0.51298], [-5.27841, -0.19304, -0.60761]]}"
DURPTKYDGMDSBL-UHFFFAOYSA-N,CCCCOCCCC,0,0.0,"{""sym"": [""C"", ""C"", ""C"", ""C"", ""O"", ""C"", ""C"", ""C"", ""C"", ""H"", ""H"", ""H"", ""H"", ""H"", ""H"", ""H"", ""H"", ""H"", ""H"", ""H"", ""H"", ""H"", ""H"", ""H"", ""H"", ""H"", ""H""], ""x"": [[-3.52408, -1.47047, 0.31093], [-2.13607, -0.9235, 0.00496], [-2.19859, 0.3527, -0.83076], [-0.80718, 0.91458, -1.10316], [-0.25301, 1.3528, 0.11807], [1.03059, 1.92069, 0.01686], [2.15725, 0.90237, -0.19409], [2.19344, -0.1393, 0.92148], [3.26928, -1.19126, 0.68399], [-4.05372, -1.70656, -0.60986], [-3.45438, -2.37608, 0.90894], [-4.10971, -0.73909, 0.86311], [-1.61304, -0.70082, 0.93577], [-1.55805, -1.67853, -0.5338], [-2.68966, 0.1513, -1.78512], [-2.77772, 1.10737, -0.29642], [-0.17962, 0.13655, -1.56191], [-0.86768, 1.76136, -1.8074], [1.05029, 2.66595, -0.79451], [1.18196, 2.43784, 0.96874], [2.0256, 0.39997, -1.15486], [3.10341, 1.44625, -0.23114], [1.21553, -0.6197, 0.98353], [2.37549, 0.36187, 1.87462], [3.27921, -1.91613, 1.49448], [4.25191, -0.72739, 0.62681], [3.08856, -1.72278, -0.2482]]}"
DURPTKYDGMDSBL-UHFFFAOYSA-N,CCCCOCCCC,1,0.12360306849586777,"{""sym"": [""C"", ""C"", ""C"", ""C"", ""O"", ""C"", ""C"", ""C"", ""C"", ""H"", ""H"", ""H"", ""H"", ""H"", ""H"", ""H"", ""H"", ""H"", ""H"", ""H"", ""H"", ""H"", ""H"", ""H"", ""H"", ""H"", ""H""], ""x"": [[-3.96204, 0.51983, 0.9122], [-2.69698, -0.31535, 0.7632], [-2.26724, -0.44635, -0.69587], [-0.95396, -1.22521, -0.82936], [0.12611, -0.66435, -0.12317], [0.70175, 0.47781, -0.71826], [1.93512, 0.87699, 0.08619], [3.0185, -0.19767, 0.04068], [4.22325, 0.17757, 0.89416], [-4.2465, 0.59954, 1.95874], [-4.786, 0.0646, 0.36653], [-3.80781, 1.52378, 0.52189], [-2.86549, -1.31169, 1.17753], [-1.88282, 0.1418, 1.32804], [-3.03434, -0.97282, -1.2672], [-2.15195, 0.54788, -1.13278], [-0.69407, -1.3302, -1.89468], [-1.07951, -2.22406, -0.40117], [-0.01395, 1.31324, -0.73278], [0.98333, 0.25341, -1.76047], [1.63196, 1.03863, 1.12191], [2.32317, 1.81769, -0.31055], [2.58888, -1.13445, 0.3978], [3.33624, -0.34596, -0.99431], [4.6704, 1.1044, 0.53947], [4.97717, -0.60529, 0.8552], [3.92676, 0.31622, 1.93155]]}"
DURPTKYDGMDSBL-UHFFFAOYSA-N,CCCCOCCCC,2,0.2711193409813859,"{""sym"": [""C"", ""C"", ""C"", ""C"", ""O"", ""C"", ""C"", ""C"", ""C"", ""H"", ""H"", ""H"", ""H"", ""H"", ""H"", ""H"", ""H"", ""H"", ""H"", ""H"", ""H"", ""H"", ""H"", ""H"", ""H"", ""H"", ""H""], ""x"": [[-4.52608, 0.74174, 0.52916], [-3.48428, -0.14334, -0.14299], [-2.06839, 0.37541, 0.08791], [-1.02694, -0.50931, -0.58489], [0.2533, 0.01966, -0.34128], [1.28131, -0.74562, -0.92368], [2.62984, -0.11075, -0.60702], [2.94102, -0.13881, 0.88687], [4.30637, 0.46549, 1.18717], [-5.52687, 0.35452, 0.3525], [-4.35653, 0.78097, 1.60271], [-4.47466, 1.75491, 0.13716], [-3.56404, -1.16002, 0.24864], [-3.68202, -0.18605, -1.21651], [-1.85283, 0.41404, 1.15668], [-1.97079, 1.38763, -0.30697], [-1.21344, -0.55685, -1.67123], [-1.09094, -1.53765, -0.19074], [1.13336, -0.79667, -2.0156], [1.24628, -1.77649, -0.53355], [2.61609, 0.92318, -0.95431], [3.40338, -0.64985, -1.15777], [2.16448, 0.41575, 1.41452], [2.91574, -1.17188, 1.24112], [5.09064, -0.09268, 0.67931], [4.50719, 0.44422, 2.25568], [4.34883, 1.49847, 0.84941]]}"
DURPTKYDGMDSBL-UHFFFAOYSA-N,CCCCOCCCC,3,0.4198899560396967,"{""sym"": [""C"", ""C"", ""C"", ""C"", ""O"", ""C"", ""C"", ""C"", ""C"", ""H"", ""H"", ""H"", ""H"", ""H"", ""H"", ""H"", ""H"", ""H"", ""H"", ""H"", ""H"", ""H"", ""H"", ""H"", ""H"", ""H"", ""H""], ""x"": [[-4.45604, -0.19178, -0.65497], [-3.21567, -0.18424, 0.23059], [-2.03192, 0.48228, -0.46428], [-0.79572, 0.53528, 0.43944], [0.27944, 1.24151, -0.14241], [1.09575, 0.49973, -1.02405], [2.16679, -0.3265, -0.3035], [3.13714, 0.56206, 0.47064], [4.16894, -0.25505, 1.23789], [-4.26167, -0.72835, -1.58102], [-5.28735, -0.67452, -0.14654], [-4.75043, 0.82496, -0.90504], [-2.94975, -1.21085, 0.49398], [-3.4362, 0.34876, 1.15812], [-1.79468, -0.06495, -1.37959], [-2.29482, 1.50334, -0.74697], [-0.49337, -0.48251, 0.71894], [-1.03803, 1.08329, 1.35515], [0.48706, -0.15573, -1.66034], [1.57984, 1.24588, -1.66113], [1.68693, -1.02373, 0.38735], [2.70851, -0.91412, -1.04764], [2.56568, 1.18225, 1.16343], [3.64622, 1.22925, -0.22855], [3.68078, -0.9163, 1.951], [4.75813, -0.86452, 0.55526], [4.84445, 0.39912, 1.78424]]}"
DURPTKYDGMDSBL-UHFFFAOYSA-N,CCCCOCCCC,4,0.6018519489116443,"{""sym"": [""C"", ""C"", ""C"", ""C"", ""O"", ""C"", ""C"", ""C"", ""C"", ""H"", ""H"", ""H"", ""H"", ""H"", ""H"", ""H"", ""H"", ""H"", ""H"", ""H"", ""H"", ""H"", ""H"", ""H"", ""H"", ""H"", ""H""], ""x"": [[-4.53324, 0.07782, 0.02989], [-3.05868, 0.39863, 0.23395], [-2.24291, -0.85594, 0.53596], [-0.75291, -0.55057, 0.651], [-0.28717, -0.11114, -0.60613], [1.01696, 0.41884, -0.6041], [2.11258, -0.6444, -0.46511], [3.49839, -0.11534, -0.83069], [4.00867, 0.95025, 0.13283], [-5.09683, 0.98502, -0.17512], [-4.66097, -0.60336, -0.8085], [-4.94916, -0.39169, 0.91924], [-2.65448, 0.86385, -0.66585], [-2.94958, 1.10771, 1.05833], [-2.58314, -1.30908, 1.46935], [-2.37992, -1.57931, -0.26915], [-0.21235, -1.45439, 0.9704], [-0.58273, 0.23403, 1.40612], [1.11564, 0.91799, -1.57262], [1.1114, 1.17146, 0.19318], [2.13036, -1.02744, 0.55758], [1.85739, -1.47228, -1.13086], [3.4707, 0.29415, -1.84277], [4.1985, -0.95401, -0.83327], [5.02949, 1.22673, -0.12068], [3.39451, 1.84553, 0.08584], [3.99948, 0.57695, 1.15463]]}"
KBPLFHHGFOOTCA-UHFFFAOYSA-N,CCCCCCCCO,0,0.0,"{""sym"": [""C"", ""C"", ""C"", ""C"", ""C"", ""C"", ""C"", ""C"", ""O"", ""H"", ""H"", ""H"", ""H"", ""H"", ""H"", ""H"", ""H"", ""H"", ""H"", ""H"", ""H"", ""H"", ""H"", ""H"", ""H"", ""H"", ""H""], ""x"": [[4.58398, -0.43118, 0.23605], [3.27575, 0.26439, 0.59301], [2.07789, -0.41087, -0.07019], [0.75939, 0.27429, 0.27915], [-0.43285, -0.40527, -0.38956], [-1.75401, 0.2581, -0.01222], [-2.95051, -0.42063, -0.67491], [-4.2641, 0.2824, -0.32851], [-4.30786, 1.61947, -0.76639], [4.74298, -0.41461, -0.8403], [4.5642, -1.46953, 0.56081], [5.42636, 0.06277, 0.71529], [3.3218, 1.30918, 0.27712], [3.1421, 0.25282, 1.67729], [2.21463, -0.39978, -1.15431], [2.03549, -1.45598, 0.24624], [0.80046, 1.32073, -0.03234], [0.62074, 0.25912, 1.36258], [-0.46074, -1.45754, -0.09555], [-0.30478, -0.37108, -1.4742], [-1.88042, 0.22295, 1.07193], [-1.73375, 1.30959, -0.30584], [-3.01626, -1.46069, -0.3498], [-2.81577, -0.41828, -1.76114], [-4.39044, 0.32919, 0.75558], [-5.10754, -0.28495, -0.75096], [-4.14672, 1.63539, -1.71664]]}"
KBPLFHHGFOOTCA-UHFFFAOYSA-N,CCCCCCCCO,1,0.5224579034875205,"{""sym"": [""C"", ""C"", ""C"", ""C"", ""C"", ""C"", ""C"", ""C"", ""O"", ""H"", ""H"", ""H"", ""H"", ""H"", ""H"", ""H"", ""H"", ""H"", ""H"", ""H"", ""H"", ""H"", ""H"", ""H"", ""H"", ""H"", ""H""], ""x"": [[4.47384, 0.37456, -0.24924], [3.25461, 0.34434, 0.66439], [1.97067, 0.05344, -0.10914], [0.74566, 0.02141, 0.80136], [-0.5402, -0.26832, 0.02941], [-1.75761, -0.29183, 0.95183], [-3.05093, -0.70118, 0.24843], [-3.52028, 0.31583, -0.79275], [-4.75459, -0.03633, -1.37321], [4.36243, 1.14571, -1.00867], [4.59878, -0.58304, -0.75045], [5.37581, 0.58315, 0.32174], [3.395, -0.42147, 1.43084], [3.15887, 1.3066, 1.17284], [1.8315, 0.81947, -0.87563], [2.06751, -0.90857, -0.61786], [0.65059, 0.98336, 1.31083], [0.88725, -0.74424, 1.56804], [-0.67324, 0.4956, -0.73823], [-0.44954, -1.23401, -0.47296], [-1.88961, 0.69572, 1.40114], [-1.56806, -0.99996, 1.76242], [-2.91926, -1.66985, -0.23789], [-3.83951, -0.81246, 1.00003], [-3.5848, 1.31314, -0.33127], [-2.81893, 0.36488, -1.62702], [-5.40598, -0.14597, -0.67121]]}"
KBPLFHHGFOOTCA-UHFFFAOYSA-N,CCCCCCCCO,2,0.6468364618049236,"{""sym"": [""C"", ""C"", ""C"", ""C"", ""C"", ""C"", ""C"", ""C"", ""O"", ""H"", ""H"", ""H"", ""H"", ""H"", ""H"", ""H"", ""H"", ""H"", ""H"", ""H"", ""H"", ""H"", ""H"", ""H"", ""H"", ""H"", ""H""], ""x"": [[-3.96477, 0.72452, -0.49364], [-3.41757, -0.66726, -0.78831], [-1.93816, -0.66424, -1.17388], [-1.01532, -0.22501, -0.03889], [0.45596, -0.3429, -0.43005], [1.39178, 0.09857, 0.69333], [2.85841, -0.02739, 0.29091], [3.80085, 0.40368, 1.41459], [5.15853, 0.31798, 1.05008], [-3.7804, 1.39138, -1.33346], [-5.03794, 0.67933, -0.3211], [-3.49856, 1.14801, 0.39214], [-3.98928, -1.10314, -1.61127], [-3.56097, -1.30557, 0.08654], [-1.65666, -1.67413, -1.48322], [-1.79214, -0.00499, -2.03276], [-1.20631, -0.8439, 0.8411], [-1.22733, 0.81091, 0.22955], [0.67691, -1.37977, -0.69502], [0.64291, 0.27032, -1.31465], [1.17862, 1.13655, 0.95781], [1.20747, -0.5125, 1.58043], [3.0733, -1.06675, 0.02354], [3.0552, 0.58887, -0.58885], [3.63443, 1.45355, 1.666], [3.60717, -0.20156, 2.31315], [5.34387, -0.58423, 0.76594]]}"
KBPLFHHGFOOTCA-UHFFFAOYSA-N,CCCCCCCCO,3,0.8316000080558297,"{""sym"": [""C"", ""C"", ""C"", ""C"", ""C"", ""C"", ""C"", ""C"", ""O"", ""H"", ""H"", ""H"", ""H"", ""H"", ""H"", ""H"", ""H"", ""H"", ""H"", ""H"", ""H"", ""H"", ""H"", ""H"", ""H"", ""H"", ""H""], ""x"": [[-3.73889, 1.31968, -0.3894], [-3.41359, 0.29198, 0.68818], [-2.21712, -0.59268, 0.33684], [-0.89591, 0.17097, 0.2801], [0.28706, -0.76449, 0.04116], [1.61033, -0.00688, -0.03264], [2.79278, -0.95084, -0.24782], [4.11801, -0.20533, -0.42358], [4.5541, 0.44573, 0.74518], [-3.88314, 0.83012, -1.34999], [-4.65132, 1.85458, -0.13636], [-2.93824, 2.04736, -0.49041], [-3.21535, 0.80618, 1.63146], [-4.28552, -0.34906, 0.83865], [-2.13246, -1.38106, 1.08938], [-2.39611, -1.07572, -0.62683], [-0.93122, 0.91066, -0.52168], [-0.74976, 0.70608, 1.22195], [0.33729, -1.49874, 0.84864], [0.13214, -1.31141, -0.89196], [1.56717, 0.71287, -0.85472], [1.74299, 0.55402, 0.89693], [2.61752, -1.5504, -1.14294], [2.88009, -1.62935, 0.60302], [4.91293, -0.91309, -0.67039], [4.02649, 0.51466, -1.2514], [3.86974, 1.06416, 1.02305]]}"
KBPLFHHGFOOTCA-UHFFFAOYSA-N,CCCCCCCCO,4,1.074395690135134,"{""sym"": [""C"", ""C"", ""C"", ""C"", ""C"", ""C"", ""C"", ""C"", ""O"", ""H"", ""H"", ""H"", ""H"", ""H"", ""H"", ""H"", ""H"", ""H"", ""H"", ""H"", ""H"", ""H"", ""H"", ""H"", ""H"", ""H"", ""H""], ""x"": [[4.20978, 0.3591, -0.02517], [2.69156, 0.39023, -0.15205], [2.0137, -0.23081, 1.06759], [0.48965, -0.11389, 1.03922], [-0.15214, -0.91803, -0.09041], [-1.67534, -0.99126, 0.01814], [-2.35117, 0.36522, -0.16118], [-3.87417, 0.23636, -0.17585], [-4.52592, 1.47851, -0.29992], [4.56149, -0.66549, 0.07559], [4.53199, 0.91866, 0.85049], [4.67712, 0.79755, -0.90387], [2.39867, -0.15238, -1.05234], [2.35764, 1.42488, -0.26121], [2.29584, -1.28411, 1.13913], [2.38443, 0.27077, 1.96526], [0.09445, -0.47344, 1.99262], [0.2198, 0.9392, 0.94291], [0.11241, -0.47774, -1.05342], [0.24751, -1.93486, -0.06784], [-2.04966, -1.67327, -0.75007], [-1.95212, -1.40576, 0.98993], [-2.02028, 0.81338, -1.10331], [-2.06956, 1.03869, 0.64931], [-4.18155, -0.44112, -0.98738], [-4.22482, -0.18295, 0.77004], [-4.20928, 1.91254, -1.10013]]}"
SBZXBUIDTXKZTM-UHFFFAOYSA-N,COCCOCCOC,0,0.0,"{""sym"": [""C"", ""O"", ""C"", ""C"", ""O"", ""C"", ""C"", ""O"", ""C"", ""H"", ""H"", ""H"", ""H"", ""H"", ""H"", ""H"", ""H"", ""H"", ""H"", ""H"", ""H"", ""H"", ""H""], ""x"": [[3.77626, 0.70234, -0.39405], [2.6474, 1.27653, -1.00608], [1.46156, 0.53625, -0.85961], [0.88459, 0.58589, 0.56957], [-0.48852, 0.2903, 0.62139], [-0.81055, -1.07037, 0.41895], [-2.30346, -1.28246, 0.70467], [-3.13125, -1.0399, -0.40191], [-3.26419, 0.32372, -0.73389], [3.91655, -0.33588, -0.71908], [3.70908, 0.72688, 0.69875], [4.6298, 1.29821, -0.71179], [0.74214, 1.00303, -1.53769], [1.62547, -0.50663, -1.17215], [0.97695, 1.60905, 0.94411], [1.44032, -0.09326, 1.234], [-0.21536, -1.69623, 1.10082], [-0.60078, -1.37965, -0.61346], [-2.473, -2.32984, 0.96543], [-2.58828, -0.64219, 1.55158], [-2.30151, 0.77228, -0.99321], [-3.93467, 0.36396, -1.59041], [-3.69855, 0.88796, 0.09991]]}"
SBZXBUIDTXKZTM-UHFFFAOYSA-N,COCCOCCOC,1,0.16630688959776307,"{""sym"": [""C"", ""O"", ""C"", ""C"", ""O"", ""C"", ""C"", ""O"", ""C"", ""H"", ""H"", ""H"", ""H"", ""H"", ""H"", ""H"", ""H"", ""H"", ""H"", ""H"", ""H"", ""H"", ""H""], ""x"": [[3.23244, -0.21912, 1.00504], [1.98504, 0.11389, 0.45573], [1.85701, -0.27443, -0.89497], [0.48025, 0.13711, -1.4259], [-0.54464, -0.78905, -1.15338], [-0.88089, -0.97412, 0.20415], [-1.32268, 0.30466, 0.93939], [-2.18743, 1.13889, 0.20952], [-3.42298, 0.55505, -0.12585], [4.05001, 0.2712, 0.4617], [3.22304, 0.12754, 2.03633], [3.40043, -1.30366, 0.98453], [1.98137, -1.36391, -0.99276], [2.63764, 0.21584, -1.49724], [0.23096, 1.12887, -1.03305], [0.51705, 0.18234, -2.51701], [-0.04241, -1.40381, 0.76747], [-1.69574, -1.70251, 0.1786], [-1.79016, -0.00191, 1.88919], [-0.44872, 0.92038, 1.16111], [-3.30946, -0.22137, -0.88879], [-4.041, 1.35912, -0.52229], [-3.90913, 0.12414, 0.75849]]}"
SBZXBUIDTXKZTM-UHFFFAOYSA-N,COCCOCCOC,2,0.28911655270349,"{""sym"": [""C"", ""O"", ""C"", ""C"", ""O"", ""C"", ""C"", ""O"", ""C"", ""H"", ""H"", ""H"", ""H"", ""H"", ""H"", ""H"", ""H"", ""H"", ""H"", ""H"", ""H"", ""H"", ""H""], ""x"": [[-2.04151, 1.5961, -0.09339], [-1.50822, 0.39199, -0.57883], [-1.54413, -0.64338, 0.38335], [-1.04135, -1.94212, -0.25644], [0.32631, -2.19783, -0.06247], [1.22387, -1.25887, -0.62933], [2.03888, -0.53603, 0.45841], [1.42917, 0.61353, 0.99623], [1.52839, 1.75383, 0.17965], [-1.94616, 2.32857, -0.89283], [-3.10066, 1.47906, 0.17038], [-1.49582, 1.9429, 0.79184], [-0.91109, -0.38368, 1.24319], [-2.57838, -0.78017, 0.73463], [-1.28433, -1.9088, -1.32844], [-1.54492, -2.79792, 0.19794], [1.91823, -1.81983, -1.26752], [0.68214, -0.53604, -1.24423], [3.02808, -0.27465, 0.05437], [2.16672, -1.22369, 1.29811], [0.95419, 1.64973, -0.74651], [1.125, 2.58285, 0.75837], [2.57558, 1.96444, -0.07308]]}"
SBZXBUIDTXKZTM-UHFFFAOYSA-N,COCCOCCOC,3,0.5434598576903227,"{""sym"": [""C"", ""O"", ""C"", ""C"", ""O"", ""C"", ""C"", ""O"", ""C"", ""H"", ""H"", ""H"", ""H"", ""H"", ""H"", ""H"", ""H"", ""H"", ""H"", ""H"", ""H"", ""H"", ""H""], ""x"": [[4.03606, 0.43466, 0.34095], [3.37771, 0.39284, -0.90247], [2.29635, -0.50054, -0.96639], [1.05698, -0.02888, -0.1943], [0.01163, -0.93028, -0.48545], [-1.15459, -0.75848, 0.28452], [-1.97686, 0.47637, -0.13085], [-3.12662, 0.67323, 0.65395], [-4.18432, -0.21723, 0.3921], [4.93866, 1.02311, 0.18672], [4.31041, -0.57232, 0.67709], [3.42612, 0.91361, 1.11437], [2.03372, -0.57467, -2.02383], [2.58756, -1.49681, -0.60455], [1.25091, -0.02044, 0.88897], [0.81013, 0.99289, -0.51321], [-0.91102, -0.68471, 1.35487], [-1.73688, -1.66802, 0.11607], [-1.38117, 1.38159, 0.01092], [-2.2384, 0.38803, -1.19572], [-3.97527, -1.22647, 0.76195], [-4.39983, -0.2686, -0.68141], [-5.05128, 0.18168, 0.91571]]}"
SBZXBUIDTXKZTM-UHFFFAOYSA-N,COCCOCCOC,4,0.7334482811820635,"{""sym"": [""C"", ""O"", ""C"", ""C"", ""O"", ""C"", ""C"", ""O"", ""C"", ""H"", ""H"", ""H"", ""H"", ""H"", ""H"", ""H"", ""H"", ""H"", ""H"", ""H"", ""H"", ""H"", ""H""], ""x"": [[-4.03829, -0.8652, 0.00139], [-3.14094, -0.07318, 0.74153], [-2.16088, 0.58303, -0.02472], [-1.04806, -0.3554, -0.531], [-0.0475, 0.3451, -1.23864], [0.94114, 0.97108, -0.45238], [2.08919, 0.02251, -0.08694], [3.03497, 0.754, 0.65529], [4.16182, -0.00527, 1.01191], [-4.80973, -1.18197, 0.70087], [-3.55407, -1.75086, -0.42294], [-4.49768, -0.28862, -0.81006], [-2.61351, 1.09757, -0.8845], [-1.73193, 1.33349, 0.64443], [-1.46036, -1.06754, -1.25062], [-0.63466, -0.9128, 0.3181], [0.52482, 1.39573, 0.467], [1.34133, 1.78616, -1.05983], [2.54024, -0.37919, -1.00711], [1.71327, -0.82708, 0.50566], [4.69053, -0.3753, 0.12465], [4.81598, 0.65718, 1.57479], [3.88434, -0.86344, 1.63697]]}"
GSEJCLTVZPLZKY-UHFFFAOYSA-N,OCCN(CCO)CCO,0,0.0,"{""sym"": [""O"", ""C"", ""C"", ""N"", ""C"", ""C"", ""O"", ""C"", ""C"", ""O"", ""H"", ""H"", ""H"", ""H"", ""H"", ""H"", ""H"", ""H"", ""H"", ""H"", ""H"", ""H"", ""H"", ""H"", ""H""], ""x"": [[1.08535, 2.3093, -0.095], [0.02514, 2.05175, -0.97562], [0.0633, 0.61517, -1.52726], [0.02526, -0.34357, -0.43703], [1.28275, -0.96512, -0.07367], [1.45263, -0.96518, 1.45398], [1.60551, 0.33937, 1.97054], [-1.11998, -1.23136, -0.43447], [-2.32735, -0.50465, 0.1704], [-2.04996, -0.06471, 1.47221], [1.0178, 1.67657, 0.64074], [0.12459, 2.76504, -1.79758], [-0.93847, 2.2253, -0.47554], [0.97286, 0.4894, -2.12687], [-0.79669, 0.47149, -2.18754], [2.10309, -0.39166, -0.51319], [1.35613, -2.00127, -0.43978], [0.55317, -1.36161, 1.92972], [2.30453, -1.59784, 1.73276], [2.48091, 0.67145, 1.73964], [-1.37184, -1.59442, -1.44369], [-0.88995, -2.09408, 0.19404], [-3.18118, -1.18227, 0.23991], [-2.60824, 0.34455, -0.47119], [-1.16937, 0.33832, 1.45447]]}"
GSEJCLTVZPLZKY-UHFFFAOYSA-N,OCCN(CCO)CCO,1,1.9007666035067814,"{""sym"": [""O"", ""C"", ""C"", ""N"", ""C"", ""C"", ""O"", ""C"", ""C"", ""O"", ""H"", ""H"", ""H"", ""H"", ""H"", ""H"", ""H"", ""H"", ""H"", ""H"", ""H"", ""H"", ""H"", ""H"", ""H""], ""x"": [[-1.51403, 2.51215, -0.48621], [-1.34569, 1.52707, -1.4662], [-1.22094, 0.10468, -0.88712], [-0.26515, 0.0424, 0.20385], [-0.45245, -1.086, 1.09456], [-0.20854, -2.48875, 0.50209], [1.15434, -2.8161, 0.35089], [1.12216, 0.28866, -0.17267], [1.78177, 1.1418, 0.92601], [0.91281, 2.15956, 1.36008], [-0.69059, 2.58219, 0.02043], [-0.47948, 1.75825, -2.10279], [-2.23777, 1.56329, -2.09701], [-2.19136, -0.18133, -0.47478], [-0.97849, -0.58067, -1.71525], [-1.48236, -1.04614, 1.46193], [0.21468, -0.95159, 1.95284], [-0.70796, -3.23087, 1.14107], [-0.6371, -2.55598, -0.49938], [1.57184, -2.8264, 1.21943], [1.13293, 0.85125, -1.10568], [1.68976, -0.63449, -0.32988], [2.67724, 1.63339, 0.54269], [2.07545, 0.51099, 1.77777], [0.07893, 1.72262, 1.59165]]}"
GSEJCLTVZPLZKY-UHFFFAOYSA-N,OCCN(CCO)CCO,2,2.708263261232787,"{""sym"": [""O"", ""C"", ""C"", ""N"", ""C"", ""C"", ""O"", ""C"", ""C"", ""O"", ""H"", ""H"", ""H"", ""H"", ""H"", ""H"", ""H"", ""H"", ""H"", ""H"", ""H"", ""H"", ""H"", ""H"", ""H""], ""x"": [[-0.80633, -3.45989, -0.74679], [-0.2611, -2.1766, -0.92208], [-0.00861, -1.47086, 0.41893], [0.2208, -0.04615, 0.25142], [1.53748, 0.25212, -0.28969], [1.63723, 1.69288, -0.82205], [0.55849, 2.05417, -1.63723], [-0.13461, 0.72159, 1.43852], [-1.62932, 1.07807, 1.35613], [-1.96222, 1.50885, 0.0609], [-1.66017, -3.38284, -0.3062], [-0.91849, -1.54836, -1.5403], [0.67069, -2.33731, -1.4664], [-0.90604, -1.5952, 1.03299], [0.82545, -1.9643, 0.94384], [2.3409, 0.08708, 0.44834], [1.69537, -0.42579, -1.12855], [2.53149, 1.76792, -1.44602], [1.75127, 2.40454, 0.00911], [-0.24239, 2.08527, -1.09251], [0.44223, 1.64576, 1.45029], [0.07562, 0.18173, 2.37266], [-2.24629, 0.21139, 1.63449], [-1.8654, 1.89813, 2.03625], [-1.64604, 0.8178, -0.54165]]}"
NQBXSWAWVZHKBZ-UHFFFAOYSA-N,CC(=O)OCCOCCCC,0,0.0,"{""sym"": [""C"", ""C"", ""O"", ""O"", ""C"", ""C"", ""O"", ""C"", ""C"", ""C"", ""C"", ""H"", ""H"", ""H"", ""H"", ""H"", ""H"", ""H"", ""H"", ""H"", ""H"", ""H"", ""H"", ""H"", ""H"", ""H"", ""H""], ""x"": [[2.60545, 1.64871, -0.42087], [1.94882, 0.34922, -0.79535], [1.13609, 0.21749, -1.67437], [2.38992, -0.65179, -0.02644], [1.74659, -1.91313, -0.15559], [0.74923, -2.11644, 0.99908], [-0.22462, -1.1209, 1.10207], [-1.22071, -1.12652, 0.09143], [-2.35019, -0.19934, 0.53052], [-1.90579, 1.2587, 0.65601], [-1.66791, 1.92983, -0.69175], [3.49494, 1.46493, 0.17274], [1.89505, 2.2306, 0.16412], [2.84595, 2.21022, -1.3196], [1.23978, -1.95913, -1.12446], [2.52494, -2.67706, -0.10436], [1.29419, -2.0791, 1.94644], [0.28979, -3.11085, 0.88034], [-0.80446, -0.78956, -0.86499], [-1.60506, -2.15044, -0.0376], [-2.71318, -0.54538, 1.5003], [-3.16515, -0.27906, -0.1914], [-2.67843, 1.81082, 1.19684], [-0.99311, 1.28868, 1.25292], [-1.40283, 2.97541, -0.54905], [-0.86106, 1.44702, -1.23529], [-2.56824, 1.88705, -1.30169]]}"
NQBXSWAWVZHKBZ-UHFFFAOYSA-N,CC(=O)OCCOCCCC,1,0.7854911831018399,"{""sym"": [""C"", ""C"", ""O"", ""O"", ""C"", ""C"", ""O"", ""C"", ""C"", ""C"", ""C"", ""H"", ""H"", ""H"", ""H"", ""H"", ""H"", ""H"", ""H"", ""H"", ""H"", ""H"", ""H"", ""H"", ""H"", ""H"", ""H""], ""x"": [[-4.30621, 0.84254, -0.09902], [-3.15732, 0.04161, 0.44901], [-2.65192, 0.20177, 1.5287], [-2.77284, -0.89347, -0.42913], [-1.59375, -1.62873, -0.12989], [-0.39833, -1.05298, -0.90816], [-0.15027, 0.30575, -0.66304], [0.38213, 0.65049, 0.60562], [1.82247, 0.18501, 0.83075], [2.77512, 0.76291, -0.21354], [4.19062, 0.22355, -0.05366], [-4.82238, 1.3481, 0.7111], [-4.98443, 0.19537, -0.64652], [-3.90703, 1.58499, -0.78714], [-1.41546, -1.59613, 0.94953], [-1.77053, -2.65878, -0.44639], [0.47953, -1.67849, -0.69862], [-0.62093, -1.10195, -1.97766], [-0.26477, 0.28686, 1.4128], [0.34605, 1.743, 0.61072], [1.87155, -0.90628, 0.80777], [2.12537, 0.50514, 1.82933], [2.78736, 1.8508, -0.11978], [2.39767, 0.52284, -1.20945], [4.57628, 0.45576, 0.93693], [4.85324, 0.66722, -0.79286], [4.20881, -0.85691, -0.18237]]}"
NQBXSWAWVZHKBZ-UHFFFAOYSA-N,CC(=O)OCCOCCCC,2,0.9089492447747034,"{""sym"": [""C"", ""C"", ""O"", ""O"", ""C"", ""C"", ""O"", ""C"", ""C"", ""C"", ""C"", ""H"", ""H"", ""H"", ""H"", ""H"", ""H"", ""H"", ""H"", ""H"", ""H"", ""H"", ""H"", ""H"", ""H"", ""H"", ""H""], ""x"": [[-4.17311, -0.19856, -1.3993], [-2.78588, -0.36319, -0.84039], [-1.76648, -0.28746, -1.47424], [-2.82894, -0.61388, 0.47469], [-1.5796, -0.79265, 1.1345], [-0.9229, 0.5607, 1.4544], [0.31847, 0.4062, 2.09597], [1.46133, 0.58354, 1.27946], [1.67361, -0.51456, 0.2344], [3.04861, -0.43404, -0.42967], [3.2187, 0.80286, -1.30455], [-4.12548, -0.13031, -2.48145], [-4.61555, 0.70831, -0.99351], [-4.7908, -1.0405, -1.09904], [-0.91872, -1.39119, 0.5015], [-1.79829, -1.33165, 2.05708], [-0.81874, 1.13953, 0.52873], [-1.57687, 1.11202, 2.14071], [1.41, 1.56561, 0.7896], [2.29573, 0.58702, 1.9862], [1.5763, -1.48081, 0.73554], [0.90345, -0.44387, -0.5366], [3.17963, -1.32304, -1.05048], [3.82493, -0.44991, 0.33876], [3.21548, 1.71063, -0.70677], [2.41223, 0.86251, -2.03186], [4.16289, 0.75671, -1.84263]]}"
NQBXSWAWVZHKBZ-UHFFFAOYSA-N,CC(=O)OCCOCCCC,3,1.02558028376734,"{""sym"": [""C"", ""C"", ""O"", ""O"", ""C"", ""C"", ""O"", ""C"", ""C"", ""C"", ""C"", ""H"", ""H"", ""H"", ""H"", ""H"", ""H"", ""H"", ""H"", ""H"", ""H"", ""H"", ""H"", ""H"", ""H"", ""H"", ""H""], ""x"": [[-5.16202, -0.00826, -0.53595], [-3.66634, -0.17274, -0.51805], [-2.93532, -0.00702, -1.45752], [-3.24506, -0.54812, 0.6987], [-1.84656, -0.74865, 0.86277], [-1.1249, 0.58148, 1.13936], [0.25562, 0.41804, 1.31707], [0.99695, 0.3013, 0.11584], [2.46864, 0.14161, 0.47633], [3.35094, 0.03464, -0.76409], [4.81752, -0.14928, -0.39491], [-5.63173, -0.95317, -0.27396], [-5.48372, 0.30619, -1.52384], [-5.45258, 0.73099, 0.20595], [-1.44249, -1.21122, -0.04332], [-1.73144, -1.42441, 1.71157], [-1.50397, 1.00769, 2.07287], [-1.33459, 1.27943, 0.31615], [0.84708, 1.20171, -0.49911], [0.66061, -0.56555, -0.469], [2.5775, -0.75364, 1.0903], [2.77295, 0.99724, 1.08084], [3.2381, 0.93837, -1.36671], [3.02111, -0.81102, -1.37166], [5.43067, -0.22113, -1.28992], [4.95304, -1.05694, 0.18859], [5.16997, 0.69247, 0.1963]]}"
NQBXSWAWVZHKBZ-UHFFFAOYSA-N,CC(=O)OCCOCCCC,4,1.2364291450503515,"{""sym"": [""C"", ""C"", ""O"", ""O"", ""C"", ""C"", ""O"", ""C"", ""C"", ""C"", ""C"", ""H"", ""H"", ""H"", ""H"", ""H"", ""H"", ""H"", ""H"", ""H"", ""H"", ""H"", ""H"", ""H"", ""H"", ""H"", ""H""], ""x"": [[-4.96395, 0.09926, -1.24547], [-3.50472, -0.15568, -0.98112], [-2.69362, -0.48238, -1.80597], [-3.22275, 0.00482, 0.31945], [-1.87832, -0.22724, 0.72345], [-1.00347, 1.00777, 0.44553], [0.25376, 0.94089, 1.0585], [1.17845, 0.06783, 0.43428], [2.54528, 0.30777, 1.06799], [3.62126, -0.65118, 0.56143], [3.99763, -0.41187, -0.89649], [-5.10943, 0.34519, -2.2928], [-5.32465, 0.89842, -0.60549], [-5.52177, -0.80657, -1.01557], [-1.91487, -0.42439, 1.7964], [-1.48828, -1.0996, 0.18944], [-0.90563, 1.14061, -0.64205], [-1.49582, 1.88719, 0.87121], [1.20208, 0.27139, -0.64509], [0.87988, -0.98043, 0.58058], [2.84446, 1.33911, 0.87583], [2.43069, 0.1931, 2.14702], [3.27511, -1.67996, 0.68383], [4.51165, -0.526, 1.18152], [4.30375, 0.62129, -1.04396], [3.15955, -0.62139, -1.55561], [4.82375, -1.05797, -1.18462]]}"
JRZJOMJEPLMPRA-UHFFFAOYSA-N,C=CCCCCCCC,0,0.0,"{""sym"": [""C"", ""C"", ""C"", ""C"", ""C"", ""C"", ""C"", ""C"", ""C"", ""H"", ""H"", ""H"", ""H"", ""H"", ""H"", ""H"", ""H"", ""H"", ""H"", ""H"", ""H"", ""H"", ""H"", ""H"", ""H"", ""H"", ""H""], ""x"": [[5.11749, -0.37837, -0.31523], [4.06169, -0.77683, 0.3683], [2.85146, 0.06225, 0.6234], [1.59923, -0.55912, -0.00335], [0.35527, 0.28576, 0.26], [-0.89801, -0.32422, -0.36363], [-2.14211, 0.52127, -0.1009], [-3.39427, -0.09049, -0.72464], [-4.63312, 0.75581, -0.45991], [5.17654, 0.6126, -0.7355], [5.96822, -1.01723, -0.48134], [4.02375, -1.77855, 0.77762], [3.0032, 1.06452, 0.21799], [2.69674, 0.15164, 1.70293], [1.75071, -0.6589, -1.08073], [1.45044, -1.56215, 0.4036], [0.50839, 1.28854, -0.14635], [0.20997, 0.38593, 1.33855], [-1.0514, -1.32699, 0.04273], [-0.75151, -0.42483, -1.44188], [-2.28929, 0.62222, 0.97722], [-1.98991, 1.52395, -0.50787], [-3.54642, -1.09283, -0.31762], [-3.24732, -0.19072, -1.80252], [-4.80856, 0.85152, 0.60943], [-4.50964, 1.75351, -0.87554], [-5.51153, 0.30169, -0.91257]]}"
JRZJOMJEPLMPRA-UHFFFAOYSA-N,C=CCCCCCCC,1,0.37491799412237015,"{""sym"": [""C"", ""C"", ""C"", ""C"", ""C"", ""C"", ""C"", ""C"", ""C"", ""H"", ""H"", ""H"", ""H"", ""H"", ""H"", ""H"", ""H"", ""H"", ""H"", ""H"", ""H"", ""H"", ""H"", ""H"", ""H"", ""H"", ""H""], ""x"": [[4.11991, -0.56055, -0.71687], [3.19643, 0.37709, -0.81095], [2.69014, 1.19467, 0.33355], [1.17195, 1.0656, 0.49461], [0.76287, -0.36351, 0.84397], [-0.72115, -0.50645, 1.18309], [-1.64808, -0.25944, -0.00553], [-3.11203, -0.50591, 0.35399], [-4.03964, -0.24313, -0.82624], [4.45536, -1.12249, -1.57222], [4.58541, -0.80615, 0.22404], [2.74488, 0.60128, -1.76959], [2.93411, 2.2457, 0.14968], [3.18656, 0.88817, 1.25653], [0.68934, 1.37531, -0.43388], [0.83845, 1.73865, 1.28798], [1.34906, -0.68934, 1.70712], [1.01223, -1.02499, 0.01139], [-0.89562, -1.51867, 1.5575], [-0.97498, 0.18905, 1.98717], [-1.36363, -0.91918, -0.82889], [-1.53996, 0.77013, -0.35116], [-3.23418, -1.539, 0.68784], [-3.39285, 0.14385, 1.18624], [-3.95013, 0.78848, -1.1603], [-5.07555, -0.42446, -0.54855], [-3.78892, -0.8947, -1.66058]]}"
JRZJOMJEPLMPRA-UHFFFAOYSA-N,C=CCCCCCCC,2,0.5043328900428605,"{""sym"": [""C"", ""C"", ""C"", ""C"", ""C"", ""C"", ""C"", ""C"", ""C"", ""H"", ""H"", ""H"", ""H"", ""H"", ""H"", ""H"", ""H"", ""H"", ""H"", ""H"", ""H"", ""H"", ""H"", ""H"", ""H"", ""H"", ""H""], ""x"": [[-4.8733, 0.3133, 0.72738], [-3.82023, 0.54881, -0.03173], [-2.40467, 0.30813, 0.38308], [-1.73765, -0.73263, -0.52221], [-0.32248, -1.09954, -0.07616], [0.67184, 0.05361, -0.19465], [2.09368, -0.38409, 0.14905], [3.09244, 0.76563, 0.03977], [4.5094, 0.32382, 0.38411], [-4.77271, -0.06912, 1.73048], [-5.87841, 0.49483, 0.38603], [-3.94773, 0.92981, -1.03739], [-2.37552, -0.03716, 1.41828], [-1.85319, 1.24918, 0.31859], [-1.70993, -0.35572, -1.54719], [-2.3515, -1.63679, -0.51915], [-0.35105, -1.44696, 0.95933], [0.03017, -1.93132, -0.69167], [0.65132, 0.44379, -1.21523], [0.38112, 0.86274, 0.47768], [2.11182, -0.78094, 1.16699], [2.3971, -1.1894, -0.52427], [3.07483, 1.16274, -0.97783], [2.79125, 1.57079, 0.71402], [5.20187, 1.15816, 0.29848], [4.55398, -0.05637, 1.40247], [4.83751, -0.4653, -0.28909]]}"
JRZJOMJEPLMPRA-UHFFFAOYSA-N,C=CCCCCCCC,3,0.7726481769350357,"{""sym"": [""C"", ""C"", ""C"", ""C"", ""C"", ""C"", ""C"", ""C"", ""C"", ""H"", ""H"", ""H"", ""H"", ""H"", ""H"", ""H"", ""H"", ""H"", ""H"", ""H"", ""H"", ""H"", ""H"", ""H"", ""H"", ""H"", ""H""], ""x"": [[-4.62591, 0.63714, -0.18169], [-4.22878, -0.59698, 0.06338], [-2.81678, -1.07935, 0.18883], [-1.73969, -0.01345, 0.01067], [-0.34065, -0.60844, 0.15732], [0.7561, 0.43946, -0.01693], [2.15098, -0.16392, 0.13122], [3.25012, 0.88109, -0.04242], [4.64119, 0.27746, 0.10568], [-3.93632, 1.45118, -0.32089], [-5.67086, 0.88748, -0.25416], [-4.96884, -1.37792, 0.19507], [-2.70391, -1.5444, 1.17415], [-2.66323, -1.87363, -0.54969], [-1.87716, 0.77138, 0.75763], [-1.8362, 0.43984, -0.97828], [-0.24436, -1.06679, 1.14501], [-0.20349, -1.39751, -0.58662], [0.66451, 0.89883, -1.00429], [0.62367, 1.22939, 0.72654], [2.28336, -0.95369, -0.61238], [2.24251, -0.62309, 1.11864], [3.11626, 1.67001, 0.70124], [3.1571, 1.33944, -1.02965], [5.40502, 1.04095, -0.02212], [4.80311, -0.4976, -0.64035], [4.76226, -0.16688, 1.09128]]}"
JRZJOMJEPLMPRA-UHFFFAOYSA-N,C=CCCCCCCC,4,0.9109734723315341,"{""sym"": [""C"", ""C"", ""C"", ""C"", ""C"", ""C"", ""C"", ""C"", ""C"", ""H"", ""H"", ""H"", ""H"", ""H"", ""H"", ""H"", ""H"", ""H"", ""H"", ""H"", ""H"", ""H"", ""H"", ""H"", ""H"", ""H"", ""H""], ""x"": [[3.25155, 1.28211, 0.94804], [2.94228, 0.65991, -0.17363], [2.73658, -0.81541, -0.30035], [1.3565, -1.15285, -0.87301], [0.23355, -0.72445, 0.06798], [-1.14336, -1.0517, -0.50415], [-2.28693, -0.77782, 0.4742], [-2.44253, 0.68594, 0.89126], [-2.73539, 1.61836, -0.27862], [3.38087, 0.74527, 1.87392], [3.39554, 2.34857, 0.99283], [2.81809, 1.22171, -1.09112], [2.85345, -1.2902, 0.67576], [3.50273, -1.2206, -0.96853], [1.23175, -0.65496, -1.83779], [1.29461, -2.2298, -1.04648], [0.35376, -1.23491, 1.02687], [0.31923, 0.34813, 0.24868], [-1.16916, -2.11287, -0.76739], [-1.30096, -0.48629, -1.42431], [-3.2219, -1.11174, 0.01625], [-2.12963, -1.37874, 1.37394], [-1.54031, 1.02021, 1.40634], [-3.26754, 0.74743, 1.6058], [-2.96664, 2.61765, 0.08427], [-1.87884, 1.69131, -0.94367], [-3.5873, 1.25573, -0.85044]]}"
TVMXDCGIABBOFY-UHFFFAOYSA-N,CCCCCCCC,0,0.0,"{""sym"": [""C"", ""C"", ""C"", ""C"", ""C"", ""C"", ""C"", ""C"", ""H"", ""H"", ""H"", ""H"", ""H"", ""H"", ""H"", ""H"", ""H"", ""H"", ""H"", ""H"", ""H"", ""H"", ""H"", ""H"", ""H"", ""H""], ""x"": [[4.44543, -0.07743, -0.11008], [3.11104, 0.59483, -0.40937], [1.92984, -0.24881, 0.06325], [0.59108, 0.42112, -0.23471], [-0.59108, -0.42113, 0.23726], [-1.92984, 0.24881, -0.06069], [-3.11104, -0.59482, 0.41196], [-4.44543, 0.07743, 0.11266], [4.55955, -0.23827, 0.96006], [5.27328, 0.53878, -0.45409], [4.50626, -1.04259, -0.60894], [3.07621, 1.56948, 0.0829], [3.02295, 0.7658, -1.48478], [1.9635, -1.22383, -0.42873], [2.01675, -0.4202, 1.13885], [0.50509, 0.59286, -1.31038], [0.55835, 1.39639, 0.25696], [-0.55835, -1.3964, -0.25441], [-0.50508, -0.59287, 1.31293], [-2.01677, 0.42018, -1.1363], [-1.96349, 1.22383, 0.43128], [-3.07622, -1.56948, -0.0803], [-3.02294, -0.76578, 1.48736], [-4.50624, 1.04261, 0.61149], [-4.55956, 0.23825, -0.95749], [-5.27328, -0.53876, 0.4567]]}"
TVMXDCGIABBOFY-UHFFFAOYSA-N,CCCCCCCC,1,0.5516633470761008,"{""sym"": [""C"", ""C"", ""C"", ""C"", ""C"", ""C"", ""C"", ""C"", ""H"", ""H"", ""H"", ""H"", ""H"", ""H"", ""H"", ""H"", ""H"", ""H"", ""H"", ""H"", ""H"", ""H"", ""H"", ""H"", ""H"", ""H""], ""x"": [[-4.08702, 0.25035, -0.58462], [-2.6379, 0.53318, -0.20693], [-2.05056, -0.58804, 0.64737], [-0.63484, -0.29884, 1.1475], [0.40479, -0.22589, 0.03122], [1.81769, -0.04804, 0.5824], [2.86144, 0.02989, -0.52905], [4.2701, 0.20771, 0.02375], [-4.70461, 0.15581, 0.30616], [-4.15974, -0.6764, -1.14997], [-4.48908, 1.05551, -1.19529], [-2.58383, 1.47333, 0.347], [-2.04934, 0.64784, -1.11837], [-2.04732, -1.51614, 0.07058], [-2.69971, -0.74191, 1.51331], [-0.63311, 0.64208, 1.70319], [-0.344, -1.09057, 1.8428], [0.3617, -1.14244, -0.56233], [0.17679, 0.61072, -0.63141], [2.05754, -0.88455, 1.2434], [1.859, 0.86581, 1.18017], [2.81874, -0.88359, -1.12677], [2.62232, 0.86705, -1.18899], [4.53547, -0.62731, 0.66867], [4.33903, 1.12425, 0.60583], [4.99646, 0.2602, -0.78399]]}"
TVMXDCGIABBOFY-UHFFFAOYSA-N,CCCCCCCC,2,1.0327327220875304,"{""sym"": [""C"", ""C"", ""C"", ""C"", ""C"", ""C"", ""C"", ""C"", ""H"", ""H"", ""H"", ""H"", ""H"", ""H"", ""H"", ""H"", ""H"", ""H"", ""H"", ""H"", ""H"", ""H"", ""H"", ""H"", ""H"", ""H""], ""x"": [[4.04814, 0.35397, -0.34928], [2.52974, 0.38609, -0.4754], [1.84921, -0.02852, 0.82779], [0.32639, 0.10246, 0.78471], [-0.33065, -0.85558, -0.20818], [-1.85442, -0.89394, -0.08724], [-2.52515, 0.42574, -0.46396], [-4.0444, 0.30752, -0.44446], [4.51835, 0.64482, -1.28589], [4.38126, 1.0368, 0.4294], [4.38618, -0.64745, -0.09161], [2.20776, 1.39519, -0.74367], [2.22481, -0.2858, -1.27928], [2.23076, 0.60046, 1.63669], [2.11774, -1.06192, 1.06076], [-0.06981, -0.1014, 1.78303], [0.06886, 1.13176, 0.52876], [0.05871, -1.86219, -0.034], [-0.06568, -0.56851, -1.22734], [-2.23686, -1.68017, -0.74383], [-2.13029, -1.1581, 0.93667], [-2.19578, 0.7241, -1.46217], [-2.21961, 1.20604, 0.23491], [-4.37793, -0.44708, -1.15361], [-4.38973, 0.02008, 0.54633], [-4.50761, 1.25563, -0.70797]]}"
TVMXDCGIABBOFY-UHFFFAOYSA-N,CCCCCCCC,3,1.1327903953460918,"{""sym"": [""C"", ""C"", ""C"", ""C"", ""C"", ""C"", ""C"", ""C"", ""H"", ""H"", ""H"", ""H"", ""H"", ""H"", ""H"", ""H"", ""H"", ""H"", ""H"", ""H"", ""H"", ""H"", ""H"", ""H"", ""H"", ""H""], ""x"": [[3.18573, 0.71812, -0.74248], [2.8408, -0.57687, -0.01683], [2.04293, -0.35664, 1.26976], [0.69838, 0.3491, 1.08308], [-0.2725, -0.4096, 0.18061], [-1.64266, 0.26336, 0.12981], [-2.61753, -0.48093, -0.77985], [-3.98149, 0.19627, -0.82894], [3.84318, 0.51447, -1.5849], [2.29071, 1.20239, -1.12368], [3.69201, 1.40848, -0.07114], [3.76793, -1.09391, 0.2438], [2.28268, -1.23182, -0.68778], [2.64926, 0.23583, 1.96015], [1.86816, -1.32853, 1.73862], [0.862, 1.34948, 0.67887], [0.23928, 0.47017, 2.06809], [0.13005, -0.46401, -0.83244], [-0.38482, -1.43211, 0.54997], [-2.05893, 0.31348, 1.13905], [-1.52684, 1.28909, -0.22973], [-2.73504, -1.50569, -0.41983], [-2.20245, -0.53115, -1.78927], [-4.42275, 0.23912, 0.16437], [-4.65802, -0.35097, -1.48124], [-3.89007, 1.21287, -1.20507]]}"
TVMXDCGIABBOFY-UHFFFAOYSA-N,CCCCCCCC,4,1.559482572323759,"{""sym"": [""C"", ""C"", ""C"", ""C"", ""C"", ""C"", ""C"", ""C"", ""H"", ""H"", ""H"", ""H"", ""H"", ""H"", ""H"", ""H"", ""H"", ""H"", ""H"", ""H"", ""H"", ""H"", ""H"", ""H"", ""H"", ""H""], ""x"": [[-2.96903, -0.86653, 1.998], [-2.96396, -0.27299, 0.59396], [-1.57454, 0.17169, 0.13595], [-0.59422, -0.98958, -0.02249], [0.71318, -0.57782, -0.70027], [1.53045, 0.40921, 0.13191], [2.93582, 0.64371, -0.42301], [2.93413, 1.32633, -1.78597], [-3.98762, -1.0761, 2.31675], [-2.40734, -1.79621, 2.02935], [-2.52435, -0.171, 2.70654], [-3.62925, 0.59393, 0.57386], [-3.35915, -1.00822, -0.11112], [-1.17973, 0.89045, 0.85628], [-1.67139, 0.68257, -0.82579], [-1.06868, -1.76982, -0.62382], [-0.36677, -1.416, 0.9562], [1.3149, -1.47441, -0.87215], [0.48478, -0.13891, -1.6732], [1.61799, 0.02104, 1.15024], [1.00845, 1.36636, 0.18437], [3.45938, -0.31241, -0.49784], [3.48798, 1.26752, 0.28448], [2.3663, 2.25344, -1.74629], [2.49178, 0.68369, -2.54235], [3.95089, 1.56006, -2.09359]]}"
AOGQPLXWSUTHQB-UHFFFAOYSA-N,CC(=O)OCCCCCC,0,0.0,"{""sym"": [""C"", ""C"", ""O"", ""O"", ""C"", ""C"", ""C"", ""C"", ""C"", ""C"", ""H"", ""H"", ""H"", ""H"", ""H"", ""H"", ""H"", ""H"", ""H"", ""H"", ""H"", ""H"", ""H"", ""H"", ""H"", ""H""], ""x"": [[4.896, -0.47749, 0.12515], [3.57157, -0.32097, -0.57619], [3.14295, -1.06125, -1.42054], [2.93027, 0.76851, -0.13775], [1.64046, 1.03257, -0.68948], [0.5504, 0.25984, 0.0481], [-0.83339, 0.55703, -0.52134], [-1.9246, -0.21181, 0.21969], [-3.31287, 0.07941, -0.34442], [-4.40003, -0.6888, 0.39672], [5.41151, -1.3503, -0.26272], [5.49803, 0.41396, -0.03148], [4.72567, -0.59075, 1.193], [1.49756, 2.11016, -0.5847], [1.64248, 0.7586, -1.74961], [0.58269, 0.52693, 1.10661], [0.76072, -0.80794, -0.03952], [-0.85494, 0.28507, -1.57876], [-1.03351, 1.62877, -0.45068], [-1.72391, -1.28283, 0.14749], [-1.90225, 0.05739, 1.27814], [-3.51282, 1.15084, -0.27322], [-3.33469, -0.19079, -1.40226], [-5.37929, -0.46699, -0.02077], [-4.40808, -0.4188, 1.45045], [-4.22992, -1.76035, 0.31996]]}"
AOGQPLXWSUTHQB-UHFFFAOYSA-N,CC(=O)OCCCCCC,1,0.297470943263761,"{""sym"": [""C"", ""C"", ""O"", ""O"", ""C"", ""C"", ""C"", ""C"", ""C"", ""C"", ""H"", ""H"", ""H"", ""H"", ""H"", ""H"", ""H"", ""H"", ""H"", ""H"", ""H"", ""H"", ""H"", ""H"", ""H"", ""H""], ""x"": [[4.67575, 0.23744, -0.67312], [3.17281, 0.3359, -0.68628], [2.4805, 0.23612, -1.66397], [2.70212, 0.56032, 0.54562], [1.28429, 0.65087, 0.68944], [0.65948, -0.73517, 0.83055], [-0.8373, -0.67828, 1.12914], [-1.66395, -0.13298, -0.03366], [-3.16234, -0.22411, 0.24685], [-3.98962, 0.32647, -0.90804], [4.97565, -0.59278, -0.0388], [5.04055, 0.08304, -1.68353], [5.09475, 1.15049, -0.25878], [1.12117, 1.24657, 1.59028], [0.87782, 1.16905, -0.18381], [1.17204, -1.25852, 1.64147], [0.83044, -1.29008, -0.09441], [-1.1796, -1.69034, 1.35712], [-1.00769, -0.06544, 2.0178], [-1.43059, -0.69942, -0.93769], [-1.40182, 0.91008, -0.21806], [-3.3923, 0.33478, 1.15709], [-3.43427, -1.26756, 0.42266], [-3.7896, -0.23213, -1.81971], [-3.74649, 1.37155, -1.08749], [-5.05179, 0.25412, -0.68611]]}"
AOGQPLXWSUTHQB-UHFFFAOYSA-N,CC(=O)OCCCCCC,2,0.49024384119184106,"{""sym"": [""C"", ""C"", ""O"", ""O"", ""C"", ""C"", ""C"", ""C"", ""C"", ""C"", ""H"", ""H"", ""H"", ""H"", ""H"", ""H"", ""H"", ""H"", ""H"", ""H"", ""H"", ""H"", ""H"", ""H"", ""H"", ""H""], ""x"": [[4.36246, 1.15816, 0.7778], [3.21805, 0.71471, -0.09615], [2.76241, 1.34387, -1.01345], [2.7747, -0.48967, 0.28185], [1.66897, -1.03254, -0.43916], [0.34085, -0.52105, 0.11186], [-0.83911, -1.12156, -0.64765], [-2.19238, -0.72864, -0.05474], [-2.50308, 0.76131, -0.18119], [-3.90819, 1.08217, 0.314], [4.72841, 2.12234, 0.43933], [5.1582, 0.41911, 0.735], [4.02125, 1.23053, 1.80756], [1.75189, -2.11554, -0.32454], [1.76579, -0.76156, -1.49581], [0.2734, -0.77977, 1.17109], [0.33067, 0.56586, 0.02108], [-0.79421, -0.80115, -1.69073], [-0.75182, -2.21108, -0.63075], [-2.22276, -1.01593, 0.99895], [-2.97307, -1.29246, -0.57116], [-2.40928, 1.06074, -1.2273], [-1.78192, 1.34009, 0.39753], [-4.01731, 0.80019, 1.35918], [-4.11198, 2.14639, 0.22308], [-4.65193, 0.53939, -0.26566]]}"
AOGQPLXWSUTHQB-UHFFFAOYSA-N,CC(=O)OCCCCCC,3,0.6361820096572046,"{""sym"": [""C"", ""C"", ""O"", ""O"", ""C"", ""C"", ""C"", ""C"", ""C"", ""C"", ""H"", ""H"", ""H"", ""H"", ""H"", ""H"", ""H"", ""H"", ""H"", ""H"", ""H"", ""H"", ""H"", ""H"", ""H"", ""H""], ""x"": [[5.15342, 0.46782, -0.03942], [3.98321, -0.45353, 0.18603], [4.06147, -1.61682, 0.47983], [2.82363, 0.18969, 0.017], [1.63873, -0.58552, 0.20551], [0.42684, 0.30401, -0.02594], [-0.87377, -0.473, 0.16234], [-2.1009, 0.40641, -0.06664], [-3.40444, -0.36697, 0.1207], [-4.625, 0.51615, -0.10918], [6.07917, -0.0804, 0.10428], [5.10973, 0.86823, -1.04902], [5.09968, 1.29896, 0.65905], [1.64152, -0.99527, 1.22219], [1.65163, -1.42835, -0.49522], [0.4652, 1.14179, 0.67257], [0.47527, 0.71051, -1.03771], [-0.90614, -0.88348, 1.17411], [-0.89609, -1.31424, -0.53411], [-2.07801, 1.24711, 0.63048], [-2.06794, 0.81609, -1.07874], [-3.43807, -0.77656, 1.13282], [-3.42801, -1.2076, -0.57649], [-5.54124, -0.0531, 0.02898], [-4.6199, 0.91844, -1.11997], [-4.62997, 1.34964, 0.58999]]}"
AOGQPLXWSUTHQB-UHFFFAOYSA-N,CC(=O)OCCCCCC,4,0.8220802020368865,"{""sym"": [""C"", ""C"", ""O"", ""O"", ""C"", ""C"", ""C"", ""C"", ""C"", ""C"", ""H"", ""H"", ""H"", ""H"", ""H"", ""H"", ""H"", ""H"", ""H"", ""H"", ""H"", ""H"", ""H"", ""H"", ""H"", ""H""], ""x"": [[4.42835, 0.01941, 1.21311], [3.3365, 0.42697, 0.25783], [3.497, 0.70616, -0.90034], [2.15182, 0.44649, 0.87812], [1.00794, 0.78792, 0.09417], [0.44556, -0.44155, -0.6149], [-0.71802, -0.10714, -1.54789], [-1.93162, 0.53122, -0.86989], [-2.55978, -0.34113, 0.21502], [-3.83876, 0.28416, 0.7594], [4.22477, -0.98181, 1.58502], [4.44096, 0.70059, 2.06002], [5.3864, 0.03803, 0.70335], [1.29333, 1.54819, -0.64073], [0.29237, 1.20302, 0.80521], [1.24928, -0.88317, -1.20885], [0.13953, -1.17563, 0.13225], [-0.35706, 0.57024, -2.32521], [-1.0353, -1.03078, -2.03702], [-2.68376, 0.72363, -1.63931], [-1.65257, 1.49609, -0.44263], [-2.7849, -1.32653, -0.19945], [-1.85462, -0.47701, 1.0364], [-3.63225, 1.26459, 1.18372], [-4.2717, -0.34138, 1.53653], [-4.57347, 0.40398, -0.03392]]}"
SHZIWNPUGXLXDT-UHFFFAOYSA-N,C(C(=O)OCC)CCCC,0,0.0,"{""sym"": [""C"", ""C"", ""O"", ""O"", ""C"", ""C"", ""C"", ""C"", ""C"", ""C"", ""H"", ""H"", ""H"", ""H"", ""H"", ""H"", ""H"", ""H"", ""H"", ""H"", ""H"", ""H"", ""H"", ""H"", ""H"", ""H""], ""x"": [[0.10601, -1.28037, -1.67217], [1.11296, -1.16227, -0.55024], [1.1654, -1.88297, 0.41101], [1.9784, -0.16829, -0.78892], [3.003, 0.05571, 0.18156], [2.52192, 0.99014, 1.28233], [-1.28248, -1.66523, -1.15637], [-2.08708, -0.46528, -0.6592], [-1.43337, 0.2514, 0.5196], [-2.33099, 1.34705, 1.08255], [0.08189, -0.34485, -2.23093], [0.4803, -2.0643, -2.33574], [3.3044, -0.90754, 0.60623], [3.83375, 0.49558, -0.37426], [1.69761, 0.53143, 1.823], [3.3335, 1.18514, 1.97713], [2.18607, 1.93258, 0.85596], [-1.15773, -2.38492, -0.34494], [-1.84005, -2.15158, -1.95892], [-2.22628, 0.24296, -1.48032], [-3.07726, -0.8152, -0.35709], [-0.49017, 0.69618, 0.1975], [-1.20869, -0.47622, 1.30231], [-1.84126, 1.85756, 1.90901], [-2.56413, 2.08245, 0.31483], [-3.26573, 0.92533, 1.44608]]}"
SHZIWNPUGXLXDT-UHFFFAOYSA-N,C(C(=O)OCC)CCCC,1,0.34995283884200035,"{""sym"": [""C"", ""C"", ""O"", ""O"", ""C"", ""C"", ""C"", ""C"", ""C"", ""C"", ""H"", ""H"", ""H"", ""H"", ""H"", ""H"", ""H"", ""H"", ""H"", ""H"", ""H"", ""H"", ""H"", ""H"", ""H"", ""H""], ""x"": [[0.29583, -0.07717, 0.81492], [1.65117, -0.47691, 0.27881], [1.87802, -0.86702, -0.835], [2.58332, -0.3433, 1.23213], [3.93264, -0.65186, 0.87849], [4.62003, 0.53843, 0.22464], [-0.80762, -0.22847, -0.22701], [-2.16894, 0.17912, 0.33029], [-3.279, 0.02904, -0.70751], [-4.63808, 0.43569, -0.15036], [0.3666, 0.95821, 1.15612], [0.08783, -0.6929, 1.69272], [3.93372, -1.50959, 0.19784], [4.41834, -0.92122, 1.81883], [4.11326, 0.79344, -0.70305], [5.65305, 0.28571, 0.00338], [4.59741, 1.39928, 0.8889], [-0.56487, 0.38576, -1.09599], [-0.84128, -1.26629, -0.56332], [-2.12792, 1.2187, 0.66515], [-2.40436, -0.43857, 1.20062], [-3.31958, -1.00986, -1.04192], [-3.04345, 0.64639, -1.57714], [-4.90059, -0.18227, 0.70578], [-5.41129, 0.32036, -0.90635], [-4.62423, 1.47529, 0.17028]]}"
SHZIWNPUGXLXDT-UHFFFAOYSA-N,C(C(=O)OCC)CCCC,2,0.6073566158993344,"{""sym"": [""C"", ""C"", ""O"", ""O"", ""C"", ""C"", ""C"", ""C"", ""C"", ""C"", ""H"", ""H"", ""H"", ""H"", ""H"", ""H"", ""H"", ""H"", ""H"", ""H"", ""H"", ""H"", ""H"", ""H"", ""H"", ""H""], ""x"": [[-0.18539, 0.21232, -1.7982], [-1.31765, -0.44511, -1.04273], [-1.55606, -1.62347, -1.02777], [-2.05394, 0.47475, -0.40615], [-3.17479, 0.00952, 0.3478], [-2.7599, -0.40605, 1.75213], [1.05382, -0.68084, -1.85988], [1.64719, -0.99189, -0.48563], [2.15303, 0.24031, 0.26213], [2.88526, -0.14997, 1.54062], [-0.54702, 0.39752, -2.81319], [0.03016, 1.17678, -1.34059], [-3.629, -0.83627, -0.17895], [-3.87168, 0.84996, 0.375], [-2.07475, -1.2489, 1.70081], [-2.26708, 0.42039, 2.25896], [-3.63774, -0.69904, 2.32114], [0.77363, -1.6221, -2.33605], [1.80754, -0.19442, -2.48278], [0.89547, -1.50233, 0.11941], [2.48174, -1.68402, -0.62285], [1.31454, 0.88971, 0.5197], [2.82828, 0.80562, -0.38518], [3.75, -0.76891, 1.31097], [3.22764, 0.73414, 2.07375], [2.2267, -0.71428, 2.19757]]}"
SHZIWNPUGXLXDT-UHFFFAOYSA-N,C(C(=O)OCC)CCCC,3,0.7452622403288842,"{""sym"": [""C"", ""C"", ""O"", ""O"", ""C"", ""C"", ""C"", ""C"", ""C"", ""C"", ""H"", ""H"", ""H"", ""H"", ""H"", ""H"", ""H"", ""H"", ""H"", ""H"", ""H"", ""H"", ""H"", ""H"", ""H"", ""H""], ""x"": [[0.15742, -0.20215, -0.1493], [1.51183, -0.47444, 0.46141], [1.73209, -0.64798, 1.63016], [2.45284, -0.51062, -0.49206], [3.79844, -0.74253, -0.07219], [4.47504, 0.55074, 0.35946], [-0.93038, -0.07517, 0.91259], [-2.27972, 0.34266, 0.33174], [-2.89632, -0.7092, -0.58852], [-4.2917, -0.30136, -1.04569], [-0.0585, -1.01831, -0.84073], [0.23247, 0.71425, -0.73859], [4.29699, -1.17724, -0.94103], [3.79181, -1.46091, 0.75417], [5.50961, 0.35114, 0.62376], [4.44768, 1.27684, -0.44974], [3.96381, 0.96455, 1.2254], [-0.61022, 0.6651, 1.64827], [-1.03198, -1.02702, 1.43639], [-2.16353, 1.27978, -0.21849], [-2.96883, 0.52962, 1.15854], [-2.26357, -0.85089, -1.46645], [-2.95203, -1.66283, -0.05857], [-4.71504, -1.05586, -1.7045], [-4.95388, -0.18097, -0.19102], [-4.25433, 0.64284, -1.585]]}"
SHZIWNPUGXLXDT-UHFFFAOYSA-N,C(C(=O)OCC)CCCC,4,0.8511172458638612,"{""sym"": [""C"", ""C"", ""O"", ""O"", ""C"", ""C"", ""C"", ""C"", ""C"", ""C"", ""H"", ""H"", ""H"", ""H"", ""H"", ""H"", ""H"", ""H"", ""H"", ""H"", ""H"", ""H"", ""H"", ""H"", ""H"", ""H""], ""x"": [[0.11301, -0.0232, -1.8177], [1.54393, 0.29123, -1.45297], [2.04821, 1.38215, -1.50318], [2.18269, -0.80966, -1.04095], [3.53558, -0.65659, -0.60851], [3.61117, -0.1716, 0.83203], [-0.75218, 0.00889, -0.55188], [-2.22105, -0.2565, -0.87425], [-3.09881, -0.35564, 0.37439], [-3.22074, 0.96312, 1.12952], [-0.23947, 0.72646, -2.5264], [0.06755, -1.013, -2.27195], [4.03929, 0.05414, -1.27189], [3.98106, -1.64777, -0.71631], [4.64988, -0.12119, 1.14588], [3.1711, 0.81935, 0.91142], [3.07318, -0.85178, 1.48804], [-0.64511, 0.98636, -0.07999], [-0.38958, -0.74917, 0.14574], [-2.60051, 0.53984, -1.51859], [-2.29386, -1.19477, -1.42982], [-2.69262, -1.12005, 1.04098], [-4.09689, -0.68028, 0.07044], [-3.93346, 0.86513, 1.9455], [-3.56744, 1.75113, 0.46434], [-2.26495, 1.26342, 1.55062]]}"
LWWJDXKGQVEZKT-QMMMGPOBSA-N,CCC[C@@H](CCO)CC,0,0.0,"{""sym"": [""C"", ""C"", ""C"", ""C"", ""C"", ""C"", ""O"", ""C"", ""C"", ""H"", ""H"", ""H"", ""H"", ""H"", ""H"", ""H"", ""H"", ""H"", ""H"", ""H"", ""H"", ""H"", ""H"", ""H"", ""H"", ""H"", ""H""], ""x"": [[3.34705, -1.07469, -0.18707], [2.11306, -0.26272, -0.56126], [0.94873, -0.5461, 0.38583], [-0.31607, 0.25756, 0.05246], [-1.55726, -0.42157, 0.64614], [-2.03973, -1.61299, -0.18302], [-3.12012, -2.28948, 0.41687], [-0.19121, 1.69888, 0.56782], [-1.12643, 2.67465, -0.13724], [3.12954, -2.13976, -0.22918], [3.67025, -0.8321, 0.82311], [4.16691, -0.86453, -0.87011], [1.81279, -0.50756, -1.5828], [2.36379, 0.79943, -0.53861], [1.2523, -0.3215, 1.41123], [0.72349, -1.61279, 0.33898], [-0.42953, 0.28862, -1.03748], [-2.37515, 0.30119, 0.70915], [-1.3376, -0.76233, 1.66058], [-2.31523, -1.27223, -1.19292], [-1.2542, -2.36501, -0.27982], [-3.83418, -1.65987, 0.56687], [0.83367, 2.04277, 0.42029], [-0.38901, 1.71033, 1.64231], [-2.1688, 2.39871, 0.00266], [-0.91896, 2.69338, -1.20515], [-0.9881, 3.67973, 0.25507]]}"
LWWJDXKGQVEZKT-QMMMGPOBSA-N,CCC[C@@H](CCO)CC,1,0.32308716602346976,"{""sym"": [""C"", ""C"", ""C"", ""C"", ""C"", ""C"", ""O"", ""C"", ""C"", ""H"", ""H"", ""H"", ""H"", ""H"", ""H"", ""H"", ""H"", ""H"", ""H"", ""H"", ""H"", ""H"", ""H"", ""H"", ""H"", ""H"", ""H""], ""x"": [[3.12849, -1.04247, -0.14985], [1.76768, -0.69025, -0.74008], [0.90118, 0.05181, 0.27641], [-0.40027, 0.61743, -0.30415], [-1.27823, -0.45534, -0.96689], [-1.69416, -1.60866, -0.05186], [-2.45513, -2.57939, -0.73615], [-1.19214, 1.38812, 0.76324], [-0.5306, 2.69639, 1.1842], [3.6654, -0.14164, 0.14047], [3.73297, -1.58478, -0.87319], [3.00993, -1.66717, 0.73295], [1.27164, -1.60879, -1.05594], [1.90723, -0.06286, -1.6239], [0.67385, -0.61239, 1.11244], [1.48587, 0.88386, 0.67295], [-0.13068, 1.32953, -1.09475], [-2.18442, 0.02801, -1.34795], [-0.75335, -0.87674, -1.82613], [-0.81922, -2.14722, 0.31464], [-2.25692, -1.22577, 0.81079], [-3.22957, -2.15205, -1.11861], [-2.18244, 1.61832, 0.36207], [-1.32844, 0.7584, 1.6444], [-1.18811, 3.24932, 1.85139], [-0.32468, 3.31754, 0.31503], [0.40412, 2.51677, 1.70848]]}"
LWWJDXKGQVEZKT-QMMMGPOBSA-N,CCC[C@@H](CCO)CC,2,0.42728529744272237,"{""sym"": [""C"", ""C"", ""C"", ""C"", ""C"", ""C"", ""O"", ""C"", ""C"", ""H"", ""H"", ""H"", ""H"", ""H"", ""H"", ""H"", ""H"", ""H"", ""H"", ""H"", ""H"", ""H"", ""H"", ""H"", ""H"", ""H"", ""H""], ""x"": [[3.09826, 0.05636, -0.14948], [1.66707, 0.00425, -0.67135], [0.67126, -0.08122, 0.48309], [-0.80806, -0.14254, 0.08107], [-1.27339, 1.1058, -0.68389], [-1.07377, 2.42212, 0.07055], [-1.67228, 2.43071, 1.34489], [-1.15927, -1.38454, -0.74957], [-0.84033, -2.70454, -0.05749], [3.80731, 0.11688, -0.97225], [3.3245, -0.83419, 0.43341], [3.23905, 0.92529, 0.49003], [1.55785, -0.86381, -1.32352], [1.47416, 0.89736, -1.26816], [0.90174, -0.96575, 1.07978], [0.81166, 0.78078, 1.13739], [-1.37968, -0.19043, 1.01596], [-2.34062, 0.99371, -0.90276], [-0.75146, 1.17423, -1.63921], [-0.01476, 2.61739, 0.24602], [-1.47259, 3.24554, -0.54294], [-2.60575, 2.2124, 1.24546], [-2.23065, -1.35639, -0.96624], [-0.63706, -1.34102, -1.70717], [-1.2872, -2.73451, 0.93398], [0.23184, -2.84908, 0.0427], [-1.23785, -3.5348, -0.63756]]}"
LWWJDXKGQVEZKT-QMMMGPOBSA-N,CCC[C@@H](CCO)CC,3,0.6058530781629088,"{""sym"": [""C"", ""C"", ""C"", ""C"", ""C"", ""C"", ""O"", ""C"", ""C"", ""H"", ""H"", ""H"", ""H"", ""H"", ""H"", ""H"", ""H"", ""H"", ""H"", ""H"", ""H"", ""H"", ""H"", ""H"", ""H"", ""H"", ""H""], ""x"": [[2.76628, -0.65818, -0.04883], [2.09151, 0.58527, 0.5181], [0.63742, 0.34843, 0.92955], [-0.29008, -0.13128, -0.19296], [-1.6989, -0.39572, 0.36158], [-1.80738, -1.75028, 1.0658], [-1.50888, -2.83413, 0.2184], [-0.33787, 0.82816, -1.39079], [-0.82982, 2.23396, -1.06334], [3.82859, -0.47719, -0.198], [2.33461, -0.93668, -1.00654], [2.65326, -1.4969, 0.63423], [2.64107, 0.9113, 1.40517], [2.14801, 1.39511, -0.21101], [0.62825, -0.40329, 1.72164], [0.23892, 1.27236, 1.35454], [0.08901, -1.09009, -0.56252], [-2.41834, -0.38361, -0.46312], [-1.98577, 0.38501, 1.0677], [-1.09059, -1.82004, 1.88583], [-2.81945, -1.86215, 1.48468], [-2.07486, -2.77848, -0.55973], [0.65773, 0.89543, -1.83264], [-0.99414, 0.39456, -2.15086], [-0.90537, 2.82039, -1.97684], [-0.14206, 2.74257, -0.39333], [-1.81117, 2.20548, -0.59669]]}"
LWWJDXKGQVEZKT-QMMMGPOBSA-N,CCC[C@@H](CCO)CC,4,0.9526154329905694,"{""sym"": [""C"", ""C"", ""C"", ""C"", ""C"", ""C"", ""O"", ""C"", ""C"", ""H"", ""H"", ""H"", ""H"", ""H"", ""H"", ""H"", ""H"", ""H"", ""H"", ""H"", ""H"", ""H"", ""H"", ""H"", ""H"", ""H"", ""H""], ""x"": [[3.49532, -0.96406, 0.48123], [2.20132, -0.16785, 0.60875], [1.09409, -0.7659, -0.25861], [-0.29275, -0.14052, -0.0509], [-0.28491, 1.33531, -0.47236], [-1.60982, 2.06485, -0.24027], [-2.0546, 2.00529, 1.09496], [-1.36116, -0.94494, -0.81643], [-2.62079, -1.18439, 0.01075], [4.28057, -0.52018, 1.08923], [3.83093, -0.98014, -0.55364], [3.34681, -1.99098, 0.80815], [2.39713, 0.86469, 0.31493], [1.8796, -0.16478, 1.65313], [1.0258, -1.83123, -0.02492], [1.37314, -0.67724, -1.31159], [-0.52919, -0.1889, 1.01735], [0.4907, 1.86154, 0.0901], [-0.03617, 1.40976, -1.53323], [-2.41065, 1.62241, -0.83446], [-1.49492, 3.11473, -0.55339], [-1.34859, 2.32589, 1.66717], [-1.62096, -0.42218, -1.739], [-0.94804, -1.91373, -1.1066], [-3.01043, -0.25102, 0.40636], [-2.40138, -1.84127, 0.85002], [-3.39104, -1.65517, -0.59674]]}"
POAOYUHQDCAZBD-UHFFFAOYSA-N,CCCCOCCO,0,0.0,"{""sym"": [""C"", ""C"", ""C"", ""C"", ""O"", ""C"", ""C"", ""O"", ""H"", ""H"", ""H"", ""H"", ""H"", ""H"", ""H"", ""H"", ""H"", ""H"", ""H"", ""H"", ""H"", ""H""], ""x"": [[-3.11265, 0.58318, -0.29709], [-1.8478, -0.22435, -0.55775], [-1.14023, -0.60729, 0.73999], [0.17997, -1.33311, 0.4686], [1.09867, -0.58943, -0.29902], [1.71619, 0.48352, 0.38216], [2.81688, 1.01858, -0.53477], [3.78175, 0.03901, -0.80878], [-3.81154, 0.01138, 0.30992], [-2.87724, 1.50486, 0.23126], [-3.60146, 0.84132, -1.23347], [-2.0999, -1.13276, -1.10921], [-1.16045, 0.35572, -1.1764], [-0.94976, 0.2911, 1.33097], [-1.7771, -1.26603, 1.33362], [0.64394, -1.62914, 1.42215], [-0.01098, -2.23251, -0.12325], [1.00087, 1.28618, 0.60609], [2.15396, 0.12554, 1.32623], [3.33746, 1.8484, -0.05238], [2.35534, 1.37537, -1.46661], [3.30407, -0.74954, -1.09639]]}"
POAOYUHQDCAZBD-UHFFFAOYSA-N,CCCCOCCO,1,0.1154700991610298,"{""sym"": [""C"", ""C"", ""C"", ""C"", ""O"", ""C"", ""C"", ""O"", ""H"", ""H"", ""H"", ""H"", ""H"", ""H"", ""H"", ""H"", ""H"", ""H"", ""H"", ""H"", ""H"", ""H""], ""x"": [[-3.53005, 0.25767, 0.21205], [-2.25008, -0.32792, 0.79545], [-1.04802, -0.06273, -0.10645], [0.22194, -0.70809, 0.45227], [1.32199, -0.66378, -0.42677], [1.90614, 0.61222, -0.59152], [3.21479, 0.4045, -1.35506], [4.09765, -0.42112, -0.64466], [-4.37654, 0.05099, 0.86238], [-3.4406, 1.33545, 0.09649], [-3.73359, -0.17525, -0.7647], [-2.06509, 0.1061, 1.78073], [-2.37137, -1.40539, 0.92597], [-1.23593, -0.47141, -1.10168], [-0.90309, 1.01513, -0.20603], [0.48779, -0.24002, 1.41303], [0.0457, -1.77428, 0.62142], [2.11089, 1.0597, 0.39255], [1.24865, 1.28427, -1.15855], [2.98324, -0.03427, -2.33613], [3.72156, 1.36072, -1.49894], [3.59405, -1.2025, -0.38246]]}"
POAOYUHQDCAZBD-UHFFFAOYSA-N,CCCCOCCO,2,0.2187630504340632,"{""sym"": [""C"", ""C"", ""C"", ""C"", ""O"", ""C"", ""C"", ""O"", ""H"", ""H"", ""H"", ""H"", ""H"", ""H"", ""H"", ""H"", ""H"", ""H"", ""H"", ""H"", ""H"", ""H""], ""x"": [[-3.55344, -0.1499, -1.17999], [-2.27204, -0.85906, -0.7597], [-1.16454, 0.1314, -0.41051], [0.11303, -0.58444, 0.01061], [1.0943, 0.3745, 0.33049], [2.32315, -0.19494, 0.7228], [3.29428, 0.95255, 0.99722], [3.52085, 1.72088, -0.15331], [-4.32695, -0.87439, -1.42329], [-3.37677, 0.4711, -2.05514], [-3.91857, 0.4861, -0.37692], [-2.47474, -1.49246, 0.10716], [-1.93257, -1.50737, -1.57103], [-1.48595, 0.78021, 0.40601], [-0.94427, 0.76402, -1.27227], [-0.08063, -1.22565, 0.88561], [0.4732, -1.2315, -0.80584], [2.19439, -0.8084, 1.62716], [2.71619, -0.83521, -0.08183], [4.26286, 0.55611, 1.30839], [2.8844, 1.57719, 1.80335], [2.65381, 1.94926, -0.51173]]}"
POAOYUHQDCAZBD-UHFFFAOYSA-N,CCCCOCCO,3,0.5075614587476593,"{""sym"": [""C"", ""C"", ""C"", ""C"", ""O"", ""C"", ""C"", ""O"", ""H"", ""H"", ""H"", ""H"", ""H"", ""H"", ""H"", ""H"", ""H"", ""H"", ""H"", ""H"", ""H"", ""H""], ""x"": [[-3.10541, 0.47156, -0.49713], [-2.44353, -0.74176, 0.14633], [-0.92879, -0.77186, -0.05471], [-0.21364, 0.36722, 0.6793], [1.18085, 0.18712, 0.78653], [1.90035, 0.36395, -0.41669], [3.38618, 0.34866, -0.05634], [3.77266, -0.88851, 0.47894], [-2.7756, 1.39338, -0.02515], [-4.1866, 0.40811, -0.39689], [-2.86284, 0.5192, -1.5568], [-2.66774, -0.75549, 1.21518], [-2.86789, -1.6477, -0.29236], [-0.53252, -1.71598, 0.32644], [-0.70935, -0.72068, -1.12333], [-0.42229, 1.32941, 0.19037], [-0.56612, 0.41368, 1.71371], [1.68619, -0.44911, -1.1232], [1.63462, 1.32236, -0.88595], [3.58447, 1.15794, 0.66091], [3.99229, 0.50674, -0.95071], [3.14472, -1.09824, 1.18153]]}"
POAOYUHQDCAZBD-UHFFFAOYSA-N,CCCCOCCO,4,0.6561652337077248,"{""sym"": [""C"", ""C"", ""C"", ""C"", ""O"", ""C"", ""C"", ""O"", ""H"", ""H"", ""H"", ""H"", ""H"", ""H"", ""H"", ""H"", ""H"", ""H"", ""H"", ""H"", ""H"", ""H""], ""x"": [[-3.25192, -0.67163, 0.11314], [-2.41712, 0.3603, -0.6361], [-1.0604, 0.63392, 0.0124], [-0.11739, -0.56921, -0.06598], [1.15102, -0.34053, 0.50703], [1.99881, 0.51329, -0.23398], [3.40241, 0.38286, 0.35844], [3.89281, -0.92567, 0.24189], [-2.79025, -1.65435, 0.07277], [-3.36531, -0.38509, 1.15612], [-4.24171, -0.74554, -0.33139], [-2.2619, 0.02455, -1.66425], [-2.9731, 1.29963, -0.67613], [-1.19544, 0.90773, 1.06066], [-0.5959, 1.48068, -0.49766], [-0.52731, -1.40547, 0.50457], [-0.0031, -0.87932, -1.11677], [2.00881, 0.20575, -1.29023], [1.67019, 1.55932, -0.17169], [3.36975, 0.69122, 1.41285], [4.09672, 1.02916, -0.18199], [3.21033, -1.5116, 0.59337]]}"
ZPVFWPFBNIEHGJ-UHFFFAOYSA-N,CC(=O)CCCCCC,0,0.0,"{""sym"": [""C"", ""C"", ""O"", ""C"", ""C"", ""C"", ""C"", ""C"", ""C"", ""H"", ""H"", ""H"", ""H"", ""H"", ""H"", ""H"", ""H"", ""H"", ""H"", ""H"", ""H"", ""H"", ""H"", ""H"", ""H""], ""x"": [[4.57856, -0.14388, -0.12581], [3.2476, 0.16659, 0.51865], [3.15748, 0.63627, 1.62329], [2.04399, -0.16213, -0.33991], [0.72712, 0.16987, 0.35642], [-0.48262, -0.16274, -0.51174], [-1.79771, 0.17101, 0.18884], [-3.0107, -0.16082, -0.6777], [-4.32096, 0.17365, 0.02493], [5.38789, 0.11887, 0.55014], [4.63638, -1.20336, -0.36535], [4.68263, 0.41842, -1.05113], [2.08273, -1.22484, -0.59319], [2.12888, 0.39349, -1.27751], [0.72005, 1.23171, 0.60945], [0.6739, -0.38684, 1.29386], [-0.46904, -1.22677, -0.76214], [-0.42274, 0.39708, -1.44879], [-1.86007, -0.3878, 1.12538], [-1.81382, 1.23409, 0.43956], [-2.99483, -1.22437, -0.92781], [-2.94854, 0.39875, -1.61416], [-5.16994, -0.07053, -0.60979], [-4.36498, 1.23386, 0.26478], [-4.41128, -0.38959, 0.95127]]}"
ZPVFWPFBNIEHGJ-UHFFFAOYSA-N,CC(=O)CCCCCC,1,0.24976705076551298,"{""sym"": [""C"", ""C"", ""O"", ""C"", ""C"", ""C"", ""C"", ""C"", ""C"", ""H"", ""H"", ""H"", ""H"", ""H"", ""H"", ""H"", ""H"", ""H"", ""H"", ""H"", ""H"", ""H"", ""H"", ""H"", ""H""], ""x"": [[4.03647, 0.48239, -0.4529], [3.33752, -0.30884, 0.62338], [3.78427, -1.3315, 1.07658], [2.01328, 0.2679, 1.07638], [0.88738, -0.28274, 0.19049], [-0.486, 0.19832, 0.65217], [-1.59812, -0.31279, -0.26066], [-2.98012, 0.14939, 0.19552], [-4.07238, -0.3333, -0.75102], [4.41368, 1.40813, -0.02095], [3.33849, 0.7404, -1.24532], [4.86943, -0.08467, -0.85956], [1.83001, -0.03493, 2.10862], [2.03042, 1.3566, 1.01512], [0.9184, -1.3738, 0.21483], [1.04817, 0.03195, -0.84327], [-0.50249, 1.29088, 0.66278], [-0.66728, -0.146, 1.67259], [-1.57339, -1.40469, -0.28448], [-1.42004, 0.04217, -1.27872], [-3.17474, -0.23071, 1.20084], [-2.99845, 1.24068, 0.24623], [-4.07404, -1.41981, -0.80675], [-5.05146, -0.00553, -0.40985], [-3.90899, 0.0605, -1.75204]]}"
ZPVFWPFBNIEHGJ-UHFFFAOYSA-N,CC(=O)CCCCCC,2,0.43836338551773224,"{""sym"": [""C"", ""C"", ""O"", ""C"", ""C"", ""C"", ""C"", ""C"", ""C"", ""H"", ""H"", ""H"", ""H"", ""H"", ""H"", ""H"", ""H"", ""H"", ""H"", ""H"", ""H"", ""H"", ""H"", ""H"", ""H""], ""x"": [[3.9561, -1.09799, -0.53203], [3.08924, -0.20877, 0.32878], [3.49166, 0.30405, 1.34077], [1.67997, -0.02174, -0.19149], [0.86094, 0.92593, 0.68087], [-0.51391, 1.24513, 0.09681], [-1.45198, 0.04021, 0.05911], [-2.85507, 0.43139, -0.39909], [-3.79218, -0.76883, -0.4494], [3.50691, -2.08465, -0.6176], [4.0401, -0.67712, -1.53131], [4.94668, -1.18925, -0.09535], [1.7389, 0.36198, -1.21315], [1.20948, -1.00586, -0.2409], [0.74544, 0.48666, 1.67343], [1.4246, 1.85347, 0.80126], [-0.39771, 1.64476, -0.91405], [-0.97488, 2.02614, 0.70618], [-1.05833, -0.71808, -0.62096], [-1.50951, -0.40277, 1.05626], [-2.79522, 0.88747, -1.3901], [-3.26136, 1.18023, 0.28456], [-3.88072, -1.22496, 0.53425], [-3.41515, -1.5197, -1.14066], [-4.784, -0.46769, -0.77832]]}"
ZPVFWPFBNIEHGJ-UHFFFAOYSA-N,CC(=O)CCCCCC,3,0.5636749473560485,"{""sym"": [""C"", ""C"", ""O"", ""C"", ""C"", ""C"", ""C"", ""C"", ""C"", ""H"", ""H"", ""H"", ""H"", ""H"", ""H"", ""H"", ""H"", ""H"", ""H"", ""H"", ""H"", ""H"", ""H"", ""H"", ""H""], ""x"": [[3.48868, 1.20797, -0.14178], [2.07095, 0.93983, 0.30267], [1.22534, 1.79697, 0.32269], [1.81266, -0.49225, 0.72457], [0.32346, -0.82258, 0.79935], [-0.30139, -0.90904, -0.59112], [-1.78863, -1.26329, -0.56437], [-2.66957, -0.27172, 0.19837], [-2.55682, 1.15764, -0.31821], [3.68588, 2.27662, -0.15076], [3.61022, 0.82511, -1.15392], [4.20188, 0.70013, 0.50201], [2.26984, -0.61291, 1.71146], [2.32961, -1.16831, 0.04048], [0.18233, -1.77037, 1.32362], [-0.16762, -0.03627, 1.37236], [0.22335, -1.67514, -1.17018], [-0.16317, 0.04252, -1.1048], [-1.91019, -2.2528, -0.11511], [-2.14273, -1.32552, -1.59653], [-3.7076, -0.60292, 0.10758], [-2.41526, -0.29581, 1.2593], [-2.76194, 1.19397, -1.38617], [-1.56361, 1.56124, -0.14212], [-3.27566, 1.79694, 0.18966]]}"
ZPVFWPFBNIEHGJ-UHFFFAOYSA-N,CC(=O)CCCCCC,4,0.6862693476687127,"{""sym"": [""C"", ""C"", ""O"", ""C"", ""C"", ""C"", ""C"", ""C"", ""C"", ""H"", ""H"", ""H"", ""H"", ""H"", ""H"", ""H"", ""H"", ""H"", ""H"", ""H"", ""H"", ""H"", ""H"", ""H"", ""H""], ""x"": [[-4.10871, 0.13129, -0.18318], [-2.91598, 1.03745, -0.3532], [-2.98785, 2.11907, -0.87859], [-1.61251, 0.4743, 0.16985], [-0.90437, -0.29281, -0.95581], [0.40011, -0.94607, -0.49916], [1.49852, 0.05876, -0.16039], [2.81496, -0.63546, 0.18259], [3.91031, 0.36683, 0.52559], [-3.86127, -0.8827, -0.48706], [-4.9515, 0.49997, -0.76155], [-4.38444, 0.11095, 0.87008], [-0.98096, 1.30168, 0.49288], [-1.79686, -0.19599, 1.01008], [-1.57269, -1.07149, -1.33187], [-0.70037, 0.395, -1.77859], [0.75766, -1.59495, -1.30264], [0.20502, -1.57746, 0.37123], [1.1933, 0.67239, 0.68891], [1.65386, 0.72319, -1.01352], [3.13352, -1.24508, -0.66639], [2.6586, -1.30633, 1.03084], [3.62176, 0.96825, 1.38514], [4.83994, -0.14592, 0.7619], [4.08995, 1.03515, -0.31375]]}"
