target,solute,solvent,T,occurrence
XLYOFNOQVPJJNP-UHFFFAOYSA-N,AMQJEAYHLZJPGS-UHFFFAOYSA-N,XLYOFNOQVPJJNP-UHFFFAOYSA-N,273.35,0
XLYOFNOQVPJJNP-UHFFFAOYSA-N,AMQJEAYHLZJPGS-UHFFFAOYSA-N,XLYOFNOQVPJJNP-UHFFFAOYSA-N,283.15,1
XLYOFNOQVPJJNP-UHFFFAOYSA-N,AMQJEAYHLZJPGS-UHFFFAOYSA-N,XLYOFNOQVPJJNP-UHFFFAOYSA-N,293.15,2
XLYOFNOQVPJJNP-UHFFFAOYSA-N,AMQJEAYHLZJPGS-UHFFFAOYSA-N,XLYOFNOQVPJJNP-UHFFFAOYSA-N,303.15,3
XLYOFNOQVPJJNP-UHFFFAOYSA-N,AMQJEAYHLZJPGS-UHFFFAOYSA-N,XLYOFNOQVPJJNP-UHFFFAOYSA-N,313.15,4
XLYOFNOQVPJJNP-UHFFFAOYSA-N,AMQJEAYHLZJPGS-UHFFFAOYSA-N,XLYOFNOQVPJJNP-UHFFFAOYSA-N,323.15,5
XLYOFNOQVPJJNP-UHFFFAOYSA-N,AMQJEAYHLZJPGS-UHFFFAOYSA-N,XLYOFNOQVPJJNP-UHFFFAOYSA-N,333.15,6
XLYOFNOQVPJJNP-UHFFFAOYSA-N,AMQJEAYHLZJPGS-UHFFFAOYSA-N,XLYOFNOQVPJJNP-UHFFFAOYSA-N,343.15,7
XLYOFNOQVPJJNP-UHFFFAOYSA-N,AMQJEAYHLZJPGS-UHFFFAOYSA-N,XLYOFNOQVPJJNP-UHFFFAOYSA-N,353.15,8
XLYOFNOQVPJJNP-UHFFFAOYSA-N,AMQJEAYHLZJPGS-UHFFFAOYSA-N,XLYOFNOQVPJJNP-UHFFFAOYSA-N,363.15,9
XLYOFNOQVPJJNP-UHFFFAOYSA-N,AMQJEAYHLZJPGS-UHFFFAOYSA-N,XLYOFNOQVPJJNP-UHFFFAOYSA-N,371.15,10
XLYOFNOQVPJJNP-UHFFFAOYSA-N,AQIXEPGDORPWBJ-UHFFFAOYSA-N,XLYOFNOQVPJJNP-UHFFFAOYSA-N,273.35,11
XLYOFNOQVPJJNP-UHFFFAOYSA-N,AQIXEPGDORPWBJ-UHFFFAOYSA-N,XLYOFNOQVPJJNP-UHFFFAOYSA-N,283.15,12
XLYOFNOQVPJJNP-UHFFFAOYSA-N,AQIXEPGDORPWBJ-UHFFFAOYSA-N,XLYOFNOQVPJJNP-UHFFFAOYSA-N,293.15,13
XLYOFNOQVPJJNP-UHFFFAOYSA-N,AQIXEPGDORPWBJ-UHFFFAOYSA-N,XLYOFNOQVPJJNP-UHFFFAOYSA-N,303.15,14
XLYOFNOQVPJJNP-UHFFFAOYSA-N,AQIXEPGDORPWBJ-UHFFFAOYSA-N,XLYOFNOQVPJJNP-UHFFFAOYSA-N,313.15,15
XLYOFNOQVPJJNP-UHFFFAOYSA-N,AQIXEPGDORPWBJ-UHFFFAOYSA-N,XLYOFNOQVPJJNP-UHFFFAOYSA-N,323.15,16
XLYOFNOQVPJJNP-UHFFFAOYSA-N,AQIXEPGDORPWBJ-UHFFFAOYSA-N,XLYOFNOQVPJJNP-UHFFFAOYSA-N,333.15,17
XLYOFNOQVPJJNP-UHFFFAOYSA-N,AQIXEPGDORPWBJ-UHFFFAOYSA-N,XLYOFNOQVPJJNP-UHFFFAOYSA-N,343.15,18
XLYOFNOQVPJJNP-UHFFFAOYSA-N,AQIXEPGDORPWBJ-UHFFFAOYSA-N,XLYOFNOQVPJJNP-UHFFFAOYSA-N,353.15,19
XLYOFNOQVPJJNP-UHFFFAOYSA-N,AQIXEPGDORPWBJ-UHFFFAOYSA-N,XLYOFNOQVPJJNP-UHFFFAOYSA-N,363.15,20
XLYOFNOQVPJJNP-UHFFFAOYSA-N,AQIXEPGDORPWBJ-UHFFFAOYSA-N,XLYOFNOQVPJJNP-UHFFFAOYSA-N,371.15,21
XLYOFNOQVPJJNP-UHFFFAOYSA-N,ATHHXGZTWNVVOU-UHFFFAOYSA-N,XLYOFNOQVPJJNP-UHFFFAOYSA-N,333.15,22
XLYOFNOQVPJJNP-UHFFFAOYSA-N,ATHHXGZTWNVVOU-UHFFFAOYSA-N,XLYOFNOQVPJJNP-UHFFFAOYSA-N,343.15,23
XLYOFNOQVPJJNP-UHFFFAOYSA-N,ATHHXGZTWNVVOU-UHFFFAOYSA-N,XLYOFNOQVPJJNP-UHFFFAOYSA-N,353.15,24
XLYOFNOQVPJJNP-UHFFFAOYSA-N,ATHHXGZTWNVVOU-UHFFFAOYSA-N,XLYOFNOQVPJJNP-UHFFFAOYSA-N,372.65,25
XLYOFNOQVPJJNP-UHFFFAOYSA-N,BDERNNFJNOPAEC-UHFFFAOYSA-N,XLYOFNOQVPJJNP-UHFFFAOYSA-N,273.35,26
XLYOFNOQVPJJNP-UHFFFAOYSA-N,BDERNNFJNOPAEC-UHFFFAOYSA-N,XLYOFNOQVPJJNP-UHFFFAOYSA-N,283.15,27
XLYOFNOQVPJJNP-UHFFFAOYSA-N,BDERNNFJNOPAEC-UHFFFAOYSA-N,XLYOFNOQVPJJNP-UHFFFAOYSA-N,293.15,28
XLYOFNOQVPJJNP-UHFFFAOYSA-N,BDERNNFJNOPAEC-UHFFFAOYSA-N,XLYOFNOQVPJJNP-UHFFFAOYSA-N,298.01,29
XLYOFNOQVPJJNP-UHFFFAOYSA-N,BDERNNFJNOPAEC-UHFFFAOYSA-N,XLYOFNOQVPJJNP-UHFFFAOYSA-N,298.03,30
XLYOFNOQVPJJNP-UHFFFAOYSA-N,BDERNNFJNOPAEC-UHFFFAOYSA-N,XLYOFNOQVPJJNP-UHFFFAOYSA-N,298.1,31
XLYOFNOQVPJJNP-UHFFFAOYSA-N,BDERNNFJNOPAEC-UHFFFAOYSA-N,XLYOFNOQVPJJNP-UHFFFAOYSA-N,298.04,32
XLYOFNOQVPJJNP-UHFFFAOYSA-N,BDERNNFJNOPAEC-UHFFFAOYSA-N,XLYOFNOQVPJJNP-UHFFFAOYSA-N,298.1,33
XLYOFNOQVPJJNP-UHFFFAOYSA-N,BDERNNFJNOPAEC-UHFFFAOYSA-N,XLYOFNOQVPJJNP-UHFFFAOYSA-N,303.15,34
XLYOFNOQVPJJNP-UHFFFAOYSA-N,BDERNNFJNOPAEC-UHFFFAOYSA-N,XLYOFNOQVPJJNP-UHFFFAOYSA-N,308.15,35
XLYOFNOQVPJJNP-UHFFFAOYSA-N,BDERNNFJNOPAEC-UHFFFAOYSA-N,XLYOFNOQVPJJNP-UHFFFAOYSA-N,313.15,36
XLYOFNOQVPJJNP-UHFFFAOYSA-N,BDERNNFJNOPAEC-UHFFFAOYSA-N,XLYOFNOQVPJJNP-UHFFFAOYSA-N,318.15,37
XLYOFNOQVPJJNP-UHFFFAOYSA-N,BDERNNFJNOPAEC-UHFFFAOYSA-N,XLYOFNOQVPJJNP-UHFFFAOYSA-N,323.15,38
XLYOFNOQVPJJNP-UHFFFAOYSA-N,BDERNNFJNOPAEC-UHFFFAOYSA-N,XLYOFNOQVPJJNP-UHFFFAOYSA-N,328.15,39
XLYOFNOQVPJJNP-UHFFFAOYSA-N,BDERNNFJNOPAEC-UHFFFAOYSA-N,XLYOFNOQVPJJNP-UHFFFAOYSA-N,333.15,40
XLYOFNOQVPJJNP-UHFFFAOYSA-N,BDERNNFJNOPAEC-UHFFFAOYSA-N,XLYOFNOQVPJJNP-UHFFFAOYSA-N,358.15,41
XLYOFNOQVPJJNP-UHFFFAOYSA-N,BDERNNFJNOPAEC-UHFFFAOYSA-N,XLYOFNOQVPJJNP-UHFFFAOYSA-N,363.15,42
XLYOFNOQVPJJNP-UHFFFAOYSA-N,BDERNNFJNOPAEC-UHFFFAOYSA-N,XLYOFNOQVPJJNP-UHFFFAOYSA-N,368.15,43
XLYOFNOQVPJJNP-UHFFFAOYSA-N,BDERNNFJNOPAEC-UHFFFAOYSA-N,XLYOFNOQVPJJNP-UHFFFAOYSA-N,372.15,44
XLYOFNOQVPJJNP-UHFFFAOYSA-N,CSCPPACGZOOCGX-UHFFFAOYSA-N,XLYOFNOQVPJJNP-UHFFFAOYSA-N,298.01,45
XLYOFNOQVPJJNP-UHFFFAOYSA-N,CSCPPACGZOOCGX-UHFFFAOYSA-N,XLYOFNOQVPJJNP-UHFFFAOYSA-N,298.03,46
XLYOFNOQVPJJNP-UHFFFAOYSA-N,CSCPPACGZOOCGX-UHFFFAOYSA-N,XLYOFNOQVPJJNP-UHFFFAOYSA-N,298.04,47
XLYOFNOQVPJJNP-UHFFFAOYSA-N,CSCPPACGZOOCGX-UHFFFAOYSA-N,XLYOFNOQVPJJNP-UHFFFAOYSA-N,298.03,48
XLYOFNOQVPJJNP-UHFFFAOYSA-N,CSCPPACGZOOCGX-UHFFFAOYSA-N,XLYOFNOQVPJJNP-UHFFFAOYSA-N,298.17,49
XLYOFNOQVPJJNP-UHFFFAOYSA-N,CSCPPACGZOOCGX-UHFFFAOYSA-N,XLYOFNOQVPJJNP-UHFFFAOYSA-N,298.01,50
XLYOFNOQVPJJNP-UHFFFAOYSA-N,CSCPPACGZOOCGX-UHFFFAOYSA-N,XLYOFNOQVPJJNP-UHFFFAOYSA-N,298.04,51
XLYOFNOQVPJJNP-UHFFFAOYSA-N,DHXVGJBLRPWPCS-UHFFFAOYSA-N,XLYOFNOQVPJJNP-UHFFFAOYSA-N,273.35,52
XLYOFNOQVPJJNP-UHFFFAOYSA-N,DHXVGJBLRPWPCS-UHFFFAOYSA-N,XLYOFNOQVPJJNP-UHFFFAOYSA-N,283.15,53
XLYOFNOQVPJJNP-UHFFFAOYSA-N,DHXVGJBLRPWPCS-UHFFFAOYSA-N,XLYOFNOQVPJJNP-UHFFFAOYSA-N,288.15,54
XLYOFNOQVPJJNP-UHFFFAOYSA-N,DHXVGJBLRPWPCS-UHFFFAOYSA-N,XLYOFNOQVPJJNP-UHFFFAOYSA-N,298.15,55
XLYOFNOQVPJJNP-UHFFFAOYSA-N,DHXVGJBLRPWPCS-UHFFFAOYSA-N,XLYOFNOQVPJJNP-UHFFFAOYSA-N,308.15,56
XLYOFNOQVPJJNP-UHFFFAOYSA-N,DHXVGJBLRPWPCS-UHFFFAOYSA-N,XLYOFNOQVPJJNP-UHFFFAOYSA-N,318.15,57
XLYOFNOQVPJJNP-UHFFFAOYSA-N,DHXVGJBLRPWPCS-UHFFFAOYSA-N,XLYOFNOQVPJJNP-UHFFFAOYSA-N,328.15,58
XLYOFNOQVPJJNP-UHFFFAOYSA-N,DKGAVHZHDRPRBM-UHFFFAOYSA-N,XLYOFNOQVPJJNP-UHFFFAOYSA-N,299.15,59
XLYOFNOQVPJJNP-UHFFFAOYSA-N,DKGAVHZHDRPRBM-UHFFFAOYSA-N,XLYOFNOQVPJJNP-UHFFFAOYSA-N,303.15,60
XLYOFNOQVPJJNP-UHFFFAOYSA-N,DKGAVHZHDRPRBM-UHFFFAOYSA-N,XLYOFNOQVPJJNP-UHFFFAOYSA-N,313.15,61
XLYOFNOQVPJJNP-UHFFFAOYSA-N,DKGAVHZHDRPRBM-UHFFFAOYSA-N,XLYOFNOQVPJJNP-UHFFFAOYSA-N,323.15,62
XLYOFNOQVPJJNP-UHFFFAOYSA-N,DKGAVHZHDRPRBM-UHFFFAOYSA-N,XLYOFNOQVPJJNP-UHFFFAOYSA-N,333.15,63
XLYOFNOQVPJJNP-UHFFFAOYSA-N,DKGAVHZHDRPRBM-UHFFFAOYSA-N,XLYOFNOQVPJJNP-UHFFFAOYSA-N,343.15,64
XLYOFNOQVPJJNP-UHFFFAOYSA-N,DKGAVHZHDRPRBM-UHFFFAOYSA-N,XLYOFNOQVPJJNP-UHFFFAOYSA-N,353.15,65
XLYOFNOQVPJJNP-UHFFFAOYSA-N,DKGAVHZHDRPRBM-UHFFFAOYSA-N,XLYOFNOQVPJJNP-UHFFFAOYSA-N,363.15,66
XLYOFNOQVPJJNP-UHFFFAOYSA-N,DKGAVHZHDRPRBM-UHFFFAOYSA-N,XLYOFNOQVPJJNP-UHFFFAOYSA-N,371.15,67
XLYOFNOQVPJJNP-UHFFFAOYSA-N,DKPFZGUDAPQIHT-UHFFFAOYSA-N,XLYOFNOQVPJJNP-UHFFFAOYSA-N,273.35,68
XLYOFNOQVPJJNP-UHFFFAOYSA-N,DKPFZGUDAPQIHT-UHFFFAOYSA-N,XLYOFNOQVPJJNP-UHFFFAOYSA-N,283.15,69
XLYOFNOQVPJJNP-UHFFFAOYSA-N,DKPFZGUDAPQIHT-UHFFFAOYSA-N,XLYOFNOQVPJJNP-UHFFFAOYSA-N,293.15,70
XLYOFNOQVPJJNP-UHFFFAOYSA-N,DKPFZGUDAPQIHT-UHFFFAOYSA-N,XLYOFNOQVPJJNP-UHFFFAOYSA-N,298.15,71
XLYOFNOQVPJJNP-UHFFFAOYSA-N,DKPFZGUDAPQIHT-UHFFFAOYSA-N,XLYOFNOQVPJJNP-UHFFFAOYSA-N,303.15,72
XLYOFNOQVPJJNP-UHFFFAOYSA-N,DKPFZGUDAPQIHT-UHFFFAOYSA-N,XLYOFNOQVPJJNP-UHFFFAOYSA-N,313.15,73
XLYOFNOQVPJJNP-UHFFFAOYSA-N,DKPFZGUDAPQIHT-UHFFFAOYSA-N,XLYOFNOQVPJJNP-UHFFFAOYSA-N,323.15,74
XLYOFNOQVPJJNP-UHFFFAOYSA-N,DKPFZGUDAPQIHT-UHFFFAOYSA-N,XLYOFNOQVPJJNP-UHFFFAOYSA-N,333.15,75
XLYOFNOQVPJJNP-UHFFFAOYSA-N,FKRCODPIKNYEAC-UHFFFAOYSA-N,XLYOFNOQVPJJNP-UHFFFAOYSA-N,293.15,76
XLYOFNOQVPJJNP-UHFFFAOYSA-N,FKRCODPIKNYEAC-UHFFFAOYSA-N,XLYOFNOQVPJJNP-UHFFFAOYSA-N,303.15,77
XLYOFNOQVPJJNP-UHFFFAOYSA-N,FKRCODPIKNYEAC-UHFFFAOYSA-N,XLYOFNOQVPJJNP-UHFFFAOYSA-N,313.15,78
XLYOFNOQVPJJNP-UHFFFAOYSA-N,FKRCODPIKNYEAC-UHFFFAOYSA-N,XLYOFNOQVPJJNP-UHFFFAOYSA-N,323.15,79
XLYOFNOQVPJJNP-UHFFFAOYSA-N,FKRCODPIKNYEAC-UHFFFAOYSA-N,XLYOFNOQVPJJNP-UHFFFAOYSA-N,333.15,80
XLYOFNOQVPJJNP-UHFFFAOYSA-N,FKRCODPIKNYEAC-UHFFFAOYSA-N,XLYOFNOQVPJJNP-UHFFFAOYSA-N,341.15,81
XLYOFNOQVPJJNP-UHFFFAOYSA-N,FKRCODPIKNYEAC-UHFFFAOYSA-N,XLYOFNOQVPJJNP-UHFFFAOYSA-N,341.15,82
XLYOFNOQVPJJNP-UHFFFAOYSA-N,FKRCODPIKNYEAC-UHFFFAOYSA-N,XLYOFNOQVPJJNP-UHFFFAOYSA-N,351.15,83
XLYOFNOQVPJJNP-UHFFFAOYSA-N,FKRCODPIKNYEAC-UHFFFAOYSA-N,XLYOFNOQVPJJNP-UHFFFAOYSA-N,351.15,84
XLYOFNOQVPJJNP-UHFFFAOYSA-N,FKRCODPIKNYEAC-UHFFFAOYSA-N,XLYOFNOQVPJJNP-UHFFFAOYSA-N,361.25,85
XLYOFNOQVPJJNP-UHFFFAOYSA-N,FXHOOIRPVKKKFG-UHFFFAOYSA-N,XLYOFNOQVPJJNP-UHFFFAOYSA-N,343.15,86
XLYOFNOQVPJJNP-UHFFFAOYSA-N,FXHOOIRPVKKKFG-UHFFFAOYSA-N,XLYOFNOQVPJJNP-UHFFFAOYSA-N,343.51,87
XLYOFNOQVPJJNP-UHFFFAOYSA-N,FXHOOIRPVKKKFG-UHFFFAOYSA-N,XLYOFNOQVPJJNP-UHFFFAOYSA-N,349.03,88
XLYOFNOQVPJJNP-UHFFFAOYSA-N,FXHOOIRPVKKKFG-UHFFFAOYSA-N,XLYOFNOQVPJJNP-UHFFFAOYSA-N,351.15,89
XLYOFNOQVPJJNP-UHFFFAOYSA-N,FXHOOIRPVKKKFG-UHFFFAOYSA-N,XLYOFNOQVPJJNP-UHFFFAOYSA-N,353.5,90
XLYOFNOQVPJJNP-UHFFFAOYSA-N,FXHOOIRPVKKKFG-UHFFFAOYSA-N,XLYOFNOQVPJJNP-UHFFFAOYSA-N,353.5,91
XLYOFNOQVPJJNP-UHFFFAOYSA-N,FXHOOIRPVKKKFG-UHFFFAOYSA-N,XLYOFNOQVPJJNP-UHFFFAOYSA-N,363.87,92
XLYOFNOQVPJJNP-UHFFFAOYSA-N,FXHOOIRPVKKKFG-UHFFFAOYSA-N,XLYOFNOQVPJJNP-UHFFFAOYSA-N,363.87,93
XLYOFNOQVPJJNP-UHFFFAOYSA-N,FXHOOIRPVKKKFG-UHFFFAOYSA-N,XLYOFNOQVPJJNP-UHFFFAOYSA-N,370.86,94
XLYOFNOQVPJJNP-UHFFFAOYSA-N,FXHOOIRPVKKKFG-UHFFFAOYSA-N,XLYOFNOQVPJJNP-UHFFFAOYSA-N,372.28,95
XLYOFNOQVPJJNP-UHFFFAOYSA-N,HGBOYTHUEUWSSQ-UHFFFAOYSA-N,XLYOFNOQVPJJNP-UHFFFAOYSA-N,298.15,96
XLYOFNOQVPJJNP-UHFFFAOYSA-N,HGBOYTHUEUWSSQ-UHFFFAOYSA-N,XLYOFNOQVPJJNP-UHFFFAOYSA-N,303.15,97
XLYOFNOQVPJJNP-UHFFFAOYSA-N,HGBOYTHUEUWSSQ-UHFFFAOYSA-N,XLYOFNOQVPJJNP-UHFFFAOYSA-N,308.15,98
XLYOFNOQVPJJNP-UHFFFAOYSA-N,HGBOYTHUEUWSSQ-UHFFFAOYSA-N,XLYOFNOQVPJJNP-UHFFFAOYSA-N,313.15,99
XLYOFNOQVPJJNP-UHFFFAOYSA-N,HGBOYTHUEUWSSQ-UHFFFAOYSA-N,XLYOFNOQVPJJNP-UHFFFAOYSA-N,318.15,100
XLYOFNOQVPJJNP-UHFFFAOYSA-N,HGBOYTHUEUWSSQ-UHFFFAOYSA-N,XLYOFNOQVPJJNP-UHFFFAOYSA-N,323.15,101
XLYOFNOQVPJJNP-UHFFFAOYSA-N,HGBOYTHUEUWSSQ-UHFFFAOYSA-N,XLYOFNOQVPJJNP-UHFFFAOYSA-N,328.15,102
XLYOFNOQVPJJNP-UHFFFAOYSA-N,HGINCPLSRVDWNT-UHFFFAOYSA-N,XLYOFNOQVPJJNP-UHFFFAOYSA-N,298.15,103
XLYOFNOQVPJJNP-UHFFFAOYSA-N,HGINCPLSRVDWNT-UHFFFAOYSA-N,XLYOFNOQVPJJNP-UHFFFAOYSA-N,301.15,104
XLYOFNOQVPJJNP-UHFFFAOYSA-N,HGINCPLSRVDWNT-UHFFFAOYSA-N,XLYOFNOQVPJJNP-UHFFFAOYSA-N,303.15,105
XLYOFNOQVPJJNP-UHFFFAOYSA-N,HGINCPLSRVDWNT-UHFFFAOYSA-N,XLYOFNOQVPJJNP-UHFFFAOYSA-N,305.15,106
XLYOFNOQVPJJNP-UHFFFAOYSA-N,HGINCPLSRVDWNT-UHFFFAOYSA-N,XLYOFNOQVPJJNP-UHFFFAOYSA-N,308.15,107
XLYOFNOQVPJJNP-UHFFFAOYSA-N,HGINCPLSRVDWNT-UHFFFAOYSA-N,XLYOFNOQVPJJNP-UHFFFAOYSA-N,310.15,108
XLYOFNOQVPJJNP-UHFFFAOYSA-N,HGINCPLSRVDWNT-UHFFFAOYSA-N,XLYOFNOQVPJJNP-UHFFFAOYSA-N,313.15,109
XLYOFNOQVPJJNP-UHFFFAOYSA-N,HGINCPLSRVDWNT-UHFFFAOYSA-N,XLYOFNOQVPJJNP-UHFFFAOYSA-N,315.15,110
XLYOFNOQVPJJNP-UHFFFAOYSA-N,HGINCPLSRVDWNT-UHFFFAOYSA-N,XLYOFNOQVPJJNP-UHFFFAOYSA-N,318.15,111
XLYOFNOQVPJJNP-UHFFFAOYSA-N,HGINCPLSRVDWNT-UHFFFAOYSA-N,XLYOFNOQVPJJNP-UHFFFAOYSA-N,320.15,112
XLYOFNOQVPJJNP-UHFFFAOYSA-N,HGINCPLSRVDWNT-UHFFFAOYSA-N,XLYOFNOQVPJJNP-UHFFFAOYSA-N,323.15,113
XLYOFNOQVPJJNP-UHFFFAOYSA-N,HGINCPLSRVDWNT-UHFFFAOYSA-N,XLYOFNOQVPJJNP-UHFFFAOYSA-N,325.15,114
XLYOFNOQVPJJNP-UHFFFAOYSA-N,HGINCPLSRVDWNT-UHFFFAOYSA-N,XLYOFNOQVPJJNP-UHFFFAOYSA-N,328.15,115
XLYOFNOQVPJJNP-UHFFFAOYSA-N,HGINCPLSRVDWNT-UHFFFAOYSA-N,XLYOFNOQVPJJNP-UHFFFAOYSA-N,330.15,116
XLYOFNOQVPJJNP-UHFFFAOYSA-N,HGINCPLSRVDWNT-UHFFFAOYSA-N,XLYOFNOQVPJJNP-UHFFFAOYSA-N,333.15,117
XLYOFNOQVPJJNP-UHFFFAOYSA-N,IEJIGPNLZYLLBP-UHFFFAOYSA-N,XLYOFNOQVPJJNP-UHFFFAOYSA-N,273.35,118
XLYOFNOQVPJJNP-UHFFFAOYSA-N,IEJIGPNLZYLLBP-UHFFFAOYSA-N,XLYOFNOQVPJJNP-UHFFFAOYSA-N,283.15,119
XLYOFNOQVPJJNP-UHFFFAOYSA-N,IEJIGPNLZYLLBP-UHFFFAOYSA-N,XLYOFNOQVPJJNP-UHFFFAOYSA-N,293.15,120
XLYOFNOQVPJJNP-UHFFFAOYSA-N,IEJIGPNLZYLLBP-UHFFFAOYSA-N,XLYOFNOQVPJJNP-UHFFFAOYSA-N,298.15,121
XLYOFNOQVPJJNP-UHFFFAOYSA-N,IEJIGPNLZYLLBP-UHFFFAOYSA-N,XLYOFNOQVPJJNP-UHFFFAOYSA-N,303.15,122
XLYOFNOQVPJJNP-UHFFFAOYSA-N,IEJIGPNLZYLLBP-UHFFFAOYSA-N,XLYOFNOQVPJJNP-UHFFFAOYSA-N,313.15,123
XLYOFNOQVPJJNP-UHFFFAOYSA-N,IEJIGPNLZYLLBP-UHFFFAOYSA-N,XLYOFNOQVPJJNP-UHFFFAOYSA-N,323.15,124
XLYOFNOQVPJJNP-UHFFFAOYSA-N,IEJIGPNLZYLLBP-UHFFFAOYSA-N,XLYOFNOQVPJJNP-UHFFFAOYSA-N,333.15,125
XLYOFNOQVPJJNP-UHFFFAOYSA-N,IKHGUXGNUITLKF-UHFFFAOYSA-N,XLYOFNOQVPJJNP-UHFFFAOYSA-N,298.13,126
XLYOFNOQVPJJNP-UHFFFAOYSA-N,IKHGUXGNUITLKF-UHFFFAOYSA-N,XLYOFNOQVPJJNP-UHFFFAOYSA-N,298.13,127
XLYOFNOQVPJJNP-UHFFFAOYSA-N,IKHGUXGNUITLKF-UHFFFAOYSA-N,XLYOFNOQVPJJNP-UHFFFAOYSA-N,298.15,128
XLYOFNOQVPJJNP-UHFFFAOYSA-N,IKHGUXGNUITLKF-UHFFFAOYSA-N,XLYOFNOQVPJJNP-UHFFFAOYSA-N,298.13,129
XLYOFNOQVPJJNP-UHFFFAOYSA-N,IKHGUXGNUITLKF-UHFFFAOYSA-N,XLYOFNOQVPJJNP-UHFFFAOYSA-N,298.13,130
XLYOFNOQVPJJNP-UHFFFAOYSA-N,JUJWROOIHBZHMG-UHFFFAOYSA-N,XLYOFNOQVPJJNP-UHFFFAOYSA-N,333.15,131
XLYOFNOQVPJJNP-UHFFFAOYSA-N,JUJWROOIHBZHMG-UHFFFAOYSA-N,XLYOFNOQVPJJNP-UHFFFAOYSA-N,343.15,132
XLYOFNOQVPJJNP-UHFFFAOYSA-N,JUJWROOIHBZHMG-UHFFFAOYSA-N,XLYOFNOQVPJJNP-UHFFFAOYSA-N,353.15,133
XLYOFNOQVPJJNP-UHFFFAOYSA-N,JUJWROOIHBZHMG-UHFFFAOYSA-N,XLYOFNOQVPJJNP-UHFFFAOYSA-N,372.8,134
XLYOFNOQVPJJNP-UHFFFAOYSA-N,JYVLIDXNZAXMDK-UHFFFAOYSA-N,XLYOFNOQVPJJNP-UHFFFAOYSA-N,273.35,135
XLYOFNOQVPJJNP-UHFFFAOYSA-N,JYVLIDXNZAXMDK-UHFFFAOYSA-N,XLYOFNOQVPJJNP-UHFFFAOYSA-N,283.15,136
XLYOFNOQVPJJNP-UHFFFAOYSA-N,JYVLIDXNZAXMDK-UHFFFAOYSA-N,XLYOFNOQVPJJNP-UHFFFAOYSA-N,293.15,137
XLYOFNOQVPJJNP-UHFFFAOYSA-N,JYVLIDXNZAXMDK-UHFFFAOYSA-N,XLYOFNOQVPJJNP-UHFFFAOYSA-N,293.15,138
XLYOFNOQVPJJNP-UHFFFAOYSA-N,JYVLIDXNZAXMDK-UHFFFAOYSA-N,XLYOFNOQVPJJNP-UHFFFAOYSA-N,303.15,139
XLYOFNOQVPJJNP-UHFFFAOYSA-N,JYVLIDXNZAXMDK-UHFFFAOYSA-N,XLYOFNOQVPJJNP-UHFFFAOYSA-N,303.15,140
XLYOFNOQVPJJNP-UHFFFAOYSA-N,JYVLIDXNZAXMDK-UHFFFAOYSA-N,XLYOFNOQVPJJNP-UHFFFAOYSA-N,313.15,141
XLYOFNOQVPJJNP-UHFFFAOYSA-N,JYVLIDXNZAXMDK-UHFFFAOYSA-N,XLYOFNOQVPJJNP-UHFFFAOYSA-N,323.15,142
XLYOFNOQVPJJNP-UHFFFAOYSA-N,JYVLIDXNZAXMDK-UHFFFAOYSA-N,XLYOFNOQVPJJNP-UHFFFAOYSA-N,333.15,143
XLYOFNOQVPJJNP-UHFFFAOYSA-N,JYVLIDXNZAXMDK-UHFFFAOYSA-N,XLYOFNOQVPJJNP-UHFFFAOYSA-N,343.15,144
XLYOFNOQVPJJNP-UHFFFAOYSA-N,JYVLIDXNZAXMDK-UHFFFAOYSA-N,XLYOFNOQVPJJNP-UHFFFAOYSA-N,353.15,145
XLYOFNOQVPJJNP-UHFFFAOYSA-N,JYVLIDXNZAXMDK-UHFFFAOYSA-N,XLYOFNOQVPJJNP-UHFFFAOYSA-N,363.15,146
XLYOFNOQVPJJNP-UHFFFAOYSA-N,JYVLIDXNZAXMDK-UHFFFAOYSA-N,XLYOFNOQVPJJNP-UHFFFAOYSA-N,371.15,147
XLYOFNOQVPJJNP-UHFFFAOYSA-N,KFZMGEQAYNKOFK-UHFFFAOYSA-N,XLYOFNOQVPJJNP-UHFFFAOYSA-N,283.15,148
XLYOFNOQVPJJNP-UHFFFAOYSA-N,KFZMGEQAYNKOFK-UHFFFAOYSA-N,XLYOFNOQVPJJNP-UHFFFAOYSA-N,293.15,149
XLYOFNOQVPJJNP-UHFFFAOYSA-N,KFZMGEQAYNKOFK-UHFFFAOYSA-N,XLYOFNOQVPJJNP-UHFFFAOYSA-N,308.15,150
XLYOFNOQVPJJNP-UHFFFAOYSA-N,KFZMGEQAYNKOFK-UHFFFAOYSA-N,XLYOFNOQVPJJNP-UHFFFAOYSA-N,333.15,151
XLYOFNOQVPJJNP-UHFFFAOYSA-N,KFZMGEQAYNKOFK-UHFFFAOYSA-N,XLYOFNOQVPJJNP-UHFFFAOYSA-N,353.15,152
XLYOFNOQVPJJNP-UHFFFAOYSA-N,KFZMGEQAYNKOFK-UHFFFAOYSA-N,XLYOFNOQVPJJNP-UHFFFAOYSA-N,363.15,153
XLYOFNOQVPJJNP-UHFFFAOYSA-N,KFZMGEQAYNKOFK-UHFFFAOYSA-N,XLYOFNOQVPJJNP-UHFFFAOYSA-N,371.15,154
XLYOFNOQVPJJNP-UHFFFAOYSA-N,LFQSCWFLJHTTHZ-UHFFFAOYSA-N,XLYOFNOQVPJJNP-UHFFFAOYSA-N,273.35,155
XLYOFNOQVPJJNP-UHFFFAOYSA-N,LFQSCWFLJHTTHZ-UHFFFAOYSA-N,XLYOFNOQVPJJNP-UHFFFAOYSA-N,283.15,156
XLYOFNOQVPJJNP-UHFFFAOYSA-N,LFQSCWFLJHTTHZ-UHFFFAOYSA-N,XLYOFNOQVPJJNP-UHFFFAOYSA-N,298.15,157
XLYOFNOQVPJJNP-UHFFFAOYSA-N,LFQSCWFLJHTTHZ-UHFFFAOYSA-N,XLYOFNOQVPJJNP-UHFFFAOYSA-N,303.15,158
XLYOFNOQVPJJNP-UHFFFAOYSA-N,LFQSCWFLJHTTHZ-UHFFFAOYSA-N,XLYOFNOQVPJJNP-UHFFFAOYSA-N,308.15,159
XLYOFNOQVPJJNP-UHFFFAOYSA-N,LFQSCWFLJHTTHZ-UHFFFAOYSA-N,XLYOFNOQVPJJNP-UHFFFAOYSA-N,313.15,160
XLYOFNOQVPJJNP-UHFFFAOYSA-N,LFQSCWFLJHTTHZ-UHFFFAOYSA-N,XLYOFNOQVPJJNP-UHFFFAOYSA-N,318.15,161
XLYOFNOQVPJJNP-UHFFFAOYSA-N,LFQSCWFLJHTTHZ-UHFFFAOYSA-N,XLYOFNOQVPJJNP-UHFFFAOYSA-N,323.15,162
XLYOFNOQVPJJNP-UHFFFAOYSA-N,LFQSCWFLJHTTHZ-UHFFFAOYSA-N,XLYOFNOQVPJJNP-UHFFFAOYSA-N,323.15,163
XLYOFNOQVPJJNP-UHFFFAOYSA-N,LFQSCWFLJHTTHZ-UHFFFAOYSA-N,XLYOFNOQVPJJNP-UHFFFAOYSA-N,328.15,164
XLYOFNOQVPJJNP-UHFFFAOYSA-N,LFQSCWFLJHTTHZ-UHFFFAOYSA-N,XLYOFNOQVPJJNP-UHFFFAOYSA-N,333.15,165
XLYOFNOQVPJJNP-UHFFFAOYSA-N,LFQSCWFLJHTTHZ-UHFFFAOYSA-N,XLYOFNOQVPJJNP-UHFFFAOYSA-N,333.15,166
XLYOFNOQVPJJNP-UHFFFAOYSA-N,LFQSCWFLJHTTHZ-UHFFFAOYSA-N,XLYOFNOQVPJJNP-UHFFFAOYSA-N,343.15,167
XLYOFNOQVPJJNP-UHFFFAOYSA-N,LFQSCWFLJHTTHZ-UHFFFAOYSA-N,XLYOFNOQVPJJNP-UHFFFAOYSA-N,353.15,168
XLYOFNOQVPJJNP-UHFFFAOYSA-N,LFQSCWFLJHTTHZ-UHFFFAOYSA-N,XLYOFNOQVPJJNP-UHFFFAOYSA-N,358.15,169
XLYOFNOQVPJJNP-UHFFFAOYSA-N,LFQSCWFLJHTTHZ-UHFFFAOYSA-N,XLYOFNOQVPJJNP-UHFFFAOYSA-N,363.15,170
XLYOFNOQVPJJNP-UHFFFAOYSA-N,LFQSCWFLJHTTHZ-UHFFFAOYSA-N,XLYOFNOQVPJJNP-UHFFFAOYSA-N,368.15,171
XLYOFNOQVPJJNP-UHFFFAOYSA-N,LFQSCWFLJHTTHZ-UHFFFAOYSA-N,XLYOFNOQVPJJNP-UHFFFAOYSA-N,372.15,172
XLYOFNOQVPJJNP-UHFFFAOYSA-N,LRHPLDYGYMQRHN-UHFFFAOYSA-N,XLYOFNOQVPJJNP-UHFFFAOYSA-N,273.35,173
XLYOFNOQVPJJNP-UHFFFAOYSA-N,LRHPLDYGYMQRHN-UHFFFAOYSA-N,XLYOFNOQVPJJNP-UHFFFAOYSA-N,283.15,174
XLYOFNOQVPJJNP-UHFFFAOYSA-N,LRHPLDYGYMQRHN-UHFFFAOYSA-N,XLYOFNOQVPJJNP-UHFFFAOYSA-N,293.15,175
XLYOFNOQVPJJNP-UHFFFAOYSA-N,LRHPLDYGYMQRHN-UHFFFAOYSA-N,XLYOFNOQVPJJNP-UHFFFAOYSA-N,303.15,176
XLYOFNOQVPJJNP-UHFFFAOYSA-N,LRHPLDYGYMQRHN-UHFFFAOYSA-N,XLYOFNOQVPJJNP-UHFFFAOYSA-N,303.15,177
XLYOFNOQVPJJNP-UHFFFAOYSA-N,LRHPLDYGYMQRHN-UHFFFAOYSA-N,XLYOFNOQVPJJNP-UHFFFAOYSA-N,308.15,178
XLYOFNOQVPJJNP-UHFFFAOYSA-N,LRHPLDYGYMQRHN-UHFFFAOYSA-N,XLYOFNOQVPJJNP-UHFFFAOYSA-N,308.15,179
XLYOFNOQVPJJNP-UHFFFAOYSA-N,LRHPLDYGYMQRHN-UHFFFAOYSA-N,XLYOFNOQVPJJNP-UHFFFAOYSA-N,313.15,180
XLYOFNOQVPJJNP-UHFFFAOYSA-N,LRHPLDYGYMQRHN-UHFFFAOYSA-N,XLYOFNOQVPJJNP-UHFFFAOYSA-N,313.15,181
XLYOFNOQVPJJNP-UHFFFAOYSA-N,LRHPLDYGYMQRHN-UHFFFAOYSA-N,XLYOFNOQVPJJNP-UHFFFAOYSA-N,318.15,182
XLYOFNOQVPJJNP-UHFFFAOYSA-N,LRHPLDYGYMQRHN-UHFFFAOYSA-N,XLYOFNOQVPJJNP-UHFFFAOYSA-N,318.15,183
XLYOFNOQVPJJNP-UHFFFAOYSA-N,LRHPLDYGYMQRHN-UHFFFAOYSA-N,XLYOFNOQVPJJNP-UHFFFAOYSA-N,323.15,184
XLYOFNOQVPJJNP-UHFFFAOYSA-N,LRHPLDYGYMQRHN-UHFFFAOYSA-N,XLYOFNOQVPJJNP-UHFFFAOYSA-N,323.15,185
XLYOFNOQVPJJNP-UHFFFAOYSA-N,LRHPLDYGYMQRHN-UHFFFAOYSA-N,XLYOFNOQVPJJNP-UHFFFAOYSA-N,323.15,186
XLYOFNOQVPJJNP-UHFFFAOYSA-N,LRHPLDYGYMQRHN-UHFFFAOYSA-N,XLYOFNOQVPJJNP-UHFFFAOYSA-N,323.15,187
XLYOFNOQVPJJNP-UHFFFAOYSA-N,LRHPLDYGYMQRHN-UHFFFAOYSA-N,XLYOFNOQVPJJNP-UHFFFAOYSA-N,328.15,188
XLYOFNOQVPJJNP-UHFFFAOYSA-N,LRHPLDYGYMQRHN-UHFFFAOYSA-N,XLYOFNOQVPJJNP-UHFFFAOYSA-N,328.15,189
XLYOFNOQVPJJNP-UHFFFAOYSA-N,LRHPLDYGYMQRHN-UHFFFAOYSA-N,XLYOFNOQVPJJNP-UHFFFAOYSA-N,333.15,190
XLYOFNOQVPJJNP-UHFFFAOYSA-N,LRHPLDYGYMQRHN-UHFFFAOYSA-N,XLYOFNOQVPJJNP-UHFFFAOYSA-N,333.15,191
XLYOFNOQVPJJNP-UHFFFAOYSA-N,LRHPLDYGYMQRHN-UHFFFAOYSA-N,XLYOFNOQVPJJNP-UHFFFAOYSA-N,338.15,192
XLYOFNOQVPJJNP-UHFFFAOYSA-N,LRHPLDYGYMQRHN-UHFFFAOYSA-N,XLYOFNOQVPJJNP-UHFFFAOYSA-N,372.15,193
XLYOFNOQVPJJNP-UHFFFAOYSA-N,MLUCVPSAIODCQM-NSCUHMNNSA-N,XLYOFNOQVPJJNP-UHFFFAOYSA-N,298.15,194
XLYOFNOQVPJJNP-UHFFFAOYSA-N,MLUCVPSAIODCQM-NSCUHMNNSA-N,XLYOFNOQVPJJNP-UHFFFAOYSA-N,308.15,195
XLYOFNOQVPJJNP-UHFFFAOYSA-N,MLUCVPSAIODCQM-NSCUHMNNSA-N,XLYOFNOQVPJJNP-UHFFFAOYSA-N,313.15,196
XLYOFNOQVPJJNP-UHFFFAOYSA-N,MLUCVPSAIODCQM-NSCUHMNNSA-N,XLYOFNOQVPJJNP-UHFFFAOYSA-N,318.15,197
XLYOFNOQVPJJNP-UHFFFAOYSA-N,MLUCVPSAIODCQM-NSCUHMNNSA-N,XLYOFNOQVPJJNP-UHFFFAOYSA-N,323.15,198
XLYOFNOQVPJJNP-UHFFFAOYSA-N,MLUCVPSAIODCQM-NSCUHMNNSA-N,XLYOFNOQVPJJNP-UHFFFAOYSA-N,328.15,199
XLYOFNOQVPJJNP-UHFFFAOYSA-N,MLUCVPSAIODCQM-NSCUHMNNSA-N,XLYOFNOQVPJJNP-UHFFFAOYSA-N,333.15,200
XLYOFNOQVPJJNP-UHFFFAOYSA-N,MSXVEPNJUHWQHW-UHFFFAOYSA-N,XLYOFNOQVPJJNP-UHFFFAOYSA-N,273.35,201
XLYOFNOQVPJJNP-UHFFFAOYSA-N,MSXVEPNJUHWQHW-UHFFFAOYSA-N,XLYOFNOQVPJJNP-UHFFFAOYSA-N,283.15,202
XLYOFNOQVPJJNP-UHFFFAOYSA-N,MSXVEPNJUHWQHW-UHFFFAOYSA-N,XLYOFNOQVPJJNP-UHFFFAOYSA-N,293.15,203
XLYOFNOQVPJJNP-UHFFFAOYSA-N,MSXVEPNJUHWQHW-UHFFFAOYSA-N,XLYOFNOQVPJJNP-UHFFFAOYSA-N,293.15,204
XLYOFNOQVPJJNP-UHFFFAOYSA-N,MSXVEPNJUHWQHW-UHFFFAOYSA-N,XLYOFNOQVPJJNP-UHFFFAOYSA-N,303.15,205
XLYOFNOQVPJJNP-UHFFFAOYSA-N,MSXVEPNJUHWQHW-UHFFFAOYSA-N,XLYOFNOQVPJJNP-UHFFFAOYSA-N,303.15,206
XLYOFNOQVPJJNP-UHFFFAOYSA-N,MSXVEPNJUHWQHW-UHFFFAOYSA-N,XLYOFNOQVPJJNP-UHFFFAOYSA-N,313.15,207
XLYOFNOQVPJJNP-UHFFFAOYSA-N,MSXVEPNJUHWQHW-UHFFFAOYSA-N,XLYOFNOQVPJJNP-UHFFFAOYSA-N,313.15,208
XLYOFNOQVPJJNP-UHFFFAOYSA-N,MSXVEPNJUHWQHW-UHFFFAOYSA-N,XLYOFNOQVPJJNP-UHFFFAOYSA-N,323.15,209
XLYOFNOQVPJJNP-UHFFFAOYSA-N,MSXVEPNJUHWQHW-UHFFFAOYSA-N,XLYOFNOQVPJJNP-UHFFFAOYSA-N,323.15,210
XLYOFNOQVPJJNP-UHFFFAOYSA-N,MSXVEPNJUHWQHW-UHFFFAOYSA-N,XLYOFNOQVPJJNP-UHFFFAOYSA-N,333.15,211
XLYOFNOQVPJJNP-UHFFFAOYSA-N,MSXVEPNJUHWQHW-UHFFFAOYSA-N,XLYOFNOQVPJJNP-UHFFFAOYSA-N,333.15,212
XLYOFNOQVPJJNP-UHFFFAOYSA-N,MSXVEPNJUHWQHW-UHFFFAOYSA-N,XLYOFNOQVPJJNP-UHFFFAOYSA-N,343.15,213
XLYOFNOQVPJJNP-UHFFFAOYSA-N,MSXVEPNJUHWQHW-UHFFFAOYSA-N,XLYOFNOQVPJJNP-UHFFFAOYSA-N,353.15,214
XLYOFNOQVPJJNP-UHFFFAOYSA-N,MSXVEPNJUHWQHW-UHFFFAOYSA-N,XLYOFNOQVPJJNP-UHFFFAOYSA-N,361.25,215
XLYOFNOQVPJJNP-UHFFFAOYSA-N,MSXVEPNJUHWQHW-UHFFFAOYSA-N,XLYOFNOQVPJJNP-UHFFFAOYSA-N,371.45,216
XLYOFNOQVPJJNP-UHFFFAOYSA-N,MXLMTQWGSQIYOW-RXMQYKEDSA-N,XLYOFNOQVPJJNP-UHFFFAOYSA-N,273.35,217
XLYOFNOQVPJJNP-UHFFFAOYSA-N,MXLMTQWGSQIYOW-RXMQYKEDSA-N,XLYOFNOQVPJJNP-UHFFFAOYSA-N,283.15,218
XLYOFNOQVPJJNP-UHFFFAOYSA-N,MXLMTQWGSQIYOW-RXMQYKEDSA-N,XLYOFNOQVPJJNP-UHFFFAOYSA-N,293.15,219
XLYOFNOQVPJJNP-UHFFFAOYSA-N,MXLMTQWGSQIYOW-RXMQYKEDSA-N,XLYOFNOQVPJJNP-UHFFFAOYSA-N,303.15,220
XLYOFNOQVPJJNP-UHFFFAOYSA-N,MXLMTQWGSQIYOW-RXMQYKEDSA-N,XLYOFNOQVPJJNP-UHFFFAOYSA-N,313.15,221
XLYOFNOQVPJJNP-UHFFFAOYSA-N,MXLMTQWGSQIYOW-RXMQYKEDSA-N,XLYOFNOQVPJJNP-UHFFFAOYSA-N,323.15,222
XLYOFNOQVPJJNP-UHFFFAOYSA-N,MXLMTQWGSQIYOW-RXMQYKEDSA-N,XLYOFNOQVPJJNP-UHFFFAOYSA-N,333.15,223
XLYOFNOQVPJJNP-UHFFFAOYSA-N,MXLMTQWGSQIYOW-RXMQYKEDSA-N,XLYOFNOQVPJJNP-UHFFFAOYSA-N,343.15,224
XLYOFNOQVPJJNP-UHFFFAOYSA-N,MXLMTQWGSQIYOW-RXMQYKEDSA-N,XLYOFNOQVPJJNP-UHFFFAOYSA-N,353.15,225
XLYOFNOQVPJJNP-UHFFFAOYSA-N,MXLMTQWGSQIYOW-RXMQYKEDSA-N,XLYOFNOQVPJJNP-UHFFFAOYSA-N,371.15,226
XLYOFNOQVPJJNP-UHFFFAOYSA-N,NKDDWNXOKDWJAK-UHFFFAOYSA-N,XLYOFNOQVPJJNP-UHFFFAOYSA-N,273.35,227
XLYOFNOQVPJJNP-UHFFFAOYSA-N,NKDDWNXOKDWJAK-UHFFFAOYSA-N,XLYOFNOQVPJJNP-UHFFFAOYSA-N,283.15,228
XLYOFNOQVPJJNP-UHFFFAOYSA-N,NKDDWNXOKDWJAK-UHFFFAOYSA-N,XLYOFNOQVPJJNP-UHFFFAOYSA-N,293.15,229
XLYOFNOQVPJJNP-UHFFFAOYSA-N,NKDDWNXOKDWJAK-UHFFFAOYSA-N,XLYOFNOQVPJJNP-UHFFFAOYSA-N,298.15,230
XLYOFNOQVPJJNP-UHFFFAOYSA-N,NKDDWNXOKDWJAK-UHFFFAOYSA-N,XLYOFNOQVPJJNP-UHFFFAOYSA-N,303.15,231
XLYOFNOQVPJJNP-UHFFFAOYSA-N,NKDDWNXOKDWJAK-UHFFFAOYSA-N,XLYOFNOQVPJJNP-UHFFFAOYSA-N,313.15,232
XLYOFNOQVPJJNP-UHFFFAOYSA-N,NKDDWNXOKDWJAK-UHFFFAOYSA-N,XLYOFNOQVPJJNP-UHFFFAOYSA-N,323.15,233
XLYOFNOQVPJJNP-UHFFFAOYSA-N,NKDDWNXOKDWJAK-UHFFFAOYSA-N,XLYOFNOQVPJJNP-UHFFFAOYSA-N,333.15,234
XLYOFNOQVPJJNP-UHFFFAOYSA-N,NQRYJNQNLNOLGT-UHFFFAOYSA-N,XLYOFNOQVPJJNP-UHFFFAOYSA-N,333.15,235
XLYOFNOQVPJJNP-UHFFFAOYSA-N,NQRYJNQNLNOLGT-UHFFFAOYSA-N,XLYOFNOQVPJJNP-UHFFFAOYSA-N,343.15,236
XLYOFNOQVPJJNP-UHFFFAOYSA-N,NQRYJNQNLNOLGT-UHFFFAOYSA-N,XLYOFNOQVPJJNP-UHFFFAOYSA-N,353.15,237
XLYOFNOQVPJJNP-UHFFFAOYSA-N,NQRYJNQNLNOLGT-UHFFFAOYSA-N,XLYOFNOQVPJJNP-UHFFFAOYSA-N,372.6,238
XLYOFNOQVPJJNP-UHFFFAOYSA-N,OBNCKNCVKJNDBV-UHFFFAOYSA-N,XLYOFNOQVPJJNP-UHFFFAOYSA-N,293.15,239
XLYOFNOQVPJJNP-UHFFFAOYSA-N,OBNCKNCVKJNDBV-UHFFFAOYSA-N,XLYOFNOQVPJJNP-UHFFFAOYSA-N,303.15,240
XLYOFNOQVPJJNP-UHFFFAOYSA-N,OBNCKNCVKJNDBV-UHFFFAOYSA-N,XLYOFNOQVPJJNP-UHFFFAOYSA-N,313.15,241
XLYOFNOQVPJJNP-UHFFFAOYSA-N,OBNCKNCVKJNDBV-UHFFFAOYSA-N,XLYOFNOQVPJJNP-UHFFFAOYSA-N,323.15,242
XLYOFNOQVPJJNP-UHFFFAOYSA-N,OBNCKNCVKJNDBV-UHFFFAOYSA-N,XLYOFNOQVPJJNP-UHFFFAOYSA-N,333.15,243
XLYOFNOQVPJJNP-UHFFFAOYSA-N,OBNCKNCVKJNDBV-UHFFFAOYSA-N,XLYOFNOQVPJJNP-UHFFFAOYSA-N,341.15,244
XLYOFNOQVPJJNP-UHFFFAOYSA-N,OBNCKNCVKJNDBV-UHFFFAOYSA-N,XLYOFNOQVPJJNP-UHFFFAOYSA-N,351.15,245
XLYOFNOQVPJJNP-UHFFFAOYSA-N,OHLUUHNLEMFGTQ-UHFFFAOYSA-N,XLYOFNOQVPJJNP-UHFFFAOYSA-N,333.15,246
XLYOFNOQVPJJNP-UHFFFAOYSA-N,OHLUUHNLEMFGTQ-UHFFFAOYSA-N,XLYOFNOQVPJJNP-UHFFFAOYSA-N,343.15,247
XLYOFNOQVPJJNP-UHFFFAOYSA-N,OHLUUHNLEMFGTQ-UHFFFAOYSA-N,XLYOFNOQVPJJNP-UHFFFAOYSA-N,353.15,248
XLYOFNOQVPJJNP-UHFFFAOYSA-N,OIFBSDVPJOWBCH-UHFFFAOYSA-N,XLYOFNOQVPJJNP-UHFFFAOYSA-N,273.35,249
XLYOFNOQVPJJNP-UHFFFAOYSA-N,OIFBSDVPJOWBCH-UHFFFAOYSA-N,XLYOFNOQVPJJNP-UHFFFAOYSA-N,283.15,250
XLYOFNOQVPJJNP-UHFFFAOYSA-N,OIFBSDVPJOWBCH-UHFFFAOYSA-N,XLYOFNOQVPJJNP-UHFFFAOYSA-N,293.15,251
XLYOFNOQVPJJNP-UHFFFAOYSA-N,OIFBSDVPJOWBCH-UHFFFAOYSA-N,XLYOFNOQVPJJNP-UHFFFAOYSA-N,298.15,252
XLYOFNOQVPJJNP-UHFFFAOYSA-N,OIFBSDVPJOWBCH-UHFFFAOYSA-N,XLYOFNOQVPJJNP-UHFFFAOYSA-N,303.15,253
XLYOFNOQVPJJNP-UHFFFAOYSA-N,OIFBSDVPJOWBCH-UHFFFAOYSA-N,XLYOFNOQVPJJNP-UHFFFAOYSA-N,313.15,254
XLYOFNOQVPJJNP-UHFFFAOYSA-N,OIFBSDVPJOWBCH-UHFFFAOYSA-N,XLYOFNOQVPJJNP-UHFFFAOYSA-N,323.15,255
XLYOFNOQVPJJNP-UHFFFAOYSA-N,OIFBSDVPJOWBCH-UHFFFAOYSA-N,XLYOFNOQVPJJNP-UHFFFAOYSA-N,333.15,256
XLYOFNOQVPJJNP-UHFFFAOYSA-N,OKKJLVBELUTLKV-UHFFFAOYSA-N,XLYOFNOQVPJJNP-UHFFFAOYSA-N,273.35,257
XLYOFNOQVPJJNP-UHFFFAOYSA-N,OKKJLVBELUTLKV-UHFFFAOYSA-N,XLYOFNOQVPJJNP-UHFFFAOYSA-N,283.15,258
XLYOFNOQVPJJNP-UHFFFAOYSA-N,OKKJLVBELUTLKV-UHFFFAOYSA-N,XLYOFNOQVPJJNP-UHFFFAOYSA-N,293.15,259
XLYOFNOQVPJJNP-UHFFFAOYSA-N,OKKJLVBELUTLKV-UHFFFAOYSA-N,XLYOFNOQVPJJNP-UHFFFAOYSA-N,303.15,260
XLYOFNOQVPJJNP-UHFFFAOYSA-N,OKKJLVBELUTLKV-UHFFFAOYSA-N,XLYOFNOQVPJJNP-UHFFFAOYSA-N,308.15,261
XLYOFNOQVPJJNP-UHFFFAOYSA-N,OKKJLVBELUTLKV-UHFFFAOYSA-N,XLYOFNOQVPJJNP-UHFFFAOYSA-N,313.15,262
XLYOFNOQVPJJNP-UHFFFAOYSA-N,OKKJLVBELUTLKV-UHFFFAOYSA-N,XLYOFNOQVPJJNP-UHFFFAOYSA-N,318.15,263
XLYOFNOQVPJJNP-UHFFFAOYSA-N,OKKJLVBELUTLKV-UHFFFAOYSA-N,XLYOFNOQVPJJNP-UHFFFAOYSA-N,323.15,264
XLYOFNOQVPJJNP-UHFFFAOYSA-N,OKKJLVBELUTLKV-UHFFFAOYSA-N,XLYOFNOQVPJJNP-UHFFFAOYSA-N,328.15,265
XLYOFNOQVPJJNP-UHFFFAOYSA-N,OKKJLVBELUTLKV-UHFFFAOYSA-N,XLYOFNOQVPJJNP-UHFFFAOYSA-N,333.15,266
XLYOFNOQVPJJNP-UHFFFAOYSA-N,OKKJLVBELUTLKV-UHFFFAOYSA-N,XLYOFNOQVPJJNP-UHFFFAOYSA-N,358.15,267
XLYOFNOQVPJJNP-UHFFFAOYSA-N,OKKJLVBELUTLKV-UHFFFAOYSA-N,XLYOFNOQVPJJNP-UHFFFAOYSA-N,363.15,268
XLYOFNOQVPJJNP-UHFFFAOYSA-N,OKKJLVBELUTLKV-UHFFFAOYSA-N,XLYOFNOQVPJJNP-UHFFFAOYSA-N,368.15,269
XLYOFNOQVPJJNP-UHFFFAOYSA-N,OKKJLVBELUTLKV-UHFFFAOYSA-N,XLYOFNOQVPJJNP-UHFFFAOYSA-N,372.15,270
XLYOFNOQVPJJNP-UHFFFAOYSA-N,PAFZNILMFXTMIY-UHFFFAOYSA-N,XLYOFNOQVPJJNP-UHFFFAOYSA-N,298.15,271
XLYOFNOQVPJJNP-UHFFFAOYSA-N,PAFZNILMFXTMIY-UHFFFAOYSA-N,XLYOFNOQVPJJNP-UHFFFAOYSA-N,313.15,272
XLYOFNOQVPJJNP-UHFFFAOYSA-N,PAFZNILMFXTMIY-UHFFFAOYSA-N,XLYOFNOQVPJJNP-UHFFFAOYSA-N,333.15,273
XLYOFNOQVPJJNP-UHFFFAOYSA-N,PAFZNILMFXTMIY-UHFFFAOYSA-N,XLYOFNOQVPJJNP-UHFFFAOYSA-N,343.15,274
XLYOFNOQVPJJNP-UHFFFAOYSA-N,PAFZNILMFXTMIY-UHFFFAOYSA-N,XLYOFNOQVPJJNP-UHFFFAOYSA-N,353.15,275
XLYOFNOQVPJJNP-UHFFFAOYSA-N,PAFZNILMFXTMIY-UHFFFAOYSA-N,XLYOFNOQVPJJNP-UHFFFAOYSA-N,372.65,276
XLYOFNOQVPJJNP-UHFFFAOYSA-N,PAFZNILMFXTMIY-UHFFFAOYSA-N,XLYOFNOQVPJJNP-UHFFFAOYSA-N,372.82,277
XLYOFNOQVPJJNP-UHFFFAOYSA-N,PAFZNILMFXTMIY-UHFFFAOYSA-N,XLYOFNOQVPJJNP-UHFFFAOYSA-N,372.82,278
XLYOFNOQVPJJNP-UHFFFAOYSA-N,PAYRUJLWNCNPSJ-UHFFFAOYSA-N,XLYOFNOQVPJJNP-UHFFFAOYSA-N,298.15,279
XLYOFNOQVPJJNP-UHFFFAOYSA-N,PAYRUJLWNCNPSJ-UHFFFAOYSA-N,XLYOFNOQVPJJNP-UHFFFAOYSA-N,333.15,280
XLYOFNOQVPJJNP-UHFFFAOYSA-N,PAYRUJLWNCNPSJ-UHFFFAOYSA-N,XLYOFNOQVPJJNP-UHFFFAOYSA-N,343.15,281
XLYOFNOQVPJJNP-UHFFFAOYSA-N,PAYRUJLWNCNPSJ-UHFFFAOYSA-N,XLYOFNOQVPJJNP-UHFFFAOYSA-N,343.15,282
XLYOFNOQVPJJNP-UHFFFAOYSA-N,PAYRUJLWNCNPSJ-UHFFFAOYSA-N,XLYOFNOQVPJJNP-UHFFFAOYSA-N,353.15,283
XLYOFNOQVPJJNP-UHFFFAOYSA-N,PAYRUJLWNCNPSJ-UHFFFAOYSA-N,XLYOFNOQVPJJNP-UHFFFAOYSA-N,372.47,284
XLYOFNOQVPJJNP-UHFFFAOYSA-N,PHTQWCKDNZKARW-UHFFFAOYSA-N,XLYOFNOQVPJJNP-UHFFFAOYSA-N,273.35,285
XLYOFNOQVPJJNP-UHFFFAOYSA-N,PHTQWCKDNZKARW-UHFFFAOYSA-N,XLYOFNOQVPJJNP-UHFFFAOYSA-N,283.15,286
XLYOFNOQVPJJNP-UHFFFAOYSA-N,PHTQWCKDNZKARW-UHFFFAOYSA-N,XLYOFNOQVPJJNP-UHFFFAOYSA-N,293.15,287
XLYOFNOQVPJJNP-UHFFFAOYSA-N,PHTQWCKDNZKARW-UHFFFAOYSA-N,XLYOFNOQVPJJNP-UHFFFAOYSA-N,293.15,288
XLYOFNOQVPJJNP-UHFFFAOYSA-N,PHTQWCKDNZKARW-UHFFFAOYSA-N,XLYOFNOQVPJJNP-UHFFFAOYSA-N,303.15,289
XLYOFNOQVPJJNP-UHFFFAOYSA-N,PHTQWCKDNZKARW-UHFFFAOYSA-N,XLYOFNOQVPJJNP-UHFFFAOYSA-N,303.15,290
XLYOFNOQVPJJNP-UHFFFAOYSA-N,PHTQWCKDNZKARW-UHFFFAOYSA-N,XLYOFNOQVPJJNP-UHFFFAOYSA-N,313.15,291
XLYOFNOQVPJJNP-UHFFFAOYSA-N,PHTQWCKDNZKARW-UHFFFAOYSA-N,XLYOFNOQVPJJNP-UHFFFAOYSA-N,313.15,292
XLYOFNOQVPJJNP-UHFFFAOYSA-N,PHTQWCKDNZKARW-UHFFFAOYSA-N,XLYOFNOQVPJJNP-UHFFFAOYSA-N,323.15,293
XLYOFNOQVPJJNP-UHFFFAOYSA-N,PHTQWCKDNZKARW-UHFFFAOYSA-N,XLYOFNOQVPJJNP-UHFFFAOYSA-N,323.15,294
XLYOFNOQVPJJNP-UHFFFAOYSA-N,PHTQWCKDNZKARW-UHFFFAOYSA-N,XLYOFNOQVPJJNP-UHFFFAOYSA-N,333.15,295
XLYOFNOQVPJJNP-UHFFFAOYSA-N,PHTQWCKDNZKARW-UHFFFAOYSA-N,XLYOFNOQVPJJNP-UHFFFAOYSA-N,333.15,296
XLYOFNOQVPJJNP-UHFFFAOYSA-N,PHTQWCKDNZKARW-UHFFFAOYSA-N,XLYOFNOQVPJJNP-UHFFFAOYSA-N,343.15,297
XLYOFNOQVPJJNP-UHFFFAOYSA-N,PHTQWCKDNZKARW-UHFFFAOYSA-N,XLYOFNOQVPJJNP-UHFFFAOYSA-N,353.15,298
XLYOFNOQVPJJNP-UHFFFAOYSA-N,PHTQWCKDNZKARW-UHFFFAOYSA-N,XLYOFNOQVPJJNP-UHFFFAOYSA-N,371.15,299
XLYOFNOQVPJJNP-UHFFFAOYSA-N,QMMFVYPAHWMCMS-UHFFFAOYSA-N,XLYOFNOQVPJJNP-UHFFFAOYSA-N,298.01,300
XLYOFNOQVPJJNP-UHFFFAOYSA-N,QMMFVYPAHWMCMS-UHFFFAOYSA-N,XLYOFNOQVPJJNP-UHFFFAOYSA-N,298.03,301
XLYOFNOQVPJJNP-UHFFFAOYSA-N,QMMFVYPAHWMCMS-UHFFFAOYSA-N,XLYOFNOQVPJJNP-UHFFFAOYSA-N,298.03,302
XLYOFNOQVPJJNP-UHFFFAOYSA-N,QMMFVYPAHWMCMS-UHFFFAOYSA-N,XLYOFNOQVPJJNP-UHFFFAOYSA-N,298.01,303
XLYOFNOQVPJJNP-UHFFFAOYSA-N,QMMFVYPAHWMCMS-UHFFFAOYSA-N,XLYOFNOQVPJJNP-UHFFFAOYSA-N,298.01,304
XLYOFNOQVPJJNP-UHFFFAOYSA-N,QMMFVYPAHWMCMS-UHFFFAOYSA-N,XLYOFNOQVPJJNP-UHFFFAOYSA-N,298.07,305
XLYOFNOQVPJJNP-UHFFFAOYSA-N,QMMFVYPAHWMCMS-UHFFFAOYSA-N,XLYOFNOQVPJJNP-UHFFFAOYSA-N,298.02,306
XLYOFNOQVPJJNP-UHFFFAOYSA-N,QMMFVYPAHWMCMS-UHFFFAOYSA-N,XLYOFNOQVPJJNP-UHFFFAOYSA-N,298.02,307
XLYOFNOQVPJJNP-UHFFFAOYSA-N,QPRQEDXDYOZYLA-YFKPBYRVSA-N,XLYOFNOQVPJJNP-UHFFFAOYSA-N,273.35,308
XLYOFNOQVPJJNP-UHFFFAOYSA-N,QPRQEDXDYOZYLA-YFKPBYRVSA-N,XLYOFNOQVPJJNP-UHFFFAOYSA-N,283.15,309
XLYOFNOQVPJJNP-UHFFFAOYSA-N,QPRQEDXDYOZYLA-YFKPBYRVSA-N,XLYOFNOQVPJJNP-UHFFFAOYSA-N,293.15,310
XLYOFNOQVPJJNP-UHFFFAOYSA-N,QPRQEDXDYOZYLA-YFKPBYRVSA-N,XLYOFNOQVPJJNP-UHFFFAOYSA-N,293.15,311
XLYOFNOQVPJJNP-UHFFFAOYSA-N,QPRQEDXDYOZYLA-YFKPBYRVSA-N,XLYOFNOQVPJJNP-UHFFFAOYSA-N,303.15,312
XLYOFNOQVPJJNP-UHFFFAOYSA-N,QPRQEDXDYOZYLA-YFKPBYRVSA-N,XLYOFNOQVPJJNP-UHFFFAOYSA-N,303.15,313
XLYOFNOQVPJJNP-UHFFFAOYSA-N,QPRQEDXDYOZYLA-YFKPBYRVSA-N,XLYOFNOQVPJJNP-UHFFFAOYSA-N,313.15,314
XLYOFNOQVPJJNP-UHFFFAOYSA-N,QPRQEDXDYOZYLA-YFKPBYRVSA-N,XLYOFNOQVPJJNP-UHFFFAOYSA-N,313.15,315
XLYOFNOQVPJJNP-UHFFFAOYSA-N,QPRQEDXDYOZYLA-YFKPBYRVSA-N,XLYOFNOQVPJJNP-UHFFFAOYSA-N,323.15,316
XLYOFNOQVPJJNP-UHFFFAOYSA-N,QPRQEDXDYOZYLA-YFKPBYRVSA-N,XLYOFNOQVPJJNP-UHFFFAOYSA-N,323.15,317
XLYOFNOQVPJJNP-UHFFFAOYSA-N,QPRQEDXDYOZYLA-YFKPBYRVSA-N,XLYOFNOQVPJJNP-UHFFFAOYSA-N,333.15,318
XLYOFNOQVPJJNP-UHFFFAOYSA-N,QPRQEDXDYOZYLA-YFKPBYRVSA-N,XLYOFNOQVPJJNP-UHFFFAOYSA-N,333.15,319
XLYOFNOQVPJJNP-UHFFFAOYSA-N,QPRQEDXDYOZYLA-YFKPBYRVSA-N,XLYOFNOQVPJJNP-UHFFFAOYSA-N,343.15,320
XLYOFNOQVPJJNP-UHFFFAOYSA-N,QPRQEDXDYOZYLA-YFKPBYRVSA-N,XLYOFNOQVPJJNP-UHFFFAOYSA-N,353.15,321
XLYOFNOQVPJJNP-UHFFFAOYSA-N,QPRQEDXDYOZYLA-YFKPBYRVSA-N,XLYOFNOQVPJJNP-UHFFFAOYSA-N,363.15,322
XLYOFNOQVPJJNP-UHFFFAOYSA-N,QQZOPKMRPOGIEB-UHFFFAOYSA-N,XLYOFNOQVPJJNP-UHFFFAOYSA-N,297.85,323
XLYOFNOQVPJJNP-UHFFFAOYSA-N,QQZOPKMRPOGIEB-UHFFFAOYSA-N,XLYOFNOQVPJJNP-UHFFFAOYSA-N,298.15,324
XLYOFNOQVPJJNP-UHFFFAOYSA-N,QSJXEFYPDANLFS-UHFFFAOYSA-N,XLYOFNOQVPJJNP-UHFFFAOYSA-N,298.1,325
XLYOFNOQVPJJNP-UHFFFAOYSA-N,QSJXEFYPDANLFS-UHFFFAOYSA-N,XLYOFNOQVPJJNP-UHFFFAOYSA-N,298.1,326
XLYOFNOQVPJJNP-UHFFFAOYSA-N,QSJXEFYPDANLFS-UHFFFAOYSA-N,XLYOFNOQVPJJNP-UHFFFAOYSA-N,298.1,327
XLYOFNOQVPJJNP-UHFFFAOYSA-N,QSJXEFYPDANLFS-UHFFFAOYSA-N,XLYOFNOQVPJJNP-UHFFFAOYSA-N,298.17,328
XLYOFNOQVPJJNP-UHFFFAOYSA-N,QSJXEFYPDANLFS-UHFFFAOYSA-N,XLYOFNOQVPJJNP-UHFFFAOYSA-N,298.17,329
XLYOFNOQVPJJNP-UHFFFAOYSA-N,QSJXEFYPDANLFS-UHFFFAOYSA-N,XLYOFNOQVPJJNP-UHFFFAOYSA-N,298.17,330
XLYOFNOQVPJJNP-UHFFFAOYSA-N,RTZKZFJDLAIYFH-UHFFFAOYSA-N,XLYOFNOQVPJJNP-UHFFFAOYSA-N,273.35,331
XLYOFNOQVPJJNP-UHFFFAOYSA-N,RTZKZFJDLAIYFH-UHFFFAOYSA-N,XLYOFNOQVPJJNP-UHFFFAOYSA-N,278.15,332
XLYOFNOQVPJJNP-UHFFFAOYSA-N,RTZKZFJDLAIYFH-UHFFFAOYSA-N,XLYOFNOQVPJJNP-UHFFFAOYSA-N,283.15,333
XLYOFNOQVPJJNP-UHFFFAOYSA-N,RTZKZFJDLAIYFH-UHFFFAOYSA-N,XLYOFNOQVPJJNP-UHFFFAOYSA-N,288.15,334
XLYOFNOQVPJJNP-UHFFFAOYSA-N,RTZKZFJDLAIYFH-UHFFFAOYSA-N,XLYOFNOQVPJJNP-UHFFFAOYSA-N,293.15,335
XLYOFNOQVPJJNP-UHFFFAOYSA-N,RTZKZFJDLAIYFH-UHFFFAOYSA-N,XLYOFNOQVPJJNP-UHFFFAOYSA-N,298.15,336
XLYOFNOQVPJJNP-UHFFFAOYSA-N,RTZKZFJDLAIYFH-UHFFFAOYSA-N,XLYOFNOQVPJJNP-UHFFFAOYSA-N,303.15,337
XLYOFNOQVPJJNP-UHFFFAOYSA-N,RTZKZFJDLAIYFH-UHFFFAOYSA-N,XLYOFNOQVPJJNP-UHFFFAOYSA-N,308.15,338
XLYOFNOQVPJJNP-UHFFFAOYSA-N,RTZKZFJDLAIYFH-UHFFFAOYSA-N,XLYOFNOQVPJJNP-UHFFFAOYSA-N,318.15,339
XLYOFNOQVPJJNP-UHFFFAOYSA-N,RTZKZFJDLAIYFH-UHFFFAOYSA-N,XLYOFNOQVPJJNP-UHFFFAOYSA-N,328.15,340
XLYOFNOQVPJJNP-UHFFFAOYSA-N,RYHBNJHYFVUHQT-UHFFFAOYSA-N,XLYOFNOQVPJJNP-UHFFFAOYSA-N,273.35,341
XLYOFNOQVPJJNP-UHFFFAOYSA-N,RYHBNJHYFVUHQT-UHFFFAOYSA-N,XLYOFNOQVPJJNP-UHFFFAOYSA-N,278.15,342
XLYOFNOQVPJJNP-UHFFFAOYSA-N,RYHBNJHYFVUHQT-UHFFFAOYSA-N,XLYOFNOQVPJJNP-UHFFFAOYSA-N,288.15,343
XLYOFNOQVPJJNP-UHFFFAOYSA-N,RYHBNJHYFVUHQT-UHFFFAOYSA-N,XLYOFNOQVPJJNP-UHFFFAOYSA-N,288.15,344
XLYOFNOQVPJJNP-UHFFFAOYSA-N,RYHBNJHYFVUHQT-UHFFFAOYSA-N,XLYOFNOQVPJJNP-UHFFFAOYSA-N,298.15,345
XLYOFNOQVPJJNP-UHFFFAOYSA-N,RYHBNJHYFVUHQT-UHFFFAOYSA-N,XLYOFNOQVPJJNP-UHFFFAOYSA-N,308.15,346
XLYOFNOQVPJJNP-UHFFFAOYSA-N,RYHBNJHYFVUHQT-UHFFFAOYSA-N,XLYOFNOQVPJJNP-UHFFFAOYSA-N,308.15,347
XLYOFNOQVPJJNP-UHFFFAOYSA-N,RYHBNJHYFVUHQT-UHFFFAOYSA-N,XLYOFNOQVPJJNP-UHFFFAOYSA-N,318.15,348
XLYOFNOQVPJJNP-UHFFFAOYSA-N,RYHBNJHYFVUHQT-UHFFFAOYSA-N,XLYOFNOQVPJJNP-UHFFFAOYSA-N,328.15,349
XLYOFNOQVPJJNP-UHFFFAOYSA-N,RYHBNJHYFVUHQT-UHFFFAOYSA-N,XLYOFNOQVPJJNP-UHFFFAOYSA-N,338.15,350
XLYOFNOQVPJJNP-UHFFFAOYSA-N,RYHBNJHYFVUHQT-UHFFFAOYSA-N,XLYOFNOQVPJJNP-UHFFFAOYSA-N,338.15,351
XLYOFNOQVPJJNP-UHFFFAOYSA-N,RYHBNJHYFVUHQT-UHFFFAOYSA-N,XLYOFNOQVPJJNP-UHFFFAOYSA-N,348.15,352
XLYOFNOQVPJJNP-UHFFFAOYSA-N,RYHBNJHYFVUHQT-UHFFFAOYSA-N,XLYOFNOQVPJJNP-UHFFFAOYSA-N,372.5,353
XLYOFNOQVPJJNP-UHFFFAOYSA-N,SECXISVLQFMRJM-UHFFFAOYSA-N,XLYOFNOQVPJJNP-UHFFFAOYSA-N,333.15,354
XLYOFNOQVPJJNP-UHFFFAOYSA-N,SECXISVLQFMRJM-UHFFFAOYSA-N,XLYOFNOQVPJJNP-UHFFFAOYSA-N,343.15,355
XLYOFNOQVPJJNP-UHFFFAOYSA-N,SECXISVLQFMRJM-UHFFFAOYSA-N,XLYOFNOQVPJJNP-UHFFFAOYSA-N,353.15,356
XLYOFNOQVPJJNP-UHFFFAOYSA-N,SECXISVLQFMRJM-UHFFFAOYSA-N,XLYOFNOQVPJJNP-UHFFFAOYSA-N,372.85,357
XLYOFNOQVPJJNP-UHFFFAOYSA-N,WEVYAHXRMPXWCK-UHFFFAOYSA-N,XLYOFNOQVPJJNP-UHFFFAOYSA-N,298.15,358
XLYOFNOQVPJJNP-UHFFFAOYSA-N,WEVYAHXRMPXWCK-UHFFFAOYSA-N,XLYOFNOQVPJJNP-UHFFFAOYSA-N,298.15,359
XLYOFNOQVPJJNP-UHFFFAOYSA-N,WNXJIVFYUVYPPR-UHFFFAOYSA-N,XLYOFNOQVPJJNP-UHFFFAOYSA-N,273.35,360
XLYOFNOQVPJJNP-UHFFFAOYSA-N,WNXJIVFYUVYPPR-UHFFFAOYSA-N,XLYOFNOQVPJJNP-UHFFFAOYSA-N,278.15,361
XLYOFNOQVPJJNP-UHFFFAOYSA-N,WNXJIVFYUVYPPR-UHFFFAOYSA-N,XLYOFNOQVPJJNP-UHFFFAOYSA-N,288.15,362
XLYOFNOQVPJJNP-UHFFFAOYSA-N,WNXJIVFYUVYPPR-UHFFFAOYSA-N,XLYOFNOQVPJJNP-UHFFFAOYSA-N,298.15,363
XLYOFNOQVPJJNP-UHFFFAOYSA-N,WNXJIVFYUVYPPR-UHFFFAOYSA-N,XLYOFNOQVPJJNP-UHFFFAOYSA-N,308.15,364
XLYOFNOQVPJJNP-UHFFFAOYSA-N,WNXJIVFYUVYPPR-UHFFFAOYSA-N,XLYOFNOQVPJJNP-UHFFFAOYSA-N,318.15,365
XLYOFNOQVPJJNP-UHFFFAOYSA-N,WNXJIVFYUVYPPR-UHFFFAOYSA-N,XLYOFNOQVPJJNP-UHFFFAOYSA-N,328.15,366
XLYOFNOQVPJJNP-UHFFFAOYSA-N,WNXJIVFYUVYPPR-UHFFFAOYSA-N,XLYOFNOQVPJJNP-UHFFFAOYSA-N,338.15,367
XLYOFNOQVPJJNP-UHFFFAOYSA-N,WNXJIVFYUVYPPR-UHFFFAOYSA-N,XLYOFNOQVPJJNP-UHFFFAOYSA-N,338.15,368
XLYOFNOQVPJJNP-UHFFFAOYSA-N,WNXJIVFYUVYPPR-UHFFFAOYSA-N,XLYOFNOQVPJJNP-UHFFFAOYSA-N,348.15,369
XLYOFNOQVPJJNP-UHFFFAOYSA-N,WNXJIVFYUVYPPR-UHFFFAOYSA-N,XLYOFNOQVPJJNP-UHFFFAOYSA-N,372.55,370
XLYOFNOQVPJJNP-UHFFFAOYSA-N,WRMNZCZEMHIOCP-UHFFFAOYSA-N,XLYOFNOQVPJJNP-UHFFFAOYSA-N,373.15,371
XLYOFNOQVPJJNP-UHFFFAOYSA-N,WYURNTSHIVDZCO-UHFFFAOYSA-N,XLYOFNOQVPJJNP-UHFFFAOYSA-N,273.35,372
XLYOFNOQVPJJNP-UHFFFAOYSA-N,WYURNTSHIVDZCO-UHFFFAOYSA-N,XLYOFNOQVPJJNP-UHFFFAOYSA-N,278.15,373
XLYOFNOQVPJJNP-UHFFFAOYSA-N,WYURNTSHIVDZCO-UHFFFAOYSA-N,XLYOFNOQVPJJNP-UHFFFAOYSA-N,288.15,374
XLYOFNOQVPJJNP-UHFFFAOYSA-N,WYURNTSHIVDZCO-UHFFFAOYSA-N,XLYOFNOQVPJJNP-UHFFFAOYSA-N,298.15,375
XLYOFNOQVPJJNP-UHFFFAOYSA-N,WYURNTSHIVDZCO-UHFFFAOYSA-N,XLYOFNOQVPJJNP-UHFFFAOYSA-N,308.15,376
XLYOFNOQVPJJNP-UHFFFAOYSA-N,WYURNTSHIVDZCO-UHFFFAOYSA-N,XLYOFNOQVPJJNP-UHFFFAOYSA-N,318.15,377
XLYOFNOQVPJJNP-UHFFFAOYSA-N,WYURNTSHIVDZCO-UHFFFAOYSA-N,XLYOFNOQVPJJNP-UHFFFAOYSA-N,328.15,378
XLYOFNOQVPJJNP-UHFFFAOYSA-N,WYURNTSHIVDZCO-UHFFFAOYSA-N,XLYOFNOQVPJJNP-UHFFFAOYSA-N,328.15,379
XLYOFNOQVPJJNP-UHFFFAOYSA-N,XEKOWRVHYACXOJ-UHFFFAOYSA-N,XLYOFNOQVPJJNP-UHFFFAOYSA-N,273.35,380
XLYOFNOQVPJJNP-UHFFFAOYSA-N,XEKOWRVHYACXOJ-UHFFFAOYSA-N,XLYOFNOQVPJJNP-UHFFFAOYSA-N,283.15,381
XLYOFNOQVPJJNP-UHFFFAOYSA-N,XEKOWRVHYACXOJ-UHFFFAOYSA-N,XLYOFNOQVPJJNP-UHFFFAOYSA-N,293.15,382
XLYOFNOQVPJJNP-UHFFFAOYSA-N,XEKOWRVHYACXOJ-UHFFFAOYSA-N,XLYOFNOQVPJJNP-UHFFFAOYSA-N,293.15,383
XLYOFNOQVPJJNP-UHFFFAOYSA-N,XEKOWRVHYACXOJ-UHFFFAOYSA-N,XLYOFNOQVPJJNP-UHFFFAOYSA-N,298.15,384
XLYOFNOQVPJJNP-UHFFFAOYSA-N,XEKOWRVHYACXOJ-UHFFFAOYSA-N,XLYOFNOQVPJJNP-UHFFFAOYSA-N,303.15,385
XLYOFNOQVPJJNP-UHFFFAOYSA-N,XEKOWRVHYACXOJ-UHFFFAOYSA-N,XLYOFNOQVPJJNP-UHFFFAOYSA-N,313.15,386
XLYOFNOQVPJJNP-UHFFFAOYSA-N,XLYOFNOQVPJJNP-UHFFFAOYSA-N,OUDFNZMQXZILJD-UHFFFAOYSA-N,360.38,387
XLYOFNOQVPJJNP-UHFFFAOYSA-N,XLYOFNOQVPJJNP-UHFFFAOYSA-N,OUDFNZMQXZILJD-UHFFFAOYSA-N,365.99,388
XLYOFNOQVPJJNP-UHFFFAOYSA-N,XLYOFNOQVPJJNP-UHFFFAOYSA-N,OUDFNZMQXZILJD-UHFFFAOYSA-N,370.64,389
XLYOFNOQVPJJNP-UHFFFAOYSA-N,XLYOFNOQVPJJNP-UHFFFAOYSA-N,WEVYAHXRMPXWCK-UHFFFAOYSA-N,298.15,390
XLYOFNOQVPJJNP-UHFFFAOYSA-N,XLYOFNOQVPJJNP-UHFFFAOYSA-N,XMGQYMWWDOXHJM-JTQLQIEISA-N,298.15,391
XLYOFNOQVPJJNP-UHFFFAOYSA-N,XMGQYMWWDOXHJM-JTQLQIEISA-N,XLYOFNOQVPJJNP-UHFFFAOYSA-N,298.15,392
XLYOFNOQVPJJNP-UHFFFAOYSA-N,XNLICIUVMPYHGG-UHFFFAOYSA-N,XLYOFNOQVPJJNP-UHFFFAOYSA-N,298.15,393
XLYOFNOQVPJJNP-UHFFFAOYSA-N,XNLICIUVMPYHGG-UHFFFAOYSA-N,XLYOFNOQVPJJNP-UHFFFAOYSA-N,297.85,394
XLYOFNOQVPJJNP-UHFFFAOYSA-N,XTHFKEDIFFGKHM-UHFFFAOYSA-N,XLYOFNOQVPJJNP-UHFFFAOYSA-N,318.15,395
XLYOFNOQVPJJNP-UHFFFAOYSA-N,XTHFKEDIFFGKHM-UHFFFAOYSA-N,XLYOFNOQVPJJNP-UHFFFAOYSA-N,328.15,396
XLYOFNOQVPJJNP-UHFFFAOYSA-N,XTHFKEDIFFGKHM-UHFFFAOYSA-N,XLYOFNOQVPJJNP-UHFFFAOYSA-N,328.15,397
XLYOFNOQVPJJNP-UHFFFAOYSA-N,XTHFKEDIFFGKHM-UHFFFAOYSA-N,XLYOFNOQVPJJNP-UHFFFAOYSA-N,338.15,398
XLYOFNOQVPJJNP-UHFFFAOYSA-N,XTHFKEDIFFGKHM-UHFFFAOYSA-N,XLYOFNOQVPJJNP-UHFFFAOYSA-N,338.15,399
XLYOFNOQVPJJNP-UHFFFAOYSA-N,XTHFKEDIFFGKHM-UHFFFAOYSA-N,XLYOFNOQVPJJNP-UHFFFAOYSA-N,348.15,400
XLYOFNOQVPJJNP-UHFFFAOYSA-N,XTHFKEDIFFGKHM-UHFFFAOYSA-N,XLYOFNOQVPJJNP-UHFFFAOYSA-N,372.5,401
XLYOFNOQVPJJNP-UHFFFAOYSA-N,XTXRWKRVRITETP-UHFFFAOYSA-N,XLYOFNOQVPJJNP-UHFFFAOYSA-N,273.35,402
XLYOFNOQVPJJNP-UHFFFAOYSA-N,XTXRWKRVRITETP-UHFFFAOYSA-N,XLYOFNOQVPJJNP-UHFFFAOYSA-N,283.15,403
XLYOFNOQVPJJNP-UHFFFAOYSA-N,XTXRWKRVRITETP-UHFFFAOYSA-N,XLYOFNOQVPJJNP-UHFFFAOYSA-N,293.15,404
XLYOFNOQVPJJNP-UHFFFAOYSA-N,XTXRWKRVRITETP-UHFFFAOYSA-N,XLYOFNOQVPJJNP-UHFFFAOYSA-N,298.15,405
XLYOFNOQVPJJNP-UHFFFAOYSA-N,XTXRWKRVRITETP-UHFFFAOYSA-N,XLYOFNOQVPJJNP-UHFFFAOYSA-N,303.15,406
XLYOFNOQVPJJNP-UHFFFAOYSA-N,XTXRWKRVRITETP-UHFFFAOYSA-N,XLYOFNOQVPJJNP-UHFFFAOYSA-N,313.15,407
XLYOFNOQVPJJNP-UHFFFAOYSA-N,XTXRWKRVRITETP-UHFFFAOYSA-N,XLYOFNOQVPJJNP-UHFFFAOYSA-N,323.15,408
XLYOFNOQVPJJNP-UHFFFAOYSA-N,XTXRWKRVRITETP-UHFFFAOYSA-N,XLYOFNOQVPJJNP-UHFFFAOYSA-N,333.15,409
XLYOFNOQVPJJNP-UHFFFAOYSA-N,YKYONYBAUNKHLG-UHFFFAOYSA-N,XLYOFNOQVPJJNP-UHFFFAOYSA-N,273.35,410
XLYOFNOQVPJJNP-UHFFFAOYSA-N,YKYONYBAUNKHLG-UHFFFAOYSA-N,XLYOFNOQVPJJNP-UHFFFAOYSA-N,283.15,411
XLYOFNOQVPJJNP-UHFFFAOYSA-N,YKYONYBAUNKHLG-UHFFFAOYSA-N,XLYOFNOQVPJJNP-UHFFFAOYSA-N,293.15,412
XLYOFNOQVPJJNP-UHFFFAOYSA-N,YKYONYBAUNKHLG-UHFFFAOYSA-N,XLYOFNOQVPJJNP-UHFFFAOYSA-N,293.15,413
XLYOFNOQVPJJNP-UHFFFAOYSA-N,YKYONYBAUNKHLG-UHFFFAOYSA-N,XLYOFNOQVPJJNP-UHFFFAOYSA-N,298.15,414
XLYOFNOQVPJJNP-UHFFFAOYSA-N,YKYONYBAUNKHLG-UHFFFAOYSA-N,XLYOFNOQVPJJNP-UHFFFAOYSA-N,298.15,415
XLYOFNOQVPJJNP-UHFFFAOYSA-N,YKYONYBAUNKHLG-UHFFFAOYSA-N,XLYOFNOQVPJJNP-UHFFFAOYSA-N,303.15,416
XLYOFNOQVPJJNP-UHFFFAOYSA-N,YKYONYBAUNKHLG-UHFFFAOYSA-N,XLYOFNOQVPJJNP-UHFFFAOYSA-N,313.15,417
XLYOFNOQVPJJNP-UHFFFAOYSA-N,YKYONYBAUNKHLG-UHFFFAOYSA-N,XLYOFNOQVPJJNP-UHFFFAOYSA-N,323.15,418
XLYOFNOQVPJJNP-UHFFFAOYSA-N,YKYONYBAUNKHLG-UHFFFAOYSA-N,XLYOFNOQVPJJNP-UHFFFAOYSA-N,333.15,419
XLYOFNOQVPJJNP-UHFFFAOYSA-N,YLQBMQCUIZJEEH-UHFFFAOYSA-N,XLYOFNOQVPJJNP-UHFFFAOYSA-N,298.15,420
XLYOFNOQVPJJNP-UHFFFAOYSA-N,YLQBMQCUIZJEEH-UHFFFAOYSA-N,XLYOFNOQVPJJNP-UHFFFAOYSA-N,299.15,421
XLYOFNOQVPJJNP-UHFFFAOYSA-N,YLQBMQCUIZJEEH-UHFFFAOYSA-N,XLYOFNOQVPJJNP-UHFFFAOYSA-N,301.15,422
XLYOFNOQVPJJNP-UHFFFAOYSA-N,YLQBMQCUIZJEEH-UHFFFAOYSA-N,XLYOFNOQVPJJNP-UHFFFAOYSA-N,303.15,423
XLYOFNOQVPJJNP-UHFFFAOYSA-N,YLQBMQCUIZJEEH-UHFFFAOYSA-N,XLYOFNOQVPJJNP-UHFFFAOYSA-N,305.15,424
XLYOFNOQVPJJNP-UHFFFAOYSA-N,YLQBMQCUIZJEEH-UHFFFAOYSA-N,XLYOFNOQVPJJNP-UHFFFAOYSA-N,306.15,425
XLYOFNOQVPJJNP-UHFFFAOYSA-N,YLQBMQCUIZJEEH-UHFFFAOYSA-N,XLYOFNOQVPJJNP-UHFFFAOYSA-N,308.15,426
XLYOFNOQVPJJNP-UHFFFAOYSA-N,YLQBMQCUIZJEEH-UHFFFAOYSA-N,XLYOFNOQVPJJNP-UHFFFAOYSA-N,311.15,427
XLYOFNOQVPJJNP-UHFFFAOYSA-N,YLQBMQCUIZJEEH-UHFFFAOYSA-N,XLYOFNOQVPJJNP-UHFFFAOYSA-N,313.15,428
XLYOFNOQVPJJNP-UHFFFAOYSA-N,ZMXDDKWLCZADIW-UHFFFAOYSA-N,XLYOFNOQVPJJNP-UHFFFAOYSA-N,343.73,429
XLYOFNOQVPJJNP-UHFFFAOYSA-N,ZMXDDKWLCZADIW-UHFFFAOYSA-N,XLYOFNOQVPJJNP-UHFFFAOYSA-N,349.05,430
XLYOFNOQVPJJNP-UHFFFAOYSA-N,ZMXDDKWLCZADIW-UHFFFAOYSA-N,XLYOFNOQVPJJNP-UHFFFAOYSA-N,353.45,431
XLYOFNOQVPJJNP-UHFFFAOYSA-N,ZMXDDKWLCZADIW-UHFFFAOYSA-N,XLYOFNOQVPJJNP-UHFFFAOYSA-N,357.91,432
XLYOFNOQVPJJNP-UHFFFAOYSA-N,ZMXDDKWLCZADIW-UHFFFAOYSA-N,XLYOFNOQVPJJNP-UHFFFAOYSA-N,358.5,433
XLYOFNOQVPJJNP-UHFFFAOYSA-N,ZMXDDKWLCZADIW-UHFFFAOYSA-N,XLYOFNOQVPJJNP-UHFFFAOYSA-N,363.82,434
XLYOFNOQVPJJNP-UHFFFAOYSA-N,ZMXDDKWLCZADIW-UHFFFAOYSA-N,XLYOFNOQVPJJNP-UHFFFAOYSA-N,368.38,435
XLYOFNOQVPJJNP-UHFFFAOYSA-N,ZMXDDKWLCZADIW-UHFFFAOYSA-N,XLYOFNOQVPJJNP-UHFFFAOYSA-N,371.62,436
XLYOFNOQVPJJNP-UHFFFAOYSA-N,ZMXDDKWLCZADIW-UHFFFAOYSA-N,XLYOFNOQVPJJNP-UHFFFAOYSA-N,372.0,437
XLYOFNOQVPJJNP-UHFFFAOYSA-N,ZWEHNKRNPOVVGH-UHFFFAOYSA-N,XLYOFNOQVPJJNP-UHFFFAOYSA-N,297.85,438
XLYOFNOQVPJJNP-UHFFFAOYSA-N,ZWEHNKRNPOVVGH-UHFFFAOYSA-N,XLYOFNOQVPJJNP-UHFFFAOYSA-N,298.15,439
XLYOFNOQVPJJNP-UHFFFAOYSA-N,ZXEKIIBDNHEJCQ-UHFFFAOYSA-N,XLYOFNOQVPJJNP-UHFFFAOYSA-N,273.35,440
XLYOFNOQVPJJNP-UHFFFAOYSA-N,ZXEKIIBDNHEJCQ-UHFFFAOYSA-N,XLYOFNOQVPJJNP-UHFFFAOYSA-N,283.15,441
XLYOFNOQVPJJNP-UHFFFAOYSA-N,ZXEKIIBDNHEJCQ-UHFFFAOYSA-N,XLYOFNOQVPJJNP-UHFFFAOYSA-N,293.15,442
XLYOFNOQVPJJNP-UHFFFAOYSA-N,ZXEKIIBDNHEJCQ-UHFFFAOYSA-N,XLYOFNOQVPJJNP-UHFFFAOYSA-N,298.15,443
XLYOFNOQVPJJNP-UHFFFAOYSA-N,ZXEKIIBDNHEJCQ-UHFFFAOYSA-N,XLYOFNOQVPJJNP-UHFFFAOYSA-N,303.15,444
XLYOFNOQVPJJNP-UHFFFAOYSA-N,ZXEKIIBDNHEJCQ-UHFFFAOYSA-N,XLYOFNOQVPJJNP-UHFFFAOYSA-N,313.15,445
XLYOFNOQVPJJNP-UHFFFAOYSA-N,ZXEKIIBDNHEJCQ-UHFFFAOYSA-N,XLYOFNOQVPJJNP-UHFFFAOYSA-N,323.15,446
XLYOFNOQVPJJNP-UHFFFAOYSA-N,ZXEKIIBDNHEJCQ-UHFFFAOYSA-N,XLYOFNOQVPJJNP-UHFFFAOYSA-N,333.15,447
XLYOFNOQVPJJNP-UHFFFAOYSA-N,ZXEKIIBDNHEJCQ-UHFFFAOYSA-N,XLYOFNOQVPJJNP-UHFFFAOYSA-N,363.15,448
XLYOFNOQVPJJNP-UHFFFAOYSA-N,ZXEKIIBDNHEJCQ-UHFFFAOYSA-N,XLYOFNOQVPJJNP-UHFFFAOYSA-N,371.15,449
OKKJLVBELUTLKV-UHFFFAOYSA-N,HRYZWHHZPQKTII-UHFFFAOYSA-N,OKKJLVBELUTLKV-UHFFFAOYSA-N,250.06,450
OKKJLVBELUTLKV-UHFFFAOYSA-N,HRYZWHHZPQKTII-UHFFFAOYSA-N,OKKJLVBELUTLKV-UHFFFAOYSA-N,269.96,451
OKKJLVBELUTLKV-UHFFFAOYSA-N,HRYZWHHZPQKTII-UHFFFAOYSA-N,OKKJLVBELUTLKV-UHFFFAOYSA-N,289.99,452
OKKJLVBELUTLKV-UHFFFAOYSA-N,HRYZWHHZPQKTII-UHFFFAOYSA-N,OKKJLVBELUTLKV-UHFFFAOYSA-N,309.99,453
OKKJLVBELUTLKV-UHFFFAOYSA-N,HRYZWHHZPQKTII-UHFFFAOYSA-N,OKKJLVBELUTLKV-UHFFFAOYSA-N,330.0,454
OKKJLVBELUTLKV-UHFFFAOYSA-N,IAQRGUVFOMOMEM-ARJAWSKDSA-N,OKKJLVBELUTLKV-UHFFFAOYSA-N,269.98,455
OKKJLVBELUTLKV-UHFFFAOYSA-N,IAQRGUVFOMOMEM-ARJAWSKDSA-N,OKKJLVBELUTLKV-UHFFFAOYSA-N,289.99,456
OKKJLVBELUTLKV-UHFFFAOYSA-N,IAQRGUVFOMOMEM-ARJAWSKDSA-N,OKKJLVBELUTLKV-UHFFFAOYSA-N,300.0,457
OKKJLVBELUTLKV-UHFFFAOYSA-N,IAQRGUVFOMOMEM-ARJAWSKDSA-N,OKKJLVBELUTLKV-UHFFFAOYSA-N,310.0,458
OKKJLVBELUTLKV-UHFFFAOYSA-N,IAQRGUVFOMOMEM-ARJAWSKDSA-N,OKKJLVBELUTLKV-UHFFFAOYSA-N,320.0,459
OKKJLVBELUTLKV-UHFFFAOYSA-N,IAQRGUVFOMOMEM-ARJAWSKDSA-N,OKKJLVBELUTLKV-UHFFFAOYSA-N,330.0,460
OKKJLVBELUTLKV-UHFFFAOYSA-N,IAQRGUVFOMOMEM-ONEGZZNKSA-N,OKKJLVBELUTLKV-UHFFFAOYSA-N,375.2,461
OKKJLVBELUTLKV-UHFFFAOYSA-N,IAQRGUVFOMOMEM-ONEGZZNKSA-N,OKKJLVBELUTLKV-UHFFFAOYSA-N,394.8,462
OKKJLVBELUTLKV-UHFFFAOYSA-N,IAQRGUVFOMOMEM-ONEGZZNKSA-N,OKKJLVBELUTLKV-UHFFFAOYSA-N,412.6,463
OKKJLVBELUTLKV-UHFFFAOYSA-N,KAKZBPTYRLMSJV-UHFFFAOYSA-N,OKKJLVBELUTLKV-UHFFFAOYSA-N,374.0,464
OKKJLVBELUTLKV-UHFFFAOYSA-N,KAKZBPTYRLMSJV-UHFFFAOYSA-N,OKKJLVBELUTLKV-UHFFFAOYSA-N,393.3,465
OKKJLVBELUTLKV-UHFFFAOYSA-N,KAKZBPTYRLMSJV-UHFFFAOYSA-N,OKKJLVBELUTLKV-UHFFFAOYSA-N,412.5,466
OKKJLVBELUTLKV-UHFFFAOYSA-N,LCGLNKUTAGEVQW-UHFFFAOYSA-N,OKKJLVBELUTLKV-UHFFFAOYSA-N,269.97,467
OKKJLVBELUTLKV-UHFFFAOYSA-N,LCGLNKUTAGEVQW-UHFFFAOYSA-N,OKKJLVBELUTLKV-UHFFFAOYSA-N,289.99,468
OKKJLVBELUTLKV-UHFFFAOYSA-N,LCGLNKUTAGEVQW-UHFFFAOYSA-N,OKKJLVBELUTLKV-UHFFFAOYSA-N,309.99,469
OKKJLVBELUTLKV-UHFFFAOYSA-N,LCGLNKUTAGEVQW-UHFFFAOYSA-N,OKKJLVBELUTLKV-UHFFFAOYSA-N,330.0,470
OKKJLVBELUTLKV-UHFFFAOYSA-N,NPNPZTNLOVBDOC-UHFFFAOYSA-N,OKKJLVBELUTLKV-UHFFFAOYSA-N,269.97,471
OKKJLVBELUTLKV-UHFFFAOYSA-N,NPNPZTNLOVBDOC-UHFFFAOYSA-N,OKKJLVBELUTLKV-UHFFFAOYSA-N,289.99,472
OKKJLVBELUTLKV-UHFFFAOYSA-N,NPNPZTNLOVBDOC-UHFFFAOYSA-N,OKKJLVBELUTLKV-UHFFFAOYSA-N,300.0,473
OKKJLVBELUTLKV-UHFFFAOYSA-N,NPNPZTNLOVBDOC-UHFFFAOYSA-N,OKKJLVBELUTLKV-UHFFFAOYSA-N,310.0,474
OKKJLVBELUTLKV-UHFFFAOYSA-N,NPNPZTNLOVBDOC-UHFFFAOYSA-N,OKKJLVBELUTLKV-UHFFFAOYSA-N,320.0,475
OKKJLVBELUTLKV-UHFFFAOYSA-N,NPNPZTNLOVBDOC-UHFFFAOYSA-N,OKKJLVBELUTLKV-UHFFFAOYSA-N,330.0,476
OKKJLVBELUTLKV-UHFFFAOYSA-N,OKKJLVBELUTLKV-UHFFFAOYSA-N,BTFJIXJJCSYFAL-UHFFFAOYSA-N,338.15,477
OKKJLVBELUTLKV-UHFFFAOYSA-N,OKKJLVBELUTLKV-UHFFFAOYSA-N,BTFJIXJJCSYFAL-UHFFFAOYSA-N,343.15,478
OKKJLVBELUTLKV-UHFFFAOYSA-N,OKKJLVBELUTLKV-UHFFFAOYSA-N,BTFJIXJJCSYFAL-UHFFFAOYSA-N,348.15,479
OKKJLVBELUTLKV-UHFFFAOYSA-N,OKKJLVBELUTLKV-UHFFFAOYSA-N,BTFJIXJJCSYFAL-UHFFFAOYSA-N,353.15,480
OKKJLVBELUTLKV-UHFFFAOYSA-N,OKKJLVBELUTLKV-UHFFFAOYSA-N,DTOSIQBPPRVQHS-PDBXOOCHSA-N,303.13,481
OKKJLVBELUTLKV-UHFFFAOYSA-N,OKKJLVBELUTLKV-UHFFFAOYSA-N,DTOSIQBPPRVQHS-PDBXOOCHSA-N,313.24,482
OKKJLVBELUTLKV-UHFFFAOYSA-N,OKKJLVBELUTLKV-UHFFFAOYSA-N,DTOSIQBPPRVQHS-PDBXOOCHSA-N,323.26,483
OKKJLVBELUTLKV-UHFFFAOYSA-N,OKKJLVBELUTLKV-UHFFFAOYSA-N,GHVNFZFCNZKVNT-UHFFFAOYSA-N,314.24,484
OKKJLVBELUTLKV-UHFFFAOYSA-N,OKKJLVBELUTLKV-UHFFFAOYSA-N,GHVNFZFCNZKVNT-UHFFFAOYSA-N,333.38,485
OKKJLVBELUTLKV-UHFFFAOYSA-N,OKKJLVBELUTLKV-UHFFFAOYSA-N,GHVNFZFCNZKVNT-UHFFFAOYSA-N,353.08,486
OKKJLVBELUTLKV-UHFFFAOYSA-N,OKKJLVBELUTLKV-UHFFFAOYSA-N,GHVNFZFCNZKVNT-UHFFFAOYSA-N,353.3,487
OKKJLVBELUTLKV-UHFFFAOYSA-N,OKKJLVBELUTLKV-UHFFFAOYSA-N,GLDOVTGHNKAZLK-UHFFFAOYSA-N,333.15,488
OKKJLVBELUTLKV-UHFFFAOYSA-N,OKKJLVBELUTLKV-UHFFFAOYSA-N,GLDOVTGHNKAZLK-UHFFFAOYSA-N,338.15,489
OKKJLVBELUTLKV-UHFFFAOYSA-N,OKKJLVBELUTLKV-UHFFFAOYSA-N,GLDOVTGHNKAZLK-UHFFFAOYSA-N,343.15,490
OKKJLVBELUTLKV-UHFFFAOYSA-N,OKKJLVBELUTLKV-UHFFFAOYSA-N,GLDOVTGHNKAZLK-UHFFFAOYSA-N,348.15,491
OKKJLVBELUTLKV-UHFFFAOYSA-N,OKKJLVBELUTLKV-UHFFFAOYSA-N,GLDOVTGHNKAZLK-UHFFFAOYSA-N,353.15,492
OKKJLVBELUTLKV-UHFFFAOYSA-N,OKKJLVBELUTLKV-UHFFFAOYSA-N,IPCSVZSSVZVIGE-UHFFFAOYSA-N,340.17,493
OKKJLVBELUTLKV-UHFFFAOYSA-N,OKKJLVBELUTLKV-UHFFFAOYSA-N,IPCSVZSSVZVIGE-UHFFFAOYSA-N,347.93,494
OKKJLVBELUTLKV-UHFFFAOYSA-N,OKKJLVBELUTLKV-UHFFFAOYSA-N,IPCSVZSSVZVIGE-UHFFFAOYSA-N,358.23,495
OKKJLVBELUTLKV-UHFFFAOYSA-N,OKKJLVBELUTLKV-UHFFFAOYSA-N,MTHSVFCYNBDYFN-UHFFFAOYSA-N,333.2,496
OKKJLVBELUTLKV-UHFFFAOYSA-N,OKKJLVBELUTLKV-UHFFFAOYSA-N,MTHSVFCYNBDYFN-UHFFFAOYSA-N,348.2,497
OKKJLVBELUTLKV-UHFFFAOYSA-N,OKKJLVBELUTLKV-UHFFFAOYSA-N,MTHSVFCYNBDYFN-UHFFFAOYSA-N,363.2,498
OKKJLVBELUTLKV-UHFFFAOYSA-N,OKKJLVBELUTLKV-UHFFFAOYSA-N,OYHQOLUKZRVURQ-HZJYTTRNSA-N,338.28,499
OKKJLVBELUTLKV-UHFFFAOYSA-N,OKKJLVBELUTLKV-UHFFFAOYSA-N,OYHQOLUKZRVURQ-HZJYTTRNSA-N,348.31,500
OKKJLVBELUTLKV-UHFFFAOYSA-N,OKKJLVBELUTLKV-UHFFFAOYSA-N,POULHZVOKOAJMA-UHFFFAOYSA-N,314.1,501
OKKJLVBELUTLKV-UHFFFAOYSA-N,OKKJLVBELUTLKV-UHFFFAOYSA-N,POULHZVOKOAJMA-UHFFFAOYSA-N,328.82,502
OKKJLVBELUTLKV-UHFFFAOYSA-N,OKKJLVBELUTLKV-UHFFFAOYSA-N,POULHZVOKOAJMA-UHFFFAOYSA-N,333.26,503
OKKJLVBELUTLKV-UHFFFAOYSA-N,OKKJLVBELUTLKV-UHFFFAOYSA-N,POULHZVOKOAJMA-UHFFFAOYSA-N,343.65,504
OKKJLVBELUTLKV-UHFFFAOYSA-N,OKKJLVBELUTLKV-UHFFFAOYSA-N,POULHZVOKOAJMA-UHFFFAOYSA-N,353.3,505
OKKJLVBELUTLKV-UHFFFAOYSA-N,OKKJLVBELUTLKV-UHFFFAOYSA-N,PWGJDPKCLMLPJW-UHFFFAOYSA-N,328.15,506
OKKJLVBELUTLKV-UHFFFAOYSA-N,OKKJLVBELUTLKV-UHFFFAOYSA-N,PWGJDPKCLMLPJW-UHFFFAOYSA-N,338.15,507
OKKJLVBELUTLKV-UHFFFAOYSA-N,OKKJLVBELUTLKV-UHFFFAOYSA-N,PWGJDPKCLMLPJW-UHFFFAOYSA-N,343.15,508
OKKJLVBELUTLKV-UHFFFAOYSA-N,OKKJLVBELUTLKV-UHFFFAOYSA-N,PWGJDPKCLMLPJW-UHFFFAOYSA-N,348.15,509
OKKJLVBELUTLKV-UHFFFAOYSA-N,OKKJLVBELUTLKV-UHFFFAOYSA-N,QIQXTHQIDYTFRH-UHFFFAOYSA-N,349.48,510
OKKJLVBELUTLKV-UHFFFAOYSA-N,OKKJLVBELUTLKV-UHFFFAOYSA-N,QIQXTHQIDYTFRH-UHFFFAOYSA-N,358.39,511
OKKJLVBELUTLKV-UHFFFAOYSA-N,OKKJLVBELUTLKV-UHFFFAOYSA-N,QIQXTHQIDYTFRH-UHFFFAOYSA-N,368.13,512
OKKJLVBELUTLKV-UHFFFAOYSA-N,OKKJLVBELUTLKV-UHFFFAOYSA-N,SECXISVLQFMRJM-UHFFFAOYSA-N,333.2,513
OKKJLVBELUTLKV-UHFFFAOYSA-N,OKKJLVBELUTLKV-UHFFFAOYSA-N,SECXISVLQFMRJM-UHFFFAOYSA-N,348.2,514
OKKJLVBELUTLKV-UHFFFAOYSA-N,OKKJLVBELUTLKV-UHFFFAOYSA-N,SECXISVLQFMRJM-UHFFFAOYSA-N,363.2,515
OKKJLVBELUTLKV-UHFFFAOYSA-N,OKKJLVBELUTLKV-UHFFFAOYSA-N,TUNFSRHWOTWDNC-UHFFFAOYSA-N,314.24,516
OKKJLVBELUTLKV-UHFFFAOYSA-N,OKKJLVBELUTLKV-UHFFFAOYSA-N,TUNFSRHWOTWDNC-UHFFFAOYSA-N,333.26,517
OKKJLVBELUTLKV-UHFFFAOYSA-N,OKKJLVBELUTLKV-UHFFFAOYSA-N,TUNFSRHWOTWDNC-UHFFFAOYSA-N,333.38,518
OKKJLVBELUTLKV-UHFFFAOYSA-N,OKKJLVBELUTLKV-UHFFFAOYSA-N,TUNFSRHWOTWDNC-UHFFFAOYSA-N,338.29,519
OKKJLVBELUTLKV-UHFFFAOYSA-N,OKKJLVBELUTLKV-UHFFFAOYSA-N,TUNFSRHWOTWDNC-UHFFFAOYSA-N,353.3,520
OKKJLVBELUTLKV-UHFFFAOYSA-N,OKKJLVBELUTLKV-UHFFFAOYSA-N,TUNFSRHWOTWDNC-UHFFFAOYSA-N,358.31,521
OKKJLVBELUTLKV-UHFFFAOYSA-N,OKKJLVBELUTLKV-UHFFFAOYSA-N,XLYOFNOQVPJJNP-UHFFFAOYSA-N,273.35,522
OKKJLVBELUTLKV-UHFFFAOYSA-N,OKKJLVBELUTLKV-UHFFFAOYSA-N,XLYOFNOQVPJJNP-UHFFFAOYSA-N,283.15,523
OKKJLVBELUTLKV-UHFFFAOYSA-N,OKKJLVBELUTLKV-UHFFFAOYSA-N,XLYOFNOQVPJJNP-UHFFFAOYSA-N,293.15,524
OKKJLVBELUTLKV-UHFFFAOYSA-N,OKKJLVBELUTLKV-UHFFFAOYSA-N,XLYOFNOQVPJJNP-UHFFFAOYSA-N,303.15,525
OKKJLVBELUTLKV-UHFFFAOYSA-N,OKKJLVBELUTLKV-UHFFFAOYSA-N,XLYOFNOQVPJJNP-UHFFFAOYSA-N,308.15,526
OKKJLVBELUTLKV-UHFFFAOYSA-N,OKKJLVBELUTLKV-UHFFFAOYSA-N,XLYOFNOQVPJJNP-UHFFFAOYSA-N,313.15,527
OKKJLVBELUTLKV-UHFFFAOYSA-N,OKKJLVBELUTLKV-UHFFFAOYSA-N,XLYOFNOQVPJJNP-UHFFFAOYSA-N,318.15,528
OKKJLVBELUTLKV-UHFFFAOYSA-N,OKKJLVBELUTLKV-UHFFFAOYSA-N,XLYOFNOQVPJJNP-UHFFFAOYSA-N,323.15,529
OKKJLVBELUTLKV-UHFFFAOYSA-N,OKKJLVBELUTLKV-UHFFFAOYSA-N,XLYOFNOQVPJJNP-UHFFFAOYSA-N,328.15,530
OKKJLVBELUTLKV-UHFFFAOYSA-N,OKKJLVBELUTLKV-UHFFFAOYSA-N,XLYOFNOQVPJJNP-UHFFFAOYSA-N,333.15,531
OKKJLVBELUTLKV-UHFFFAOYSA-N,OKKJLVBELUTLKV-UHFFFAOYSA-N,XLYOFNOQVPJJNP-UHFFFAOYSA-N,358.15,532
OKKJLVBELUTLKV-UHFFFAOYSA-N,OKKJLVBELUTLKV-UHFFFAOYSA-N,XLYOFNOQVPJJNP-UHFFFAOYSA-N,363.15,533
OKKJLVBELUTLKV-UHFFFAOYSA-N,OKKJLVBELUTLKV-UHFFFAOYSA-N,XLYOFNOQVPJJNP-UHFFFAOYSA-N,368.15,534
OKKJLVBELUTLKV-UHFFFAOYSA-N,OKKJLVBELUTLKV-UHFFFAOYSA-N,XLYOFNOQVPJJNP-UHFFFAOYSA-N,372.15,535
OKKJLVBELUTLKV-UHFFFAOYSA-N,OKKJLVBELUTLKV-UHFFFAOYSA-N,YNQLUTRBYVCPMQ-UHFFFAOYSA-N,293.15,536
OKKJLVBELUTLKV-UHFFFAOYSA-N,OKKJLVBELUTLKV-UHFFFAOYSA-N,YNQLUTRBYVCPMQ-UHFFFAOYSA-N,303.15,537
OKKJLVBELUTLKV-UHFFFAOYSA-N,OKKJLVBELUTLKV-UHFFFAOYSA-N,YNQLUTRBYVCPMQ-UHFFFAOYSA-N,313.15,538
OKKJLVBELUTLKV-UHFFFAOYSA-N,OKKJLVBELUTLKV-UHFFFAOYSA-N,YNQLUTRBYVCPMQ-UHFFFAOYSA-N,323.15,539
OKKJLVBELUTLKV-UHFFFAOYSA-N,OKKJLVBELUTLKV-UHFFFAOYSA-N,ZIBGPFATKBEMQZ-UHFFFAOYSA-N,333.2,540
OKKJLVBELUTLKV-UHFFFAOYSA-N,OKKJLVBELUTLKV-UHFFFAOYSA-N,ZIBGPFATKBEMQZ-UHFFFAOYSA-N,348.2,541
OKKJLVBELUTLKV-UHFFFAOYSA-N,VQTUBCCKSQIDNK-UHFFFAOYSA-N,OKKJLVBELUTLKV-UHFFFAOYSA-N,374.0,542
OKKJLVBELUTLKV-UHFFFAOYSA-N,VQTUBCCKSQIDNK-UHFFFAOYSA-N,OKKJLVBELUTLKV-UHFFFAOYSA-N,393.3,543
OKKJLVBELUTLKV-UHFFFAOYSA-N,VQTUBCCKSQIDNK-UHFFFAOYSA-N,OKKJLVBELUTLKV-UHFFFAOYSA-N,412.5,544
OKKJLVBELUTLKV-UHFFFAOYSA-N,VXNZUUAINFGPBY-UHFFFAOYSA-N,OKKJLVBELUTLKV-UHFFFAOYSA-N,374.0,545
OKKJLVBELUTLKV-UHFFFAOYSA-N,VXNZUUAINFGPBY-UHFFFAOYSA-N,OKKJLVBELUTLKV-UHFFFAOYSA-N,394.8,546
OKKJLVBELUTLKV-UHFFFAOYSA-N,VXNZUUAINFGPBY-UHFFFAOYSA-N,OKKJLVBELUTLKV-UHFFFAOYSA-N,412.5,547
OKKJLVBELUTLKV-UHFFFAOYSA-N,YNQLUTRBYVCPMQ-UHFFFAOYSA-N,OKKJLVBELUTLKV-UHFFFAOYSA-N,308.15,548
OKKJLVBELUTLKV-UHFFFAOYSA-N,YNQLUTRBYVCPMQ-UHFFFAOYSA-N,OKKJLVBELUTLKV-UHFFFAOYSA-N,318.15,549
OKKJLVBELUTLKV-UHFFFAOYSA-N,YNQLUTRBYVCPMQ-UHFFFAOYSA-N,OKKJLVBELUTLKV-UHFFFAOYSA-N,328.15,550
OKKJLVBELUTLKV-UHFFFAOYSA-N,YNQLUTRBYVCPMQ-UHFFFAOYSA-N,OKKJLVBELUTLKV-UHFFFAOYSA-N,337.15,551
YXFVVABEGXRONW-UHFFFAOYSA-N,ATUOYWHBWRKTHZ-UHFFFAOYSA-N,YXFVVABEGXRONW-UHFFFAOYSA-N,270.0,552
YXFVVABEGXRONW-UHFFFAOYSA-N,ATUOYWHBWRKTHZ-UHFFFAOYSA-N,YXFVVABEGXRONW-UHFFFAOYSA-N,289.98,553
YXFVVABEGXRONW-UHFFFAOYSA-N,ATUOYWHBWRKTHZ-UHFFFAOYSA-N,YXFVVABEGXRONW-UHFFFAOYSA-N,309.94,554
YXFVVABEGXRONW-UHFFFAOYSA-N,ATUOYWHBWRKTHZ-UHFFFAOYSA-N,YXFVVABEGXRONW-UHFFFAOYSA-N,329.99,555
YXFVVABEGXRONW-UHFFFAOYSA-N,HRYZWHHZPQKTII-UHFFFAOYSA-N,YXFVVABEGXRONW-UHFFFAOYSA-N,250.04,556
YXFVVABEGXRONW-UHFFFAOYSA-N,HRYZWHHZPQKTII-UHFFFAOYSA-N,YXFVVABEGXRONW-UHFFFAOYSA-N,270.2,557
YXFVVABEGXRONW-UHFFFAOYSA-N,HRYZWHHZPQKTII-UHFFFAOYSA-N,YXFVVABEGXRONW-UHFFFAOYSA-N,289.98,558
YXFVVABEGXRONW-UHFFFAOYSA-N,HRYZWHHZPQKTII-UHFFFAOYSA-N,YXFVVABEGXRONW-UHFFFAOYSA-N,309.84,559
YXFVVABEGXRONW-UHFFFAOYSA-N,HRYZWHHZPQKTII-UHFFFAOYSA-N,YXFVVABEGXRONW-UHFFFAOYSA-N,329.99,560
YXFVVABEGXRONW-UHFFFAOYSA-N,IAQRGUVFOMOMEM-ARJAWSKDSA-N,YXFVVABEGXRONW-UHFFFAOYSA-N,270.0,561
YXFVVABEGXRONW-UHFFFAOYSA-N,IAQRGUVFOMOMEM-ARJAWSKDSA-N,YXFVVABEGXRONW-UHFFFAOYSA-N,289.98,562
YXFVVABEGXRONW-UHFFFAOYSA-N,IAQRGUVFOMOMEM-ARJAWSKDSA-N,YXFVVABEGXRONW-UHFFFAOYSA-N,309.94,563
YXFVVABEGXRONW-UHFFFAOYSA-N,IAQRGUVFOMOMEM-ARJAWSKDSA-N,YXFVVABEGXRONW-UHFFFAOYSA-N,329.99,564
YXFVVABEGXRONW-UHFFFAOYSA-N,IAQRGUVFOMOMEM-ONEGZZNKSA-N,YXFVVABEGXRONW-UHFFFAOYSA-N,270.0,565
YXFVVABEGXRONW-UHFFFAOYSA-N,IAQRGUVFOMOMEM-ONEGZZNKSA-N,YXFVVABEGXRONW-UHFFFAOYSA-N,289.98,566
YXFVVABEGXRONW-UHFFFAOYSA-N,IAQRGUVFOMOMEM-ONEGZZNKSA-N,YXFVVABEGXRONW-UHFFFAOYSA-N,309.94,567
YXFVVABEGXRONW-UHFFFAOYSA-N,IAQRGUVFOMOMEM-ONEGZZNKSA-N,YXFVVABEGXRONW-UHFFFAOYSA-N,329.99,568
YXFVVABEGXRONW-UHFFFAOYSA-N,IJDNQMDRQITEOD-UHFFFAOYSA-N,YXFVVABEGXRONW-UHFFFAOYSA-N,270.0,569
YXFVVABEGXRONW-UHFFFAOYSA-N,IJDNQMDRQITEOD-UHFFFAOYSA-N,YXFVVABEGXRONW-UHFFFAOYSA-N,289.98,570
YXFVVABEGXRONW-UHFFFAOYSA-N,IJDNQMDRQITEOD-UHFFFAOYSA-N,YXFVVABEGXRONW-UHFFFAOYSA-N,309.94,571
YXFVVABEGXRONW-UHFFFAOYSA-N,IJDNQMDRQITEOD-UHFFFAOYSA-N,YXFVVABEGXRONW-UHFFFAOYSA-N,329.99,572
YXFVVABEGXRONW-UHFFFAOYSA-N,KAKZBPTYRLMSJV-UHFFFAOYSA-N,YXFVVABEGXRONW-UHFFFAOYSA-N,270.0,573
YXFVVABEGXRONW-UHFFFAOYSA-N,KAKZBPTYRLMSJV-UHFFFAOYSA-N,YXFVVABEGXRONW-UHFFFAOYSA-N,289.98,574
YXFVVABEGXRONW-UHFFFAOYSA-N,KAKZBPTYRLMSJV-UHFFFAOYSA-N,YXFVVABEGXRONW-UHFFFAOYSA-N,309.94,575
YXFVVABEGXRONW-UHFFFAOYSA-N,KAKZBPTYRLMSJV-UHFFFAOYSA-N,YXFVVABEGXRONW-UHFFFAOYSA-N,329.99,576
YXFVVABEGXRONW-UHFFFAOYSA-N,LCGLNKUTAGEVQW-UHFFFAOYSA-N,YXFVVABEGXRONW-UHFFFAOYSA-N,250.04,577
YXFVVABEGXRONW-UHFFFAOYSA-N,LCGLNKUTAGEVQW-UHFFFAOYSA-N,YXFVVABEGXRONW-UHFFFAOYSA-N,270.2,578
YXFVVABEGXRONW-UHFFFAOYSA-N,LCGLNKUTAGEVQW-UHFFFAOYSA-N,YXFVVABEGXRONW-UHFFFAOYSA-N,289.98,579
YXFVVABEGXRONW-UHFFFAOYSA-N,LCGLNKUTAGEVQW-UHFFFAOYSA-N,YXFVVABEGXRONW-UHFFFAOYSA-N,309.84,580
YXFVVABEGXRONW-UHFFFAOYSA-N,LCGLNKUTAGEVQW-UHFFFAOYSA-N,YXFVVABEGXRONW-UHFFFAOYSA-N,329.99,581
YXFVVABEGXRONW-UHFFFAOYSA-N,NNPPMTNAJDCUHE-UHFFFAOYSA-N,YXFVVABEGXRONW-UHFFFAOYSA-N,270.0,582
YXFVVABEGXRONW-UHFFFAOYSA-N,NNPPMTNAJDCUHE-UHFFFAOYSA-N,YXFVVABEGXRONW-UHFFFAOYSA-N,289.98,583
YXFVVABEGXRONW-UHFFFAOYSA-N,NNPPMTNAJDCUHE-UHFFFAOYSA-N,YXFVVABEGXRONW-UHFFFAOYSA-N,309.94,584
YXFVVABEGXRONW-UHFFFAOYSA-N,NNPPMTNAJDCUHE-UHFFFAOYSA-N,YXFVVABEGXRONW-UHFFFAOYSA-N,329.99,585
YXFVVABEGXRONW-UHFFFAOYSA-N,NPNPZTNLOVBDOC-UHFFFAOYSA-N,YXFVVABEGXRONW-UHFFFAOYSA-N,270.0,586
YXFVVABEGXRONW-UHFFFAOYSA-N,NPNPZTNLOVBDOC-UHFFFAOYSA-N,YXFVVABEGXRONW-UHFFFAOYSA-N,289.98,587
YXFVVABEGXRONW-UHFFFAOYSA-N,NPNPZTNLOVBDOC-UHFFFAOYSA-N,YXFVVABEGXRONW-UHFFFAOYSA-N,309.94,588
YXFVVABEGXRONW-UHFFFAOYSA-N,NPNPZTNLOVBDOC-UHFFFAOYSA-N,YXFVVABEGXRONW-UHFFFAOYSA-N,329.99,589
YXFVVABEGXRONW-UHFFFAOYSA-N,PAFZNILMFXTMIY-UHFFFAOYSA-N,YXFVVABEGXRONW-UHFFFAOYSA-N,353.15,590
YXFVVABEGXRONW-UHFFFAOYSA-N,PAFZNILMFXTMIY-UHFFFAOYSA-N,YXFVVABEGXRONW-UHFFFAOYSA-N,373.15,591
YXFVVABEGXRONW-UHFFFAOYSA-N,QQONPFPTGQHPMA-UHFFFAOYSA-N,YXFVVABEGXRONW-UHFFFAOYSA-N,270.0,592
YXFVVABEGXRONW-UHFFFAOYSA-N,QQONPFPTGQHPMA-UHFFFAOYSA-N,YXFVVABEGXRONW-UHFFFAOYSA-N,289.98,593
YXFVVABEGXRONW-UHFFFAOYSA-N,QQONPFPTGQHPMA-UHFFFAOYSA-N,YXFVVABEGXRONW-UHFFFAOYSA-N,309.94,594
YXFVVABEGXRONW-UHFFFAOYSA-N,QQONPFPTGQHPMA-UHFFFAOYSA-N,YXFVVABEGXRONW-UHFFFAOYSA-N,329.99,595
YXFVVABEGXRONW-UHFFFAOYSA-N,VQTUBCCKSQIDNK-UHFFFAOYSA-N,YXFVVABEGXRONW-UHFFFAOYSA-N,270.0,596
YXFVVABEGXRONW-UHFFFAOYSA-N,VQTUBCCKSQIDNK-UHFFFAOYSA-N,YXFVVABEGXRONW-UHFFFAOYSA-N,289.98,597
YXFVVABEGXRONW-UHFFFAOYSA-N,VQTUBCCKSQIDNK-UHFFFAOYSA-N,YXFVVABEGXRONW-UHFFFAOYSA-N,309.94,598
YXFVVABEGXRONW-UHFFFAOYSA-N,VQTUBCCKSQIDNK-UHFFFAOYSA-N,YXFVVABEGXRONW-UHFFFAOYSA-N,329.99,599
YXFVVABEGXRONW-UHFFFAOYSA-N,VXNZUUAINFGPBY-UHFFFAOYSA-N,YXFVVABEGXRONW-UHFFFAOYSA-N,270.0,600
YXFVVABEGXRONW-UHFFFAOYSA-N,VXNZUUAINFGPBY-UHFFFAOYSA-N,YXFVVABEGXRONW-UHFFFAOYSA-N,289.98,601
YXFVVABEGXRONW-UHFFFAOYSA-N,VXNZUUAINFGPBY-UHFFFAOYSA-N,YXFVVABEGXRONW-UHFFFAOYSA-N,309.94,602
YXFVVABEGXRONW-UHFFFAOYSA-N,VXNZUUAINFGPBY-UHFFFAOYSA-N,YXFVVABEGXRONW-UHFFFAOYSA-N,329.99,603
YXFVVABEGXRONW-UHFFFAOYSA-N,YXFVVABEGXRONW-UHFFFAOYSA-N,ATHHXGZTWNVVOU-UHFFFAOYSA-N,298.15,604
YXFVVABEGXRONW-UHFFFAOYSA-N,YXFVVABEGXRONW-UHFFFAOYSA-N,BTFJIXJJCSYFAL-UHFFFAOYSA-N,338.15,605
YXFVVABEGXRONW-UHFFFAOYSA-N,YXFVVABEGXRONW-UHFFFAOYSA-N,BTFJIXJJCSYFAL-UHFFFAOYSA-N,343.15,606
YXFVVABEGXRONW-UHFFFAOYSA-N,YXFVVABEGXRONW-UHFFFAOYSA-N,BTFJIXJJCSYFAL-UHFFFAOYSA-N,348.15,607
YXFVVABEGXRONW-UHFFFAOYSA-N,YXFVVABEGXRONW-UHFFFAOYSA-N,BTFJIXJJCSYFAL-UHFFFAOYSA-N,353.15,608
YXFVVABEGXRONW-UHFFFAOYSA-N,YXFVVABEGXRONW-UHFFFAOYSA-N,CSCPPACGZOOCGX-UHFFFAOYSA-N,298.15,609
YXFVVABEGXRONW-UHFFFAOYSA-N,YXFVVABEGXRONW-UHFFFAOYSA-N,DNIAPMSPPWPWGF-UHFFFAOYSA-N,298.0,610
YXFVVABEGXRONW-UHFFFAOYSA-N,YXFVVABEGXRONW-UHFFFAOYSA-N,DTOSIQBPPRVQHS-PDBXOOCHSA-N,313.25,611
YXFVVABEGXRONW-UHFFFAOYSA-N,YXFVVABEGXRONW-UHFFFAOYSA-N,DTOSIQBPPRVQHS-PDBXOOCHSA-N,323.26,612
YXFVVABEGXRONW-UHFFFAOYSA-N,YXFVVABEGXRONW-UHFFFAOYSA-N,GHVNFZFCNZKVNT-UHFFFAOYSA-N,314.1,613
YXFVVABEGXRONW-UHFFFAOYSA-N,YXFVVABEGXRONW-UHFFFAOYSA-N,GHVNFZFCNZKVNT-UHFFFAOYSA-N,314.24,614
YXFVVABEGXRONW-UHFFFAOYSA-N,YXFVVABEGXRONW-UHFFFAOYSA-N,GHVNFZFCNZKVNT-UHFFFAOYSA-N,333.26,615
YXFVVABEGXRONW-UHFFFAOYSA-N,YXFVVABEGXRONW-UHFFFAOYSA-N,GHVNFZFCNZKVNT-UHFFFAOYSA-N,333.38,616
YXFVVABEGXRONW-UHFFFAOYSA-N,YXFVVABEGXRONW-UHFFFAOYSA-N,GHVNFZFCNZKVNT-UHFFFAOYSA-N,353.25,617
YXFVVABEGXRONW-UHFFFAOYSA-N,YXFVVABEGXRONW-UHFFFAOYSA-N,GHVNFZFCNZKVNT-UHFFFAOYSA-N,353.3,618
YXFVVABEGXRONW-UHFFFAOYSA-N,YXFVVABEGXRONW-UHFFFAOYSA-N,GLDOVTGHNKAZLK-UHFFFAOYSA-N,333.15,619
YXFVVABEGXRONW-UHFFFAOYSA-N,YXFVVABEGXRONW-UHFFFAOYSA-N,GLDOVTGHNKAZLK-UHFFFAOYSA-N,338.15,620
YXFVVABEGXRONW-UHFFFAOYSA-N,YXFVVABEGXRONW-UHFFFAOYSA-N,GLDOVTGHNKAZLK-UHFFFAOYSA-N,343.15,621
YXFVVABEGXRONW-UHFFFAOYSA-N,YXFVVABEGXRONW-UHFFFAOYSA-N,GLDOVTGHNKAZLK-UHFFFAOYSA-N,348.15,622
YXFVVABEGXRONW-UHFFFAOYSA-N,YXFVVABEGXRONW-UHFFFAOYSA-N,GLDOVTGHNKAZLK-UHFFFAOYSA-N,353.15,623
YXFVVABEGXRONW-UHFFFAOYSA-N,YXFVVABEGXRONW-UHFFFAOYSA-N,HXJUTPCZVOIRIF-UHFFFAOYSA-N,333.15,624
YXFVVABEGXRONW-UHFFFAOYSA-N,YXFVVABEGXRONW-UHFFFAOYSA-N,HXJUTPCZVOIRIF-UHFFFAOYSA-N,343.15,625
YXFVVABEGXRONW-UHFFFAOYSA-N,YXFVVABEGXRONW-UHFFFAOYSA-N,HXJUTPCZVOIRIF-UHFFFAOYSA-N,353.15,626
YXFVVABEGXRONW-UHFFFAOYSA-N,YXFVVABEGXRONW-UHFFFAOYSA-N,HXJUTPCZVOIRIF-UHFFFAOYSA-N,363.15,627
YXFVVABEGXRONW-UHFFFAOYSA-N,YXFVVABEGXRONW-UHFFFAOYSA-N,HXJUTPCZVOIRIF-UHFFFAOYSA-N,373.15,628
YXFVVABEGXRONW-UHFFFAOYSA-N,YXFVVABEGXRONW-UHFFFAOYSA-N,HYBBIBNJHNGZAN-UHFFFAOYSA-N,298.15,629
YXFVVABEGXRONW-UHFFFAOYSA-N,YXFVVABEGXRONW-UHFFFAOYSA-N,HYBBIBNJHNGZAN-UHFFFAOYSA-N,298.15,630
YXFVVABEGXRONW-UHFFFAOYSA-N,YXFVVABEGXRONW-UHFFFAOYSA-N,HYBBIBNJHNGZAN-UHFFFAOYSA-N,308.15,631
YXFVVABEGXRONW-UHFFFAOYSA-N,YXFVVABEGXRONW-UHFFFAOYSA-N,HYBBIBNJHNGZAN-UHFFFAOYSA-N,308.15,632
YXFVVABEGXRONW-UHFFFAOYSA-N,YXFVVABEGXRONW-UHFFFAOYSA-N,HYBBIBNJHNGZAN-UHFFFAOYSA-N,318.15,633
YXFVVABEGXRONW-UHFFFAOYSA-N,YXFVVABEGXRONW-UHFFFAOYSA-N,HYBBIBNJHNGZAN-UHFFFAOYSA-N,318.15,634
YXFVVABEGXRONW-UHFFFAOYSA-N,YXFVVABEGXRONW-UHFFFAOYSA-N,IPCSVZSSVZVIGE-UHFFFAOYSA-N,340.19,635
YXFVVABEGXRONW-UHFFFAOYSA-N,YXFVVABEGXRONW-UHFFFAOYSA-N,IPCSVZSSVZVIGE-UHFFFAOYSA-N,348.01,636
YXFVVABEGXRONW-UHFFFAOYSA-N,YXFVVABEGXRONW-UHFFFAOYSA-N,IPCSVZSSVZVIGE-UHFFFAOYSA-N,358.22,637
YXFVVABEGXRONW-UHFFFAOYSA-N,YXFVVABEGXRONW-UHFFFAOYSA-N,LYCAIKOWRPUZTN-UHFFFAOYSA-N,298.0,638
YXFVVABEGXRONW-UHFFFAOYSA-N,YXFVVABEGXRONW-UHFFFAOYSA-N,MTHSVFCYNBDYFN-UHFFFAOYSA-N,333.2,639
YXFVVABEGXRONW-UHFFFAOYSA-N,YXFVVABEGXRONW-UHFFFAOYSA-N,MTHSVFCYNBDYFN-UHFFFAOYSA-N,348.2,640
YXFVVABEGXRONW-UHFFFAOYSA-N,YXFVVABEGXRONW-UHFFFAOYSA-N,MTHSVFCYNBDYFN-UHFFFAOYSA-N,363.2,641
YXFVVABEGXRONW-UHFFFAOYSA-N,YXFVVABEGXRONW-UHFFFAOYSA-N,OYHQOLUKZRVURQ-HZJYTTRNSA-N,338.28,642
YXFVVABEGXRONW-UHFFFAOYSA-N,YXFVVABEGXRONW-UHFFFAOYSA-N,OYHQOLUKZRVURQ-HZJYTTRNSA-N,338.28,643
YXFVVABEGXRONW-UHFFFAOYSA-N,YXFVVABEGXRONW-UHFFFAOYSA-N,OYHQOLUKZRVURQ-HZJYTTRNSA-N,348.31,644
YXFVVABEGXRONW-UHFFFAOYSA-N,YXFVVABEGXRONW-UHFFFAOYSA-N,OYHQOLUKZRVURQ-HZJYTTRNSA-N,348.28,645
YXFVVABEGXRONW-UHFFFAOYSA-N,YXFVVABEGXRONW-UHFFFAOYSA-N,OYHQOLUKZRVURQ-HZJYTTRNSA-N,358.3,646
YXFVVABEGXRONW-UHFFFAOYSA-N,YXFVVABEGXRONW-UHFFFAOYSA-N,PAFZNILMFXTMIY-UHFFFAOYSA-N,353.15,647
YXFVVABEGXRONW-UHFFFAOYSA-N,YXFVVABEGXRONW-UHFFFAOYSA-N,PAFZNILMFXTMIY-UHFFFAOYSA-N,373.15,648
YXFVVABEGXRONW-UHFFFAOYSA-N,YXFVVABEGXRONW-UHFFFAOYSA-N,PAFZNILMFXTMIY-UHFFFAOYSA-N,393.15,649
YXFVVABEGXRONW-UHFFFAOYSA-N,YXFVVABEGXRONW-UHFFFAOYSA-N,PEDCQBHIVMGVHV-UHFFFAOYSA-N,303.15,650
YXFVVABEGXRONW-UHFFFAOYSA-N,YXFVVABEGXRONW-UHFFFAOYSA-N,PEDCQBHIVMGVHV-UHFFFAOYSA-N,313.15,651
YXFVVABEGXRONW-UHFFFAOYSA-N,YXFVVABEGXRONW-UHFFFAOYSA-N,PEDCQBHIVMGVHV-UHFFFAOYSA-N,323.15,652
YXFVVABEGXRONW-UHFFFAOYSA-N,YXFVVABEGXRONW-UHFFFAOYSA-N,PEDCQBHIVMGVHV-UHFFFAOYSA-N,333.15,653
YXFVVABEGXRONW-UHFFFAOYSA-N,YXFVVABEGXRONW-UHFFFAOYSA-N,PEDCQBHIVMGVHV-UHFFFAOYSA-N,343.15,654
YXFVVABEGXRONW-UHFFFAOYSA-N,YXFVVABEGXRONW-UHFFFAOYSA-N,POULHZVOKOAJMA-UHFFFAOYSA-N,314.1,655
YXFVVABEGXRONW-UHFFFAOYSA-N,YXFVVABEGXRONW-UHFFFAOYSA-N,POULHZVOKOAJMA-UHFFFAOYSA-N,314.24,656
YXFVVABEGXRONW-UHFFFAOYSA-N,YXFVVABEGXRONW-UHFFFAOYSA-N,POULHZVOKOAJMA-UHFFFAOYSA-N,333.26,657
YXFVVABEGXRONW-UHFFFAOYSA-N,YXFVVABEGXRONW-UHFFFAOYSA-N,POULHZVOKOAJMA-UHFFFAOYSA-N,333.38,658
YXFVVABEGXRONW-UHFFFAOYSA-N,YXFVVABEGXRONW-UHFFFAOYSA-N,POULHZVOKOAJMA-UHFFFAOYSA-N,353.3,659
YXFVVABEGXRONW-UHFFFAOYSA-N,YXFVVABEGXRONW-UHFFFAOYSA-N,PWGJDPKCLMLPJW-UHFFFAOYSA-N,328.15,660
YXFVVABEGXRONW-UHFFFAOYSA-N,YXFVVABEGXRONW-UHFFFAOYSA-N,PWGJDPKCLMLPJW-UHFFFAOYSA-N,338.15,661
YXFVVABEGXRONW-UHFFFAOYSA-N,YXFVVABEGXRONW-UHFFFAOYSA-N,PWGJDPKCLMLPJW-UHFFFAOYSA-N,343.15,662
YXFVVABEGXRONW-UHFFFAOYSA-N,YXFVVABEGXRONW-UHFFFAOYSA-N,PWGJDPKCLMLPJW-UHFFFAOYSA-N,348.15,663
YXFVVABEGXRONW-UHFFFAOYSA-N,YXFVVABEGXRONW-UHFFFAOYSA-N,QIQXTHQIDYTFRH-UHFFFAOYSA-N,349.47,664
YXFVVABEGXRONW-UHFFFAOYSA-N,YXFVVABEGXRONW-UHFFFAOYSA-N,QIQXTHQIDYTFRH-UHFFFAOYSA-N,349.48,665
YXFVVABEGXRONW-UHFFFAOYSA-N,YXFVVABEGXRONW-UHFFFAOYSA-N,QIQXTHQIDYTFRH-UHFFFAOYSA-N,358.39,666
YXFVVABEGXRONW-UHFFFAOYSA-N,YXFVVABEGXRONW-UHFFFAOYSA-N,QIQXTHQIDYTFRH-UHFFFAOYSA-N,368.13,667
YXFVVABEGXRONW-UHFFFAOYSA-N,YXFVVABEGXRONW-UHFFFAOYSA-N,SECXISVLQFMRJM-UHFFFAOYSA-N,333.2,668
YXFVVABEGXRONW-UHFFFAOYSA-N,YXFVVABEGXRONW-UHFFFAOYSA-N,SECXISVLQFMRJM-UHFFFAOYSA-N,348.2,669
YXFVVABEGXRONW-UHFFFAOYSA-N,YXFVVABEGXRONW-UHFFFAOYSA-N,SECXISVLQFMRJM-UHFFFAOYSA-N,363.2,670
YXFVVABEGXRONW-UHFFFAOYSA-N,YXFVVABEGXRONW-UHFFFAOYSA-N,TUNFSRHWOTWDNC-UHFFFAOYSA-N,338.27,671
YXFVVABEGXRONW-UHFFFAOYSA-N,YXFVVABEGXRONW-UHFFFAOYSA-N,TUNFSRHWOTWDNC-UHFFFAOYSA-N,338.29,672
YXFVVABEGXRONW-UHFFFAOYSA-N,YXFVVABEGXRONW-UHFFFAOYSA-N,TUNFSRHWOTWDNC-UHFFFAOYSA-N,348.2,673
YXFVVABEGXRONW-UHFFFAOYSA-N,YXFVVABEGXRONW-UHFFFAOYSA-N,TUNFSRHWOTWDNC-UHFFFAOYSA-N,358.33,674
YXFVVABEGXRONW-UHFFFAOYSA-N,YXFVVABEGXRONW-UHFFFAOYSA-N,UWHCKJMYHZGTIT-UHFFFAOYSA-N,333.15,675
YXFVVABEGXRONW-UHFFFAOYSA-N,YXFVVABEGXRONW-UHFFFAOYSA-N,UWHCKJMYHZGTIT-UHFFFAOYSA-N,353.15,676
YXFVVABEGXRONW-UHFFFAOYSA-N,YXFVVABEGXRONW-UHFFFAOYSA-N,UWHCKJMYHZGTIT-UHFFFAOYSA-N,363.15,677
YXFVVABEGXRONW-UHFFFAOYSA-N,YXFVVABEGXRONW-UHFFFAOYSA-N,UWHCKJMYHZGTIT-UHFFFAOYSA-N,373.15,678
YXFVVABEGXRONW-UHFFFAOYSA-N,YXFVVABEGXRONW-UHFFFAOYSA-N,UWHCKJMYHZGTIT-UHFFFAOYSA-N,383.15,679
YXFVVABEGXRONW-UHFFFAOYSA-N,YXFVVABEGXRONW-UHFFFAOYSA-N,UWHCKJMYHZGTIT-UHFFFAOYSA-N,393.15,680
YXFVVABEGXRONW-UHFFFAOYSA-N,YXFVVABEGXRONW-UHFFFAOYSA-N,UWHCKJMYHZGTIT-UHFFFAOYSA-N,403.15,681
YXFVVABEGXRONW-UHFFFAOYSA-N,YXFVVABEGXRONW-UHFFFAOYSA-N,WEVYAHXRMPXWCK-UHFFFAOYSA-N,298.15,682
YXFVVABEGXRONW-UHFFFAOYSA-N,YXFVVABEGXRONW-UHFFFAOYSA-N,XNWFRZJHXBZDAG-UHFFFAOYSA-N,298.0,683
YXFVVABEGXRONW-UHFFFAOYSA-N,YXFVVABEGXRONW-UHFFFAOYSA-N,ZHNUHDYFZUAESO-UHFFFAOYSA-N,298.0,684
YXFVVABEGXRONW-UHFFFAOYSA-N,YXFVVABEGXRONW-UHFFFAOYSA-N,ZIBGPFATKBEMQZ-UHFFFAOYSA-N,323.15,685
YXFVVABEGXRONW-UHFFFAOYSA-N,YXFVVABEGXRONW-UHFFFAOYSA-N,ZIBGPFATKBEMQZ-UHFFFAOYSA-N,333.2,686
YXFVVABEGXRONW-UHFFFAOYSA-N,YXFVVABEGXRONW-UHFFFAOYSA-N,ZIBGPFATKBEMQZ-UHFFFAOYSA-N,333.15,687
YXFVVABEGXRONW-UHFFFAOYSA-N,YXFVVABEGXRONW-UHFFFAOYSA-N,ZIBGPFATKBEMQZ-UHFFFAOYSA-N,343.15,688
YXFVVABEGXRONW-UHFFFAOYSA-N,YXFVVABEGXRONW-UHFFFAOYSA-N,ZIBGPFATKBEMQZ-UHFFFAOYSA-N,348.2,689
YXFVVABEGXRONW-UHFFFAOYSA-N,YXFVVABEGXRONW-UHFFFAOYSA-N,ZIBGPFATKBEMQZ-UHFFFAOYSA-N,353.15,690
YXFVVABEGXRONW-UHFFFAOYSA-N,YXFVVABEGXRONW-UHFFFAOYSA-N,ZIBGPFATKBEMQZ-UHFFFAOYSA-N,363.2,691
YXFVVABEGXRONW-UHFFFAOYSA-N,YXFVVABEGXRONW-UHFFFAOYSA-N,ZIBGPFATKBEMQZ-UHFFFAOYSA-N,363.15,692
YXFVVABEGXRONW-UHFFFAOYSA-N,YXFVVABEGXRONW-UHFFFAOYSA-N,ZIBGPFATKBEMQZ-UHFFFAOYSA-N,373.15,693
YXFVVABEGXRONW-UHFFFAOYSA-N,YXFVVABEGXRONW-UHFFFAOYSA-N,ZIBGPFATKBEMQZ-UHFFFAOYSA-N,383.15,694
YXFVVABEGXRONW-UHFFFAOYSA-N,YXFVVABEGXRONW-UHFFFAOYSA-N,ZIBGPFATKBEMQZ-UHFFFAOYSA-N,393.15,695
IMNFDUFMRHMDMM-UHFFFAOYSA-N,BDERNNFJNOPAEC-UHFFFAOYSA-N,IMNFDUFMRHMDMM-UHFFFAOYSA-N,303.15,696
IMNFDUFMRHMDMM-UHFFFAOYSA-N,BDERNNFJNOPAEC-UHFFFAOYSA-N,IMNFDUFMRHMDMM-UHFFFAOYSA-N,313.15,697
IMNFDUFMRHMDMM-UHFFFAOYSA-N,BDERNNFJNOPAEC-UHFFFAOYSA-N,IMNFDUFMRHMDMM-UHFFFAOYSA-N,323.15,698
IMNFDUFMRHMDMM-UHFFFAOYSA-N,BDERNNFJNOPAEC-UHFFFAOYSA-N,IMNFDUFMRHMDMM-UHFFFAOYSA-N,333.15,699
IMNFDUFMRHMDMM-UHFFFAOYSA-N,BDERNNFJNOPAEC-UHFFFAOYSA-N,IMNFDUFMRHMDMM-UHFFFAOYSA-N,343.15,700
IMNFDUFMRHMDMM-UHFFFAOYSA-N,IMNFDUFMRHMDMM-UHFFFAOYSA-N,ATHHXGZTWNVVOU-UHFFFAOYSA-N,298.15,701
IMNFDUFMRHMDMM-UHFFFAOYSA-N,IMNFDUFMRHMDMM-UHFFFAOYSA-N,DNIAPMSPPWPWGF-UHFFFAOYSA-N,298.0,702
IMNFDUFMRHMDMM-UHFFFAOYSA-N,IMNFDUFMRHMDMM-UHFFFAOYSA-N,DTOSIQBPPRVQHS-PDBXOOCHSA-N,303.13,703
IMNFDUFMRHMDMM-UHFFFAOYSA-N,IMNFDUFMRHMDMM-UHFFFAOYSA-N,DTOSIQBPPRVQHS-PDBXOOCHSA-N,313.25,704
IMNFDUFMRHMDMM-UHFFFAOYSA-N,IMNFDUFMRHMDMM-UHFFFAOYSA-N,DTOSIQBPPRVQHS-PDBXOOCHSA-N,323.26,705
IMNFDUFMRHMDMM-UHFFFAOYSA-N,IMNFDUFMRHMDMM-UHFFFAOYSA-N,GHVNFZFCNZKVNT-UHFFFAOYSA-N,314.1,706
IMNFDUFMRHMDMM-UHFFFAOYSA-N,IMNFDUFMRHMDMM-UHFFFAOYSA-N,GHVNFZFCNZKVNT-UHFFFAOYSA-N,314.24,707
IMNFDUFMRHMDMM-UHFFFAOYSA-N,IMNFDUFMRHMDMM-UHFFFAOYSA-N,GHVNFZFCNZKVNT-UHFFFAOYSA-N,333.26,708
IMNFDUFMRHMDMM-UHFFFAOYSA-N,IMNFDUFMRHMDMM-UHFFFAOYSA-N,GHVNFZFCNZKVNT-UHFFFAOYSA-N,333.38,709
IMNFDUFMRHMDMM-UHFFFAOYSA-N,IMNFDUFMRHMDMM-UHFFFAOYSA-N,GHVNFZFCNZKVNT-UHFFFAOYSA-N,353.3,710
IMNFDUFMRHMDMM-UHFFFAOYSA-N,IMNFDUFMRHMDMM-UHFFFAOYSA-N,HXJUTPCZVOIRIF-UHFFFAOYSA-N,333.15,711
IMNFDUFMRHMDMM-UHFFFAOYSA-N,IMNFDUFMRHMDMM-UHFFFAOYSA-N,HXJUTPCZVOIRIF-UHFFFAOYSA-N,343.15,712
IMNFDUFMRHMDMM-UHFFFAOYSA-N,IMNFDUFMRHMDMM-UHFFFAOYSA-N,HXJUTPCZVOIRIF-UHFFFAOYSA-N,353.15,713
IMNFDUFMRHMDMM-UHFFFAOYSA-N,IMNFDUFMRHMDMM-UHFFFAOYSA-N,HXJUTPCZVOIRIF-UHFFFAOYSA-N,363.15,714
IMNFDUFMRHMDMM-UHFFFAOYSA-N,IMNFDUFMRHMDMM-UHFFFAOYSA-N,HXJUTPCZVOIRIF-UHFFFAOYSA-N,373.15,715
IMNFDUFMRHMDMM-UHFFFAOYSA-N,IMNFDUFMRHMDMM-UHFFFAOYSA-N,HYBBIBNJHNGZAN-UHFFFAOYSA-N,298.15,716
IMNFDUFMRHMDMM-UHFFFAOYSA-N,IMNFDUFMRHMDMM-UHFFFAOYSA-N,HYBBIBNJHNGZAN-UHFFFAOYSA-N,298.15,717
IMNFDUFMRHMDMM-UHFFFAOYSA-N,IMNFDUFMRHMDMM-UHFFFAOYSA-N,HYBBIBNJHNGZAN-UHFFFAOYSA-N,308.15,718
IMNFDUFMRHMDMM-UHFFFAOYSA-N,IMNFDUFMRHMDMM-UHFFFAOYSA-N,HYBBIBNJHNGZAN-UHFFFAOYSA-N,308.15,719
IMNFDUFMRHMDMM-UHFFFAOYSA-N,IMNFDUFMRHMDMM-UHFFFAOYSA-N,HYBBIBNJHNGZAN-UHFFFAOYSA-N,318.15,720
IMNFDUFMRHMDMM-UHFFFAOYSA-N,IMNFDUFMRHMDMM-UHFFFAOYSA-N,HYBBIBNJHNGZAN-UHFFFAOYSA-N,318.15,721
IMNFDUFMRHMDMM-UHFFFAOYSA-N,IMNFDUFMRHMDMM-UHFFFAOYSA-N,IAZDPXIOMUYVGZ-UHFFFAOYSA-N,298.15,722
IMNFDUFMRHMDMM-UHFFFAOYSA-N,IMNFDUFMRHMDMM-UHFFFAOYSA-N,IPCSVZSSVZVIGE-UHFFFAOYSA-N,340.19,723
IMNFDUFMRHMDMM-UHFFFAOYSA-N,IMNFDUFMRHMDMM-UHFFFAOYSA-N,IPCSVZSSVZVIGE-UHFFFAOYSA-N,348.01,724
IMNFDUFMRHMDMM-UHFFFAOYSA-N,IMNFDUFMRHMDMM-UHFFFAOYSA-N,IPCSVZSSVZVIGE-UHFFFAOYSA-N,358.22,725
IMNFDUFMRHMDMM-UHFFFAOYSA-N,IMNFDUFMRHMDMM-UHFFFAOYSA-N,JUJWROOIHBZHMG-UHFFFAOYSA-N,298.15,726
IMNFDUFMRHMDMM-UHFFFAOYSA-N,IMNFDUFMRHMDMM-UHFFFAOYSA-N,LYCAIKOWRPUZTN-UHFFFAOYSA-N,303.15,727
IMNFDUFMRHMDMM-UHFFFAOYSA-N,IMNFDUFMRHMDMM-UHFFFAOYSA-N,LYCAIKOWRPUZTN-UHFFFAOYSA-N,313.15,728
IMNFDUFMRHMDMM-UHFFFAOYSA-N,IMNFDUFMRHMDMM-UHFFFAOYSA-N,LYCAIKOWRPUZTN-UHFFFAOYSA-N,323.15,729
IMNFDUFMRHMDMM-UHFFFAOYSA-N,IMNFDUFMRHMDMM-UHFFFAOYSA-N,MTHSVFCYNBDYFN-UHFFFAOYSA-N,304.15,730
IMNFDUFMRHMDMM-UHFFFAOYSA-N,IMNFDUFMRHMDMM-UHFFFAOYSA-N,MTHSVFCYNBDYFN-UHFFFAOYSA-N,313.15,731
IMNFDUFMRHMDMM-UHFFFAOYSA-N,IMNFDUFMRHMDMM-UHFFFAOYSA-N,MTHSVFCYNBDYFN-UHFFFAOYSA-N,323.15,732
IMNFDUFMRHMDMM-UHFFFAOYSA-N,IMNFDUFMRHMDMM-UHFFFAOYSA-N,MTHSVFCYNBDYFN-UHFFFAOYSA-N,333.2,733
IMNFDUFMRHMDMM-UHFFFAOYSA-N,IMNFDUFMRHMDMM-UHFFFAOYSA-N,MTHSVFCYNBDYFN-UHFFFAOYSA-N,348.2,734
IMNFDUFMRHMDMM-UHFFFAOYSA-N,IMNFDUFMRHMDMM-UHFFFAOYSA-N,MTHSVFCYNBDYFN-UHFFFAOYSA-N,363.2,735
IMNFDUFMRHMDMM-UHFFFAOYSA-N,IMNFDUFMRHMDMM-UHFFFAOYSA-N,OYHQOLUKZRVURQ-HZJYTTRNSA-N,338.28,736
IMNFDUFMRHMDMM-UHFFFAOYSA-N,IMNFDUFMRHMDMM-UHFFFAOYSA-N,OYHQOLUKZRVURQ-HZJYTTRNSA-N,348.31,737
IMNFDUFMRHMDMM-UHFFFAOYSA-N,IMNFDUFMRHMDMM-UHFFFAOYSA-N,OYHQOLUKZRVURQ-HZJYTTRNSA-N,348.28,738
IMNFDUFMRHMDMM-UHFFFAOYSA-N,IMNFDUFMRHMDMM-UHFFFAOYSA-N,OYHQOLUKZRVURQ-HZJYTTRNSA-N,358.3,739
IMNFDUFMRHMDMM-UHFFFAOYSA-N,IMNFDUFMRHMDMM-UHFFFAOYSA-N,PEDCQBHIVMGVHV-UHFFFAOYSA-N,303.15,740
IMNFDUFMRHMDMM-UHFFFAOYSA-N,IMNFDUFMRHMDMM-UHFFFAOYSA-N,PEDCQBHIVMGVHV-UHFFFAOYSA-N,313.15,741
IMNFDUFMRHMDMM-UHFFFAOYSA-N,IMNFDUFMRHMDMM-UHFFFAOYSA-N,PEDCQBHIVMGVHV-UHFFFAOYSA-N,323.15,742
IMNFDUFMRHMDMM-UHFFFAOYSA-N,IMNFDUFMRHMDMM-UHFFFAOYSA-N,PEDCQBHIVMGVHV-UHFFFAOYSA-N,333.15,743
IMNFDUFMRHMDMM-UHFFFAOYSA-N,IMNFDUFMRHMDMM-UHFFFAOYSA-N,PEDCQBHIVMGVHV-UHFFFAOYSA-N,343.15,744
IMNFDUFMRHMDMM-UHFFFAOYSA-N,IMNFDUFMRHMDMM-UHFFFAOYSA-N,POULHZVOKOAJMA-UHFFFAOYSA-N,314.1,745
IMNFDUFMRHMDMM-UHFFFAOYSA-N,IMNFDUFMRHMDMM-UHFFFAOYSA-N,POULHZVOKOAJMA-UHFFFAOYSA-N,314.24,746
IMNFDUFMRHMDMM-UHFFFAOYSA-N,IMNFDUFMRHMDMM-UHFFFAOYSA-N,POULHZVOKOAJMA-UHFFFAOYSA-N,333.26,747
IMNFDUFMRHMDMM-UHFFFAOYSA-N,IMNFDUFMRHMDMM-UHFFFAOYSA-N,POULHZVOKOAJMA-UHFFFAOYSA-N,333.38,748
IMNFDUFMRHMDMM-UHFFFAOYSA-N,IMNFDUFMRHMDMM-UHFFFAOYSA-N,POULHZVOKOAJMA-UHFFFAOYSA-N,353.25,749
IMNFDUFMRHMDMM-UHFFFAOYSA-N,IMNFDUFMRHMDMM-UHFFFAOYSA-N,POULHZVOKOAJMA-UHFFFAOYSA-N,353.3,750
IMNFDUFMRHMDMM-UHFFFAOYSA-N,IMNFDUFMRHMDMM-UHFFFAOYSA-N,PWGJDPKCLMLPJW-UHFFFAOYSA-N,328.15,751
IMNFDUFMRHMDMM-UHFFFAOYSA-N,IMNFDUFMRHMDMM-UHFFFAOYSA-N,PWGJDPKCLMLPJW-UHFFFAOYSA-N,338.15,752
IMNFDUFMRHMDMM-UHFFFAOYSA-N,IMNFDUFMRHMDMM-UHFFFAOYSA-N,PWGJDPKCLMLPJW-UHFFFAOYSA-N,343.15,753
IMNFDUFMRHMDMM-UHFFFAOYSA-N,IMNFDUFMRHMDMM-UHFFFAOYSA-N,PWGJDPKCLMLPJW-UHFFFAOYSA-N,348.15,754
IMNFDUFMRHMDMM-UHFFFAOYSA-N,IMNFDUFMRHMDMM-UHFFFAOYSA-N,QIQXTHQIDYTFRH-UHFFFAOYSA-N,349.47,755
IMNFDUFMRHMDMM-UHFFFAOYSA-N,IMNFDUFMRHMDMM-UHFFFAOYSA-N,QIQXTHQIDYTFRH-UHFFFAOYSA-N,358.4,756
IMNFDUFMRHMDMM-UHFFFAOYSA-N,IMNFDUFMRHMDMM-UHFFFAOYSA-N,QIQXTHQIDYTFRH-UHFFFAOYSA-N,368.13,757
IMNFDUFMRHMDMM-UHFFFAOYSA-N,IMNFDUFMRHMDMM-UHFFFAOYSA-N,SECXISVLQFMRJM-UHFFFAOYSA-N,333.2,758
IMNFDUFMRHMDMM-UHFFFAOYSA-N,IMNFDUFMRHMDMM-UHFFFAOYSA-N,SECXISVLQFMRJM-UHFFFAOYSA-N,348.2,759
IMNFDUFMRHMDMM-UHFFFAOYSA-N,IMNFDUFMRHMDMM-UHFFFAOYSA-N,SECXISVLQFMRJM-UHFFFAOYSA-N,363.2,760
IMNFDUFMRHMDMM-UHFFFAOYSA-N,IMNFDUFMRHMDMM-UHFFFAOYSA-N,TUNFSRHWOTWDNC-UHFFFAOYSA-N,314.1,761
IMNFDUFMRHMDMM-UHFFFAOYSA-N,IMNFDUFMRHMDMM-UHFFFAOYSA-N,TUNFSRHWOTWDNC-UHFFFAOYSA-N,314.24,762
IMNFDUFMRHMDMM-UHFFFAOYSA-N,IMNFDUFMRHMDMM-UHFFFAOYSA-N,TUNFSRHWOTWDNC-UHFFFAOYSA-N,333.38,763
IMNFDUFMRHMDMM-UHFFFAOYSA-N,IMNFDUFMRHMDMM-UHFFFAOYSA-N,TUNFSRHWOTWDNC-UHFFFAOYSA-N,353.25,764
IMNFDUFMRHMDMM-UHFFFAOYSA-N,IMNFDUFMRHMDMM-UHFFFAOYSA-N,TUNFSRHWOTWDNC-UHFFFAOYSA-N,353.3,765
IMNFDUFMRHMDMM-UHFFFAOYSA-N,IMNFDUFMRHMDMM-UHFFFAOYSA-N,UWHCKJMYHZGTIT-UHFFFAOYSA-N,333.15,766
IMNFDUFMRHMDMM-UHFFFAOYSA-N,IMNFDUFMRHMDMM-UHFFFAOYSA-N,UWHCKJMYHZGTIT-UHFFFAOYSA-N,353.15,767
IMNFDUFMRHMDMM-UHFFFAOYSA-N,IMNFDUFMRHMDMM-UHFFFAOYSA-N,UWHCKJMYHZGTIT-UHFFFAOYSA-N,363.15,768
IMNFDUFMRHMDMM-UHFFFAOYSA-N,IMNFDUFMRHMDMM-UHFFFAOYSA-N,UWHCKJMYHZGTIT-UHFFFAOYSA-N,373.15,769
IMNFDUFMRHMDMM-UHFFFAOYSA-N,IMNFDUFMRHMDMM-UHFFFAOYSA-N,UWHCKJMYHZGTIT-UHFFFAOYSA-N,383.15,770
IMNFDUFMRHMDMM-UHFFFAOYSA-N,IMNFDUFMRHMDMM-UHFFFAOYSA-N,UWHCKJMYHZGTIT-UHFFFAOYSA-N,393.15,771
IMNFDUFMRHMDMM-UHFFFAOYSA-N,IMNFDUFMRHMDMM-UHFFFAOYSA-N,UWHCKJMYHZGTIT-UHFFFAOYSA-N,403.15,772
IMNFDUFMRHMDMM-UHFFFAOYSA-N,IMNFDUFMRHMDMM-UHFFFAOYSA-N,XNWFRZJHXBZDAG-UHFFFAOYSA-N,298.0,773
IMNFDUFMRHMDMM-UHFFFAOYSA-N,IMNFDUFMRHMDMM-UHFFFAOYSA-N,ZIBGPFATKBEMQZ-UHFFFAOYSA-N,323.15,774
IMNFDUFMRHMDMM-UHFFFAOYSA-N,IMNFDUFMRHMDMM-UHFFFAOYSA-N,ZIBGPFATKBEMQZ-UHFFFAOYSA-N,333.2,775
IMNFDUFMRHMDMM-UHFFFAOYSA-N,IMNFDUFMRHMDMM-UHFFFAOYSA-N,ZIBGPFATKBEMQZ-UHFFFAOYSA-N,333.15,776
IMNFDUFMRHMDMM-UHFFFAOYSA-N,IMNFDUFMRHMDMM-UHFFFAOYSA-N,ZIBGPFATKBEMQZ-UHFFFAOYSA-N,343.15,777
IMNFDUFMRHMDMM-UHFFFAOYSA-N,IMNFDUFMRHMDMM-UHFFFAOYSA-N,ZIBGPFATKBEMQZ-UHFFFAOYSA-N,348.2,778
IMNFDUFMRHMDMM-UHFFFAOYSA-N,IMNFDUFMRHMDMM-UHFFFAOYSA-N,ZIBGPFATKBEMQZ-UHFFFAOYSA-N,353.15,779
IMNFDUFMRHMDMM-UHFFFAOYSA-N,IMNFDUFMRHMDMM-UHFFFAOYSA-N,ZIBGPFATKBEMQZ-UHFFFAOYSA-N,363.2,780
IMNFDUFMRHMDMM-UHFFFAOYSA-N,IMNFDUFMRHMDMM-UHFFFAOYSA-N,ZIBGPFATKBEMQZ-UHFFFAOYSA-N,363.15,781
IMNFDUFMRHMDMM-UHFFFAOYSA-N,IMNFDUFMRHMDMM-UHFFFAOYSA-N,ZIBGPFATKBEMQZ-UHFFFAOYSA-N,373.15,782
IMNFDUFMRHMDMM-UHFFFAOYSA-N,IMNFDUFMRHMDMM-UHFFFAOYSA-N,ZIBGPFATKBEMQZ-UHFFFAOYSA-N,383.15,783
IMNFDUFMRHMDMM-UHFFFAOYSA-N,IMNFDUFMRHMDMM-UHFFFAOYSA-N,ZIBGPFATKBEMQZ-UHFFFAOYSA-N,393.15,784
IMNFDUFMRHMDMM-UHFFFAOYSA-N,IMNFDUFMRHMDMM-UHFFFAOYSA-N,ZQPPMHVWECSIRJ-KTKRTIGZSA-N,338.36,785
IMNFDUFMRHMDMM-UHFFFAOYSA-N,IMNFDUFMRHMDMM-UHFFFAOYSA-N,ZQPPMHVWECSIRJ-KTKRTIGZSA-N,348.29,786
IMNFDUFMRHMDMM-UHFFFAOYSA-N,IMNFDUFMRHMDMM-UHFFFAOYSA-N,ZQPPMHVWECSIRJ-KTKRTIGZSA-N,348.36,787
IMNFDUFMRHMDMM-UHFFFAOYSA-N,IMNFDUFMRHMDMM-UHFFFAOYSA-N,ZQPPMHVWECSIRJ-KTKRTIGZSA-N,358.28,788
IMNFDUFMRHMDMM-UHFFFAOYSA-N,LRHPLDYGYMQRHN-UHFFFAOYSA-N,IMNFDUFMRHMDMM-UHFFFAOYSA-N,303.15,789
IMNFDUFMRHMDMM-UHFFFAOYSA-N,LRHPLDYGYMQRHN-UHFFFAOYSA-N,IMNFDUFMRHMDMM-UHFFFAOYSA-N,313.15,790
IMNFDUFMRHMDMM-UHFFFAOYSA-N,LRHPLDYGYMQRHN-UHFFFAOYSA-N,IMNFDUFMRHMDMM-UHFFFAOYSA-N,323.15,791
IMNFDUFMRHMDMM-UHFFFAOYSA-N,LRHPLDYGYMQRHN-UHFFFAOYSA-N,IMNFDUFMRHMDMM-UHFFFAOYSA-N,333.15,792
IMNFDUFMRHMDMM-UHFFFAOYSA-N,LRHPLDYGYMQRHN-UHFFFAOYSA-N,IMNFDUFMRHMDMM-UHFFFAOYSA-N,343.15,793
UHOVQNZJYSORNB-UHFFFAOYSA-N,ATUOYWHBWRKTHZ-UHFFFAOYSA-N,UHOVQNZJYSORNB-UHFFFAOYSA-N,279.99,794
UHOVQNZJYSORNB-UHFFFAOYSA-N,ATUOYWHBWRKTHZ-UHFFFAOYSA-N,UHOVQNZJYSORNB-UHFFFAOYSA-N,289.99,795
UHOVQNZJYSORNB-UHFFFAOYSA-N,ATUOYWHBWRKTHZ-UHFFFAOYSA-N,UHOVQNZJYSORNB-UHFFFAOYSA-N,309.99,796
UHOVQNZJYSORNB-UHFFFAOYSA-N,ATUOYWHBWRKTHZ-UHFFFAOYSA-N,UHOVQNZJYSORNB-UHFFFAOYSA-N,329.99,797
UHOVQNZJYSORNB-UHFFFAOYSA-N,HRYZWHHZPQKTII-UHFFFAOYSA-N,UHOVQNZJYSORNB-UHFFFAOYSA-N,279.95,798
UHOVQNZJYSORNB-UHFFFAOYSA-N,HRYZWHHZPQKTII-UHFFFAOYSA-N,UHOVQNZJYSORNB-UHFFFAOYSA-N,289.97,799
UHOVQNZJYSORNB-UHFFFAOYSA-N,HRYZWHHZPQKTII-UHFFFAOYSA-N,UHOVQNZJYSORNB-UHFFFAOYSA-N,309.98,800
UHOVQNZJYSORNB-UHFFFAOYSA-N,HRYZWHHZPQKTII-UHFFFAOYSA-N,UHOVQNZJYSORNB-UHFFFAOYSA-N,329.99,801
UHOVQNZJYSORNB-UHFFFAOYSA-N,IAQRGUVFOMOMEM-ARJAWSKDSA-N,UHOVQNZJYSORNB-UHFFFAOYSA-N,279.99,802
UHOVQNZJYSORNB-UHFFFAOYSA-N,IAQRGUVFOMOMEM-ARJAWSKDSA-N,UHOVQNZJYSORNB-UHFFFAOYSA-N,289.99,803
UHOVQNZJYSORNB-UHFFFAOYSA-N,IAQRGUVFOMOMEM-ARJAWSKDSA-N,UHOVQNZJYSORNB-UHFFFAOYSA-N,309.99,804
UHOVQNZJYSORNB-UHFFFAOYSA-N,IAQRGUVFOMOMEM-ARJAWSKDSA-N,UHOVQNZJYSORNB-UHFFFAOYSA-N,329.99,805
UHOVQNZJYSORNB-UHFFFAOYSA-N,IAQRGUVFOMOMEM-ONEGZZNKSA-N,UHOVQNZJYSORNB-UHFFFAOYSA-N,279.99,806
UHOVQNZJYSORNB-UHFFFAOYSA-N,IAQRGUVFOMOMEM-ONEGZZNKSA-N,UHOVQNZJYSORNB-UHFFFAOYSA-N,289.99,807
UHOVQNZJYSORNB-UHFFFAOYSA-N,IAQRGUVFOMOMEM-ONEGZZNKSA-N,UHOVQNZJYSORNB-UHFFFAOYSA-N,309.99,808
UHOVQNZJYSORNB-UHFFFAOYSA-N,IAQRGUVFOMOMEM-ONEGZZNKSA-N,UHOVQNZJYSORNB-UHFFFAOYSA-N,329.99,809
UHOVQNZJYSORNB-UHFFFAOYSA-N,IJDNQMDRQITEOD-UHFFFAOYSA-N,UHOVQNZJYSORNB-UHFFFAOYSA-N,279.99,810
UHOVQNZJYSORNB-UHFFFAOYSA-N,IJDNQMDRQITEOD-UHFFFAOYSA-N,UHOVQNZJYSORNB-UHFFFAOYSA-N,289.99,811
UHOVQNZJYSORNB-UHFFFAOYSA-N,IJDNQMDRQITEOD-UHFFFAOYSA-N,UHOVQNZJYSORNB-UHFFFAOYSA-N,309.99,812
UHOVQNZJYSORNB-UHFFFAOYSA-N,IJDNQMDRQITEOD-UHFFFAOYSA-N,UHOVQNZJYSORNB-UHFFFAOYSA-N,329.99,813
UHOVQNZJYSORNB-UHFFFAOYSA-N,KAKZBPTYRLMSJV-UHFFFAOYSA-N,UHOVQNZJYSORNB-UHFFFAOYSA-N,279.99,814
UHOVQNZJYSORNB-UHFFFAOYSA-N,KAKZBPTYRLMSJV-UHFFFAOYSA-N,UHOVQNZJYSORNB-UHFFFAOYSA-N,289.99,815
UHOVQNZJYSORNB-UHFFFAOYSA-N,KAKZBPTYRLMSJV-UHFFFAOYSA-N,UHOVQNZJYSORNB-UHFFFAOYSA-N,309.99,816
UHOVQNZJYSORNB-UHFFFAOYSA-N,KAKZBPTYRLMSJV-UHFFFAOYSA-N,UHOVQNZJYSORNB-UHFFFAOYSA-N,329.99,817
UHOVQNZJYSORNB-UHFFFAOYSA-N,LCGLNKUTAGEVQW-UHFFFAOYSA-N,UHOVQNZJYSORNB-UHFFFAOYSA-N,279.95,818
UHOVQNZJYSORNB-UHFFFAOYSA-N,LCGLNKUTAGEVQW-UHFFFAOYSA-N,UHOVQNZJYSORNB-UHFFFAOYSA-N,289.97,819
UHOVQNZJYSORNB-UHFFFAOYSA-N,LCGLNKUTAGEVQW-UHFFFAOYSA-N,UHOVQNZJYSORNB-UHFFFAOYSA-N,309.98,820
UHOVQNZJYSORNB-UHFFFAOYSA-N,LCGLNKUTAGEVQW-UHFFFAOYSA-N,UHOVQNZJYSORNB-UHFFFAOYSA-N,329.99,821
UHOVQNZJYSORNB-UHFFFAOYSA-N,NNPPMTNAJDCUHE-UHFFFAOYSA-N,UHOVQNZJYSORNB-UHFFFAOYSA-N,279.99,822
UHOVQNZJYSORNB-UHFFFAOYSA-N,NNPPMTNAJDCUHE-UHFFFAOYSA-N,UHOVQNZJYSORNB-UHFFFAOYSA-N,289.99,823
UHOVQNZJYSORNB-UHFFFAOYSA-N,NNPPMTNAJDCUHE-UHFFFAOYSA-N,UHOVQNZJYSORNB-UHFFFAOYSA-N,309.99,824
UHOVQNZJYSORNB-UHFFFAOYSA-N,NNPPMTNAJDCUHE-UHFFFAOYSA-N,UHOVQNZJYSORNB-UHFFFAOYSA-N,329.99,825
UHOVQNZJYSORNB-UHFFFAOYSA-N,NPNPZTNLOVBDOC-UHFFFAOYSA-N,UHOVQNZJYSORNB-UHFFFAOYSA-N,279.99,826
UHOVQNZJYSORNB-UHFFFAOYSA-N,NPNPZTNLOVBDOC-UHFFFAOYSA-N,UHOVQNZJYSORNB-UHFFFAOYSA-N,289.99,827
UHOVQNZJYSORNB-UHFFFAOYSA-N,NPNPZTNLOVBDOC-UHFFFAOYSA-N,UHOVQNZJYSORNB-UHFFFAOYSA-N,309.99,828
UHOVQNZJYSORNB-UHFFFAOYSA-N,NPNPZTNLOVBDOC-UHFFFAOYSA-N,UHOVQNZJYSORNB-UHFFFAOYSA-N,329.99,829
UHOVQNZJYSORNB-UHFFFAOYSA-N,QQONPFPTGQHPMA-UHFFFAOYSA-N,UHOVQNZJYSORNB-UHFFFAOYSA-N,279.99,830
UHOVQNZJYSORNB-UHFFFAOYSA-N,QQONPFPTGQHPMA-UHFFFAOYSA-N,UHOVQNZJYSORNB-UHFFFAOYSA-N,289.99,831
UHOVQNZJYSORNB-UHFFFAOYSA-N,QQONPFPTGQHPMA-UHFFFAOYSA-N,UHOVQNZJYSORNB-UHFFFAOYSA-N,309.99,832
UHOVQNZJYSORNB-UHFFFAOYSA-N,QQONPFPTGQHPMA-UHFFFAOYSA-N,UHOVQNZJYSORNB-UHFFFAOYSA-N,329.99,833
UHOVQNZJYSORNB-UHFFFAOYSA-N,UHOVQNZJYSORNB-UHFFFAOYSA-N,ATHHXGZTWNVVOU-UHFFFAOYSA-N,298.15,834
UHOVQNZJYSORNB-UHFFFAOYSA-N,UHOVQNZJYSORNB-UHFFFAOYSA-N,DHKHKXVYLBGOIT-UHFFFAOYSA-N,293.21,835
UHOVQNZJYSORNB-UHFFFAOYSA-N,UHOVQNZJYSORNB-UHFFFAOYSA-N,DHKHKXVYLBGOIT-UHFFFAOYSA-N,303.16,836
UHOVQNZJYSORNB-UHFFFAOYSA-N,UHOVQNZJYSORNB-UHFFFAOYSA-N,DHKHKXVYLBGOIT-UHFFFAOYSA-N,313.11,837
UHOVQNZJYSORNB-UHFFFAOYSA-N,UHOVQNZJYSORNB-UHFFFAOYSA-N,DHKHKXVYLBGOIT-UHFFFAOYSA-N,323.13,838
UHOVQNZJYSORNB-UHFFFAOYSA-N,UHOVQNZJYSORNB-UHFFFAOYSA-N,DNIAPMSPPWPWGF-UHFFFAOYSA-N,298.0,839
UHOVQNZJYSORNB-UHFFFAOYSA-N,UHOVQNZJYSORNB-UHFFFAOYSA-N,HXJUTPCZVOIRIF-UHFFFAOYSA-N,333.15,840
UHOVQNZJYSORNB-UHFFFAOYSA-N,UHOVQNZJYSORNB-UHFFFAOYSA-N,HXJUTPCZVOIRIF-UHFFFAOYSA-N,343.15,841
UHOVQNZJYSORNB-UHFFFAOYSA-N,UHOVQNZJYSORNB-UHFFFAOYSA-N,HXJUTPCZVOIRIF-UHFFFAOYSA-N,353.15,842
UHOVQNZJYSORNB-UHFFFAOYSA-N,UHOVQNZJYSORNB-UHFFFAOYSA-N,HXJUTPCZVOIRIF-UHFFFAOYSA-N,363.15,843
UHOVQNZJYSORNB-UHFFFAOYSA-N,UHOVQNZJYSORNB-UHFFFAOYSA-N,HXJUTPCZVOIRIF-UHFFFAOYSA-N,373.15,844
UHOVQNZJYSORNB-UHFFFAOYSA-N,UHOVQNZJYSORNB-UHFFFAOYSA-N,HYBBIBNJHNGZAN-UHFFFAOYSA-N,298.15,845
UHOVQNZJYSORNB-UHFFFAOYSA-N,UHOVQNZJYSORNB-UHFFFAOYSA-N,HYBBIBNJHNGZAN-UHFFFAOYSA-N,298.15,846
UHOVQNZJYSORNB-UHFFFAOYSA-N,UHOVQNZJYSORNB-UHFFFAOYSA-N,HYBBIBNJHNGZAN-UHFFFAOYSA-N,308.15,847
UHOVQNZJYSORNB-UHFFFAOYSA-N,UHOVQNZJYSORNB-UHFFFAOYSA-N,HYBBIBNJHNGZAN-UHFFFAOYSA-N,308.15,848
UHOVQNZJYSORNB-UHFFFAOYSA-N,UHOVQNZJYSORNB-UHFFFAOYSA-N,HYBBIBNJHNGZAN-UHFFFAOYSA-N,318.15,849
UHOVQNZJYSORNB-UHFFFAOYSA-N,UHOVQNZJYSORNB-UHFFFAOYSA-N,HYBBIBNJHNGZAN-UHFFFAOYSA-N,318.15,850
UHOVQNZJYSORNB-UHFFFAOYSA-N,UHOVQNZJYSORNB-UHFFFAOYSA-N,IAZDPXIOMUYVGZ-UHFFFAOYSA-N,298.15,851
UHOVQNZJYSORNB-UHFFFAOYSA-N,UHOVQNZJYSORNB-UHFFFAOYSA-N,LYCAIKOWRPUZTN-UHFFFAOYSA-N,298.0,852
UHOVQNZJYSORNB-UHFFFAOYSA-N,UHOVQNZJYSORNB-UHFFFAOYSA-N,MTHSVFCYNBDYFN-UHFFFAOYSA-N,333.2,853
UHOVQNZJYSORNB-UHFFFAOYSA-N,UHOVQNZJYSORNB-UHFFFAOYSA-N,MTHSVFCYNBDYFN-UHFFFAOYSA-N,348.2,854
UHOVQNZJYSORNB-UHFFFAOYSA-N,UHOVQNZJYSORNB-UHFFFAOYSA-N,MTHSVFCYNBDYFN-UHFFFAOYSA-N,363.2,855
UHOVQNZJYSORNB-UHFFFAOYSA-N,UHOVQNZJYSORNB-UHFFFAOYSA-N,PEDCQBHIVMGVHV-UHFFFAOYSA-N,303.15,856
UHOVQNZJYSORNB-UHFFFAOYSA-N,UHOVQNZJYSORNB-UHFFFAOYSA-N,PEDCQBHIVMGVHV-UHFFFAOYSA-N,313.15,857
UHOVQNZJYSORNB-UHFFFAOYSA-N,UHOVQNZJYSORNB-UHFFFAOYSA-N,PEDCQBHIVMGVHV-UHFFFAOYSA-N,323.15,858
UHOVQNZJYSORNB-UHFFFAOYSA-N,UHOVQNZJYSORNB-UHFFFAOYSA-N,PEDCQBHIVMGVHV-UHFFFAOYSA-N,333.15,859
UHOVQNZJYSORNB-UHFFFAOYSA-N,UHOVQNZJYSORNB-UHFFFAOYSA-N,PEDCQBHIVMGVHV-UHFFFAOYSA-N,343.15,860
UHOVQNZJYSORNB-UHFFFAOYSA-N,UHOVQNZJYSORNB-UHFFFAOYSA-N,PWGJDPKCLMLPJW-UHFFFAOYSA-N,328.15,861
UHOVQNZJYSORNB-UHFFFAOYSA-N,UHOVQNZJYSORNB-UHFFFAOYSA-N,PWGJDPKCLMLPJW-UHFFFAOYSA-N,338.15,862
UHOVQNZJYSORNB-UHFFFAOYSA-N,UHOVQNZJYSORNB-UHFFFAOYSA-N,PWGJDPKCLMLPJW-UHFFFAOYSA-N,343.15,863
UHOVQNZJYSORNB-UHFFFAOYSA-N,UHOVQNZJYSORNB-UHFFFAOYSA-N,PWGJDPKCLMLPJW-UHFFFAOYSA-N,348.15,864
UHOVQNZJYSORNB-UHFFFAOYSA-N,UHOVQNZJYSORNB-UHFFFAOYSA-N,SECXISVLQFMRJM-UHFFFAOYSA-N,333.2,865
UHOVQNZJYSORNB-UHFFFAOYSA-N,UHOVQNZJYSORNB-UHFFFAOYSA-N,SECXISVLQFMRJM-UHFFFAOYSA-N,348.2,866
UHOVQNZJYSORNB-UHFFFAOYSA-N,UHOVQNZJYSORNB-UHFFFAOYSA-N,SECXISVLQFMRJM-UHFFFAOYSA-N,363.2,867
UHOVQNZJYSORNB-UHFFFAOYSA-N,UHOVQNZJYSORNB-UHFFFAOYSA-N,UWHCKJMYHZGTIT-UHFFFAOYSA-N,333.15,868
UHOVQNZJYSORNB-UHFFFAOYSA-N,UHOVQNZJYSORNB-UHFFFAOYSA-N,UWHCKJMYHZGTIT-UHFFFAOYSA-N,353.15,869
UHOVQNZJYSORNB-UHFFFAOYSA-N,UHOVQNZJYSORNB-UHFFFAOYSA-N,UWHCKJMYHZGTIT-UHFFFAOYSA-N,363.15,870
UHOVQNZJYSORNB-UHFFFAOYSA-N,UHOVQNZJYSORNB-UHFFFAOYSA-N,UWHCKJMYHZGTIT-UHFFFAOYSA-N,373.15,871
UHOVQNZJYSORNB-UHFFFAOYSA-N,UHOVQNZJYSORNB-UHFFFAOYSA-N,UWHCKJMYHZGTIT-UHFFFAOYSA-N,383.15,872
UHOVQNZJYSORNB-UHFFFAOYSA-N,UHOVQNZJYSORNB-UHFFFAOYSA-N,UWHCKJMYHZGTIT-UHFFFAOYSA-N,393.15,873
UHOVQNZJYSORNB-UHFFFAOYSA-N,UHOVQNZJYSORNB-UHFFFAOYSA-N,UWHCKJMYHZGTIT-UHFFFAOYSA-N,403.15,874
UHOVQNZJYSORNB-UHFFFAOYSA-N,UHOVQNZJYSORNB-UHFFFAOYSA-N,XNWFRZJHXBZDAG-UHFFFAOYSA-N,298.0,875
UHOVQNZJYSORNB-UHFFFAOYSA-N,UHOVQNZJYSORNB-UHFFFAOYSA-N,ZHNUHDYFZUAESO-UHFFFAOYSA-N,298.0,876
UHOVQNZJYSORNB-UHFFFAOYSA-N,UHOVQNZJYSORNB-UHFFFAOYSA-N,ZIBGPFATKBEMQZ-UHFFFAOYSA-N,323.15,877
UHOVQNZJYSORNB-UHFFFAOYSA-N,UHOVQNZJYSORNB-UHFFFAOYSA-N,ZIBGPFATKBEMQZ-UHFFFAOYSA-N,333.2,878
UHOVQNZJYSORNB-UHFFFAOYSA-N,UHOVQNZJYSORNB-UHFFFAOYSA-N,ZIBGPFATKBEMQZ-UHFFFAOYSA-N,333.15,879
UHOVQNZJYSORNB-UHFFFAOYSA-N,UHOVQNZJYSORNB-UHFFFAOYSA-N,ZIBGPFATKBEMQZ-UHFFFAOYSA-N,343.15,880
UHOVQNZJYSORNB-UHFFFAOYSA-N,UHOVQNZJYSORNB-UHFFFAOYSA-N,ZIBGPFATKBEMQZ-UHFFFAOYSA-N,348.2,881
UHOVQNZJYSORNB-UHFFFAOYSA-N,UHOVQNZJYSORNB-UHFFFAOYSA-N,ZIBGPFATKBEMQZ-UHFFFAOYSA-N,353.15,882
UHOVQNZJYSORNB-UHFFFAOYSA-N,UHOVQNZJYSORNB-UHFFFAOYSA-N,ZIBGPFATKBEMQZ-UHFFFAOYSA-N,363.2,883
UHOVQNZJYSORNB-UHFFFAOYSA-N,UHOVQNZJYSORNB-UHFFFAOYSA-N,ZIBGPFATKBEMQZ-UHFFFAOYSA-N,363.15,884
UHOVQNZJYSORNB-UHFFFAOYSA-N,UHOVQNZJYSORNB-UHFFFAOYSA-N,ZIBGPFATKBEMQZ-UHFFFAOYSA-N,373.15,885
UHOVQNZJYSORNB-UHFFFAOYSA-N,UHOVQNZJYSORNB-UHFFFAOYSA-N,ZIBGPFATKBEMQZ-UHFFFAOYSA-N,383.15,886
UHOVQNZJYSORNB-UHFFFAOYSA-N,UHOVQNZJYSORNB-UHFFFAOYSA-N,ZIBGPFATKBEMQZ-UHFFFAOYSA-N,393.15,887
UHOVQNZJYSORNB-UHFFFAOYSA-N,VQTUBCCKSQIDNK-UHFFFAOYSA-N,UHOVQNZJYSORNB-UHFFFAOYSA-N,279.99,888
UHOVQNZJYSORNB-UHFFFAOYSA-N,VQTUBCCKSQIDNK-UHFFFAOYSA-N,UHOVQNZJYSORNB-UHFFFAOYSA-N,289.99,889
UHOVQNZJYSORNB-UHFFFAOYSA-N,VQTUBCCKSQIDNK-UHFFFAOYSA-N,UHOVQNZJYSORNB-UHFFFAOYSA-N,309.99,890
UHOVQNZJYSORNB-UHFFFAOYSA-N,VQTUBCCKSQIDNK-UHFFFAOYSA-N,UHOVQNZJYSORNB-UHFFFAOYSA-N,329.99,891
UHOVQNZJYSORNB-UHFFFAOYSA-N,VXNZUUAINFGPBY-UHFFFAOYSA-N,UHOVQNZJYSORNB-UHFFFAOYSA-N,279.99,892
UHOVQNZJYSORNB-UHFFFAOYSA-N,VXNZUUAINFGPBY-UHFFFAOYSA-N,UHOVQNZJYSORNB-UHFFFAOYSA-N,289.99,893
UHOVQNZJYSORNB-UHFFFAOYSA-N,VXNZUUAINFGPBY-UHFFFAOYSA-N,UHOVQNZJYSORNB-UHFFFAOYSA-N,309.99,894
UHOVQNZJYSORNB-UHFFFAOYSA-N,VXNZUUAINFGPBY-UHFFFAOYSA-N,UHOVQNZJYSORNB-UHFFFAOYSA-N,329.99,895
LRHPLDYGYMQRHN-UHFFFAOYSA-N,ATUOYWHBWRKTHZ-UHFFFAOYSA-N,LRHPLDYGYMQRHN-UHFFFAOYSA-N,250.01,896
LRHPLDYGYMQRHN-UHFFFAOYSA-N,ATUOYWHBWRKTHZ-UHFFFAOYSA-N,LRHPLDYGYMQRHN-UHFFFAOYSA-N,270.0,897
LRHPLDYGYMQRHN-UHFFFAOYSA-N,ATUOYWHBWRKTHZ-UHFFFAOYSA-N,LRHPLDYGYMQRHN-UHFFFAOYSA-N,290.01,898
LRHPLDYGYMQRHN-UHFFFAOYSA-N,ATUOYWHBWRKTHZ-UHFFFAOYSA-N,LRHPLDYGYMQRHN-UHFFFAOYSA-N,310.0,899
LRHPLDYGYMQRHN-UHFFFAOYSA-N,ATUOYWHBWRKTHZ-UHFFFAOYSA-N,LRHPLDYGYMQRHN-UHFFFAOYSA-N,330.0,900
LRHPLDYGYMQRHN-UHFFFAOYSA-N,HRYZWHHZPQKTII-UHFFFAOYSA-N,LRHPLDYGYMQRHN-UHFFFAOYSA-N,270.01,901
LRHPLDYGYMQRHN-UHFFFAOYSA-N,HRYZWHHZPQKTII-UHFFFAOYSA-N,LRHPLDYGYMQRHN-UHFFFAOYSA-N,289.99,902
LRHPLDYGYMQRHN-UHFFFAOYSA-N,HRYZWHHZPQKTII-UHFFFAOYSA-N,LRHPLDYGYMQRHN-UHFFFAOYSA-N,309.99,903
LRHPLDYGYMQRHN-UHFFFAOYSA-N,HRYZWHHZPQKTII-UHFFFAOYSA-N,LRHPLDYGYMQRHN-UHFFFAOYSA-N,329.93,904
LRHPLDYGYMQRHN-UHFFFAOYSA-N,IAQRGUVFOMOMEM-ARJAWSKDSA-N,LRHPLDYGYMQRHN-UHFFFAOYSA-N,270.01,905
LRHPLDYGYMQRHN-UHFFFAOYSA-N,IAQRGUVFOMOMEM-ARJAWSKDSA-N,LRHPLDYGYMQRHN-UHFFFAOYSA-N,289.99,906
LRHPLDYGYMQRHN-UHFFFAOYSA-N,IAQRGUVFOMOMEM-ARJAWSKDSA-N,LRHPLDYGYMQRHN-UHFFFAOYSA-N,309.99,907
LRHPLDYGYMQRHN-UHFFFAOYSA-N,IAQRGUVFOMOMEM-ARJAWSKDSA-N,LRHPLDYGYMQRHN-UHFFFAOYSA-N,329.93,908
LRHPLDYGYMQRHN-UHFFFAOYSA-N,IAQRGUVFOMOMEM-ONEGZZNKSA-N,LRHPLDYGYMQRHN-UHFFFAOYSA-N,250.01,909
LRHPLDYGYMQRHN-UHFFFAOYSA-N,IAQRGUVFOMOMEM-ONEGZZNKSA-N,LRHPLDYGYMQRHN-UHFFFAOYSA-N,270.0,910
LRHPLDYGYMQRHN-UHFFFAOYSA-N,IAQRGUVFOMOMEM-ONEGZZNKSA-N,LRHPLDYGYMQRHN-UHFFFAOYSA-N,290.01,911
LRHPLDYGYMQRHN-UHFFFAOYSA-N,IAQRGUVFOMOMEM-ONEGZZNKSA-N,LRHPLDYGYMQRHN-UHFFFAOYSA-N,310.0,912
LRHPLDYGYMQRHN-UHFFFAOYSA-N,IAQRGUVFOMOMEM-ONEGZZNKSA-N,LRHPLDYGYMQRHN-UHFFFAOYSA-N,330.0,913
LRHPLDYGYMQRHN-UHFFFAOYSA-N,IJDNQMDRQITEOD-UHFFFAOYSA-N,LRHPLDYGYMQRHN-UHFFFAOYSA-N,250.01,914
LRHPLDYGYMQRHN-UHFFFAOYSA-N,IJDNQMDRQITEOD-UHFFFAOYSA-N,LRHPLDYGYMQRHN-UHFFFAOYSA-N,270.04,915
LRHPLDYGYMQRHN-UHFFFAOYSA-N,IJDNQMDRQITEOD-UHFFFAOYSA-N,LRHPLDYGYMQRHN-UHFFFAOYSA-N,290.01,916
LRHPLDYGYMQRHN-UHFFFAOYSA-N,IJDNQMDRQITEOD-UHFFFAOYSA-N,LRHPLDYGYMQRHN-UHFFFAOYSA-N,310.01,917
LRHPLDYGYMQRHN-UHFFFAOYSA-N,IJDNQMDRQITEOD-UHFFFAOYSA-N,LRHPLDYGYMQRHN-UHFFFAOYSA-N,330.0,918
LRHPLDYGYMQRHN-UHFFFAOYSA-N,KAKZBPTYRLMSJV-UHFFFAOYSA-N,LRHPLDYGYMQRHN-UHFFFAOYSA-N,250.01,919
LRHPLDYGYMQRHN-UHFFFAOYSA-N,KAKZBPTYRLMSJV-UHFFFAOYSA-N,LRHPLDYGYMQRHN-UHFFFAOYSA-N,270.04,920
LRHPLDYGYMQRHN-UHFFFAOYSA-N,KAKZBPTYRLMSJV-UHFFFAOYSA-N,LRHPLDYGYMQRHN-UHFFFAOYSA-N,290.01,921
LRHPLDYGYMQRHN-UHFFFAOYSA-N,KAKZBPTYRLMSJV-UHFFFAOYSA-N,LRHPLDYGYMQRHN-UHFFFAOYSA-N,310.01,922
LRHPLDYGYMQRHN-UHFFFAOYSA-N,KAKZBPTYRLMSJV-UHFFFAOYSA-N,LRHPLDYGYMQRHN-UHFFFAOYSA-N,330.0,923
LRHPLDYGYMQRHN-UHFFFAOYSA-N,LCGLNKUTAGEVQW-UHFFFAOYSA-N,LRHPLDYGYMQRHN-UHFFFAOYSA-N,269.94,924
LRHPLDYGYMQRHN-UHFFFAOYSA-N,LCGLNKUTAGEVQW-UHFFFAOYSA-N,LRHPLDYGYMQRHN-UHFFFAOYSA-N,289.99,925
LRHPLDYGYMQRHN-UHFFFAOYSA-N,LCGLNKUTAGEVQW-UHFFFAOYSA-N,LRHPLDYGYMQRHN-UHFFFAOYSA-N,309.99,926
LRHPLDYGYMQRHN-UHFFFAOYSA-N,LCGLNKUTAGEVQW-UHFFFAOYSA-N,LRHPLDYGYMQRHN-UHFFFAOYSA-N,330.01,927
LRHPLDYGYMQRHN-UHFFFAOYSA-N,LRHPLDYGYMQRHN-UHFFFAOYSA-N,BTFJIXJJCSYFAL-UHFFFAOYSA-N,338.15,928
LRHPLDYGYMQRHN-UHFFFAOYSA-N,LRHPLDYGYMQRHN-UHFFFAOYSA-N,BTFJIXJJCSYFAL-UHFFFAOYSA-N,343.15,929
LRHPLDYGYMQRHN-UHFFFAOYSA-N,LRHPLDYGYMQRHN-UHFFFAOYSA-N,BTFJIXJJCSYFAL-UHFFFAOYSA-N,348.15,930
LRHPLDYGYMQRHN-UHFFFAOYSA-N,LRHPLDYGYMQRHN-UHFFFAOYSA-N,BTFJIXJJCSYFAL-UHFFFAOYSA-N,353.15,931
LRHPLDYGYMQRHN-UHFFFAOYSA-N,LRHPLDYGYMQRHN-UHFFFAOYSA-N,GHVNFZFCNZKVNT-UHFFFAOYSA-N,333.26,932
LRHPLDYGYMQRHN-UHFFFAOYSA-N,LRHPLDYGYMQRHN-UHFFFAOYSA-N,GHVNFZFCNZKVNT-UHFFFAOYSA-N,333.35,933
LRHPLDYGYMQRHN-UHFFFAOYSA-N,LRHPLDYGYMQRHN-UHFFFAOYSA-N,GHVNFZFCNZKVNT-UHFFFAOYSA-N,353.25,934
LRHPLDYGYMQRHN-UHFFFAOYSA-N,LRHPLDYGYMQRHN-UHFFFAOYSA-N,GHVNFZFCNZKVNT-UHFFFAOYSA-N,353.3,935
LRHPLDYGYMQRHN-UHFFFAOYSA-N,LRHPLDYGYMQRHN-UHFFFAOYSA-N,GLDOVTGHNKAZLK-UHFFFAOYSA-N,333.15,936
LRHPLDYGYMQRHN-UHFFFAOYSA-N,LRHPLDYGYMQRHN-UHFFFAOYSA-N,GLDOVTGHNKAZLK-UHFFFAOYSA-N,338.15,937
LRHPLDYGYMQRHN-UHFFFAOYSA-N,LRHPLDYGYMQRHN-UHFFFAOYSA-N,GLDOVTGHNKAZLK-UHFFFAOYSA-N,343.15,938
LRHPLDYGYMQRHN-UHFFFAOYSA-N,LRHPLDYGYMQRHN-UHFFFAOYSA-N,GLDOVTGHNKAZLK-UHFFFAOYSA-N,348.15,939
LRHPLDYGYMQRHN-UHFFFAOYSA-N,LRHPLDYGYMQRHN-UHFFFAOYSA-N,GLDOVTGHNKAZLK-UHFFFAOYSA-N,353.15,940
LRHPLDYGYMQRHN-UHFFFAOYSA-N,LRHPLDYGYMQRHN-UHFFFAOYSA-N,IMNFDUFMRHMDMM-UHFFFAOYSA-N,303.15,941
LRHPLDYGYMQRHN-UHFFFAOYSA-N,LRHPLDYGYMQRHN-UHFFFAOYSA-N,IMNFDUFMRHMDMM-UHFFFAOYSA-N,313.15,942
LRHPLDYGYMQRHN-UHFFFAOYSA-N,LRHPLDYGYMQRHN-UHFFFAOYSA-N,IMNFDUFMRHMDMM-UHFFFAOYSA-N,323.15,943
LRHPLDYGYMQRHN-UHFFFAOYSA-N,LRHPLDYGYMQRHN-UHFFFAOYSA-N,IMNFDUFMRHMDMM-UHFFFAOYSA-N,333.15,944
LRHPLDYGYMQRHN-UHFFFAOYSA-N,LRHPLDYGYMQRHN-UHFFFAOYSA-N,IMNFDUFMRHMDMM-UHFFFAOYSA-N,343.15,945
LRHPLDYGYMQRHN-UHFFFAOYSA-N,LRHPLDYGYMQRHN-UHFFFAOYSA-N,IPCSVZSSVZVIGE-UHFFFAOYSA-N,340.19,946
LRHPLDYGYMQRHN-UHFFFAOYSA-N,LRHPLDYGYMQRHN-UHFFFAOYSA-N,IPCSVZSSVZVIGE-UHFFFAOYSA-N,348.01,947
LRHPLDYGYMQRHN-UHFFFAOYSA-N,LRHPLDYGYMQRHN-UHFFFAOYSA-N,IPCSVZSSVZVIGE-UHFFFAOYSA-N,358.32,948
LRHPLDYGYMQRHN-UHFFFAOYSA-N,LRHPLDYGYMQRHN-UHFFFAOYSA-N,OYHQOLUKZRVURQ-HZJYTTRNSA-N,338.28,949
LRHPLDYGYMQRHN-UHFFFAOYSA-N,LRHPLDYGYMQRHN-UHFFFAOYSA-N,OYHQOLUKZRVURQ-HZJYTTRNSA-N,348.28,950
LRHPLDYGYMQRHN-UHFFFAOYSA-N,LRHPLDYGYMQRHN-UHFFFAOYSA-N,POULHZVOKOAJMA-UHFFFAOYSA-N,314.24,951
LRHPLDYGYMQRHN-UHFFFAOYSA-N,LRHPLDYGYMQRHN-UHFFFAOYSA-N,POULHZVOKOAJMA-UHFFFAOYSA-N,333.26,952
LRHPLDYGYMQRHN-UHFFFAOYSA-N,LRHPLDYGYMQRHN-UHFFFAOYSA-N,POULHZVOKOAJMA-UHFFFAOYSA-N,333.38,953
LRHPLDYGYMQRHN-UHFFFAOYSA-N,LRHPLDYGYMQRHN-UHFFFAOYSA-N,POULHZVOKOAJMA-UHFFFAOYSA-N,353.25,954
LRHPLDYGYMQRHN-UHFFFAOYSA-N,LRHPLDYGYMQRHN-UHFFFAOYSA-N,POULHZVOKOAJMA-UHFFFAOYSA-N,353.3,955
LRHPLDYGYMQRHN-UHFFFAOYSA-N,LRHPLDYGYMQRHN-UHFFFAOYSA-N,PWGJDPKCLMLPJW-UHFFFAOYSA-N,328.15,956
LRHPLDYGYMQRHN-UHFFFAOYSA-N,LRHPLDYGYMQRHN-UHFFFAOYSA-N,PWGJDPKCLMLPJW-UHFFFAOYSA-N,338.15,957
LRHPLDYGYMQRHN-UHFFFAOYSA-N,LRHPLDYGYMQRHN-UHFFFAOYSA-N,PWGJDPKCLMLPJW-UHFFFAOYSA-N,343.15,958
LRHPLDYGYMQRHN-UHFFFAOYSA-N,LRHPLDYGYMQRHN-UHFFFAOYSA-N,PWGJDPKCLMLPJW-UHFFFAOYSA-N,348.15,959
LRHPLDYGYMQRHN-UHFFFAOYSA-N,LRHPLDYGYMQRHN-UHFFFAOYSA-N,QIQXTHQIDYTFRH-UHFFFAOYSA-N,349.38,960
LRHPLDYGYMQRHN-UHFFFAOYSA-N,LRHPLDYGYMQRHN-UHFFFAOYSA-N,QIQXTHQIDYTFRH-UHFFFAOYSA-N,349.48,961
LRHPLDYGYMQRHN-UHFFFAOYSA-N,LRHPLDYGYMQRHN-UHFFFAOYSA-N,QIQXTHQIDYTFRH-UHFFFAOYSA-N,358.46,962
LRHPLDYGYMQRHN-UHFFFAOYSA-N,LRHPLDYGYMQRHN-UHFFFAOYSA-N,QIQXTHQIDYTFRH-UHFFFAOYSA-N,367.93,963
LRHPLDYGYMQRHN-UHFFFAOYSA-N,LRHPLDYGYMQRHN-UHFFFAOYSA-N,QIQXTHQIDYTFRH-UHFFFAOYSA-N,368.13,964
LRHPLDYGYMQRHN-UHFFFAOYSA-N,LRHPLDYGYMQRHN-UHFFFAOYSA-N,TUNFSRHWOTWDNC-UHFFFAOYSA-N,314.1,965
LRHPLDYGYMQRHN-UHFFFAOYSA-N,LRHPLDYGYMQRHN-UHFFFAOYSA-N,TUNFSRHWOTWDNC-UHFFFAOYSA-N,314.24,966
LRHPLDYGYMQRHN-UHFFFAOYSA-N,LRHPLDYGYMQRHN-UHFFFAOYSA-N,TUNFSRHWOTWDNC-UHFFFAOYSA-N,333.26,967
LRHPLDYGYMQRHN-UHFFFAOYSA-N,LRHPLDYGYMQRHN-UHFFFAOYSA-N,TUNFSRHWOTWDNC-UHFFFAOYSA-N,333.38,968
LRHPLDYGYMQRHN-UHFFFAOYSA-N,LRHPLDYGYMQRHN-UHFFFAOYSA-N,TUNFSRHWOTWDNC-UHFFFAOYSA-N,353.25,969
LRHPLDYGYMQRHN-UHFFFAOYSA-N,LRHPLDYGYMQRHN-UHFFFAOYSA-N,TUNFSRHWOTWDNC-UHFFFAOYSA-N,353.3,970
LRHPLDYGYMQRHN-UHFFFAOYSA-N,LRHPLDYGYMQRHN-UHFFFAOYSA-N,TVMXDCGIABBOFY-UHFFFAOYSA-N,303.15,971
LRHPLDYGYMQRHN-UHFFFAOYSA-N,LRHPLDYGYMQRHN-UHFFFAOYSA-N,TVMXDCGIABBOFY-UHFFFAOYSA-N,313.15,972
LRHPLDYGYMQRHN-UHFFFAOYSA-N,LRHPLDYGYMQRHN-UHFFFAOYSA-N,TVMXDCGIABBOFY-UHFFFAOYSA-N,323.15,973
LRHPLDYGYMQRHN-UHFFFAOYSA-N,LRHPLDYGYMQRHN-UHFFFAOYSA-N,TVMXDCGIABBOFY-UHFFFAOYSA-N,333.15,974
LRHPLDYGYMQRHN-UHFFFAOYSA-N,LRHPLDYGYMQRHN-UHFFFAOYSA-N,TVMXDCGIABBOFY-UHFFFAOYSA-N,343.15,975
LRHPLDYGYMQRHN-UHFFFAOYSA-N,LRHPLDYGYMQRHN-UHFFFAOYSA-N,XLYOFNOQVPJJNP-UHFFFAOYSA-N,273.35,976
LRHPLDYGYMQRHN-UHFFFAOYSA-N,LRHPLDYGYMQRHN-UHFFFAOYSA-N,XLYOFNOQVPJJNP-UHFFFAOYSA-N,283.15,977
LRHPLDYGYMQRHN-UHFFFAOYSA-N,LRHPLDYGYMQRHN-UHFFFAOYSA-N,XLYOFNOQVPJJNP-UHFFFAOYSA-N,293.15,978
LRHPLDYGYMQRHN-UHFFFAOYSA-N,LRHPLDYGYMQRHN-UHFFFAOYSA-N,XLYOFNOQVPJJNP-UHFFFAOYSA-N,303.15,979
LRHPLDYGYMQRHN-UHFFFAOYSA-N,LRHPLDYGYMQRHN-UHFFFAOYSA-N,XLYOFNOQVPJJNP-UHFFFAOYSA-N,303.15,980
LRHPLDYGYMQRHN-UHFFFAOYSA-N,LRHPLDYGYMQRHN-UHFFFAOYSA-N,XLYOFNOQVPJJNP-UHFFFAOYSA-N,308.15,981
LRHPLDYGYMQRHN-UHFFFAOYSA-N,LRHPLDYGYMQRHN-UHFFFAOYSA-N,XLYOFNOQVPJJNP-UHFFFAOYSA-N,308.15,982
LRHPLDYGYMQRHN-UHFFFAOYSA-N,LRHPLDYGYMQRHN-UHFFFAOYSA-N,XLYOFNOQVPJJNP-UHFFFAOYSA-N,313.15,983
LRHPLDYGYMQRHN-UHFFFAOYSA-N,LRHPLDYGYMQRHN-UHFFFAOYSA-N,XLYOFNOQVPJJNP-UHFFFAOYSA-N,313.15,984
LRHPLDYGYMQRHN-UHFFFAOYSA-N,LRHPLDYGYMQRHN-UHFFFAOYSA-N,XLYOFNOQVPJJNP-UHFFFAOYSA-N,318.15,985
LRHPLDYGYMQRHN-UHFFFAOYSA-N,LRHPLDYGYMQRHN-UHFFFAOYSA-N,XLYOFNOQVPJJNP-UHFFFAOYSA-N,318.15,986
LRHPLDYGYMQRHN-UHFFFAOYSA-N,LRHPLDYGYMQRHN-UHFFFAOYSA-N,XLYOFNOQVPJJNP-UHFFFAOYSA-N,323.15,987
LRHPLDYGYMQRHN-UHFFFAOYSA-N,LRHPLDYGYMQRHN-UHFFFAOYSA-N,XLYOFNOQVPJJNP-UHFFFAOYSA-N,323.15,988
LRHPLDYGYMQRHN-UHFFFAOYSA-N,LRHPLDYGYMQRHN-UHFFFAOYSA-N,XLYOFNOQVPJJNP-UHFFFAOYSA-N,323.15,989
LRHPLDYGYMQRHN-UHFFFAOYSA-N,LRHPLDYGYMQRHN-UHFFFAOYSA-N,XLYOFNOQVPJJNP-UHFFFAOYSA-N,323.15,990
LRHPLDYGYMQRHN-UHFFFAOYSA-N,LRHPLDYGYMQRHN-UHFFFAOYSA-N,XLYOFNOQVPJJNP-UHFFFAOYSA-N,328.15,991
LRHPLDYGYMQRHN-UHFFFAOYSA-N,LRHPLDYGYMQRHN-UHFFFAOYSA-N,XLYOFNOQVPJJNP-UHFFFAOYSA-N,328.15,992
LRHPLDYGYMQRHN-UHFFFAOYSA-N,LRHPLDYGYMQRHN-UHFFFAOYSA-N,XLYOFNOQVPJJNP-UHFFFAOYSA-N,333.15,993
LRHPLDYGYMQRHN-UHFFFAOYSA-N,LRHPLDYGYMQRHN-UHFFFAOYSA-N,XLYOFNOQVPJJNP-UHFFFAOYSA-N,333.15,994
LRHPLDYGYMQRHN-UHFFFAOYSA-N,LRHPLDYGYMQRHN-UHFFFAOYSA-N,XLYOFNOQVPJJNP-UHFFFAOYSA-N,338.15,995
LRHPLDYGYMQRHN-UHFFFAOYSA-N,LRHPLDYGYMQRHN-UHFFFAOYSA-N,XLYOFNOQVPJJNP-UHFFFAOYSA-N,372.15,996
LRHPLDYGYMQRHN-UHFFFAOYSA-N,LRHPLDYGYMQRHN-UHFFFAOYSA-N,YNQLUTRBYVCPMQ-UHFFFAOYSA-N,303.15,997
LRHPLDYGYMQRHN-UHFFFAOYSA-N,LRHPLDYGYMQRHN-UHFFFAOYSA-N,YNQLUTRBYVCPMQ-UHFFFAOYSA-N,313.15,998
LRHPLDYGYMQRHN-UHFFFAOYSA-N,LRHPLDYGYMQRHN-UHFFFAOYSA-N,YNQLUTRBYVCPMQ-UHFFFAOYSA-N,323.15,999
LRHPLDYGYMQRHN-UHFFFAOYSA-N,LRHPLDYGYMQRHN-UHFFFAOYSA-N,YNQLUTRBYVCPMQ-UHFFFAOYSA-N,398.15,1000
LRHPLDYGYMQRHN-UHFFFAOYSA-N,LRHPLDYGYMQRHN-UHFFFAOYSA-N,YNQLUTRBYVCPMQ-UHFFFAOYSA-N,409.15,1001
LRHPLDYGYMQRHN-UHFFFAOYSA-N,LRHPLDYGYMQRHN-UHFFFAOYSA-N,ZQPPMHVWECSIRJ-KTKRTIGZSA-N,338.36,1002
LRHPLDYGYMQRHN-UHFFFAOYSA-N,LRHPLDYGYMQRHN-UHFFFAOYSA-N,ZQPPMHVWECSIRJ-KTKRTIGZSA-N,348.36,1003
LRHPLDYGYMQRHN-UHFFFAOYSA-N,LRHPLDYGYMQRHN-UHFFFAOYSA-N,ZQPPMHVWECSIRJ-KTKRTIGZSA-N,358.28,1004
LRHPLDYGYMQRHN-UHFFFAOYSA-N,NNPPMTNAJDCUHE-UHFFFAOYSA-N,LRHPLDYGYMQRHN-UHFFFAOYSA-N,250.01,1005
LRHPLDYGYMQRHN-UHFFFAOYSA-N,NNPPMTNAJDCUHE-UHFFFAOYSA-N,LRHPLDYGYMQRHN-UHFFFAOYSA-N,270.04,1006
LRHPLDYGYMQRHN-UHFFFAOYSA-N,NNPPMTNAJDCUHE-UHFFFAOYSA-N,LRHPLDYGYMQRHN-UHFFFAOYSA-N,290.01,1007
LRHPLDYGYMQRHN-UHFFFAOYSA-N,NNPPMTNAJDCUHE-UHFFFAOYSA-N,LRHPLDYGYMQRHN-UHFFFAOYSA-N,310.01,1008
LRHPLDYGYMQRHN-UHFFFAOYSA-N,NNPPMTNAJDCUHE-UHFFFAOYSA-N,LRHPLDYGYMQRHN-UHFFFAOYSA-N,330.0,1009
LRHPLDYGYMQRHN-UHFFFAOYSA-N,NPNPZTNLOVBDOC-UHFFFAOYSA-N,LRHPLDYGYMQRHN-UHFFFAOYSA-N,269.94,1010
LRHPLDYGYMQRHN-UHFFFAOYSA-N,NPNPZTNLOVBDOC-UHFFFAOYSA-N,LRHPLDYGYMQRHN-UHFFFAOYSA-N,289.99,1011
LRHPLDYGYMQRHN-UHFFFAOYSA-N,NPNPZTNLOVBDOC-UHFFFAOYSA-N,LRHPLDYGYMQRHN-UHFFFAOYSA-N,309.99,1012
LRHPLDYGYMQRHN-UHFFFAOYSA-N,NPNPZTNLOVBDOC-UHFFFAOYSA-N,LRHPLDYGYMQRHN-UHFFFAOYSA-N,330.01,1013
LRHPLDYGYMQRHN-UHFFFAOYSA-N,QQONPFPTGQHPMA-UHFFFAOYSA-N,LRHPLDYGYMQRHN-UHFFFAOYSA-N,270.0,1014
LRHPLDYGYMQRHN-UHFFFAOYSA-N,QQONPFPTGQHPMA-UHFFFAOYSA-N,LRHPLDYGYMQRHN-UHFFFAOYSA-N,290.01,1015
LRHPLDYGYMQRHN-UHFFFAOYSA-N,QQONPFPTGQHPMA-UHFFFAOYSA-N,LRHPLDYGYMQRHN-UHFFFAOYSA-N,310.0,1016
LRHPLDYGYMQRHN-UHFFFAOYSA-N,QQONPFPTGQHPMA-UHFFFAOYSA-N,LRHPLDYGYMQRHN-UHFFFAOYSA-N,330.0,1017
LRHPLDYGYMQRHN-UHFFFAOYSA-N,VQTUBCCKSQIDNK-UHFFFAOYSA-N,LRHPLDYGYMQRHN-UHFFFAOYSA-N,250.01,1018
LRHPLDYGYMQRHN-UHFFFAOYSA-N,VQTUBCCKSQIDNK-UHFFFAOYSA-N,LRHPLDYGYMQRHN-UHFFFAOYSA-N,270.04,1019
LRHPLDYGYMQRHN-UHFFFAOYSA-N,VQTUBCCKSQIDNK-UHFFFAOYSA-N,LRHPLDYGYMQRHN-UHFFFAOYSA-N,290.01,1020
LRHPLDYGYMQRHN-UHFFFAOYSA-N,VQTUBCCKSQIDNK-UHFFFAOYSA-N,LRHPLDYGYMQRHN-UHFFFAOYSA-N,310.01,1021
LRHPLDYGYMQRHN-UHFFFAOYSA-N,VQTUBCCKSQIDNK-UHFFFAOYSA-N,LRHPLDYGYMQRHN-UHFFFAOYSA-N,330.0,1022
LRHPLDYGYMQRHN-UHFFFAOYSA-N,VXNZUUAINFGPBY-UHFFFAOYSA-N,LRHPLDYGYMQRHN-UHFFFAOYSA-N,250.01,1023
LRHPLDYGYMQRHN-UHFFFAOYSA-N,VXNZUUAINFGPBY-UHFFFAOYSA-N,LRHPLDYGYMQRHN-UHFFFAOYSA-N,270.0,1024
LRHPLDYGYMQRHN-UHFFFAOYSA-N,VXNZUUAINFGPBY-UHFFFAOYSA-N,LRHPLDYGYMQRHN-UHFFFAOYSA-N,290.01,1025
LRHPLDYGYMQRHN-UHFFFAOYSA-N,VXNZUUAINFGPBY-UHFFFAOYSA-N,LRHPLDYGYMQRHN-UHFFFAOYSA-N,310.0,1026
LRHPLDYGYMQRHN-UHFFFAOYSA-N,VXNZUUAINFGPBY-UHFFFAOYSA-N,LRHPLDYGYMQRHN-UHFFFAOYSA-N,330.0,1027
LRHPLDYGYMQRHN-UHFFFAOYSA-N,YNQLUTRBYVCPMQ-UHFFFAOYSA-N,LRHPLDYGYMQRHN-UHFFFAOYSA-N,323.15,1028
KFZMGEQAYNKOFK-UHFFFAOYSA-N,ATUOYWHBWRKTHZ-UHFFFAOYSA-N,KFZMGEQAYNKOFK-UHFFFAOYSA-N,270.04,1029
KFZMGEQAYNKOFK-UHFFFAOYSA-N,ATUOYWHBWRKTHZ-UHFFFAOYSA-N,KFZMGEQAYNKOFK-UHFFFAOYSA-N,290.0,1030
KFZMGEQAYNKOFK-UHFFFAOYSA-N,ATUOYWHBWRKTHZ-UHFFFAOYSA-N,KFZMGEQAYNKOFK-UHFFFAOYSA-N,310.0,1031
KFZMGEQAYNKOFK-UHFFFAOYSA-N,ATUOYWHBWRKTHZ-UHFFFAOYSA-N,KFZMGEQAYNKOFK-UHFFFAOYSA-N,330.0,1032
KFZMGEQAYNKOFK-UHFFFAOYSA-N,HRYZWHHZPQKTII-UHFFFAOYSA-N,KFZMGEQAYNKOFK-UHFFFAOYSA-N,269.94,1033
KFZMGEQAYNKOFK-UHFFFAOYSA-N,HRYZWHHZPQKTII-UHFFFAOYSA-N,KFZMGEQAYNKOFK-UHFFFAOYSA-N,289.99,1034
KFZMGEQAYNKOFK-UHFFFAOYSA-N,HRYZWHHZPQKTII-UHFFFAOYSA-N,KFZMGEQAYNKOFK-UHFFFAOYSA-N,309.99,1035
KFZMGEQAYNKOFK-UHFFFAOYSA-N,HRYZWHHZPQKTII-UHFFFAOYSA-N,KFZMGEQAYNKOFK-UHFFFAOYSA-N,330.01,1036
KFZMGEQAYNKOFK-UHFFFAOYSA-N,IAQRGUVFOMOMEM-ARJAWSKDSA-N,KFZMGEQAYNKOFK-UHFFFAOYSA-N,269.94,1037
KFZMGEQAYNKOFK-UHFFFAOYSA-N,IAQRGUVFOMOMEM-ARJAWSKDSA-N,KFZMGEQAYNKOFK-UHFFFAOYSA-N,289.99,1038
KFZMGEQAYNKOFK-UHFFFAOYSA-N,IAQRGUVFOMOMEM-ARJAWSKDSA-N,KFZMGEQAYNKOFK-UHFFFAOYSA-N,309.99,1039
KFZMGEQAYNKOFK-UHFFFAOYSA-N,IAQRGUVFOMOMEM-ARJAWSKDSA-N,KFZMGEQAYNKOFK-UHFFFAOYSA-N,330.01,1040
KFZMGEQAYNKOFK-UHFFFAOYSA-N,IAQRGUVFOMOMEM-ONEGZZNKSA-N,KFZMGEQAYNKOFK-UHFFFAOYSA-N,270.04,1041
KFZMGEQAYNKOFK-UHFFFAOYSA-N,IAQRGUVFOMOMEM-ONEGZZNKSA-N,KFZMGEQAYNKOFK-UHFFFAOYSA-N,290.0,1042
KFZMGEQAYNKOFK-UHFFFAOYSA-N,IAQRGUVFOMOMEM-ONEGZZNKSA-N,KFZMGEQAYNKOFK-UHFFFAOYSA-N,310.0,1043
KFZMGEQAYNKOFK-UHFFFAOYSA-N,IAQRGUVFOMOMEM-ONEGZZNKSA-N,KFZMGEQAYNKOFK-UHFFFAOYSA-N,330.0,1044
KFZMGEQAYNKOFK-UHFFFAOYSA-N,IJDNQMDRQITEOD-UHFFFAOYSA-N,KFZMGEQAYNKOFK-UHFFFAOYSA-N,270.03,1045
KFZMGEQAYNKOFK-UHFFFAOYSA-N,IJDNQMDRQITEOD-UHFFFAOYSA-N,KFZMGEQAYNKOFK-UHFFFAOYSA-N,290.0,1046
KFZMGEQAYNKOFK-UHFFFAOYSA-N,IJDNQMDRQITEOD-UHFFFAOYSA-N,KFZMGEQAYNKOFK-UHFFFAOYSA-N,310.0,1047
KFZMGEQAYNKOFK-UHFFFAOYSA-N,IJDNQMDRQITEOD-UHFFFAOYSA-N,KFZMGEQAYNKOFK-UHFFFAOYSA-N,330.0,1048
KFZMGEQAYNKOFK-UHFFFAOYSA-N,KAKZBPTYRLMSJV-UHFFFAOYSA-N,KFZMGEQAYNKOFK-UHFFFAOYSA-N,270.03,1049
KFZMGEQAYNKOFK-UHFFFAOYSA-N,KAKZBPTYRLMSJV-UHFFFAOYSA-N,KFZMGEQAYNKOFK-UHFFFAOYSA-N,290.0,1050
KFZMGEQAYNKOFK-UHFFFAOYSA-N,KAKZBPTYRLMSJV-UHFFFAOYSA-N,KFZMGEQAYNKOFK-UHFFFAOYSA-N,310.0,1051
KFZMGEQAYNKOFK-UHFFFAOYSA-N,KAKZBPTYRLMSJV-UHFFFAOYSA-N,KFZMGEQAYNKOFK-UHFFFAOYSA-N,330.0,1052
KFZMGEQAYNKOFK-UHFFFAOYSA-N,KFZMGEQAYNKOFK-UHFFFAOYSA-N,DTOSIQBPPRVQHS-PDBXOOCHSA-N,313.25,1053
KFZMGEQAYNKOFK-UHFFFAOYSA-N,KFZMGEQAYNKOFK-UHFFFAOYSA-N,DTOSIQBPPRVQHS-PDBXOOCHSA-N,323.26,1054
KFZMGEQAYNKOFK-UHFFFAOYSA-N,KFZMGEQAYNKOFK-UHFFFAOYSA-N,GHVNFZFCNZKVNT-UHFFFAOYSA-N,314.1,1055
KFZMGEQAYNKOFK-UHFFFAOYSA-N,KFZMGEQAYNKOFK-UHFFFAOYSA-N,GHVNFZFCNZKVNT-UHFFFAOYSA-N,314.24,1056
KFZMGEQAYNKOFK-UHFFFAOYSA-N,KFZMGEQAYNKOFK-UHFFFAOYSA-N,GHVNFZFCNZKVNT-UHFFFAOYSA-N,333.26,1057
KFZMGEQAYNKOFK-UHFFFAOYSA-N,KFZMGEQAYNKOFK-UHFFFAOYSA-N,GHVNFZFCNZKVNT-UHFFFAOYSA-N,333.38,1058
KFZMGEQAYNKOFK-UHFFFAOYSA-N,KFZMGEQAYNKOFK-UHFFFAOYSA-N,GHVNFZFCNZKVNT-UHFFFAOYSA-N,353.25,1059
KFZMGEQAYNKOFK-UHFFFAOYSA-N,KFZMGEQAYNKOFK-UHFFFAOYSA-N,GHVNFZFCNZKVNT-UHFFFAOYSA-N,353.3,1060
KFZMGEQAYNKOFK-UHFFFAOYSA-N,KFZMGEQAYNKOFK-UHFFFAOYSA-N,IPCSVZSSVZVIGE-UHFFFAOYSA-N,340.19,1061
KFZMGEQAYNKOFK-UHFFFAOYSA-N,KFZMGEQAYNKOFK-UHFFFAOYSA-N,IPCSVZSSVZVIGE-UHFFFAOYSA-N,348.01,1062
KFZMGEQAYNKOFK-UHFFFAOYSA-N,KFZMGEQAYNKOFK-UHFFFAOYSA-N,IPCSVZSSVZVIGE-UHFFFAOYSA-N,358.32,1063
KFZMGEQAYNKOFK-UHFFFAOYSA-N,KFZMGEQAYNKOFK-UHFFFAOYSA-N,MTHSVFCYNBDYFN-UHFFFAOYSA-N,333.2,1064
KFZMGEQAYNKOFK-UHFFFAOYSA-N,KFZMGEQAYNKOFK-UHFFFAOYSA-N,MTHSVFCYNBDYFN-UHFFFAOYSA-N,348.2,1065
KFZMGEQAYNKOFK-UHFFFAOYSA-N,KFZMGEQAYNKOFK-UHFFFAOYSA-N,MTHSVFCYNBDYFN-UHFFFAOYSA-N,363.2,1066
KFZMGEQAYNKOFK-UHFFFAOYSA-N,KFZMGEQAYNKOFK-UHFFFAOYSA-N,OYHQOLUKZRVURQ-HZJYTTRNSA-N,338.28,1067
KFZMGEQAYNKOFK-UHFFFAOYSA-N,KFZMGEQAYNKOFK-UHFFFAOYSA-N,OYHQOLUKZRVURQ-HZJYTTRNSA-N,348.28,1068
KFZMGEQAYNKOFK-UHFFFAOYSA-N,KFZMGEQAYNKOFK-UHFFFAOYSA-N,OYHQOLUKZRVURQ-HZJYTTRNSA-N,358.33,1069
KFZMGEQAYNKOFK-UHFFFAOYSA-N,KFZMGEQAYNKOFK-UHFFFAOYSA-N,POULHZVOKOAJMA-UHFFFAOYSA-N,314.1,1070
KFZMGEQAYNKOFK-UHFFFAOYSA-N,KFZMGEQAYNKOFK-UHFFFAOYSA-N,POULHZVOKOAJMA-UHFFFAOYSA-N,314.24,1071
KFZMGEQAYNKOFK-UHFFFAOYSA-N,KFZMGEQAYNKOFK-UHFFFAOYSA-N,POULHZVOKOAJMA-UHFFFAOYSA-N,333.26,1072
KFZMGEQAYNKOFK-UHFFFAOYSA-N,KFZMGEQAYNKOFK-UHFFFAOYSA-N,POULHZVOKOAJMA-UHFFFAOYSA-N,333.38,1073
KFZMGEQAYNKOFK-UHFFFAOYSA-N,KFZMGEQAYNKOFK-UHFFFAOYSA-N,POULHZVOKOAJMA-UHFFFAOYSA-N,353.25,1074
KFZMGEQAYNKOFK-UHFFFAOYSA-N,KFZMGEQAYNKOFK-UHFFFAOYSA-N,POULHZVOKOAJMA-UHFFFAOYSA-N,353.3,1075
KFZMGEQAYNKOFK-UHFFFAOYSA-N,KFZMGEQAYNKOFK-UHFFFAOYSA-N,QIQXTHQIDYTFRH-UHFFFAOYSA-N,349.38,1076
KFZMGEQAYNKOFK-UHFFFAOYSA-N,KFZMGEQAYNKOFK-UHFFFAOYSA-N,QIQXTHQIDYTFRH-UHFFFAOYSA-N,358.46,1077
KFZMGEQAYNKOFK-UHFFFAOYSA-N,KFZMGEQAYNKOFK-UHFFFAOYSA-N,QIQXTHQIDYTFRH-UHFFFAOYSA-N,367.93,1078
KFZMGEQAYNKOFK-UHFFFAOYSA-N,KFZMGEQAYNKOFK-UHFFFAOYSA-N,QIQXTHQIDYTFRH-UHFFFAOYSA-N,368.19,1079
KFZMGEQAYNKOFK-UHFFFAOYSA-N,KFZMGEQAYNKOFK-UHFFFAOYSA-N,SECXISVLQFMRJM-UHFFFAOYSA-N,333.2,1080
KFZMGEQAYNKOFK-UHFFFAOYSA-N,KFZMGEQAYNKOFK-UHFFFAOYSA-N,SECXISVLQFMRJM-UHFFFAOYSA-N,348.2,1081
KFZMGEQAYNKOFK-UHFFFAOYSA-N,KFZMGEQAYNKOFK-UHFFFAOYSA-N,SECXISVLQFMRJM-UHFFFAOYSA-N,363.2,1082
KFZMGEQAYNKOFK-UHFFFAOYSA-N,KFZMGEQAYNKOFK-UHFFFAOYSA-N,TUNFSRHWOTWDNC-UHFFFAOYSA-N,314.1,1083
KFZMGEQAYNKOFK-UHFFFAOYSA-N,KFZMGEQAYNKOFK-UHFFFAOYSA-N,TUNFSRHWOTWDNC-UHFFFAOYSA-N,314.24,1084
KFZMGEQAYNKOFK-UHFFFAOYSA-N,KFZMGEQAYNKOFK-UHFFFAOYSA-N,TUNFSRHWOTWDNC-UHFFFAOYSA-N,333.26,1085
KFZMGEQAYNKOFK-UHFFFAOYSA-N,KFZMGEQAYNKOFK-UHFFFAOYSA-N,TUNFSRHWOTWDNC-UHFFFAOYSA-N,333.38,1086
KFZMGEQAYNKOFK-UHFFFAOYSA-N,KFZMGEQAYNKOFK-UHFFFAOYSA-N,TUNFSRHWOTWDNC-UHFFFAOYSA-N,353.25,1087
KFZMGEQAYNKOFK-UHFFFAOYSA-N,KFZMGEQAYNKOFK-UHFFFAOYSA-N,TUNFSRHWOTWDNC-UHFFFAOYSA-N,353.3,1088
KFZMGEQAYNKOFK-UHFFFAOYSA-N,KFZMGEQAYNKOFK-UHFFFAOYSA-N,XLYOFNOQVPJJNP-UHFFFAOYSA-N,283.15,1089
KFZMGEQAYNKOFK-UHFFFAOYSA-N,KFZMGEQAYNKOFK-UHFFFAOYSA-N,XLYOFNOQVPJJNP-UHFFFAOYSA-N,293.15,1090
KFZMGEQAYNKOFK-UHFFFAOYSA-N,KFZMGEQAYNKOFK-UHFFFAOYSA-N,XLYOFNOQVPJJNP-UHFFFAOYSA-N,308.15,1091
KFZMGEQAYNKOFK-UHFFFAOYSA-N,KFZMGEQAYNKOFK-UHFFFAOYSA-N,XLYOFNOQVPJJNP-UHFFFAOYSA-N,333.15,1092
KFZMGEQAYNKOFK-UHFFFAOYSA-N,KFZMGEQAYNKOFK-UHFFFAOYSA-N,XLYOFNOQVPJJNP-UHFFFAOYSA-N,353.15,1093
KFZMGEQAYNKOFK-UHFFFAOYSA-N,KFZMGEQAYNKOFK-UHFFFAOYSA-N,XLYOFNOQVPJJNP-UHFFFAOYSA-N,363.15,1094
KFZMGEQAYNKOFK-UHFFFAOYSA-N,KFZMGEQAYNKOFK-UHFFFAOYSA-N,XLYOFNOQVPJJNP-UHFFFAOYSA-N,371.15,1095
KFZMGEQAYNKOFK-UHFFFAOYSA-N,KFZMGEQAYNKOFK-UHFFFAOYSA-N,ZIBGPFATKBEMQZ-UHFFFAOYSA-N,333.2,1096
KFZMGEQAYNKOFK-UHFFFAOYSA-N,KFZMGEQAYNKOFK-UHFFFAOYSA-N,ZIBGPFATKBEMQZ-UHFFFAOYSA-N,348.2,1097
KFZMGEQAYNKOFK-UHFFFAOYSA-N,KFZMGEQAYNKOFK-UHFFFAOYSA-N,ZIBGPFATKBEMQZ-UHFFFAOYSA-N,363.2,1098
KFZMGEQAYNKOFK-UHFFFAOYSA-N,LCGLNKUTAGEVQW-UHFFFAOYSA-N,KFZMGEQAYNKOFK-UHFFFAOYSA-N,269.99,1099
KFZMGEQAYNKOFK-UHFFFAOYSA-N,LCGLNKUTAGEVQW-UHFFFAOYSA-N,KFZMGEQAYNKOFK-UHFFFAOYSA-N,289.99,1100
KFZMGEQAYNKOFK-UHFFFAOYSA-N,LCGLNKUTAGEVQW-UHFFFAOYSA-N,KFZMGEQAYNKOFK-UHFFFAOYSA-N,309.99,1101
KFZMGEQAYNKOFK-UHFFFAOYSA-N,LCGLNKUTAGEVQW-UHFFFAOYSA-N,KFZMGEQAYNKOFK-UHFFFAOYSA-N,330.0,1102
KFZMGEQAYNKOFK-UHFFFAOYSA-N,NNPPMTNAJDCUHE-UHFFFAOYSA-N,KFZMGEQAYNKOFK-UHFFFAOYSA-N,270.04,1103
KFZMGEQAYNKOFK-UHFFFAOYSA-N,NNPPMTNAJDCUHE-UHFFFAOYSA-N,KFZMGEQAYNKOFK-UHFFFAOYSA-N,290.0,1104
KFZMGEQAYNKOFK-UHFFFAOYSA-N,NNPPMTNAJDCUHE-UHFFFAOYSA-N,KFZMGEQAYNKOFK-UHFFFAOYSA-N,310.0,1105
KFZMGEQAYNKOFK-UHFFFAOYSA-N,NNPPMTNAJDCUHE-UHFFFAOYSA-N,KFZMGEQAYNKOFK-UHFFFAOYSA-N,330.0,1106
KFZMGEQAYNKOFK-UHFFFAOYSA-N,NPNPZTNLOVBDOC-UHFFFAOYSA-N,KFZMGEQAYNKOFK-UHFFFAOYSA-N,269.99,1107
KFZMGEQAYNKOFK-UHFFFAOYSA-N,NPNPZTNLOVBDOC-UHFFFAOYSA-N,KFZMGEQAYNKOFK-UHFFFAOYSA-N,289.99,1108
KFZMGEQAYNKOFK-UHFFFAOYSA-N,NPNPZTNLOVBDOC-UHFFFAOYSA-N,KFZMGEQAYNKOFK-UHFFFAOYSA-N,309.99,1109
KFZMGEQAYNKOFK-UHFFFAOYSA-N,NPNPZTNLOVBDOC-UHFFFAOYSA-N,KFZMGEQAYNKOFK-UHFFFAOYSA-N,330.0,1110
KFZMGEQAYNKOFK-UHFFFAOYSA-N,QQONPFPTGQHPMA-UHFFFAOYSA-N,KFZMGEQAYNKOFK-UHFFFAOYSA-N,270.04,1111
KFZMGEQAYNKOFK-UHFFFAOYSA-N,QQONPFPTGQHPMA-UHFFFAOYSA-N,KFZMGEQAYNKOFK-UHFFFAOYSA-N,290.0,1112
KFZMGEQAYNKOFK-UHFFFAOYSA-N,QQONPFPTGQHPMA-UHFFFAOYSA-N,KFZMGEQAYNKOFK-UHFFFAOYSA-N,310.0,1113
KFZMGEQAYNKOFK-UHFFFAOYSA-N,QQONPFPTGQHPMA-UHFFFAOYSA-N,KFZMGEQAYNKOFK-UHFFFAOYSA-N,330.0,1114
KFZMGEQAYNKOFK-UHFFFAOYSA-N,VQTUBCCKSQIDNK-UHFFFAOYSA-N,KFZMGEQAYNKOFK-UHFFFAOYSA-N,270.03,1115
KFZMGEQAYNKOFK-UHFFFAOYSA-N,VQTUBCCKSQIDNK-UHFFFAOYSA-N,KFZMGEQAYNKOFK-UHFFFAOYSA-N,290.0,1116
KFZMGEQAYNKOFK-UHFFFAOYSA-N,VQTUBCCKSQIDNK-UHFFFAOYSA-N,KFZMGEQAYNKOFK-UHFFFAOYSA-N,310.0,1117
KFZMGEQAYNKOFK-UHFFFAOYSA-N,VQTUBCCKSQIDNK-UHFFFAOYSA-N,KFZMGEQAYNKOFK-UHFFFAOYSA-N,330.0,1118
KFZMGEQAYNKOFK-UHFFFAOYSA-N,VXNZUUAINFGPBY-UHFFFAOYSA-N,KFZMGEQAYNKOFK-UHFFFAOYSA-N,270.03,1119
KFZMGEQAYNKOFK-UHFFFAOYSA-N,VXNZUUAINFGPBY-UHFFFAOYSA-N,KFZMGEQAYNKOFK-UHFFFAOYSA-N,290.0,1120
KFZMGEQAYNKOFK-UHFFFAOYSA-N,VXNZUUAINFGPBY-UHFFFAOYSA-N,KFZMGEQAYNKOFK-UHFFFAOYSA-N,310.0,1121
KFZMGEQAYNKOFK-UHFFFAOYSA-N,VXNZUUAINFGPBY-UHFFFAOYSA-N,KFZMGEQAYNKOFK-UHFFFAOYSA-N,330.0,1122
VLKZOEOYAKHREP-UHFFFAOYSA-N,QMMFVYPAHWMCMS-UHFFFAOYSA-N,VLKZOEOYAKHREP-UHFFFAOYSA-N,288.15,1123
VLKZOEOYAKHREP-UHFFFAOYSA-N,QMMFVYPAHWMCMS-UHFFFAOYSA-N,VLKZOEOYAKHREP-UHFFFAOYSA-N,293.15,1124
VLKZOEOYAKHREP-UHFFFAOYSA-N,QMMFVYPAHWMCMS-UHFFFAOYSA-N,VLKZOEOYAKHREP-UHFFFAOYSA-N,298.15,1125
VLKZOEOYAKHREP-UHFFFAOYSA-N,QMMFVYPAHWMCMS-UHFFFAOYSA-N,VLKZOEOYAKHREP-UHFFFAOYSA-N,303.15,1126
VLKZOEOYAKHREP-UHFFFAOYSA-N,VLKZOEOYAKHREP-UHFFFAOYSA-N,ATHHXGZTWNVVOU-UHFFFAOYSA-N,298.15,1127
VLKZOEOYAKHREP-UHFFFAOYSA-N,VLKZOEOYAKHREP-UHFFFAOYSA-N,BTFJIXJJCSYFAL-UHFFFAOYSA-N,338.15,1128
VLKZOEOYAKHREP-UHFFFAOYSA-N,VLKZOEOYAKHREP-UHFFFAOYSA-N,BTFJIXJJCSYFAL-UHFFFAOYSA-N,343.15,1129
VLKZOEOYAKHREP-UHFFFAOYSA-N,VLKZOEOYAKHREP-UHFFFAOYSA-N,BTFJIXJJCSYFAL-UHFFFAOYSA-N,348.15,1130
VLKZOEOYAKHREP-UHFFFAOYSA-N,VLKZOEOYAKHREP-UHFFFAOYSA-N,BTFJIXJJCSYFAL-UHFFFAOYSA-N,353.15,1131
VLKZOEOYAKHREP-UHFFFAOYSA-N,VLKZOEOYAKHREP-UHFFFAOYSA-N,DHXVGJBLRPWPCS-UHFFFAOYSA-N,290.0,1132
VLKZOEOYAKHREP-UHFFFAOYSA-N,VLKZOEOYAKHREP-UHFFFAOYSA-N,DHXVGJBLRPWPCS-UHFFFAOYSA-N,299.89,1133
VLKZOEOYAKHREP-UHFFFAOYSA-N,VLKZOEOYAKHREP-UHFFFAOYSA-N,DHXVGJBLRPWPCS-UHFFFAOYSA-N,309.98,1134
VLKZOEOYAKHREP-UHFFFAOYSA-N,VLKZOEOYAKHREP-UHFFFAOYSA-N,DHXVGJBLRPWPCS-UHFFFAOYSA-N,319.99,1135
VLKZOEOYAKHREP-UHFFFAOYSA-N,VLKZOEOYAKHREP-UHFFFAOYSA-N,DHXVGJBLRPWPCS-UHFFFAOYSA-N,330.02,1136
VLKZOEOYAKHREP-UHFFFAOYSA-N,VLKZOEOYAKHREP-UHFFFAOYSA-N,DNIAPMSPPWPWGF-UHFFFAOYSA-N,298.0,1137
VLKZOEOYAKHREP-UHFFFAOYSA-N,VLKZOEOYAKHREP-UHFFFAOYSA-N,DTOSIQBPPRVQHS-PDBXOOCHSA-N,303.13,1138
VLKZOEOYAKHREP-UHFFFAOYSA-N,VLKZOEOYAKHREP-UHFFFAOYSA-N,DTOSIQBPPRVQHS-PDBXOOCHSA-N,313.25,1139
VLKZOEOYAKHREP-UHFFFAOYSA-N,VLKZOEOYAKHREP-UHFFFAOYSA-N,DTOSIQBPPRVQHS-PDBXOOCHSA-N,323.26,1140
VLKZOEOYAKHREP-UHFFFAOYSA-N,VLKZOEOYAKHREP-UHFFFAOYSA-N,GHVNFZFCNZKVNT-UHFFFAOYSA-N,314.1,1141
VLKZOEOYAKHREP-UHFFFAOYSA-N,VLKZOEOYAKHREP-UHFFFAOYSA-N,GHVNFZFCNZKVNT-UHFFFAOYSA-N,314.24,1142
VLKZOEOYAKHREP-UHFFFAOYSA-N,VLKZOEOYAKHREP-UHFFFAOYSA-N,GHVNFZFCNZKVNT-UHFFFAOYSA-N,333.26,1143
VLKZOEOYAKHREP-UHFFFAOYSA-N,VLKZOEOYAKHREP-UHFFFAOYSA-N,GHVNFZFCNZKVNT-UHFFFAOYSA-N,333.38,1144
VLKZOEOYAKHREP-UHFFFAOYSA-N,VLKZOEOYAKHREP-UHFFFAOYSA-N,GHVNFZFCNZKVNT-UHFFFAOYSA-N,353.3,1145
VLKZOEOYAKHREP-UHFFFAOYSA-N,VLKZOEOYAKHREP-UHFFFAOYSA-N,GLDOVTGHNKAZLK-UHFFFAOYSA-N,333.15,1146
VLKZOEOYAKHREP-UHFFFAOYSA-N,VLKZOEOYAKHREP-UHFFFAOYSA-N,GLDOVTGHNKAZLK-UHFFFAOYSA-N,338.15,1147
VLKZOEOYAKHREP-UHFFFAOYSA-N,VLKZOEOYAKHREP-UHFFFAOYSA-N,GLDOVTGHNKAZLK-UHFFFAOYSA-N,343.15,1148
VLKZOEOYAKHREP-UHFFFAOYSA-N,VLKZOEOYAKHREP-UHFFFAOYSA-N,GLDOVTGHNKAZLK-UHFFFAOYSA-N,348.15,1149
VLKZOEOYAKHREP-UHFFFAOYSA-N,VLKZOEOYAKHREP-UHFFFAOYSA-N,GLDOVTGHNKAZLK-UHFFFAOYSA-N,353.15,1150
VLKZOEOYAKHREP-UHFFFAOYSA-N,VLKZOEOYAKHREP-UHFFFAOYSA-N,HLZKNKRTKFSKGZ-UHFFFAOYSA-N,331.8,1151
VLKZOEOYAKHREP-UHFFFAOYSA-N,VLKZOEOYAKHREP-UHFFFAOYSA-N,HLZKNKRTKFSKGZ-UHFFFAOYSA-N,353.0,1152
VLKZOEOYAKHREP-UHFFFAOYSA-N,VLKZOEOYAKHREP-UHFFFAOYSA-N,HYBBIBNJHNGZAN-UHFFFAOYSA-N,298.15,1153
VLKZOEOYAKHREP-UHFFFAOYSA-N,VLKZOEOYAKHREP-UHFFFAOYSA-N,HYBBIBNJHNGZAN-UHFFFAOYSA-N,298.15,1154
VLKZOEOYAKHREP-UHFFFAOYSA-N,VLKZOEOYAKHREP-UHFFFAOYSA-N,HYBBIBNJHNGZAN-UHFFFAOYSA-N,308.15,1155
VLKZOEOYAKHREP-UHFFFAOYSA-N,VLKZOEOYAKHREP-UHFFFAOYSA-N,HYBBIBNJHNGZAN-UHFFFAOYSA-N,308.15,1156
VLKZOEOYAKHREP-UHFFFAOYSA-N,VLKZOEOYAKHREP-UHFFFAOYSA-N,HYBBIBNJHNGZAN-UHFFFAOYSA-N,318.15,1157
VLKZOEOYAKHREP-UHFFFAOYSA-N,VLKZOEOYAKHREP-UHFFFAOYSA-N,HYBBIBNJHNGZAN-UHFFFAOYSA-N,318.15,1158
VLKZOEOYAKHREP-UHFFFAOYSA-N,VLKZOEOYAKHREP-UHFFFAOYSA-N,IPCSVZSSVZVIGE-UHFFFAOYSA-N,340.19,1159
VLKZOEOYAKHREP-UHFFFAOYSA-N,VLKZOEOYAKHREP-UHFFFAOYSA-N,IPCSVZSSVZVIGE-UHFFFAOYSA-N,348.01,1160
VLKZOEOYAKHREP-UHFFFAOYSA-N,VLKZOEOYAKHREP-UHFFFAOYSA-N,IPCSVZSSVZVIGE-UHFFFAOYSA-N,358.22,1161
VLKZOEOYAKHREP-UHFFFAOYSA-N,VLKZOEOYAKHREP-UHFFFAOYSA-N,LQZZUXJYWNFBMV-UHFFFAOYSA-N,312.7,1162
VLKZOEOYAKHREP-UHFFFAOYSA-N,VLKZOEOYAKHREP-UHFFFAOYSA-N,LQZZUXJYWNFBMV-UHFFFAOYSA-N,332.1,1163
VLKZOEOYAKHREP-UHFFFAOYSA-N,VLKZOEOYAKHREP-UHFFFAOYSA-N,LQZZUXJYWNFBMV-UHFFFAOYSA-N,353.2,1164
VLKZOEOYAKHREP-UHFFFAOYSA-N,VLKZOEOYAKHREP-UHFFFAOYSA-N,LYCAIKOWRPUZTN-UHFFFAOYSA-N,303.15,1165
VLKZOEOYAKHREP-UHFFFAOYSA-N,VLKZOEOYAKHREP-UHFFFAOYSA-N,LYCAIKOWRPUZTN-UHFFFAOYSA-N,323.15,1166
VLKZOEOYAKHREP-UHFFFAOYSA-N,VLKZOEOYAKHREP-UHFFFAOYSA-N,LYCAIKOWRPUZTN-UHFFFAOYSA-N,332.1,1167
VLKZOEOYAKHREP-UHFFFAOYSA-N,VLKZOEOYAKHREP-UHFFFAOYSA-N,LYCAIKOWRPUZTN-UHFFFAOYSA-N,353.5,1168
VLKZOEOYAKHREP-UHFFFAOYSA-N,VLKZOEOYAKHREP-UHFFFAOYSA-N,MTHSVFCYNBDYFN-UHFFFAOYSA-N,304.15,1169
VLKZOEOYAKHREP-UHFFFAOYSA-N,VLKZOEOYAKHREP-UHFFFAOYSA-N,MTHSVFCYNBDYFN-UHFFFAOYSA-N,313.15,1170
VLKZOEOYAKHREP-UHFFFAOYSA-N,VLKZOEOYAKHREP-UHFFFAOYSA-N,MTHSVFCYNBDYFN-UHFFFAOYSA-N,323.15,1171
VLKZOEOYAKHREP-UHFFFAOYSA-N,VLKZOEOYAKHREP-UHFFFAOYSA-N,MTHSVFCYNBDYFN-UHFFFAOYSA-N,333.2,1172
VLKZOEOYAKHREP-UHFFFAOYSA-N,VLKZOEOYAKHREP-UHFFFAOYSA-N,MTHSVFCYNBDYFN-UHFFFAOYSA-N,348.2,1173
VLKZOEOYAKHREP-UHFFFAOYSA-N,VLKZOEOYAKHREP-UHFFFAOYSA-N,MTHSVFCYNBDYFN-UHFFFAOYSA-N,363.2,1174
VLKZOEOYAKHREP-UHFFFAOYSA-N,VLKZOEOYAKHREP-UHFFFAOYSA-N,MWKFXSUHUHTGQN-UHFFFAOYSA-N,312.6,1175
VLKZOEOYAKHREP-UHFFFAOYSA-N,VLKZOEOYAKHREP-UHFFFAOYSA-N,MWKFXSUHUHTGQN-UHFFFAOYSA-N,331.7,1176
VLKZOEOYAKHREP-UHFFFAOYSA-N,VLKZOEOYAKHREP-UHFFFAOYSA-N,MWKFXSUHUHTGQN-UHFFFAOYSA-N,352.9,1177
VLKZOEOYAKHREP-UHFFFAOYSA-N,VLKZOEOYAKHREP-UHFFFAOYSA-N,OYHQOLUKZRVURQ-HZJYTTRNSA-N,338.28,1178
VLKZOEOYAKHREP-UHFFFAOYSA-N,VLKZOEOYAKHREP-UHFFFAOYSA-N,OYHQOLUKZRVURQ-HZJYTTRNSA-N,348.31,1179
VLKZOEOYAKHREP-UHFFFAOYSA-N,VLKZOEOYAKHREP-UHFFFAOYSA-N,OYHQOLUKZRVURQ-HZJYTTRNSA-N,348.28,1180
VLKZOEOYAKHREP-UHFFFAOYSA-N,VLKZOEOYAKHREP-UHFFFAOYSA-N,OYHQOLUKZRVURQ-HZJYTTRNSA-N,358.3,1181
VLKZOEOYAKHREP-UHFFFAOYSA-N,VLKZOEOYAKHREP-UHFFFAOYSA-N,PEDCQBHIVMGVHV-UHFFFAOYSA-N,303.15,1182
VLKZOEOYAKHREP-UHFFFAOYSA-N,VLKZOEOYAKHREP-UHFFFAOYSA-N,PEDCQBHIVMGVHV-UHFFFAOYSA-N,313.15,1183
VLKZOEOYAKHREP-UHFFFAOYSA-N,VLKZOEOYAKHREP-UHFFFAOYSA-N,PEDCQBHIVMGVHV-UHFFFAOYSA-N,323.15,1184
VLKZOEOYAKHREP-UHFFFAOYSA-N,VLKZOEOYAKHREP-UHFFFAOYSA-N,PEDCQBHIVMGVHV-UHFFFAOYSA-N,333.15,1185
VLKZOEOYAKHREP-UHFFFAOYSA-N,VLKZOEOYAKHREP-UHFFFAOYSA-N,PEDCQBHIVMGVHV-UHFFFAOYSA-N,343.15,1186
VLKZOEOYAKHREP-UHFFFAOYSA-N,VLKZOEOYAKHREP-UHFFFAOYSA-N,POULHZVOKOAJMA-UHFFFAOYSA-N,314.24,1187
VLKZOEOYAKHREP-UHFFFAOYSA-N,VLKZOEOYAKHREP-UHFFFAOYSA-N,POULHZVOKOAJMA-UHFFFAOYSA-N,333.26,1188
VLKZOEOYAKHREP-UHFFFAOYSA-N,VLKZOEOYAKHREP-UHFFFAOYSA-N,POULHZVOKOAJMA-UHFFFAOYSA-N,333.38,1189
VLKZOEOYAKHREP-UHFFFAOYSA-N,VLKZOEOYAKHREP-UHFFFAOYSA-N,POULHZVOKOAJMA-UHFFFAOYSA-N,353.25,1190
VLKZOEOYAKHREP-UHFFFAOYSA-N,VLKZOEOYAKHREP-UHFFFAOYSA-N,PWGJDPKCLMLPJW-UHFFFAOYSA-N,328.15,1191
VLKZOEOYAKHREP-UHFFFAOYSA-N,VLKZOEOYAKHREP-UHFFFAOYSA-N,PWGJDPKCLMLPJW-UHFFFAOYSA-N,338.15,1192
VLKZOEOYAKHREP-UHFFFAOYSA-N,VLKZOEOYAKHREP-UHFFFAOYSA-N,PWGJDPKCLMLPJW-UHFFFAOYSA-N,343.15,1193
VLKZOEOYAKHREP-UHFFFAOYSA-N,VLKZOEOYAKHREP-UHFFFAOYSA-N,PWGJDPKCLMLPJW-UHFFFAOYSA-N,348.15,1194
VLKZOEOYAKHREP-UHFFFAOYSA-N,VLKZOEOYAKHREP-UHFFFAOYSA-N,QIQXTHQIDYTFRH-UHFFFAOYSA-N,349.47,1195
VLKZOEOYAKHREP-UHFFFAOYSA-N,VLKZOEOYAKHREP-UHFFFAOYSA-N,QIQXTHQIDYTFRH-UHFFFAOYSA-N,358.4,1196
VLKZOEOYAKHREP-UHFFFAOYSA-N,VLKZOEOYAKHREP-UHFFFAOYSA-N,QIQXTHQIDYTFRH-UHFFFAOYSA-N,368.13,1197
VLKZOEOYAKHREP-UHFFFAOYSA-N,VLKZOEOYAKHREP-UHFFFAOYSA-N,SECXISVLQFMRJM-UHFFFAOYSA-N,333.2,1198
VLKZOEOYAKHREP-UHFFFAOYSA-N,VLKZOEOYAKHREP-UHFFFAOYSA-N,SECXISVLQFMRJM-UHFFFAOYSA-N,348.2,1199
VLKZOEOYAKHREP-UHFFFAOYSA-N,VLKZOEOYAKHREP-UHFFFAOYSA-N,SECXISVLQFMRJM-UHFFFAOYSA-N,363.2,1200
VLKZOEOYAKHREP-UHFFFAOYSA-N,VLKZOEOYAKHREP-UHFFFAOYSA-N,TUNFSRHWOTWDNC-UHFFFAOYSA-N,338.27,1201
VLKZOEOYAKHREP-UHFFFAOYSA-N,VLKZOEOYAKHREP-UHFFFAOYSA-N,TUNFSRHWOTWDNC-UHFFFAOYSA-N,348.3,1202
VLKZOEOYAKHREP-UHFFFAOYSA-N,VLKZOEOYAKHREP-UHFFFAOYSA-N,TUNFSRHWOTWDNC-UHFFFAOYSA-N,358.33,1203
VLKZOEOYAKHREP-UHFFFAOYSA-N,VLKZOEOYAKHREP-UHFFFAOYSA-N,XNWFRZJHXBZDAG-UHFFFAOYSA-N,298.0,1204
VLKZOEOYAKHREP-UHFFFAOYSA-N,VLKZOEOYAKHREP-UHFFFAOYSA-N,YPFDHNVEDLHUCE-UHFFFAOYSA-N,312.1,1205
VLKZOEOYAKHREP-UHFFFAOYSA-N,VLKZOEOYAKHREP-UHFFFAOYSA-N,YPFDHNVEDLHUCE-UHFFFAOYSA-N,333.1,1206
VLKZOEOYAKHREP-UHFFFAOYSA-N,VLKZOEOYAKHREP-UHFFFAOYSA-N,YPFDHNVEDLHUCE-UHFFFAOYSA-N,352.1,1207
VLKZOEOYAKHREP-UHFFFAOYSA-N,VLKZOEOYAKHREP-UHFFFAOYSA-N,ZIBGPFATKBEMQZ-UHFFFAOYSA-N,333.2,1208
VLKZOEOYAKHREP-UHFFFAOYSA-N,VLKZOEOYAKHREP-UHFFFAOYSA-N,ZIBGPFATKBEMQZ-UHFFFAOYSA-N,348.2,1209
VLKZOEOYAKHREP-UHFFFAOYSA-N,VLKZOEOYAKHREP-UHFFFAOYSA-N,ZIBGPFATKBEMQZ-UHFFFAOYSA-N,363.2,1210
VLKZOEOYAKHREP-UHFFFAOYSA-N,VLKZOEOYAKHREP-UHFFFAOYSA-N,ZQPPMHVWECSIRJ-KTKRTIGZSA-N,338.36,1211
VLKZOEOYAKHREP-UHFFFAOYSA-N,VLKZOEOYAKHREP-UHFFFAOYSA-N,ZQPPMHVWECSIRJ-KTKRTIGZSA-N,348.29,1212
VLKZOEOYAKHREP-UHFFFAOYSA-N,VLKZOEOYAKHREP-UHFFFAOYSA-N,ZQPPMHVWECSIRJ-KTKRTIGZSA-N,348.36,1213
VLKZOEOYAKHREP-UHFFFAOYSA-N,VLKZOEOYAKHREP-UHFFFAOYSA-N,ZQPPMHVWECSIRJ-KTKRTIGZSA-N,358.28,1214
BDERNNFJNOPAEC-UHFFFAOYSA-N,ATUOYWHBWRKTHZ-UHFFFAOYSA-N,BDERNNFJNOPAEC-UHFFFAOYSA-N,259.98,1215
BDERNNFJNOPAEC-UHFFFAOYSA-N,ATUOYWHBWRKTHZ-UHFFFAOYSA-N,BDERNNFJNOPAEC-UHFFFAOYSA-N,279.96,1216
BDERNNFJNOPAEC-UHFFFAOYSA-N,ATUOYWHBWRKTHZ-UHFFFAOYSA-N,BDERNNFJNOPAEC-UHFFFAOYSA-N,299.96,1217
BDERNNFJNOPAEC-UHFFFAOYSA-N,ATUOYWHBWRKTHZ-UHFFFAOYSA-N,BDERNNFJNOPAEC-UHFFFAOYSA-N,320.03,1218
BDERNNFJNOPAEC-UHFFFAOYSA-N,ATUOYWHBWRKTHZ-UHFFFAOYSA-N,BDERNNFJNOPAEC-UHFFFAOYSA-N,339.95,1219
BDERNNFJNOPAEC-UHFFFAOYSA-N,BDERNNFJNOPAEC-UHFFFAOYSA-N,BTFJIXJJCSYFAL-UHFFFAOYSA-N,338.15,1220
BDERNNFJNOPAEC-UHFFFAOYSA-N,BDERNNFJNOPAEC-UHFFFAOYSA-N,BTFJIXJJCSYFAL-UHFFFAOYSA-N,343.15,1221
BDERNNFJNOPAEC-UHFFFAOYSA-N,BDERNNFJNOPAEC-UHFFFAOYSA-N,BTFJIXJJCSYFAL-UHFFFAOYSA-N,348.15,1222
BDERNNFJNOPAEC-UHFFFAOYSA-N,BDERNNFJNOPAEC-UHFFFAOYSA-N,BTFJIXJJCSYFAL-UHFFFAOYSA-N,353.15,1223
BDERNNFJNOPAEC-UHFFFAOYSA-N,BDERNNFJNOPAEC-UHFFFAOYSA-N,DTOSIQBPPRVQHS-PDBXOOCHSA-N,323.26,1224
BDERNNFJNOPAEC-UHFFFAOYSA-N,BDERNNFJNOPAEC-UHFFFAOYSA-N,GHVNFZFCNZKVNT-UHFFFAOYSA-N,314.1,1225
BDERNNFJNOPAEC-UHFFFAOYSA-N,BDERNNFJNOPAEC-UHFFFAOYSA-N,GHVNFZFCNZKVNT-UHFFFAOYSA-N,314.24,1226
BDERNNFJNOPAEC-UHFFFAOYSA-N,BDERNNFJNOPAEC-UHFFFAOYSA-N,GHVNFZFCNZKVNT-UHFFFAOYSA-N,333.26,1227
BDERNNFJNOPAEC-UHFFFAOYSA-N,BDERNNFJNOPAEC-UHFFFAOYSA-N,GHVNFZFCNZKVNT-UHFFFAOYSA-N,333.38,1228
BDERNNFJNOPAEC-UHFFFAOYSA-N,BDERNNFJNOPAEC-UHFFFAOYSA-N,GHVNFZFCNZKVNT-UHFFFAOYSA-N,353.25,1229
BDERNNFJNOPAEC-UHFFFAOYSA-N,BDERNNFJNOPAEC-UHFFFAOYSA-N,GHVNFZFCNZKVNT-UHFFFAOYSA-N,353.3,1230
BDERNNFJNOPAEC-UHFFFAOYSA-N,BDERNNFJNOPAEC-UHFFFAOYSA-N,GLDOVTGHNKAZLK-UHFFFAOYSA-N,333.15,1231
BDERNNFJNOPAEC-UHFFFAOYSA-N,BDERNNFJNOPAEC-UHFFFAOYSA-N,GLDOVTGHNKAZLK-UHFFFAOYSA-N,338.15,1232
BDERNNFJNOPAEC-UHFFFAOYSA-N,BDERNNFJNOPAEC-UHFFFAOYSA-N,GLDOVTGHNKAZLK-UHFFFAOYSA-N,343.15,1233
BDERNNFJNOPAEC-UHFFFAOYSA-N,BDERNNFJNOPAEC-UHFFFAOYSA-N,GLDOVTGHNKAZLK-UHFFFAOYSA-N,348.15,1234
BDERNNFJNOPAEC-UHFFFAOYSA-N,BDERNNFJNOPAEC-UHFFFAOYSA-N,GLDOVTGHNKAZLK-UHFFFAOYSA-N,353.15,1235
BDERNNFJNOPAEC-UHFFFAOYSA-N,BDERNNFJNOPAEC-UHFFFAOYSA-N,IMNFDUFMRHMDMM-UHFFFAOYSA-N,303.15,1236
BDERNNFJNOPAEC-UHFFFAOYSA-N,BDERNNFJNOPAEC-UHFFFAOYSA-N,IMNFDUFMRHMDMM-UHFFFAOYSA-N,313.15,1237
BDERNNFJNOPAEC-UHFFFAOYSA-N,BDERNNFJNOPAEC-UHFFFAOYSA-N,IMNFDUFMRHMDMM-UHFFFAOYSA-N,323.15,1238
BDERNNFJNOPAEC-UHFFFAOYSA-N,BDERNNFJNOPAEC-UHFFFAOYSA-N,IMNFDUFMRHMDMM-UHFFFAOYSA-N,333.15,1239
BDERNNFJNOPAEC-UHFFFAOYSA-N,BDERNNFJNOPAEC-UHFFFAOYSA-N,IMNFDUFMRHMDMM-UHFFFAOYSA-N,343.15,1240
BDERNNFJNOPAEC-UHFFFAOYSA-N,BDERNNFJNOPAEC-UHFFFAOYSA-N,IPCSVZSSVZVIGE-UHFFFAOYSA-N,340.19,1241
BDERNNFJNOPAEC-UHFFFAOYSA-N,BDERNNFJNOPAEC-UHFFFAOYSA-N,IPCSVZSSVZVIGE-UHFFFAOYSA-N,348.01,1242
BDERNNFJNOPAEC-UHFFFAOYSA-N,BDERNNFJNOPAEC-UHFFFAOYSA-N,IPCSVZSSVZVIGE-UHFFFAOYSA-N,358.32,1243
BDERNNFJNOPAEC-UHFFFAOYSA-N,BDERNNFJNOPAEC-UHFFFAOYSA-N,MTHSVFCYNBDYFN-UHFFFAOYSA-N,333.2,1244
BDERNNFJNOPAEC-UHFFFAOYSA-N,BDERNNFJNOPAEC-UHFFFAOYSA-N,MTHSVFCYNBDYFN-UHFFFAOYSA-N,348.2,1245
BDERNNFJNOPAEC-UHFFFAOYSA-N,BDERNNFJNOPAEC-UHFFFAOYSA-N,MTHSVFCYNBDYFN-UHFFFAOYSA-N,363.2,1246
BDERNNFJNOPAEC-UHFFFAOYSA-N,BDERNNFJNOPAEC-UHFFFAOYSA-N,OYHQOLUKZRVURQ-HZJYTTRNSA-N,338.28,1247
BDERNNFJNOPAEC-UHFFFAOYSA-N,BDERNNFJNOPAEC-UHFFFAOYSA-N,OYHQOLUKZRVURQ-HZJYTTRNSA-N,348.31,1248
BDERNNFJNOPAEC-UHFFFAOYSA-N,BDERNNFJNOPAEC-UHFFFAOYSA-N,OYHQOLUKZRVURQ-HZJYTTRNSA-N,358.33,1249
BDERNNFJNOPAEC-UHFFFAOYSA-N,BDERNNFJNOPAEC-UHFFFAOYSA-N,POULHZVOKOAJMA-UHFFFAOYSA-N,314.1,1250
BDERNNFJNOPAEC-UHFFFAOYSA-N,BDERNNFJNOPAEC-UHFFFAOYSA-N,POULHZVOKOAJMA-UHFFFAOYSA-N,314.24,1251
BDERNNFJNOPAEC-UHFFFAOYSA-N,BDERNNFJNOPAEC-UHFFFAOYSA-N,POULHZVOKOAJMA-UHFFFAOYSA-N,333.26,1252
BDERNNFJNOPAEC-UHFFFAOYSA-N,BDERNNFJNOPAEC-UHFFFAOYSA-N,POULHZVOKOAJMA-UHFFFAOYSA-N,333.38,1253
BDERNNFJNOPAEC-UHFFFAOYSA-N,BDERNNFJNOPAEC-UHFFFAOYSA-N,POULHZVOKOAJMA-UHFFFAOYSA-N,353.25,1254
BDERNNFJNOPAEC-UHFFFAOYSA-N,BDERNNFJNOPAEC-UHFFFAOYSA-N,POULHZVOKOAJMA-UHFFFAOYSA-N,353.3,1255
BDERNNFJNOPAEC-UHFFFAOYSA-N,BDERNNFJNOPAEC-UHFFFAOYSA-N,PWGJDPKCLMLPJW-UHFFFAOYSA-N,328.15,1256
BDERNNFJNOPAEC-UHFFFAOYSA-N,BDERNNFJNOPAEC-UHFFFAOYSA-N,PWGJDPKCLMLPJW-UHFFFAOYSA-N,338.15,1257
BDERNNFJNOPAEC-UHFFFAOYSA-N,BDERNNFJNOPAEC-UHFFFAOYSA-N,PWGJDPKCLMLPJW-UHFFFAOYSA-N,343.15,1258
BDERNNFJNOPAEC-UHFFFAOYSA-N,BDERNNFJNOPAEC-UHFFFAOYSA-N,PWGJDPKCLMLPJW-UHFFFAOYSA-N,348.15,1259
BDERNNFJNOPAEC-UHFFFAOYSA-N,BDERNNFJNOPAEC-UHFFFAOYSA-N,QIQXTHQIDYTFRH-UHFFFAOYSA-N,349.38,1260
BDERNNFJNOPAEC-UHFFFAOYSA-N,BDERNNFJNOPAEC-UHFFFAOYSA-N,QIQXTHQIDYTFRH-UHFFFAOYSA-N,349.48,1261
BDERNNFJNOPAEC-UHFFFAOYSA-N,BDERNNFJNOPAEC-UHFFFAOYSA-N,QIQXTHQIDYTFRH-UHFFFAOYSA-N,358.46,1262
BDERNNFJNOPAEC-UHFFFAOYSA-N,BDERNNFJNOPAEC-UHFFFAOYSA-N,QIQXTHQIDYTFRH-UHFFFAOYSA-N,367.93,1263
BDERNNFJNOPAEC-UHFFFAOYSA-N,BDERNNFJNOPAEC-UHFFFAOYSA-N,QIQXTHQIDYTFRH-UHFFFAOYSA-N,368.13,1264
BDERNNFJNOPAEC-UHFFFAOYSA-N,BDERNNFJNOPAEC-UHFFFAOYSA-N,SECXISVLQFMRJM-UHFFFAOYSA-N,333.2,1265
BDERNNFJNOPAEC-UHFFFAOYSA-N,BDERNNFJNOPAEC-UHFFFAOYSA-N,SECXISVLQFMRJM-UHFFFAOYSA-N,348.2,1266
BDERNNFJNOPAEC-UHFFFAOYSA-N,BDERNNFJNOPAEC-UHFFFAOYSA-N,SECXISVLQFMRJM-UHFFFAOYSA-N,363.2,1267
BDERNNFJNOPAEC-UHFFFAOYSA-N,BDERNNFJNOPAEC-UHFFFAOYSA-N,TUNFSRHWOTWDNC-UHFFFAOYSA-N,314.1,1268
BDERNNFJNOPAEC-UHFFFAOYSA-N,BDERNNFJNOPAEC-UHFFFAOYSA-N,TUNFSRHWOTWDNC-UHFFFAOYSA-N,314.24,1269
BDERNNFJNOPAEC-UHFFFAOYSA-N,BDERNNFJNOPAEC-UHFFFAOYSA-N,TUNFSRHWOTWDNC-UHFFFAOYSA-N,333.26,1270
BDERNNFJNOPAEC-UHFFFAOYSA-N,BDERNNFJNOPAEC-UHFFFAOYSA-N,TUNFSRHWOTWDNC-UHFFFAOYSA-N,333.38,1271
BDERNNFJNOPAEC-UHFFFAOYSA-N,BDERNNFJNOPAEC-UHFFFAOYSA-N,TUNFSRHWOTWDNC-UHFFFAOYSA-N,353.25,1272
BDERNNFJNOPAEC-UHFFFAOYSA-N,BDERNNFJNOPAEC-UHFFFAOYSA-N,TUNFSRHWOTWDNC-UHFFFAOYSA-N,353.3,1273
BDERNNFJNOPAEC-UHFFFAOYSA-N,BDERNNFJNOPAEC-UHFFFAOYSA-N,TVMXDCGIABBOFY-UHFFFAOYSA-N,303.15,1274
BDERNNFJNOPAEC-UHFFFAOYSA-N,BDERNNFJNOPAEC-UHFFFAOYSA-N,TVMXDCGIABBOFY-UHFFFAOYSA-N,313.15,1275
BDERNNFJNOPAEC-UHFFFAOYSA-N,BDERNNFJNOPAEC-UHFFFAOYSA-N,TVMXDCGIABBOFY-UHFFFAOYSA-N,323.15,1276
BDERNNFJNOPAEC-UHFFFAOYSA-N,BDERNNFJNOPAEC-UHFFFAOYSA-N,TVMXDCGIABBOFY-UHFFFAOYSA-N,333.15,1277
BDERNNFJNOPAEC-UHFFFAOYSA-N,BDERNNFJNOPAEC-UHFFFAOYSA-N,TVMXDCGIABBOFY-UHFFFAOYSA-N,343.15,1278
BDERNNFJNOPAEC-UHFFFAOYSA-N,BDERNNFJNOPAEC-UHFFFAOYSA-N,XLYOFNOQVPJJNP-UHFFFAOYSA-N,273.35,1279
BDERNNFJNOPAEC-UHFFFAOYSA-N,BDERNNFJNOPAEC-UHFFFAOYSA-N,XLYOFNOQVPJJNP-UHFFFAOYSA-N,283.15,1280
BDERNNFJNOPAEC-UHFFFAOYSA-N,BDERNNFJNOPAEC-UHFFFAOYSA-N,XLYOFNOQVPJJNP-UHFFFAOYSA-N,293.15,1281
BDERNNFJNOPAEC-UHFFFAOYSA-N,BDERNNFJNOPAEC-UHFFFAOYSA-N,XLYOFNOQVPJJNP-UHFFFAOYSA-N,298.01,1282
BDERNNFJNOPAEC-UHFFFAOYSA-N,BDERNNFJNOPAEC-UHFFFAOYSA-N,XLYOFNOQVPJJNP-UHFFFAOYSA-N,298.03,1283
BDERNNFJNOPAEC-UHFFFAOYSA-N,BDERNNFJNOPAEC-UHFFFAOYSA-N,XLYOFNOQVPJJNP-UHFFFAOYSA-N,298.1,1284
BDERNNFJNOPAEC-UHFFFAOYSA-N,BDERNNFJNOPAEC-UHFFFAOYSA-N,XLYOFNOQVPJJNP-UHFFFAOYSA-N,298.04,1285
BDERNNFJNOPAEC-UHFFFAOYSA-N,BDERNNFJNOPAEC-UHFFFAOYSA-N,XLYOFNOQVPJJNP-UHFFFAOYSA-N,298.1,1286
BDERNNFJNOPAEC-UHFFFAOYSA-N,BDERNNFJNOPAEC-UHFFFAOYSA-N,XLYOFNOQVPJJNP-UHFFFAOYSA-N,303.15,1287
BDERNNFJNOPAEC-UHFFFAOYSA-N,BDERNNFJNOPAEC-UHFFFAOYSA-N,XLYOFNOQVPJJNP-UHFFFAOYSA-N,308.15,1288
BDERNNFJNOPAEC-UHFFFAOYSA-N,BDERNNFJNOPAEC-UHFFFAOYSA-N,XLYOFNOQVPJJNP-UHFFFAOYSA-N,313.15,1289
BDERNNFJNOPAEC-UHFFFAOYSA-N,BDERNNFJNOPAEC-UHFFFAOYSA-N,XLYOFNOQVPJJNP-UHFFFAOYSA-N,318.15,1290
BDERNNFJNOPAEC-UHFFFAOYSA-N,BDERNNFJNOPAEC-UHFFFAOYSA-N,XLYOFNOQVPJJNP-UHFFFAOYSA-N,323.15,1291
BDERNNFJNOPAEC-UHFFFAOYSA-N,BDERNNFJNOPAEC-UHFFFAOYSA-N,XLYOFNOQVPJJNP-UHFFFAOYSA-N,328.15,1292
BDERNNFJNOPAEC-UHFFFAOYSA-N,BDERNNFJNOPAEC-UHFFFAOYSA-N,XLYOFNOQVPJJNP-UHFFFAOYSA-N,333.15,1293
BDERNNFJNOPAEC-UHFFFAOYSA-N,BDERNNFJNOPAEC-UHFFFAOYSA-N,XLYOFNOQVPJJNP-UHFFFAOYSA-N,358.15,1294
BDERNNFJNOPAEC-UHFFFAOYSA-N,BDERNNFJNOPAEC-UHFFFAOYSA-N,XLYOFNOQVPJJNP-UHFFFAOYSA-N,363.15,1295
BDERNNFJNOPAEC-UHFFFAOYSA-N,BDERNNFJNOPAEC-UHFFFAOYSA-N,XLYOFNOQVPJJNP-UHFFFAOYSA-N,368.15,1296
BDERNNFJNOPAEC-UHFFFAOYSA-N,BDERNNFJNOPAEC-UHFFFAOYSA-N,XLYOFNOQVPJJNP-UHFFFAOYSA-N,372.15,1297
BDERNNFJNOPAEC-UHFFFAOYSA-N,BDERNNFJNOPAEC-UHFFFAOYSA-N,YNQLUTRBYVCPMQ-UHFFFAOYSA-N,293.15,1298
BDERNNFJNOPAEC-UHFFFAOYSA-N,BDERNNFJNOPAEC-UHFFFAOYSA-N,YNQLUTRBYVCPMQ-UHFFFAOYSA-N,303.15,1299
BDERNNFJNOPAEC-UHFFFAOYSA-N,BDERNNFJNOPAEC-UHFFFAOYSA-N,YNQLUTRBYVCPMQ-UHFFFAOYSA-N,313.15,1300
BDERNNFJNOPAEC-UHFFFAOYSA-N,BDERNNFJNOPAEC-UHFFFAOYSA-N,YNQLUTRBYVCPMQ-UHFFFAOYSA-N,323.15,1301
BDERNNFJNOPAEC-UHFFFAOYSA-N,BDERNNFJNOPAEC-UHFFFAOYSA-N,ZIBGPFATKBEMQZ-UHFFFAOYSA-N,333.2,1302
BDERNNFJNOPAEC-UHFFFAOYSA-N,BDERNNFJNOPAEC-UHFFFAOYSA-N,ZIBGPFATKBEMQZ-UHFFFAOYSA-N,348.2,1303
BDERNNFJNOPAEC-UHFFFAOYSA-N,BDERNNFJNOPAEC-UHFFFAOYSA-N,ZIBGPFATKBEMQZ-UHFFFAOYSA-N,363.2,1304
BDERNNFJNOPAEC-UHFFFAOYSA-N,HRYZWHHZPQKTII-UHFFFAOYSA-N,BDERNNFJNOPAEC-UHFFFAOYSA-N,270.0,1305
BDERNNFJNOPAEC-UHFFFAOYSA-N,HRYZWHHZPQKTII-UHFFFAOYSA-N,BDERNNFJNOPAEC-UHFFFAOYSA-N,289.99,1306
BDERNNFJNOPAEC-UHFFFAOYSA-N,HRYZWHHZPQKTII-UHFFFAOYSA-N,BDERNNFJNOPAEC-UHFFFAOYSA-N,309.99,1307
BDERNNFJNOPAEC-UHFFFAOYSA-N,HRYZWHHZPQKTII-UHFFFAOYSA-N,BDERNNFJNOPAEC-UHFFFAOYSA-N,330.0,1308
BDERNNFJNOPAEC-UHFFFAOYSA-N,IAQRGUVFOMOMEM-ARJAWSKDSA-N,BDERNNFJNOPAEC-UHFFFAOYSA-N,270.0,1309
BDERNNFJNOPAEC-UHFFFAOYSA-N,IAQRGUVFOMOMEM-ARJAWSKDSA-N,BDERNNFJNOPAEC-UHFFFAOYSA-N,289.99,1310
BDERNNFJNOPAEC-UHFFFAOYSA-N,IAQRGUVFOMOMEM-ARJAWSKDSA-N,BDERNNFJNOPAEC-UHFFFAOYSA-N,309.99,1311
BDERNNFJNOPAEC-UHFFFAOYSA-N,IAQRGUVFOMOMEM-ARJAWSKDSA-N,BDERNNFJNOPAEC-UHFFFAOYSA-N,330.0,1312
BDERNNFJNOPAEC-UHFFFAOYSA-N,IAQRGUVFOMOMEM-ONEGZZNKSA-N,BDERNNFJNOPAEC-UHFFFAOYSA-N,260.02,1313
BDERNNFJNOPAEC-UHFFFAOYSA-N,IAQRGUVFOMOMEM-ONEGZZNKSA-N,BDERNNFJNOPAEC-UHFFFAOYSA-N,280.03,1314
BDERNNFJNOPAEC-UHFFFAOYSA-N,IAQRGUVFOMOMEM-ONEGZZNKSA-N,BDERNNFJNOPAEC-UHFFFAOYSA-N,299.99,1315
BDERNNFJNOPAEC-UHFFFAOYSA-N,IAQRGUVFOMOMEM-ONEGZZNKSA-N,BDERNNFJNOPAEC-UHFFFAOYSA-N,320.09,1316
BDERNNFJNOPAEC-UHFFFAOYSA-N,IAQRGUVFOMOMEM-ONEGZZNKSA-N,BDERNNFJNOPAEC-UHFFFAOYSA-N,340.06,1317
BDERNNFJNOPAEC-UHFFFAOYSA-N,IJDNQMDRQITEOD-UHFFFAOYSA-N,BDERNNFJNOPAEC-UHFFFAOYSA-N,260.05,1318
BDERNNFJNOPAEC-UHFFFAOYSA-N,IJDNQMDRQITEOD-UHFFFAOYSA-N,BDERNNFJNOPAEC-UHFFFAOYSA-N,280.05,1319
BDERNNFJNOPAEC-UHFFFAOYSA-N,IJDNQMDRQITEOD-UHFFFAOYSA-N,BDERNNFJNOPAEC-UHFFFAOYSA-N,299.99,1320
BDERNNFJNOPAEC-UHFFFAOYSA-N,IJDNQMDRQITEOD-UHFFFAOYSA-N,BDERNNFJNOPAEC-UHFFFAOYSA-N,320.05,1321
BDERNNFJNOPAEC-UHFFFAOYSA-N,KAKZBPTYRLMSJV-UHFFFAOYSA-N,BDERNNFJNOPAEC-UHFFFAOYSA-N,260.02,1322
BDERNNFJNOPAEC-UHFFFAOYSA-N,KAKZBPTYRLMSJV-UHFFFAOYSA-N,BDERNNFJNOPAEC-UHFFFAOYSA-N,280.03,1323
BDERNNFJNOPAEC-UHFFFAOYSA-N,KAKZBPTYRLMSJV-UHFFFAOYSA-N,BDERNNFJNOPAEC-UHFFFAOYSA-N,299.99,1324
BDERNNFJNOPAEC-UHFFFAOYSA-N,KAKZBPTYRLMSJV-UHFFFAOYSA-N,BDERNNFJNOPAEC-UHFFFAOYSA-N,320.09,1325
BDERNNFJNOPAEC-UHFFFAOYSA-N,KAKZBPTYRLMSJV-UHFFFAOYSA-N,BDERNNFJNOPAEC-UHFFFAOYSA-N,340.06,1326
BDERNNFJNOPAEC-UHFFFAOYSA-N,LCGLNKUTAGEVQW-UHFFFAOYSA-N,BDERNNFJNOPAEC-UHFFFAOYSA-N,259.93,1327
BDERNNFJNOPAEC-UHFFFAOYSA-N,LCGLNKUTAGEVQW-UHFFFAOYSA-N,BDERNNFJNOPAEC-UHFFFAOYSA-N,269.98,1328
BDERNNFJNOPAEC-UHFFFAOYSA-N,LCGLNKUTAGEVQW-UHFFFAOYSA-N,BDERNNFJNOPAEC-UHFFFAOYSA-N,290.0,1329
BDERNNFJNOPAEC-UHFFFAOYSA-N,LCGLNKUTAGEVQW-UHFFFAOYSA-N,BDERNNFJNOPAEC-UHFFFAOYSA-N,309.99,1330
BDERNNFJNOPAEC-UHFFFAOYSA-N,LCGLNKUTAGEVQW-UHFFFAOYSA-N,BDERNNFJNOPAEC-UHFFFAOYSA-N,330.0,1331
BDERNNFJNOPAEC-UHFFFAOYSA-N,NNPPMTNAJDCUHE-UHFFFAOYSA-N,BDERNNFJNOPAEC-UHFFFAOYSA-N,259.98,1332
BDERNNFJNOPAEC-UHFFFAOYSA-N,NNPPMTNAJDCUHE-UHFFFAOYSA-N,BDERNNFJNOPAEC-UHFFFAOYSA-N,279.94,1333
BDERNNFJNOPAEC-UHFFFAOYSA-N,NNPPMTNAJDCUHE-UHFFFAOYSA-N,BDERNNFJNOPAEC-UHFFFAOYSA-N,300.16,1334
BDERNNFJNOPAEC-UHFFFAOYSA-N,NNPPMTNAJDCUHE-UHFFFAOYSA-N,BDERNNFJNOPAEC-UHFFFAOYSA-N,320.0,1335
BDERNNFJNOPAEC-UHFFFAOYSA-N,NNPPMTNAJDCUHE-UHFFFAOYSA-N,BDERNNFJNOPAEC-UHFFFAOYSA-N,339.92,1336
BDERNNFJNOPAEC-UHFFFAOYSA-N,NPNPZTNLOVBDOC-UHFFFAOYSA-N,BDERNNFJNOPAEC-UHFFFAOYSA-N,259.93,1337
BDERNNFJNOPAEC-UHFFFAOYSA-N,NPNPZTNLOVBDOC-UHFFFAOYSA-N,BDERNNFJNOPAEC-UHFFFAOYSA-N,269.98,1338
BDERNNFJNOPAEC-UHFFFAOYSA-N,NPNPZTNLOVBDOC-UHFFFAOYSA-N,BDERNNFJNOPAEC-UHFFFAOYSA-N,290.0,1339
BDERNNFJNOPAEC-UHFFFAOYSA-N,NPNPZTNLOVBDOC-UHFFFAOYSA-N,BDERNNFJNOPAEC-UHFFFAOYSA-N,309.99,1340
BDERNNFJNOPAEC-UHFFFAOYSA-N,NPNPZTNLOVBDOC-UHFFFAOYSA-N,BDERNNFJNOPAEC-UHFFFAOYSA-N,330.0,1341
BDERNNFJNOPAEC-UHFFFAOYSA-N,QQONPFPTGQHPMA-UHFFFAOYSA-N,BDERNNFJNOPAEC-UHFFFAOYSA-N,259.92,1342
BDERNNFJNOPAEC-UHFFFAOYSA-N,QQONPFPTGQHPMA-UHFFFAOYSA-N,BDERNNFJNOPAEC-UHFFFAOYSA-N,279.94,1343
BDERNNFJNOPAEC-UHFFFAOYSA-N,QQONPFPTGQHPMA-UHFFFAOYSA-N,BDERNNFJNOPAEC-UHFFFAOYSA-N,300.03,1344
BDERNNFJNOPAEC-UHFFFAOYSA-N,QQONPFPTGQHPMA-UHFFFAOYSA-N,BDERNNFJNOPAEC-UHFFFAOYSA-N,320.02,1345
BDERNNFJNOPAEC-UHFFFAOYSA-N,QQONPFPTGQHPMA-UHFFFAOYSA-N,BDERNNFJNOPAEC-UHFFFAOYSA-N,340.1,1346
BDERNNFJNOPAEC-UHFFFAOYSA-N,VQTUBCCKSQIDNK-UHFFFAOYSA-N,BDERNNFJNOPAEC-UHFFFAOYSA-N,259.91,1347
BDERNNFJNOPAEC-UHFFFAOYSA-N,VQTUBCCKSQIDNK-UHFFFAOYSA-N,BDERNNFJNOPAEC-UHFFFAOYSA-N,279.95,1348
BDERNNFJNOPAEC-UHFFFAOYSA-N,VQTUBCCKSQIDNK-UHFFFAOYSA-N,BDERNNFJNOPAEC-UHFFFAOYSA-N,299.94,1349
BDERNNFJNOPAEC-UHFFFAOYSA-N,VQTUBCCKSQIDNK-UHFFFAOYSA-N,BDERNNFJNOPAEC-UHFFFAOYSA-N,320.06,1350
BDERNNFJNOPAEC-UHFFFAOYSA-N,VQTUBCCKSQIDNK-UHFFFAOYSA-N,BDERNNFJNOPAEC-UHFFFAOYSA-N,340.16,1351
BDERNNFJNOPAEC-UHFFFAOYSA-N,VXNZUUAINFGPBY-UHFFFAOYSA-N,BDERNNFJNOPAEC-UHFFFAOYSA-N,260.03,1352
BDERNNFJNOPAEC-UHFFFAOYSA-N,VXNZUUAINFGPBY-UHFFFAOYSA-N,BDERNNFJNOPAEC-UHFFFAOYSA-N,280.04,1353
BDERNNFJNOPAEC-UHFFFAOYSA-N,VXNZUUAINFGPBY-UHFFFAOYSA-N,BDERNNFJNOPAEC-UHFFFAOYSA-N,299.98,1354
BDERNNFJNOPAEC-UHFFFAOYSA-N,VXNZUUAINFGPBY-UHFFFAOYSA-N,BDERNNFJNOPAEC-UHFFFAOYSA-N,320.03,1355
BDERNNFJNOPAEC-UHFFFAOYSA-N,VXNZUUAINFGPBY-UHFFFAOYSA-N,BDERNNFJNOPAEC-UHFFFAOYSA-N,340.0,1356
BDERNNFJNOPAEC-UHFFFAOYSA-N,YNQLUTRBYVCPMQ-UHFFFAOYSA-N,BDERNNFJNOPAEC-UHFFFAOYSA-N,343.15,1357
BDERNNFJNOPAEC-UHFFFAOYSA-N,YNQLUTRBYVCPMQ-UHFFFAOYSA-N,BDERNNFJNOPAEC-UHFFFAOYSA-N,353.15,1358
BDERNNFJNOPAEC-UHFFFAOYSA-N,YNQLUTRBYVCPMQ-UHFFFAOYSA-N,BDERNNFJNOPAEC-UHFFFAOYSA-N,363.15,1359
BDERNNFJNOPAEC-UHFFFAOYSA-N,YNQLUTRBYVCPMQ-UHFFFAOYSA-N,BDERNNFJNOPAEC-UHFFFAOYSA-N,370.15,1360
GHVNFZFCNZKVNT-UHFFFAOYSA-N,BDERNNFJNOPAEC-UHFFFAOYSA-N,GHVNFZFCNZKVNT-UHFFFAOYSA-N,314.1,1361
GHVNFZFCNZKVNT-UHFFFAOYSA-N,BDERNNFJNOPAEC-UHFFFAOYSA-N,GHVNFZFCNZKVNT-UHFFFAOYSA-N,314.24,1362
GHVNFZFCNZKVNT-UHFFFAOYSA-N,BDERNNFJNOPAEC-UHFFFAOYSA-N,GHVNFZFCNZKVNT-UHFFFAOYSA-N,333.26,1363
GHVNFZFCNZKVNT-UHFFFAOYSA-N,BDERNNFJNOPAEC-UHFFFAOYSA-N,GHVNFZFCNZKVNT-UHFFFAOYSA-N,333.38,1364
GHVNFZFCNZKVNT-UHFFFAOYSA-N,BDERNNFJNOPAEC-UHFFFAOYSA-N,GHVNFZFCNZKVNT-UHFFFAOYSA-N,353.25,1365
GHVNFZFCNZKVNT-UHFFFAOYSA-N,BDERNNFJNOPAEC-UHFFFAOYSA-N,GHVNFZFCNZKVNT-UHFFFAOYSA-N,353.3,1366
GHVNFZFCNZKVNT-UHFFFAOYSA-N,BTANRVKWQNVYAZ-UHFFFAOYSA-N,GHVNFZFCNZKVNT-UHFFFAOYSA-N,314.1,1367
GHVNFZFCNZKVNT-UHFFFAOYSA-N,BTANRVKWQNVYAZ-UHFFFAOYSA-N,GHVNFZFCNZKVNT-UHFFFAOYSA-N,314.24,1368
GHVNFZFCNZKVNT-UHFFFAOYSA-N,BTANRVKWQNVYAZ-UHFFFAOYSA-N,GHVNFZFCNZKVNT-UHFFFAOYSA-N,333.26,1369
GHVNFZFCNZKVNT-UHFFFAOYSA-N,BTANRVKWQNVYAZ-UHFFFAOYSA-N,GHVNFZFCNZKVNT-UHFFFAOYSA-N,333.38,1370
GHVNFZFCNZKVNT-UHFFFAOYSA-N,BTANRVKWQNVYAZ-UHFFFAOYSA-N,GHVNFZFCNZKVNT-UHFFFAOYSA-N,353.25,1371
GHVNFZFCNZKVNT-UHFFFAOYSA-N,BTANRVKWQNVYAZ-UHFFFAOYSA-N,GHVNFZFCNZKVNT-UHFFFAOYSA-N,353.3,1372
GHVNFZFCNZKVNT-UHFFFAOYSA-N,CSCPPACGZOOCGX-UHFFFAOYSA-N,GHVNFZFCNZKVNT-UHFFFAOYSA-N,314.1,1373
GHVNFZFCNZKVNT-UHFFFAOYSA-N,CSCPPACGZOOCGX-UHFFFAOYSA-N,GHVNFZFCNZKVNT-UHFFFAOYSA-N,333.26,1374
GHVNFZFCNZKVNT-UHFFFAOYSA-N,CSCPPACGZOOCGX-UHFFFAOYSA-N,GHVNFZFCNZKVNT-UHFFFAOYSA-N,333.38,1375
GHVNFZFCNZKVNT-UHFFFAOYSA-N,CSCPPACGZOOCGX-UHFFFAOYSA-N,GHVNFZFCNZKVNT-UHFFFAOYSA-N,353.25,1376
GHVNFZFCNZKVNT-UHFFFAOYSA-N,HEDRZPFGACZZDS-UHFFFAOYSA-N,GHVNFZFCNZKVNT-UHFFFAOYSA-N,314.1,1377
GHVNFZFCNZKVNT-UHFFFAOYSA-N,HEDRZPFGACZZDS-UHFFFAOYSA-N,GHVNFZFCNZKVNT-UHFFFAOYSA-N,314.24,1378
GHVNFZFCNZKVNT-UHFFFAOYSA-N,HEDRZPFGACZZDS-UHFFFAOYSA-N,GHVNFZFCNZKVNT-UHFFFAOYSA-N,333.26,1379
GHVNFZFCNZKVNT-UHFFFAOYSA-N,HEDRZPFGACZZDS-UHFFFAOYSA-N,GHVNFZFCNZKVNT-UHFFFAOYSA-N,333.38,1380
GHVNFZFCNZKVNT-UHFFFAOYSA-N,HEDRZPFGACZZDS-UHFFFAOYSA-N,GHVNFZFCNZKVNT-UHFFFAOYSA-N,353.3,1381
GHVNFZFCNZKVNT-UHFFFAOYSA-N,IMNFDUFMRHMDMM-UHFFFAOYSA-N,GHVNFZFCNZKVNT-UHFFFAOYSA-N,314.1,1382
GHVNFZFCNZKVNT-UHFFFAOYSA-N,IMNFDUFMRHMDMM-UHFFFAOYSA-N,GHVNFZFCNZKVNT-UHFFFAOYSA-N,314.24,1383
GHVNFZFCNZKVNT-UHFFFAOYSA-N,IMNFDUFMRHMDMM-UHFFFAOYSA-N,GHVNFZFCNZKVNT-UHFFFAOYSA-N,333.26,1384
GHVNFZFCNZKVNT-UHFFFAOYSA-N,IMNFDUFMRHMDMM-UHFFFAOYSA-N,GHVNFZFCNZKVNT-UHFFFAOYSA-N,333.38,1385
GHVNFZFCNZKVNT-UHFFFAOYSA-N,IMNFDUFMRHMDMM-UHFFFAOYSA-N,GHVNFZFCNZKVNT-UHFFFAOYSA-N,353.3,1386
GHVNFZFCNZKVNT-UHFFFAOYSA-N,KFZMGEQAYNKOFK-UHFFFAOYSA-N,GHVNFZFCNZKVNT-UHFFFAOYSA-N,314.1,1387
GHVNFZFCNZKVNT-UHFFFAOYSA-N,KFZMGEQAYNKOFK-UHFFFAOYSA-N,GHVNFZFCNZKVNT-UHFFFAOYSA-N,314.24,1388
GHVNFZFCNZKVNT-UHFFFAOYSA-N,KFZMGEQAYNKOFK-UHFFFAOYSA-N,GHVNFZFCNZKVNT-UHFFFAOYSA-N,333.26,1389
GHVNFZFCNZKVNT-UHFFFAOYSA-N,KFZMGEQAYNKOFK-UHFFFAOYSA-N,GHVNFZFCNZKVNT-UHFFFAOYSA-N,333.38,1390
GHVNFZFCNZKVNT-UHFFFAOYSA-N,KFZMGEQAYNKOFK-UHFFFAOYSA-N,GHVNFZFCNZKVNT-UHFFFAOYSA-N,353.25,1391
GHVNFZFCNZKVNT-UHFFFAOYSA-N,KFZMGEQAYNKOFK-UHFFFAOYSA-N,GHVNFZFCNZKVNT-UHFFFAOYSA-N,353.3,1392
GHVNFZFCNZKVNT-UHFFFAOYSA-N,LFQSCWFLJHTTHZ-UHFFFAOYSA-N,GHVNFZFCNZKVNT-UHFFFAOYSA-N,314.1,1393
GHVNFZFCNZKVNT-UHFFFAOYSA-N,LFQSCWFLJHTTHZ-UHFFFAOYSA-N,GHVNFZFCNZKVNT-UHFFFAOYSA-N,314.24,1394
GHVNFZFCNZKVNT-UHFFFAOYSA-N,LFQSCWFLJHTTHZ-UHFFFAOYSA-N,GHVNFZFCNZKVNT-UHFFFAOYSA-N,333.26,1395
GHVNFZFCNZKVNT-UHFFFAOYSA-N,LFQSCWFLJHTTHZ-UHFFFAOYSA-N,GHVNFZFCNZKVNT-UHFFFAOYSA-N,333.38,1396
GHVNFZFCNZKVNT-UHFFFAOYSA-N,LFQSCWFLJHTTHZ-UHFFFAOYSA-N,GHVNFZFCNZKVNT-UHFFFAOYSA-N,353.3,1397
GHVNFZFCNZKVNT-UHFFFAOYSA-N,LIKMAJRDDDTEIG-UHFFFAOYSA-N,GHVNFZFCNZKVNT-UHFFFAOYSA-N,314.24,1398
GHVNFZFCNZKVNT-UHFFFAOYSA-N,LIKMAJRDDDTEIG-UHFFFAOYSA-N,GHVNFZFCNZKVNT-UHFFFAOYSA-N,333.26,1399
GHVNFZFCNZKVNT-UHFFFAOYSA-N,LIKMAJRDDDTEIG-UHFFFAOYSA-N,GHVNFZFCNZKVNT-UHFFFAOYSA-N,333.38,1400
GHVNFZFCNZKVNT-UHFFFAOYSA-N,LIKMAJRDDDTEIG-UHFFFAOYSA-N,GHVNFZFCNZKVNT-UHFFFAOYSA-N,353.3,1401
GHVNFZFCNZKVNT-UHFFFAOYSA-N,LRHPLDYGYMQRHN-UHFFFAOYSA-N,GHVNFZFCNZKVNT-UHFFFAOYSA-N,333.26,1402
GHVNFZFCNZKVNT-UHFFFAOYSA-N,LRHPLDYGYMQRHN-UHFFFAOYSA-N,GHVNFZFCNZKVNT-UHFFFAOYSA-N,333.35,1403
GHVNFZFCNZKVNT-UHFFFAOYSA-N,LRHPLDYGYMQRHN-UHFFFAOYSA-N,GHVNFZFCNZKVNT-UHFFFAOYSA-N,353.25,1404
GHVNFZFCNZKVNT-UHFFFAOYSA-N,LRHPLDYGYMQRHN-UHFFFAOYSA-N,GHVNFZFCNZKVNT-UHFFFAOYSA-N,353.3,1405
GHVNFZFCNZKVNT-UHFFFAOYSA-N,MVPPADPHJFYWMZ-UHFFFAOYSA-N,GHVNFZFCNZKVNT-UHFFFAOYSA-N,333.26,1406
GHVNFZFCNZKVNT-UHFFFAOYSA-N,MVPPADPHJFYWMZ-UHFFFAOYSA-N,GHVNFZFCNZKVNT-UHFFFAOYSA-N,333.38,1407
GHVNFZFCNZKVNT-UHFFFAOYSA-N,MVPPADPHJFYWMZ-UHFFFAOYSA-N,GHVNFZFCNZKVNT-UHFFFAOYSA-N,353.25,1408
GHVNFZFCNZKVNT-UHFFFAOYSA-N,MVPPADPHJFYWMZ-UHFFFAOYSA-N,GHVNFZFCNZKVNT-UHFFFAOYSA-N,353.3,1409
GHVNFZFCNZKVNT-UHFFFAOYSA-N,NHTMVDHEPJAVLT-UHFFFAOYSA-N,GHVNFZFCNZKVNT-UHFFFAOYSA-N,314.1,1410
GHVNFZFCNZKVNT-UHFFFAOYSA-N,NHTMVDHEPJAVLT-UHFFFAOYSA-N,GHVNFZFCNZKVNT-UHFFFAOYSA-N,314.24,1411
GHVNFZFCNZKVNT-UHFFFAOYSA-N,NHTMVDHEPJAVLT-UHFFFAOYSA-N,GHVNFZFCNZKVNT-UHFFFAOYSA-N,333.26,1412
GHVNFZFCNZKVNT-UHFFFAOYSA-N,NHTMVDHEPJAVLT-UHFFFAOYSA-N,GHVNFZFCNZKVNT-UHFFFAOYSA-N,353.25,1413
GHVNFZFCNZKVNT-UHFFFAOYSA-N,OKKJLVBELUTLKV-UHFFFAOYSA-N,GHVNFZFCNZKVNT-UHFFFAOYSA-N,314.24,1414
GHVNFZFCNZKVNT-UHFFFAOYSA-N,OKKJLVBELUTLKV-UHFFFAOYSA-N,GHVNFZFCNZKVNT-UHFFFAOYSA-N,333.38,1415
GHVNFZFCNZKVNT-UHFFFAOYSA-N,OKKJLVBELUTLKV-UHFFFAOYSA-N,GHVNFZFCNZKVNT-UHFFFAOYSA-N,353.08,1416
GHVNFZFCNZKVNT-UHFFFAOYSA-N,OKKJLVBELUTLKV-UHFFFAOYSA-N,GHVNFZFCNZKVNT-UHFFFAOYSA-N,353.3,1417
GHVNFZFCNZKVNT-UHFFFAOYSA-N,RDOXTESZEPMUJZ-UHFFFAOYSA-N,GHVNFZFCNZKVNT-UHFFFAOYSA-N,353.25,1418
GHVNFZFCNZKVNT-UHFFFAOYSA-N,RDOXTESZEPMUJZ-UHFFFAOYSA-N,GHVNFZFCNZKVNT-UHFFFAOYSA-N,353.3,1419
GHVNFZFCNZKVNT-UHFFFAOYSA-N,VLKZOEOYAKHREP-UHFFFAOYSA-N,GHVNFZFCNZKVNT-UHFFFAOYSA-N,314.1,1420
GHVNFZFCNZKVNT-UHFFFAOYSA-N,VLKZOEOYAKHREP-UHFFFAOYSA-N,GHVNFZFCNZKVNT-UHFFFAOYSA-N,314.24,1421
GHVNFZFCNZKVNT-UHFFFAOYSA-N,VLKZOEOYAKHREP-UHFFFAOYSA-N,GHVNFZFCNZKVNT-UHFFFAOYSA-N,333.26,1422
GHVNFZFCNZKVNT-UHFFFAOYSA-N,VLKZOEOYAKHREP-UHFFFAOYSA-N,GHVNFZFCNZKVNT-UHFFFAOYSA-N,333.38,1423
GHVNFZFCNZKVNT-UHFFFAOYSA-N,VLKZOEOYAKHREP-UHFFFAOYSA-N,GHVNFZFCNZKVNT-UHFFFAOYSA-N,353.3,1424
GHVNFZFCNZKVNT-UHFFFAOYSA-N,XDTMQSROBMDMFD-UHFFFAOYSA-N,GHVNFZFCNZKVNT-UHFFFAOYSA-N,314.1,1425
GHVNFZFCNZKVNT-UHFFFAOYSA-N,XDTMQSROBMDMFD-UHFFFAOYSA-N,GHVNFZFCNZKVNT-UHFFFAOYSA-N,314.24,1426
GHVNFZFCNZKVNT-UHFFFAOYSA-N,XDTMQSROBMDMFD-UHFFFAOYSA-N,GHVNFZFCNZKVNT-UHFFFAOYSA-N,333.26,1427
GHVNFZFCNZKVNT-UHFFFAOYSA-N,XDTMQSROBMDMFD-UHFFFAOYSA-N,GHVNFZFCNZKVNT-UHFFFAOYSA-N,333.38,1428
GHVNFZFCNZKVNT-UHFFFAOYSA-N,XDTMQSROBMDMFD-UHFFFAOYSA-N,GHVNFZFCNZKVNT-UHFFFAOYSA-N,353.25,1429
GHVNFZFCNZKVNT-UHFFFAOYSA-N,XDTMQSROBMDMFD-UHFFFAOYSA-N,GHVNFZFCNZKVNT-UHFFFAOYSA-N,353.3,1430
GHVNFZFCNZKVNT-UHFFFAOYSA-N,XEKOWRVHYACXOJ-UHFFFAOYSA-N,GHVNFZFCNZKVNT-UHFFFAOYSA-N,314.1,1431
GHVNFZFCNZKVNT-UHFFFAOYSA-N,XEKOWRVHYACXOJ-UHFFFAOYSA-N,GHVNFZFCNZKVNT-UHFFFAOYSA-N,333.26,1432
GHVNFZFCNZKVNT-UHFFFAOYSA-N,XEKOWRVHYACXOJ-UHFFFAOYSA-N,GHVNFZFCNZKVNT-UHFFFAOYSA-N,333.38,1433
GHVNFZFCNZKVNT-UHFFFAOYSA-N,XEKOWRVHYACXOJ-UHFFFAOYSA-N,GHVNFZFCNZKVNT-UHFFFAOYSA-N,353.25,1434
GHVNFZFCNZKVNT-UHFFFAOYSA-N,XSTXAVWGXDQKEL-UHFFFAOYSA-N,GHVNFZFCNZKVNT-UHFFFAOYSA-N,314.1,1435
GHVNFZFCNZKVNT-UHFFFAOYSA-N,XSTXAVWGXDQKEL-UHFFFAOYSA-N,GHVNFZFCNZKVNT-UHFFFAOYSA-N,314.24,1436
GHVNFZFCNZKVNT-UHFFFAOYSA-N,XSTXAVWGXDQKEL-UHFFFAOYSA-N,GHVNFZFCNZKVNT-UHFFFAOYSA-N,333.26,1437
GHVNFZFCNZKVNT-UHFFFAOYSA-N,XSTXAVWGXDQKEL-UHFFFAOYSA-N,GHVNFZFCNZKVNT-UHFFFAOYSA-N,333.38,1438
GHVNFZFCNZKVNT-UHFFFAOYSA-N,XSTXAVWGXDQKEL-UHFFFAOYSA-N,GHVNFZFCNZKVNT-UHFFFAOYSA-N,353.08,1439
GHVNFZFCNZKVNT-UHFFFAOYSA-N,XSTXAVWGXDQKEL-UHFFFAOYSA-N,GHVNFZFCNZKVNT-UHFFFAOYSA-N,353.3,1440
GHVNFZFCNZKVNT-UHFFFAOYSA-N,YNQLUTRBYVCPMQ-UHFFFAOYSA-N,GHVNFZFCNZKVNT-UHFFFAOYSA-N,333.26,1441
GHVNFZFCNZKVNT-UHFFFAOYSA-N,YNQLUTRBYVCPMQ-UHFFFAOYSA-N,GHVNFZFCNZKVNT-UHFFFAOYSA-N,333.35,1442
GHVNFZFCNZKVNT-UHFFFAOYSA-N,YNQLUTRBYVCPMQ-UHFFFAOYSA-N,GHVNFZFCNZKVNT-UHFFFAOYSA-N,353.3,1443
GHVNFZFCNZKVNT-UHFFFAOYSA-N,YXFVVABEGXRONW-UHFFFAOYSA-N,GHVNFZFCNZKVNT-UHFFFAOYSA-N,314.1,1444
GHVNFZFCNZKVNT-UHFFFAOYSA-N,YXFVVABEGXRONW-UHFFFAOYSA-N,GHVNFZFCNZKVNT-UHFFFAOYSA-N,314.24,1445
GHVNFZFCNZKVNT-UHFFFAOYSA-N,YXFVVABEGXRONW-UHFFFAOYSA-N,GHVNFZFCNZKVNT-UHFFFAOYSA-N,333.26,1446
GHVNFZFCNZKVNT-UHFFFAOYSA-N,YXFVVABEGXRONW-UHFFFAOYSA-N,GHVNFZFCNZKVNT-UHFFFAOYSA-N,333.38,1447
GHVNFZFCNZKVNT-UHFFFAOYSA-N,YXFVVABEGXRONW-UHFFFAOYSA-N,GHVNFZFCNZKVNT-UHFFFAOYSA-N,353.25,1448
GHVNFZFCNZKVNT-UHFFFAOYSA-N,YXFVVABEGXRONW-UHFFFAOYSA-N,GHVNFZFCNZKVNT-UHFFFAOYSA-N,353.3,1449
ZIBGPFATKBEMQZ-UHFFFAOYSA-N,BDERNNFJNOPAEC-UHFFFAOYSA-N,ZIBGPFATKBEMQZ-UHFFFAOYSA-N,333.2,1450
ZIBGPFATKBEMQZ-UHFFFAOYSA-N,BDERNNFJNOPAEC-UHFFFAOYSA-N,ZIBGPFATKBEMQZ-UHFFFAOYSA-N,348.2,1451
ZIBGPFATKBEMQZ-UHFFFAOYSA-N,BDERNNFJNOPAEC-UHFFFAOYSA-N,ZIBGPFATKBEMQZ-UHFFFAOYSA-N,363.2,1452
ZIBGPFATKBEMQZ-UHFFFAOYSA-N,BKIMMITUMNQMOS-UHFFFAOYSA-N,ZIBGPFATKBEMQZ-UHFFFAOYSA-N,323.15,1453
ZIBGPFATKBEMQZ-UHFFFAOYSA-N,BKIMMITUMNQMOS-UHFFFAOYSA-N,ZIBGPFATKBEMQZ-UHFFFAOYSA-N,333.2,1454
ZIBGPFATKBEMQZ-UHFFFAOYSA-N,BKIMMITUMNQMOS-UHFFFAOYSA-N,ZIBGPFATKBEMQZ-UHFFFAOYSA-N,333.15,1455
ZIBGPFATKBEMQZ-UHFFFAOYSA-N,BKIMMITUMNQMOS-UHFFFAOYSA-N,ZIBGPFATKBEMQZ-UHFFFAOYSA-N,343.15,1456
ZIBGPFATKBEMQZ-UHFFFAOYSA-N,BKIMMITUMNQMOS-UHFFFAOYSA-N,ZIBGPFATKBEMQZ-UHFFFAOYSA-N,348.2,1457
ZIBGPFATKBEMQZ-UHFFFAOYSA-N,BKIMMITUMNQMOS-UHFFFAOYSA-N,ZIBGPFATKBEMQZ-UHFFFAOYSA-N,353.15,1458
ZIBGPFATKBEMQZ-UHFFFAOYSA-N,BKIMMITUMNQMOS-UHFFFAOYSA-N,ZIBGPFATKBEMQZ-UHFFFAOYSA-N,363.2,1459
ZIBGPFATKBEMQZ-UHFFFAOYSA-N,BKIMMITUMNQMOS-UHFFFAOYSA-N,ZIBGPFATKBEMQZ-UHFFFAOYSA-N,363.15,1460
ZIBGPFATKBEMQZ-UHFFFAOYSA-N,BKIMMITUMNQMOS-UHFFFAOYSA-N,ZIBGPFATKBEMQZ-UHFFFAOYSA-N,373.15,1461
ZIBGPFATKBEMQZ-UHFFFAOYSA-N,BKIMMITUMNQMOS-UHFFFAOYSA-N,ZIBGPFATKBEMQZ-UHFFFAOYSA-N,383.15,1462
ZIBGPFATKBEMQZ-UHFFFAOYSA-N,BKIMMITUMNQMOS-UHFFFAOYSA-N,ZIBGPFATKBEMQZ-UHFFFAOYSA-N,393.15,1463
ZIBGPFATKBEMQZ-UHFFFAOYSA-N,CGHIBGNXEGJPQZ-UHFFFAOYSA-N,ZIBGPFATKBEMQZ-UHFFFAOYSA-N,333.2,1464
ZIBGPFATKBEMQZ-UHFFFAOYSA-N,CGHIBGNXEGJPQZ-UHFFFAOYSA-N,ZIBGPFATKBEMQZ-UHFFFAOYSA-N,348.2,1465
ZIBGPFATKBEMQZ-UHFFFAOYSA-N,CGHIBGNXEGJPQZ-UHFFFAOYSA-N,ZIBGPFATKBEMQZ-UHFFFAOYSA-N,363.2,1466
ZIBGPFATKBEMQZ-UHFFFAOYSA-N,DIOQZVSQGTUSAI-UHFFFAOYSA-N,ZIBGPFATKBEMQZ-UHFFFAOYSA-N,323.15,1467
ZIBGPFATKBEMQZ-UHFFFAOYSA-N,DIOQZVSQGTUSAI-UHFFFAOYSA-N,ZIBGPFATKBEMQZ-UHFFFAOYSA-N,333.15,1468
ZIBGPFATKBEMQZ-UHFFFAOYSA-N,DIOQZVSQGTUSAI-UHFFFAOYSA-N,ZIBGPFATKBEMQZ-UHFFFAOYSA-N,343.15,1469
ZIBGPFATKBEMQZ-UHFFFAOYSA-N,DIOQZVSQGTUSAI-UHFFFAOYSA-N,ZIBGPFATKBEMQZ-UHFFFAOYSA-N,353.15,1470
ZIBGPFATKBEMQZ-UHFFFAOYSA-N,DIOQZVSQGTUSAI-UHFFFAOYSA-N,ZIBGPFATKBEMQZ-UHFFFAOYSA-N,363.15,1471
ZIBGPFATKBEMQZ-UHFFFAOYSA-N,DIOQZVSQGTUSAI-UHFFFAOYSA-N,ZIBGPFATKBEMQZ-UHFFFAOYSA-N,373.15,1472
ZIBGPFATKBEMQZ-UHFFFAOYSA-N,DIOQZVSQGTUSAI-UHFFFAOYSA-N,ZIBGPFATKBEMQZ-UHFFFAOYSA-N,383.15,1473
ZIBGPFATKBEMQZ-UHFFFAOYSA-N,DIOQZVSQGTUSAI-UHFFFAOYSA-N,ZIBGPFATKBEMQZ-UHFFFAOYSA-N,393.15,1474
ZIBGPFATKBEMQZ-UHFFFAOYSA-N,DMEGYFMYUHOHGS-UHFFFAOYSA-N,ZIBGPFATKBEMQZ-UHFFFAOYSA-N,333.2,1475
ZIBGPFATKBEMQZ-UHFFFAOYSA-N,DMEGYFMYUHOHGS-UHFFFAOYSA-N,ZIBGPFATKBEMQZ-UHFFFAOYSA-N,348.2,1476
ZIBGPFATKBEMQZ-UHFFFAOYSA-N,DMEGYFMYUHOHGS-UHFFFAOYSA-N,ZIBGPFATKBEMQZ-UHFFFAOYSA-N,363.2,1477
ZIBGPFATKBEMQZ-UHFFFAOYSA-N,IBXNCJKFFQIKKY-UHFFFAOYSA-N,ZIBGPFATKBEMQZ-UHFFFAOYSA-N,333.2,1478
ZIBGPFATKBEMQZ-UHFFFAOYSA-N,IBXNCJKFFQIKKY-UHFFFAOYSA-N,ZIBGPFATKBEMQZ-UHFFFAOYSA-N,348.2,1479
ZIBGPFATKBEMQZ-UHFFFAOYSA-N,IBXNCJKFFQIKKY-UHFFFAOYSA-N,ZIBGPFATKBEMQZ-UHFFFAOYSA-N,363.2,1480
ZIBGPFATKBEMQZ-UHFFFAOYSA-N,IMNFDUFMRHMDMM-UHFFFAOYSA-N,ZIBGPFATKBEMQZ-UHFFFAOYSA-N,323.15,1481
ZIBGPFATKBEMQZ-UHFFFAOYSA-N,IMNFDUFMRHMDMM-UHFFFAOYSA-N,ZIBGPFATKBEMQZ-UHFFFAOYSA-N,333.2,1482
ZIBGPFATKBEMQZ-UHFFFAOYSA-N,IMNFDUFMRHMDMM-UHFFFAOYSA-N,ZIBGPFATKBEMQZ-UHFFFAOYSA-N,333.15,1483
ZIBGPFATKBEMQZ-UHFFFAOYSA-N,IMNFDUFMRHMDMM-UHFFFAOYSA-N,ZIBGPFATKBEMQZ-UHFFFAOYSA-N,343.15,1484
ZIBGPFATKBEMQZ-UHFFFAOYSA-N,IMNFDUFMRHMDMM-UHFFFAOYSA-N,ZIBGPFATKBEMQZ-UHFFFAOYSA-N,348.2,1485
ZIBGPFATKBEMQZ-UHFFFAOYSA-N,IMNFDUFMRHMDMM-UHFFFAOYSA-N,ZIBGPFATKBEMQZ-UHFFFAOYSA-N,353.15,1486
ZIBGPFATKBEMQZ-UHFFFAOYSA-N,IMNFDUFMRHMDMM-UHFFFAOYSA-N,ZIBGPFATKBEMQZ-UHFFFAOYSA-N,363.2,1487
ZIBGPFATKBEMQZ-UHFFFAOYSA-N,IMNFDUFMRHMDMM-UHFFFAOYSA-N,ZIBGPFATKBEMQZ-UHFFFAOYSA-N,363.15,1488
ZIBGPFATKBEMQZ-UHFFFAOYSA-N,IMNFDUFMRHMDMM-UHFFFAOYSA-N,ZIBGPFATKBEMQZ-UHFFFAOYSA-N,373.15,1489
ZIBGPFATKBEMQZ-UHFFFAOYSA-N,IMNFDUFMRHMDMM-UHFFFAOYSA-N,ZIBGPFATKBEMQZ-UHFFFAOYSA-N,383.15,1490
ZIBGPFATKBEMQZ-UHFFFAOYSA-N,IMNFDUFMRHMDMM-UHFFFAOYSA-N,ZIBGPFATKBEMQZ-UHFFFAOYSA-N,393.15,1491
ZIBGPFATKBEMQZ-UHFFFAOYSA-N,KFZMGEQAYNKOFK-UHFFFAOYSA-N,ZIBGPFATKBEMQZ-UHFFFAOYSA-N,333.2,1492
ZIBGPFATKBEMQZ-UHFFFAOYSA-N,KFZMGEQAYNKOFK-UHFFFAOYSA-N,ZIBGPFATKBEMQZ-UHFFFAOYSA-N,348.2,1493
ZIBGPFATKBEMQZ-UHFFFAOYSA-N,KFZMGEQAYNKOFK-UHFFFAOYSA-N,ZIBGPFATKBEMQZ-UHFFFAOYSA-N,363.2,1494
ZIBGPFATKBEMQZ-UHFFFAOYSA-N,KWKAKUADMBZCLK-UHFFFAOYSA-N,ZIBGPFATKBEMQZ-UHFFFAOYSA-N,333.2,1495
ZIBGPFATKBEMQZ-UHFFFAOYSA-N,KWKAKUADMBZCLK-UHFFFAOYSA-N,ZIBGPFATKBEMQZ-UHFFFAOYSA-N,348.2,1496
ZIBGPFATKBEMQZ-UHFFFAOYSA-N,KWKAKUADMBZCLK-UHFFFAOYSA-N,ZIBGPFATKBEMQZ-UHFFFAOYSA-N,363.2,1497
ZIBGPFATKBEMQZ-UHFFFAOYSA-N,LFQSCWFLJHTTHZ-UHFFFAOYSA-N,ZIBGPFATKBEMQZ-UHFFFAOYSA-N,333.2,1498
ZIBGPFATKBEMQZ-UHFFFAOYSA-N,LFQSCWFLJHTTHZ-UHFFFAOYSA-N,ZIBGPFATKBEMQZ-UHFFFAOYSA-N,348.2,1499
ZIBGPFATKBEMQZ-UHFFFAOYSA-N,LFQSCWFLJHTTHZ-UHFFFAOYSA-N,ZIBGPFATKBEMQZ-UHFFFAOYSA-N,363.2,1500
ZIBGPFATKBEMQZ-UHFFFAOYSA-N,LIKMAJRDDDTEIG-UHFFFAOYSA-N,ZIBGPFATKBEMQZ-UHFFFAOYSA-N,333.2,1501
ZIBGPFATKBEMQZ-UHFFFAOYSA-N,LIKMAJRDDDTEIG-UHFFFAOYSA-N,ZIBGPFATKBEMQZ-UHFFFAOYSA-N,348.2,1502
ZIBGPFATKBEMQZ-UHFFFAOYSA-N,LIKMAJRDDDTEIG-UHFFFAOYSA-N,ZIBGPFATKBEMQZ-UHFFFAOYSA-N,363.2,1503
ZIBGPFATKBEMQZ-UHFFFAOYSA-N,OFBQJSOFQDEBGM-UHFFFAOYSA-N,ZIBGPFATKBEMQZ-UHFFFAOYSA-N,333.2,1504
ZIBGPFATKBEMQZ-UHFFFAOYSA-N,OFBQJSOFQDEBGM-UHFFFAOYSA-N,ZIBGPFATKBEMQZ-UHFFFAOYSA-N,348.2,1505
ZIBGPFATKBEMQZ-UHFFFAOYSA-N,OFBQJSOFQDEBGM-UHFFFAOYSA-N,ZIBGPFATKBEMQZ-UHFFFAOYSA-N,363.2,1506
ZIBGPFATKBEMQZ-UHFFFAOYSA-N,OKKJLVBELUTLKV-UHFFFAOYSA-N,ZIBGPFATKBEMQZ-UHFFFAOYSA-N,333.2,1507
ZIBGPFATKBEMQZ-UHFFFAOYSA-N,OKKJLVBELUTLKV-UHFFFAOYSA-N,ZIBGPFATKBEMQZ-UHFFFAOYSA-N,348.2,1508
ZIBGPFATKBEMQZ-UHFFFAOYSA-N,RGSFGYAAUTVSQA-UHFFFAOYSA-N,ZIBGPFATKBEMQZ-UHFFFAOYSA-N,333.2,1509
ZIBGPFATKBEMQZ-UHFFFAOYSA-N,RGSFGYAAUTVSQA-UHFFFAOYSA-N,ZIBGPFATKBEMQZ-UHFFFAOYSA-N,348.2,1510
ZIBGPFATKBEMQZ-UHFFFAOYSA-N,RGSFGYAAUTVSQA-UHFFFAOYSA-N,ZIBGPFATKBEMQZ-UHFFFAOYSA-N,363.2,1511
ZIBGPFATKBEMQZ-UHFFFAOYSA-N,TVMXDCGIABBOFY-UHFFFAOYSA-N,ZIBGPFATKBEMQZ-UHFFFAOYSA-N,323.15,1512
ZIBGPFATKBEMQZ-UHFFFAOYSA-N,TVMXDCGIABBOFY-UHFFFAOYSA-N,ZIBGPFATKBEMQZ-UHFFFAOYSA-N,333.2,1513
ZIBGPFATKBEMQZ-UHFFFAOYSA-N,TVMXDCGIABBOFY-UHFFFAOYSA-N,ZIBGPFATKBEMQZ-UHFFFAOYSA-N,333.15,1514
ZIBGPFATKBEMQZ-UHFFFAOYSA-N,TVMXDCGIABBOFY-UHFFFAOYSA-N,ZIBGPFATKBEMQZ-UHFFFAOYSA-N,343.15,1515
ZIBGPFATKBEMQZ-UHFFFAOYSA-N,TVMXDCGIABBOFY-UHFFFAOYSA-N,ZIBGPFATKBEMQZ-UHFFFAOYSA-N,348.2,1516
ZIBGPFATKBEMQZ-UHFFFAOYSA-N,TVMXDCGIABBOFY-UHFFFAOYSA-N,ZIBGPFATKBEMQZ-UHFFFAOYSA-N,353.15,1517
ZIBGPFATKBEMQZ-UHFFFAOYSA-N,TVMXDCGIABBOFY-UHFFFAOYSA-N,ZIBGPFATKBEMQZ-UHFFFAOYSA-N,363.2,1518
ZIBGPFATKBEMQZ-UHFFFAOYSA-N,TVMXDCGIABBOFY-UHFFFAOYSA-N,ZIBGPFATKBEMQZ-UHFFFAOYSA-N,363.15,1519
ZIBGPFATKBEMQZ-UHFFFAOYSA-N,TVMXDCGIABBOFY-UHFFFAOYSA-N,ZIBGPFATKBEMQZ-UHFFFAOYSA-N,373.15,1520
ZIBGPFATKBEMQZ-UHFFFAOYSA-N,TVMXDCGIABBOFY-UHFFFAOYSA-N,ZIBGPFATKBEMQZ-UHFFFAOYSA-N,383.15,1521
ZIBGPFATKBEMQZ-UHFFFAOYSA-N,TVMXDCGIABBOFY-UHFFFAOYSA-N,ZIBGPFATKBEMQZ-UHFFFAOYSA-N,393.15,1522
ZIBGPFATKBEMQZ-UHFFFAOYSA-N,UHOVQNZJYSORNB-UHFFFAOYSA-N,ZIBGPFATKBEMQZ-UHFFFAOYSA-N,323.15,1523
ZIBGPFATKBEMQZ-UHFFFAOYSA-N,UHOVQNZJYSORNB-UHFFFAOYSA-N,ZIBGPFATKBEMQZ-UHFFFAOYSA-N,333.2,1524
ZIBGPFATKBEMQZ-UHFFFAOYSA-N,UHOVQNZJYSORNB-UHFFFAOYSA-N,ZIBGPFATKBEMQZ-UHFFFAOYSA-N,333.15,1525
ZIBGPFATKBEMQZ-UHFFFAOYSA-N,UHOVQNZJYSORNB-UHFFFAOYSA-N,ZIBGPFATKBEMQZ-UHFFFAOYSA-N,343.15,1526
ZIBGPFATKBEMQZ-UHFFFAOYSA-N,UHOVQNZJYSORNB-UHFFFAOYSA-N,ZIBGPFATKBEMQZ-UHFFFAOYSA-N,348.2,1527
ZIBGPFATKBEMQZ-UHFFFAOYSA-N,UHOVQNZJYSORNB-UHFFFAOYSA-N,ZIBGPFATKBEMQZ-UHFFFAOYSA-N,353.15,1528
ZIBGPFATKBEMQZ-UHFFFAOYSA-N,UHOVQNZJYSORNB-UHFFFAOYSA-N,ZIBGPFATKBEMQZ-UHFFFAOYSA-N,363.2,1529
ZIBGPFATKBEMQZ-UHFFFAOYSA-N,UHOVQNZJYSORNB-UHFFFAOYSA-N,ZIBGPFATKBEMQZ-UHFFFAOYSA-N,363.15,1530
ZIBGPFATKBEMQZ-UHFFFAOYSA-N,UHOVQNZJYSORNB-UHFFFAOYSA-N,ZIBGPFATKBEMQZ-UHFFFAOYSA-N,373.15,1531
ZIBGPFATKBEMQZ-UHFFFAOYSA-N,UHOVQNZJYSORNB-UHFFFAOYSA-N,ZIBGPFATKBEMQZ-UHFFFAOYSA-N,383.15,1532
ZIBGPFATKBEMQZ-UHFFFAOYSA-N,UHOVQNZJYSORNB-UHFFFAOYSA-N,ZIBGPFATKBEMQZ-UHFFFAOYSA-N,393.15,1533
ZIBGPFATKBEMQZ-UHFFFAOYSA-N,UMIPWJGWASORKV-UHFFFAOYSA-N,ZIBGPFATKBEMQZ-UHFFFAOYSA-N,333.2,1534
ZIBGPFATKBEMQZ-UHFFFAOYSA-N,UMIPWJGWASORKV-UHFFFAOYSA-N,ZIBGPFATKBEMQZ-UHFFFAOYSA-N,348.2,1535
ZIBGPFATKBEMQZ-UHFFFAOYSA-N,UMIPWJGWASORKV-UHFFFAOYSA-N,ZIBGPFATKBEMQZ-UHFFFAOYSA-N,363.2,1536
ZIBGPFATKBEMQZ-UHFFFAOYSA-N,VLKZOEOYAKHREP-UHFFFAOYSA-N,ZIBGPFATKBEMQZ-UHFFFAOYSA-N,333.2,1537
ZIBGPFATKBEMQZ-UHFFFAOYSA-N,VLKZOEOYAKHREP-UHFFFAOYSA-N,ZIBGPFATKBEMQZ-UHFFFAOYSA-N,348.2,1538
ZIBGPFATKBEMQZ-UHFFFAOYSA-N,VLKZOEOYAKHREP-UHFFFAOYSA-N,ZIBGPFATKBEMQZ-UHFFFAOYSA-N,363.2,1539
ZIBGPFATKBEMQZ-UHFFFAOYSA-N,WJTCGQSWYFHTAC-UHFFFAOYSA-N,ZIBGPFATKBEMQZ-UHFFFAOYSA-N,333.2,1540
ZIBGPFATKBEMQZ-UHFFFAOYSA-N,WJTCGQSWYFHTAC-UHFFFAOYSA-N,ZIBGPFATKBEMQZ-UHFFFAOYSA-N,348.2,1541
ZIBGPFATKBEMQZ-UHFFFAOYSA-N,WJTCGQSWYFHTAC-UHFFFAOYSA-N,ZIBGPFATKBEMQZ-UHFFFAOYSA-N,363.2,1542
ZIBGPFATKBEMQZ-UHFFFAOYSA-N,XDTMQSROBMDMFD-UHFFFAOYSA-N,ZIBGPFATKBEMQZ-UHFFFAOYSA-N,333.2,1543
ZIBGPFATKBEMQZ-UHFFFAOYSA-N,XDTMQSROBMDMFD-UHFFFAOYSA-N,ZIBGPFATKBEMQZ-UHFFFAOYSA-N,348.2,1544
ZIBGPFATKBEMQZ-UHFFFAOYSA-N,XDTMQSROBMDMFD-UHFFFAOYSA-N,ZIBGPFATKBEMQZ-UHFFFAOYSA-N,363.2,1545
ZIBGPFATKBEMQZ-UHFFFAOYSA-N,YNQLUTRBYVCPMQ-UHFFFAOYSA-N,ZIBGPFATKBEMQZ-UHFFFAOYSA-N,323.15,1546
ZIBGPFATKBEMQZ-UHFFFAOYSA-N,YNQLUTRBYVCPMQ-UHFFFAOYSA-N,ZIBGPFATKBEMQZ-UHFFFAOYSA-N,333.2,1547
ZIBGPFATKBEMQZ-UHFFFAOYSA-N,YNQLUTRBYVCPMQ-UHFFFAOYSA-N,ZIBGPFATKBEMQZ-UHFFFAOYSA-N,333.15,1548
ZIBGPFATKBEMQZ-UHFFFAOYSA-N,YNQLUTRBYVCPMQ-UHFFFAOYSA-N,ZIBGPFATKBEMQZ-UHFFFAOYSA-N,343.15,1549
ZIBGPFATKBEMQZ-UHFFFAOYSA-N,YNQLUTRBYVCPMQ-UHFFFAOYSA-N,ZIBGPFATKBEMQZ-UHFFFAOYSA-N,348.2,1550
ZIBGPFATKBEMQZ-UHFFFAOYSA-N,YNQLUTRBYVCPMQ-UHFFFAOYSA-N,ZIBGPFATKBEMQZ-UHFFFAOYSA-N,353.15,1551
ZIBGPFATKBEMQZ-UHFFFAOYSA-N,YNQLUTRBYVCPMQ-UHFFFAOYSA-N,ZIBGPFATKBEMQZ-UHFFFAOYSA-N,363.2,1552
ZIBGPFATKBEMQZ-UHFFFAOYSA-N,YNQLUTRBYVCPMQ-UHFFFAOYSA-N,ZIBGPFATKBEMQZ-UHFFFAOYSA-N,363.15,1553
ZIBGPFATKBEMQZ-UHFFFAOYSA-N,YNQLUTRBYVCPMQ-UHFFFAOYSA-N,ZIBGPFATKBEMQZ-UHFFFAOYSA-N,373.15,1554
ZIBGPFATKBEMQZ-UHFFFAOYSA-N,YNQLUTRBYVCPMQ-UHFFFAOYSA-N,ZIBGPFATKBEMQZ-UHFFFAOYSA-N,383.15,1555
ZIBGPFATKBEMQZ-UHFFFAOYSA-N,YNQLUTRBYVCPMQ-UHFFFAOYSA-N,ZIBGPFATKBEMQZ-UHFFFAOYSA-N,393.15,1556
ZIBGPFATKBEMQZ-UHFFFAOYSA-N,YVXHZKKCZYLQOP-UHFFFAOYSA-N,ZIBGPFATKBEMQZ-UHFFFAOYSA-N,333.2,1557
ZIBGPFATKBEMQZ-UHFFFAOYSA-N,YVXHZKKCZYLQOP-UHFFFAOYSA-N,ZIBGPFATKBEMQZ-UHFFFAOYSA-N,348.2,1558
ZIBGPFATKBEMQZ-UHFFFAOYSA-N,YVXHZKKCZYLQOP-UHFFFAOYSA-N,ZIBGPFATKBEMQZ-UHFFFAOYSA-N,363.2,1559
ZIBGPFATKBEMQZ-UHFFFAOYSA-N,YWAKXRMUMFPDSH-UHFFFAOYSA-N,ZIBGPFATKBEMQZ-UHFFFAOYSA-N,333.2,1560
ZIBGPFATKBEMQZ-UHFFFAOYSA-N,YWAKXRMUMFPDSH-UHFFFAOYSA-N,ZIBGPFATKBEMQZ-UHFFFAOYSA-N,348.2,1561
ZIBGPFATKBEMQZ-UHFFFAOYSA-N,YWAKXRMUMFPDSH-UHFFFAOYSA-N,ZIBGPFATKBEMQZ-UHFFFAOYSA-N,363.2,1562
ZIBGPFATKBEMQZ-UHFFFAOYSA-N,YXFVVABEGXRONW-UHFFFAOYSA-N,ZIBGPFATKBEMQZ-UHFFFAOYSA-N,323.15,1563
ZIBGPFATKBEMQZ-UHFFFAOYSA-N,YXFVVABEGXRONW-UHFFFAOYSA-N,ZIBGPFATKBEMQZ-UHFFFAOYSA-N,333.2,1564
ZIBGPFATKBEMQZ-UHFFFAOYSA-N,YXFVVABEGXRONW-UHFFFAOYSA-N,ZIBGPFATKBEMQZ-UHFFFAOYSA-N,333.15,1565
ZIBGPFATKBEMQZ-UHFFFAOYSA-N,YXFVVABEGXRONW-UHFFFAOYSA-N,ZIBGPFATKBEMQZ-UHFFFAOYSA-N,343.15,1566
ZIBGPFATKBEMQZ-UHFFFAOYSA-N,YXFVVABEGXRONW-UHFFFAOYSA-N,ZIBGPFATKBEMQZ-UHFFFAOYSA-N,348.2,1567
ZIBGPFATKBEMQZ-UHFFFAOYSA-N,YXFVVABEGXRONW-UHFFFAOYSA-N,ZIBGPFATKBEMQZ-UHFFFAOYSA-N,353.15,1568
ZIBGPFATKBEMQZ-UHFFFAOYSA-N,YXFVVABEGXRONW-UHFFFAOYSA-N,ZIBGPFATKBEMQZ-UHFFFAOYSA-N,363.2,1569
ZIBGPFATKBEMQZ-UHFFFAOYSA-N,YXFVVABEGXRONW-UHFFFAOYSA-N,ZIBGPFATKBEMQZ-UHFFFAOYSA-N,363.15,1570
ZIBGPFATKBEMQZ-UHFFFAOYSA-N,YXFVVABEGXRONW-UHFFFAOYSA-N,ZIBGPFATKBEMQZ-UHFFFAOYSA-N,373.15,1571
ZIBGPFATKBEMQZ-UHFFFAOYSA-N,YXFVVABEGXRONW-UHFFFAOYSA-N,ZIBGPFATKBEMQZ-UHFFFAOYSA-N,383.15,1572
ZIBGPFATKBEMQZ-UHFFFAOYSA-N,YXFVVABEGXRONW-UHFFFAOYSA-N,ZIBGPFATKBEMQZ-UHFFFAOYSA-N,393.15,1573
ZIBGPFATKBEMQZ-UHFFFAOYSA-N,ZGEGCLOFRBLKSE-UHFFFAOYSA-N,ZIBGPFATKBEMQZ-UHFFFAOYSA-N,333.2,1574
ZIBGPFATKBEMQZ-UHFFFAOYSA-N,ZGEGCLOFRBLKSE-UHFFFAOYSA-N,ZIBGPFATKBEMQZ-UHFFFAOYSA-N,348.2,1575
ZIBGPFATKBEMQZ-UHFFFAOYSA-N,ZGEGCLOFRBLKSE-UHFFFAOYSA-N,ZIBGPFATKBEMQZ-UHFFFAOYSA-N,363.2,1576
NPNPZTNLOVBDOC-UHFFFAOYSA-N,NPNPZTNLOVBDOC-UHFFFAOYSA-N,AMQJEAYHLZJPGS-UHFFFAOYSA-N,270.06,1577
NPNPZTNLOVBDOC-UHFFFAOYSA-N,NPNPZTNLOVBDOC-UHFFFAOYSA-N,AMQJEAYHLZJPGS-UHFFFAOYSA-N,290.0,1578
NPNPZTNLOVBDOC-UHFFFAOYSA-N,NPNPZTNLOVBDOC-UHFFFAOYSA-N,AMQJEAYHLZJPGS-UHFFFAOYSA-N,309.99,1579
NPNPZTNLOVBDOC-UHFFFAOYSA-N,NPNPZTNLOVBDOC-UHFFFAOYSA-N,AMQJEAYHLZJPGS-UHFFFAOYSA-N,330.0,1580
NPNPZTNLOVBDOC-UHFFFAOYSA-N,NPNPZTNLOVBDOC-UHFFFAOYSA-N,AQIXEPGDORPWBJ-UHFFFAOYSA-N,259.98,1581
NPNPZTNLOVBDOC-UHFFFAOYSA-N,NPNPZTNLOVBDOC-UHFFFAOYSA-N,AQIXEPGDORPWBJ-UHFFFAOYSA-N,270.03,1582
NPNPZTNLOVBDOC-UHFFFAOYSA-N,NPNPZTNLOVBDOC-UHFFFAOYSA-N,AQIXEPGDORPWBJ-UHFFFAOYSA-N,290.0,1583
NPNPZTNLOVBDOC-UHFFFAOYSA-N,NPNPZTNLOVBDOC-UHFFFAOYSA-N,AQIXEPGDORPWBJ-UHFFFAOYSA-N,309.99,1584
NPNPZTNLOVBDOC-UHFFFAOYSA-N,NPNPZTNLOVBDOC-UHFFFAOYSA-N,AQIXEPGDORPWBJ-UHFFFAOYSA-N,330.0,1585
NPNPZTNLOVBDOC-UHFFFAOYSA-N,NPNPZTNLOVBDOC-UHFFFAOYSA-N,BDERNNFJNOPAEC-UHFFFAOYSA-N,259.93,1586
NPNPZTNLOVBDOC-UHFFFAOYSA-N,NPNPZTNLOVBDOC-UHFFFAOYSA-N,BDERNNFJNOPAEC-UHFFFAOYSA-N,269.98,1587
NPNPZTNLOVBDOC-UHFFFAOYSA-N,NPNPZTNLOVBDOC-UHFFFAOYSA-N,BDERNNFJNOPAEC-UHFFFAOYSA-N,290.0,1588
NPNPZTNLOVBDOC-UHFFFAOYSA-N,NPNPZTNLOVBDOC-UHFFFAOYSA-N,BDERNNFJNOPAEC-UHFFFAOYSA-N,309.99,1589
NPNPZTNLOVBDOC-UHFFFAOYSA-N,NPNPZTNLOVBDOC-UHFFFAOYSA-N,BDERNNFJNOPAEC-UHFFFAOYSA-N,330.0,1590
NPNPZTNLOVBDOC-UHFFFAOYSA-N,NPNPZTNLOVBDOC-UHFFFAOYSA-N,CPJRRXSHAYUTGL-UHFFFAOYSA-N,269.95,1591
NPNPZTNLOVBDOC-UHFFFAOYSA-N,NPNPZTNLOVBDOC-UHFFFAOYSA-N,CPJRRXSHAYUTGL-UHFFFAOYSA-N,289.9,1592
NPNPZTNLOVBDOC-UHFFFAOYSA-N,NPNPZTNLOVBDOC-UHFFFAOYSA-N,CPJRRXSHAYUTGL-UHFFFAOYSA-N,309.99,1593
NPNPZTNLOVBDOC-UHFFFAOYSA-N,NPNPZTNLOVBDOC-UHFFFAOYSA-N,CPJRRXSHAYUTGL-UHFFFAOYSA-N,330.0,1594
NPNPZTNLOVBDOC-UHFFFAOYSA-N,NPNPZTNLOVBDOC-UHFFFAOYSA-N,CTQNGGLPUBDAKN-UHFFFAOYSA-N,270.13,1595
NPNPZTNLOVBDOC-UHFFFAOYSA-N,NPNPZTNLOVBDOC-UHFFFAOYSA-N,CTQNGGLPUBDAKN-UHFFFAOYSA-N,289.99,1596
NPNPZTNLOVBDOC-UHFFFAOYSA-N,NPNPZTNLOVBDOC-UHFFFAOYSA-N,CTQNGGLPUBDAKN-UHFFFAOYSA-N,309.84,1597
NPNPZTNLOVBDOC-UHFFFAOYSA-N,NPNPZTNLOVBDOC-UHFFFAOYSA-N,CTQNGGLPUBDAKN-UHFFFAOYSA-N,329.99,1598
NPNPZTNLOVBDOC-UHFFFAOYSA-N,NPNPZTNLOVBDOC-UHFFFAOYSA-N,DHXVGJBLRPWPCS-UHFFFAOYSA-N,250.06,1599
NPNPZTNLOVBDOC-UHFFFAOYSA-N,NPNPZTNLOVBDOC-UHFFFAOYSA-N,DHXVGJBLRPWPCS-UHFFFAOYSA-N,270.12,1600
NPNPZTNLOVBDOC-UHFFFAOYSA-N,NPNPZTNLOVBDOC-UHFFFAOYSA-N,DHXVGJBLRPWPCS-UHFFFAOYSA-N,289.97,1601
NPNPZTNLOVBDOC-UHFFFAOYSA-N,NPNPZTNLOVBDOC-UHFFFAOYSA-N,DHXVGJBLRPWPCS-UHFFFAOYSA-N,309.98,1602
NPNPZTNLOVBDOC-UHFFFAOYSA-N,NPNPZTNLOVBDOC-UHFFFAOYSA-N,DHXVGJBLRPWPCS-UHFFFAOYSA-N,329.97,1603
NPNPZTNLOVBDOC-UHFFFAOYSA-N,NPNPZTNLOVBDOC-UHFFFAOYSA-N,DKGAVHZHDRPRBM-UHFFFAOYSA-N,300.0,1604
NPNPZTNLOVBDOC-UHFFFAOYSA-N,NPNPZTNLOVBDOC-UHFFFAOYSA-N,DKGAVHZHDRPRBM-UHFFFAOYSA-N,309.99,1605
NPNPZTNLOVBDOC-UHFFFAOYSA-N,NPNPZTNLOVBDOC-UHFFFAOYSA-N,DKGAVHZHDRPRBM-UHFFFAOYSA-N,320.0,1606
NPNPZTNLOVBDOC-UHFFFAOYSA-N,NPNPZTNLOVBDOC-UHFFFAOYSA-N,DKGAVHZHDRPRBM-UHFFFAOYSA-N,330.0,1607
NPNPZTNLOVBDOC-UHFFFAOYSA-N,NPNPZTNLOVBDOC-UHFFFAOYSA-N,HNVRRHSXBLFLIG-UHFFFAOYSA-N,250.0,1608
NPNPZTNLOVBDOC-UHFFFAOYSA-N,NPNPZTNLOVBDOC-UHFFFAOYSA-N,HNVRRHSXBLFLIG-UHFFFAOYSA-N,269.96,1609
NPNPZTNLOVBDOC-UHFFFAOYSA-N,NPNPZTNLOVBDOC-UHFFFAOYSA-N,HNVRRHSXBLFLIG-UHFFFAOYSA-N,289.99,1610
NPNPZTNLOVBDOC-UHFFFAOYSA-N,NPNPZTNLOVBDOC-UHFFFAOYSA-N,HNVRRHSXBLFLIG-UHFFFAOYSA-N,309.99,1611
NPNPZTNLOVBDOC-UHFFFAOYSA-N,NPNPZTNLOVBDOC-UHFFFAOYSA-N,HNVRRHSXBLFLIG-UHFFFAOYSA-N,330.0,1612
NPNPZTNLOVBDOC-UHFFFAOYSA-N,NPNPZTNLOVBDOC-UHFFFAOYSA-N,IVSZLXZYQVIEFR-UHFFFAOYSA-N,270.1,1613
NPNPZTNLOVBDOC-UHFFFAOYSA-N,NPNPZTNLOVBDOC-UHFFFAOYSA-N,IVSZLXZYQVIEFR-UHFFFAOYSA-N,289.99,1614
NPNPZTNLOVBDOC-UHFFFAOYSA-N,NPNPZTNLOVBDOC-UHFFFAOYSA-N,IVSZLXZYQVIEFR-UHFFFAOYSA-N,309.84,1615
NPNPZTNLOVBDOC-UHFFFAOYSA-N,NPNPZTNLOVBDOC-UHFFFAOYSA-N,IVSZLXZYQVIEFR-UHFFFAOYSA-N,329.99,1616
NPNPZTNLOVBDOC-UHFFFAOYSA-N,NPNPZTNLOVBDOC-UHFFFAOYSA-N,IWDCLRJOBJJRNH-UHFFFAOYSA-N,309.99,1617
NPNPZTNLOVBDOC-UHFFFAOYSA-N,NPNPZTNLOVBDOC-UHFFFAOYSA-N,IWDCLRJOBJJRNH-UHFFFAOYSA-N,319.99,1618
NPNPZTNLOVBDOC-UHFFFAOYSA-N,NPNPZTNLOVBDOC-UHFFFAOYSA-N,IWDCLRJOBJJRNH-UHFFFAOYSA-N,329.99,1619
NPNPZTNLOVBDOC-UHFFFAOYSA-N,NPNPZTNLOVBDOC-UHFFFAOYSA-N,IWDCLRJOBJJRNH-UHFFFAOYSA-N,340.02,1620
NPNPZTNLOVBDOC-UHFFFAOYSA-N,NPNPZTNLOVBDOC-UHFFFAOYSA-N,JYVLIDXNZAXMDK-YFKPBYRVSA-N,270.05,1621
NPNPZTNLOVBDOC-UHFFFAOYSA-N,NPNPZTNLOVBDOC-UHFFFAOYSA-N,JYVLIDXNZAXMDK-YFKPBYRVSA-N,290.0,1622
NPNPZTNLOVBDOC-UHFFFAOYSA-N,NPNPZTNLOVBDOC-UHFFFAOYSA-N,JYVLIDXNZAXMDK-YFKPBYRVSA-N,309.99,1623
NPNPZTNLOVBDOC-UHFFFAOYSA-N,NPNPZTNLOVBDOC-UHFFFAOYSA-N,JYVLIDXNZAXMDK-YFKPBYRVSA-N,330.01,1624
NPNPZTNLOVBDOC-UHFFFAOYSA-N,NPNPZTNLOVBDOC-UHFFFAOYSA-N,KFZMGEQAYNKOFK-UHFFFAOYSA-N,269.99,1625
NPNPZTNLOVBDOC-UHFFFAOYSA-N,NPNPZTNLOVBDOC-UHFFFAOYSA-N,KFZMGEQAYNKOFK-UHFFFAOYSA-N,289.99,1626
NPNPZTNLOVBDOC-UHFFFAOYSA-N,NPNPZTNLOVBDOC-UHFFFAOYSA-N,KFZMGEQAYNKOFK-UHFFFAOYSA-N,309.99,1627
NPNPZTNLOVBDOC-UHFFFAOYSA-N,NPNPZTNLOVBDOC-UHFFFAOYSA-N,KFZMGEQAYNKOFK-UHFFFAOYSA-N,330.0,1628
NPNPZTNLOVBDOC-UHFFFAOYSA-N,NPNPZTNLOVBDOC-UHFFFAOYSA-N,LRHPLDYGYMQRHN-UHFFFAOYSA-N,269.94,1629
NPNPZTNLOVBDOC-UHFFFAOYSA-N,NPNPZTNLOVBDOC-UHFFFAOYSA-N,LRHPLDYGYMQRHN-UHFFFAOYSA-N,289.99,1630
NPNPZTNLOVBDOC-UHFFFAOYSA-N,NPNPZTNLOVBDOC-UHFFFAOYSA-N,LRHPLDYGYMQRHN-UHFFFAOYSA-N,309.99,1631
NPNPZTNLOVBDOC-UHFFFAOYSA-N,NPNPZTNLOVBDOC-UHFFFAOYSA-N,LRHPLDYGYMQRHN-UHFFFAOYSA-N,330.01,1632
NPNPZTNLOVBDOC-UHFFFAOYSA-N,NPNPZTNLOVBDOC-UHFFFAOYSA-N,OKKJLVBELUTLKV-UHFFFAOYSA-N,269.97,1633
NPNPZTNLOVBDOC-UHFFFAOYSA-N,NPNPZTNLOVBDOC-UHFFFAOYSA-N,OKKJLVBELUTLKV-UHFFFAOYSA-N,289.99,1634
NPNPZTNLOVBDOC-UHFFFAOYSA-N,NPNPZTNLOVBDOC-UHFFFAOYSA-N,OKKJLVBELUTLKV-UHFFFAOYSA-N,300.0,1635
NPNPZTNLOVBDOC-UHFFFAOYSA-N,NPNPZTNLOVBDOC-UHFFFAOYSA-N,OKKJLVBELUTLKV-UHFFFAOYSA-N,310.0,1636
NPNPZTNLOVBDOC-UHFFFAOYSA-N,NPNPZTNLOVBDOC-UHFFFAOYSA-N,OKKJLVBELUTLKV-UHFFFAOYSA-N,320.0,1637
NPNPZTNLOVBDOC-UHFFFAOYSA-N,NPNPZTNLOVBDOC-UHFFFAOYSA-N,OKKJLVBELUTLKV-UHFFFAOYSA-N,330.0,1638
NPNPZTNLOVBDOC-UHFFFAOYSA-N,NPNPZTNLOVBDOC-UHFFFAOYSA-N,PHTQWCKDNZKARW-UHFFFAOYSA-N,270.03,1639
NPNPZTNLOVBDOC-UHFFFAOYSA-N,NPNPZTNLOVBDOC-UHFFFAOYSA-N,PHTQWCKDNZKARW-UHFFFAOYSA-N,290.0,1640
NPNPZTNLOVBDOC-UHFFFAOYSA-N,NPNPZTNLOVBDOC-UHFFFAOYSA-N,PHTQWCKDNZKARW-UHFFFAOYSA-N,309.99,1641
NPNPZTNLOVBDOC-UHFFFAOYSA-N,NPNPZTNLOVBDOC-UHFFFAOYSA-N,PHTQWCKDNZKARW-UHFFFAOYSA-N,329.99,1642
NPNPZTNLOVBDOC-UHFFFAOYSA-N,NPNPZTNLOVBDOC-UHFFFAOYSA-N,PPBRXRYQALVLMV-UHFFFAOYSA-N,270.07,1643
NPNPZTNLOVBDOC-UHFFFAOYSA-N,NPNPZTNLOVBDOC-UHFFFAOYSA-N,PPBRXRYQALVLMV-UHFFFAOYSA-N,309.84,1644
NPNPZTNLOVBDOC-UHFFFAOYSA-N,NPNPZTNLOVBDOC-UHFFFAOYSA-N,PPBRXRYQALVLMV-UHFFFAOYSA-N,329.99,1645
NPNPZTNLOVBDOC-UHFFFAOYSA-N,NPNPZTNLOVBDOC-UHFFFAOYSA-N,QPRQEDXDYOZYLA-YFKPBYRVSA-N,270.01,1646
NPNPZTNLOVBDOC-UHFFFAOYSA-N,NPNPZTNLOVBDOC-UHFFFAOYSA-N,QPRQEDXDYOZYLA-YFKPBYRVSA-N,289.99,1647
NPNPZTNLOVBDOC-UHFFFAOYSA-N,NPNPZTNLOVBDOC-UHFFFAOYSA-N,QPRQEDXDYOZYLA-YFKPBYRVSA-N,309.99,1648
NPNPZTNLOVBDOC-UHFFFAOYSA-N,NPNPZTNLOVBDOC-UHFFFAOYSA-N,QPRQEDXDYOZYLA-YFKPBYRVSA-N,330.0,1649
NPNPZTNLOVBDOC-UHFFFAOYSA-N,NPNPZTNLOVBDOC-UHFFFAOYSA-N,QWVGKYWNOKOFNN-UHFFFAOYSA-N,299.99,1650
NPNPZTNLOVBDOC-UHFFFAOYSA-N,NPNPZTNLOVBDOC-UHFFFAOYSA-N,QWVGKYWNOKOFNN-UHFFFAOYSA-N,309.99,1651
NPNPZTNLOVBDOC-UHFFFAOYSA-N,NPNPZTNLOVBDOC-UHFFFAOYSA-N,QWVGKYWNOKOFNN-UHFFFAOYSA-N,319.99,1652
NPNPZTNLOVBDOC-UHFFFAOYSA-N,NPNPZTNLOVBDOC-UHFFFAOYSA-N,QWVGKYWNOKOFNN-UHFFFAOYSA-N,329.99,1653
NPNPZTNLOVBDOC-UHFFFAOYSA-N,NPNPZTNLOVBDOC-UHFFFAOYSA-N,RLSSMJSEOOYNOY-UHFFFAOYSA-N,289.98,1654
NPNPZTNLOVBDOC-UHFFFAOYSA-N,NPNPZTNLOVBDOC-UHFFFAOYSA-N,RLSSMJSEOOYNOY-UHFFFAOYSA-N,299.98,1655
NPNPZTNLOVBDOC-UHFFFAOYSA-N,NPNPZTNLOVBDOC-UHFFFAOYSA-N,RLSSMJSEOOYNOY-UHFFFAOYSA-N,309.99,1656
NPNPZTNLOVBDOC-UHFFFAOYSA-N,NPNPZTNLOVBDOC-UHFFFAOYSA-N,RLSSMJSEOOYNOY-UHFFFAOYSA-N,319.99,1657
NPNPZTNLOVBDOC-UHFFFAOYSA-N,NPNPZTNLOVBDOC-UHFFFAOYSA-N,RLSSMJSEOOYNOY-UHFFFAOYSA-N,329.99,1658
NPNPZTNLOVBDOC-UHFFFAOYSA-N,NPNPZTNLOVBDOC-UHFFFAOYSA-N,UHOVQNZJYSORNB-UHFFFAOYSA-N,279.99,1659
NPNPZTNLOVBDOC-UHFFFAOYSA-N,NPNPZTNLOVBDOC-UHFFFAOYSA-N,UHOVQNZJYSORNB-UHFFFAOYSA-N,289.99,1660
NPNPZTNLOVBDOC-UHFFFAOYSA-N,NPNPZTNLOVBDOC-UHFFFAOYSA-N,UHOVQNZJYSORNB-UHFFFAOYSA-N,309.99,1661
NPNPZTNLOVBDOC-UHFFFAOYSA-N,NPNPZTNLOVBDOC-UHFFFAOYSA-N,UHOVQNZJYSORNB-UHFFFAOYSA-N,329.99,1662
NPNPZTNLOVBDOC-UHFFFAOYSA-N,NPNPZTNLOVBDOC-UHFFFAOYSA-N,URLKBWYHVLBVBO-UHFFFAOYSA-N,289.99,1663
NPNPZTNLOVBDOC-UHFFFAOYSA-N,NPNPZTNLOVBDOC-UHFFFAOYSA-N,URLKBWYHVLBVBO-UHFFFAOYSA-N,299.99,1664
NPNPZTNLOVBDOC-UHFFFAOYSA-N,NPNPZTNLOVBDOC-UHFFFAOYSA-N,URLKBWYHVLBVBO-UHFFFAOYSA-N,309.85,1665
NPNPZTNLOVBDOC-UHFFFAOYSA-N,NPNPZTNLOVBDOC-UHFFFAOYSA-N,URLKBWYHVLBVBO-UHFFFAOYSA-N,319.99,1666
NPNPZTNLOVBDOC-UHFFFAOYSA-N,NPNPZTNLOVBDOC-UHFFFAOYSA-N,URLKBWYHVLBVBO-UHFFFAOYSA-N,329.99,1667
NPNPZTNLOVBDOC-UHFFFAOYSA-N,NPNPZTNLOVBDOC-UHFFFAOYSA-N,XXROGKLTLUQVRX-UHFFFAOYSA-N,270.06,1668
NPNPZTNLOVBDOC-UHFFFAOYSA-N,NPNPZTNLOVBDOC-UHFFFAOYSA-N,XXROGKLTLUQVRX-UHFFFAOYSA-N,289.99,1669
NPNPZTNLOVBDOC-UHFFFAOYSA-N,NPNPZTNLOVBDOC-UHFFFAOYSA-N,XXROGKLTLUQVRX-UHFFFAOYSA-N,309.98,1670
NPNPZTNLOVBDOC-UHFFFAOYSA-N,NPNPZTNLOVBDOC-UHFFFAOYSA-N,XXROGKLTLUQVRX-UHFFFAOYSA-N,329.99,1671
NPNPZTNLOVBDOC-UHFFFAOYSA-N,NPNPZTNLOVBDOC-UHFFFAOYSA-N,YXFVVABEGXRONW-UHFFFAOYSA-N,270.0,1672
NPNPZTNLOVBDOC-UHFFFAOYSA-N,NPNPZTNLOVBDOC-UHFFFAOYSA-N,YXFVVABEGXRONW-UHFFFAOYSA-N,289.98,1673
NPNPZTNLOVBDOC-UHFFFAOYSA-N,NPNPZTNLOVBDOC-UHFFFAOYSA-N,YXFVVABEGXRONW-UHFFFAOYSA-N,309.94,1674
NPNPZTNLOVBDOC-UHFFFAOYSA-N,NPNPZTNLOVBDOC-UHFFFAOYSA-N,YXFVVABEGXRONW-UHFFFAOYSA-N,329.99,1675
NPNPZTNLOVBDOC-UHFFFAOYSA-N,NPNPZTNLOVBDOC-UHFFFAOYSA-N,ZXEKIIBDNHEJCQ-UHFFFAOYSA-N,270.01,1676
NPNPZTNLOVBDOC-UHFFFAOYSA-N,NPNPZTNLOVBDOC-UHFFFAOYSA-N,ZXEKIIBDNHEJCQ-UHFFFAOYSA-N,289.99,1677
NPNPZTNLOVBDOC-UHFFFAOYSA-N,NPNPZTNLOVBDOC-UHFFFAOYSA-N,ZXEKIIBDNHEJCQ-UHFFFAOYSA-N,309.99,1678
NPNPZTNLOVBDOC-UHFFFAOYSA-N,NPNPZTNLOVBDOC-UHFFFAOYSA-N,ZXEKIIBDNHEJCQ-UHFFFAOYSA-N,329.93,1679
LCGLNKUTAGEVQW-UHFFFAOYSA-N,LCGLNKUTAGEVQW-UHFFFAOYSA-N,AMQJEAYHLZJPGS-UHFFFAOYSA-N,270.06,1680
LCGLNKUTAGEVQW-UHFFFAOYSA-N,LCGLNKUTAGEVQW-UHFFFAOYSA-N,AMQJEAYHLZJPGS-UHFFFAOYSA-N,290.0,1681
LCGLNKUTAGEVQW-UHFFFAOYSA-N,LCGLNKUTAGEVQW-UHFFFAOYSA-N,AMQJEAYHLZJPGS-UHFFFAOYSA-N,309.99,1682
LCGLNKUTAGEVQW-UHFFFAOYSA-N,LCGLNKUTAGEVQW-UHFFFAOYSA-N,AMQJEAYHLZJPGS-UHFFFAOYSA-N,330.0,1683
LCGLNKUTAGEVQW-UHFFFAOYSA-N,LCGLNKUTAGEVQW-UHFFFAOYSA-N,AQIXEPGDORPWBJ-UHFFFAOYSA-N,259.98,1684
LCGLNKUTAGEVQW-UHFFFAOYSA-N,LCGLNKUTAGEVQW-UHFFFAOYSA-N,AQIXEPGDORPWBJ-UHFFFAOYSA-N,270.03,1685
LCGLNKUTAGEVQW-UHFFFAOYSA-N,LCGLNKUTAGEVQW-UHFFFAOYSA-N,AQIXEPGDORPWBJ-UHFFFAOYSA-N,290.0,1686
LCGLNKUTAGEVQW-UHFFFAOYSA-N,LCGLNKUTAGEVQW-UHFFFAOYSA-N,AQIXEPGDORPWBJ-UHFFFAOYSA-N,309.99,1687
LCGLNKUTAGEVQW-UHFFFAOYSA-N,LCGLNKUTAGEVQW-UHFFFAOYSA-N,AQIXEPGDORPWBJ-UHFFFAOYSA-N,330.0,1688
LCGLNKUTAGEVQW-UHFFFAOYSA-N,LCGLNKUTAGEVQW-UHFFFAOYSA-N,BDERNNFJNOPAEC-UHFFFAOYSA-N,259.93,1689
LCGLNKUTAGEVQW-UHFFFAOYSA-N,LCGLNKUTAGEVQW-UHFFFAOYSA-N,BDERNNFJNOPAEC-UHFFFAOYSA-N,269.98,1690
LCGLNKUTAGEVQW-UHFFFAOYSA-N,LCGLNKUTAGEVQW-UHFFFAOYSA-N,BDERNNFJNOPAEC-UHFFFAOYSA-N,290.0,1691
LCGLNKUTAGEVQW-UHFFFAOYSA-N,LCGLNKUTAGEVQW-UHFFFAOYSA-N,BDERNNFJNOPAEC-UHFFFAOYSA-N,309.99,1692
LCGLNKUTAGEVQW-UHFFFAOYSA-N,LCGLNKUTAGEVQW-UHFFFAOYSA-N,BDERNNFJNOPAEC-UHFFFAOYSA-N,330.0,1693
LCGLNKUTAGEVQW-UHFFFAOYSA-N,LCGLNKUTAGEVQW-UHFFFAOYSA-N,CPJRRXSHAYUTGL-UHFFFAOYSA-N,269.95,1694
LCGLNKUTAGEVQW-UHFFFAOYSA-N,LCGLNKUTAGEVQW-UHFFFAOYSA-N,CPJRRXSHAYUTGL-UHFFFAOYSA-N,289.9,1695
LCGLNKUTAGEVQW-UHFFFAOYSA-N,LCGLNKUTAGEVQW-UHFFFAOYSA-N,CPJRRXSHAYUTGL-UHFFFAOYSA-N,309.99,1696
LCGLNKUTAGEVQW-UHFFFAOYSA-N,LCGLNKUTAGEVQW-UHFFFAOYSA-N,CPJRRXSHAYUTGL-UHFFFAOYSA-N,330.0,1697
LCGLNKUTAGEVQW-UHFFFAOYSA-N,LCGLNKUTAGEVQW-UHFFFAOYSA-N,CTQNGGLPUBDAKN-UHFFFAOYSA-N,250.05,1698
LCGLNKUTAGEVQW-UHFFFAOYSA-N,LCGLNKUTAGEVQW-UHFFFAOYSA-N,CTQNGGLPUBDAKN-UHFFFAOYSA-N,269.91,1699
LCGLNKUTAGEVQW-UHFFFAOYSA-N,LCGLNKUTAGEVQW-UHFFFAOYSA-N,CTQNGGLPUBDAKN-UHFFFAOYSA-N,289.97,1700
LCGLNKUTAGEVQW-UHFFFAOYSA-N,LCGLNKUTAGEVQW-UHFFFAOYSA-N,CTQNGGLPUBDAKN-UHFFFAOYSA-N,309.98,1701
LCGLNKUTAGEVQW-UHFFFAOYSA-N,LCGLNKUTAGEVQW-UHFFFAOYSA-N,CTQNGGLPUBDAKN-UHFFFAOYSA-N,329.99,1702
LCGLNKUTAGEVQW-UHFFFAOYSA-N,LCGLNKUTAGEVQW-UHFFFAOYSA-N,DHXVGJBLRPWPCS-UHFFFAOYSA-N,250.0,1703
LCGLNKUTAGEVQW-UHFFFAOYSA-N,LCGLNKUTAGEVQW-UHFFFAOYSA-N,DHXVGJBLRPWPCS-UHFFFAOYSA-N,270.07,1704
LCGLNKUTAGEVQW-UHFFFAOYSA-N,LCGLNKUTAGEVQW-UHFFFAOYSA-N,DHXVGJBLRPWPCS-UHFFFAOYSA-N,289.98,1705
LCGLNKUTAGEVQW-UHFFFAOYSA-N,LCGLNKUTAGEVQW-UHFFFAOYSA-N,DHXVGJBLRPWPCS-UHFFFAOYSA-N,309.98,1706
LCGLNKUTAGEVQW-UHFFFAOYSA-N,LCGLNKUTAGEVQW-UHFFFAOYSA-N,DHXVGJBLRPWPCS-UHFFFAOYSA-N,330.0,1707
LCGLNKUTAGEVQW-UHFFFAOYSA-N,LCGLNKUTAGEVQW-UHFFFAOYSA-N,DKGAVHZHDRPRBM-UHFFFAOYSA-N,300.0,1708
LCGLNKUTAGEVQW-UHFFFAOYSA-N,LCGLNKUTAGEVQW-UHFFFAOYSA-N,DKGAVHZHDRPRBM-UHFFFAOYSA-N,310.0,1709
LCGLNKUTAGEVQW-UHFFFAOYSA-N,LCGLNKUTAGEVQW-UHFFFAOYSA-N,DKGAVHZHDRPRBM-UHFFFAOYSA-N,320.0,1710
LCGLNKUTAGEVQW-UHFFFAOYSA-N,LCGLNKUTAGEVQW-UHFFFAOYSA-N,DKGAVHZHDRPRBM-UHFFFAOYSA-N,330.0,1711
LCGLNKUTAGEVQW-UHFFFAOYSA-N,LCGLNKUTAGEVQW-UHFFFAOYSA-N,HNVRRHSXBLFLIG-UHFFFAOYSA-N,250.01,1712
LCGLNKUTAGEVQW-UHFFFAOYSA-N,LCGLNKUTAGEVQW-UHFFFAOYSA-N,HNVRRHSXBLFLIG-UHFFFAOYSA-N,269.96,1713
LCGLNKUTAGEVQW-UHFFFAOYSA-N,LCGLNKUTAGEVQW-UHFFFAOYSA-N,HNVRRHSXBLFLIG-UHFFFAOYSA-N,289.99,1714
LCGLNKUTAGEVQW-UHFFFAOYSA-N,LCGLNKUTAGEVQW-UHFFFAOYSA-N,HNVRRHSXBLFLIG-UHFFFAOYSA-N,309.99,1715
LCGLNKUTAGEVQW-UHFFFAOYSA-N,LCGLNKUTAGEVQW-UHFFFAOYSA-N,HNVRRHSXBLFLIG-UHFFFAOYSA-N,330.0,1716
LCGLNKUTAGEVQW-UHFFFAOYSA-N,LCGLNKUTAGEVQW-UHFFFAOYSA-N,IVSZLXZYQVIEFR-UHFFFAOYSA-N,270.05,1717
LCGLNKUTAGEVQW-UHFFFAOYSA-N,LCGLNKUTAGEVQW-UHFFFAOYSA-N,IVSZLXZYQVIEFR-UHFFFAOYSA-N,289.98,1718
LCGLNKUTAGEVQW-UHFFFAOYSA-N,LCGLNKUTAGEVQW-UHFFFAOYSA-N,IVSZLXZYQVIEFR-UHFFFAOYSA-N,309.89,1719
LCGLNKUTAGEVQW-UHFFFAOYSA-N,LCGLNKUTAGEVQW-UHFFFAOYSA-N,IVSZLXZYQVIEFR-UHFFFAOYSA-N,329.99,1720
LCGLNKUTAGEVQW-UHFFFAOYSA-N,LCGLNKUTAGEVQW-UHFFFAOYSA-N,IWDCLRJOBJJRNH-UHFFFAOYSA-N,309.98,1721
LCGLNKUTAGEVQW-UHFFFAOYSA-N,LCGLNKUTAGEVQW-UHFFFAOYSA-N,IWDCLRJOBJJRNH-UHFFFAOYSA-N,319.98,1722
LCGLNKUTAGEVQW-UHFFFAOYSA-N,LCGLNKUTAGEVQW-UHFFFAOYSA-N,IWDCLRJOBJJRNH-UHFFFAOYSA-N,329.99,1723
LCGLNKUTAGEVQW-UHFFFAOYSA-N,LCGLNKUTAGEVQW-UHFFFAOYSA-N,IWDCLRJOBJJRNH-UHFFFAOYSA-N,340.01,1724
LCGLNKUTAGEVQW-UHFFFAOYSA-N,LCGLNKUTAGEVQW-UHFFFAOYSA-N,JYVLIDXNZAXMDK-YFKPBYRVSA-N,270.05,1725
LCGLNKUTAGEVQW-UHFFFAOYSA-N,LCGLNKUTAGEVQW-UHFFFAOYSA-N,JYVLIDXNZAXMDK-YFKPBYRVSA-N,290.0,1726
LCGLNKUTAGEVQW-UHFFFAOYSA-N,LCGLNKUTAGEVQW-UHFFFAOYSA-N,JYVLIDXNZAXMDK-YFKPBYRVSA-N,309.99,1727
LCGLNKUTAGEVQW-UHFFFAOYSA-N,LCGLNKUTAGEVQW-UHFFFAOYSA-N,JYVLIDXNZAXMDK-YFKPBYRVSA-N,330.01,1728
LCGLNKUTAGEVQW-UHFFFAOYSA-N,LCGLNKUTAGEVQW-UHFFFAOYSA-N,KFZMGEQAYNKOFK-UHFFFAOYSA-N,269.99,1729
LCGLNKUTAGEVQW-UHFFFAOYSA-N,LCGLNKUTAGEVQW-UHFFFAOYSA-N,KFZMGEQAYNKOFK-UHFFFAOYSA-N,289.99,1730
LCGLNKUTAGEVQW-UHFFFAOYSA-N,LCGLNKUTAGEVQW-UHFFFAOYSA-N,KFZMGEQAYNKOFK-UHFFFAOYSA-N,309.99,1731
LCGLNKUTAGEVQW-UHFFFAOYSA-N,LCGLNKUTAGEVQW-UHFFFAOYSA-N,KFZMGEQAYNKOFK-UHFFFAOYSA-N,330.0,1732
LCGLNKUTAGEVQW-UHFFFAOYSA-N,LCGLNKUTAGEVQW-UHFFFAOYSA-N,LRHPLDYGYMQRHN-UHFFFAOYSA-N,269.94,1733
LCGLNKUTAGEVQW-UHFFFAOYSA-N,LCGLNKUTAGEVQW-UHFFFAOYSA-N,LRHPLDYGYMQRHN-UHFFFAOYSA-N,289.99,1734
LCGLNKUTAGEVQW-UHFFFAOYSA-N,LCGLNKUTAGEVQW-UHFFFAOYSA-N,LRHPLDYGYMQRHN-UHFFFAOYSA-N,309.99,1735
LCGLNKUTAGEVQW-UHFFFAOYSA-N,LCGLNKUTAGEVQW-UHFFFAOYSA-N,LRHPLDYGYMQRHN-UHFFFAOYSA-N,330.01,1736
LCGLNKUTAGEVQW-UHFFFAOYSA-N,LCGLNKUTAGEVQW-UHFFFAOYSA-N,OKKJLVBELUTLKV-UHFFFAOYSA-N,269.97,1737
LCGLNKUTAGEVQW-UHFFFAOYSA-N,LCGLNKUTAGEVQW-UHFFFAOYSA-N,OKKJLVBELUTLKV-UHFFFAOYSA-N,289.99,1738
LCGLNKUTAGEVQW-UHFFFAOYSA-N,LCGLNKUTAGEVQW-UHFFFAOYSA-N,OKKJLVBELUTLKV-UHFFFAOYSA-N,309.99,1739
LCGLNKUTAGEVQW-UHFFFAOYSA-N,LCGLNKUTAGEVQW-UHFFFAOYSA-N,OKKJLVBELUTLKV-UHFFFAOYSA-N,330.0,1740
LCGLNKUTAGEVQW-UHFFFAOYSA-N,LCGLNKUTAGEVQW-UHFFFAOYSA-N,PHTQWCKDNZKARW-UHFFFAOYSA-N,270.03,1741
LCGLNKUTAGEVQW-UHFFFAOYSA-N,LCGLNKUTAGEVQW-UHFFFAOYSA-N,PHTQWCKDNZKARW-UHFFFAOYSA-N,290.0,1742
LCGLNKUTAGEVQW-UHFFFAOYSA-N,LCGLNKUTAGEVQW-UHFFFAOYSA-N,PHTQWCKDNZKARW-UHFFFAOYSA-N,309.99,1743
LCGLNKUTAGEVQW-UHFFFAOYSA-N,LCGLNKUTAGEVQW-UHFFFAOYSA-N,PHTQWCKDNZKARW-UHFFFAOYSA-N,329.99,1744
LCGLNKUTAGEVQW-UHFFFAOYSA-N,LCGLNKUTAGEVQW-UHFFFAOYSA-N,PPBRXRYQALVLMV-UHFFFAOYSA-N,250.04,1745
LCGLNKUTAGEVQW-UHFFFAOYSA-N,LCGLNKUTAGEVQW-UHFFFAOYSA-N,PPBRXRYQALVLMV-UHFFFAOYSA-N,270.2,1746
LCGLNKUTAGEVQW-UHFFFAOYSA-N,LCGLNKUTAGEVQW-UHFFFAOYSA-N,PPBRXRYQALVLMV-UHFFFAOYSA-N,289.98,1747
LCGLNKUTAGEVQW-UHFFFAOYSA-N,LCGLNKUTAGEVQW-UHFFFAOYSA-N,PPBRXRYQALVLMV-UHFFFAOYSA-N,309.84,1748
LCGLNKUTAGEVQW-UHFFFAOYSA-N,LCGLNKUTAGEVQW-UHFFFAOYSA-N,PPBRXRYQALVLMV-UHFFFAOYSA-N,329.99,1749
LCGLNKUTAGEVQW-UHFFFAOYSA-N,LCGLNKUTAGEVQW-UHFFFAOYSA-N,QPRQEDXDYOZYLA-YFKPBYRVSA-N,270.01,1750
LCGLNKUTAGEVQW-UHFFFAOYSA-N,LCGLNKUTAGEVQW-UHFFFAOYSA-N,QPRQEDXDYOZYLA-YFKPBYRVSA-N,289.99,1751
LCGLNKUTAGEVQW-UHFFFAOYSA-N,LCGLNKUTAGEVQW-UHFFFAOYSA-N,QPRQEDXDYOZYLA-YFKPBYRVSA-N,309.99,1752
LCGLNKUTAGEVQW-UHFFFAOYSA-N,LCGLNKUTAGEVQW-UHFFFAOYSA-N,QPRQEDXDYOZYLA-YFKPBYRVSA-N,330.0,1753
LCGLNKUTAGEVQW-UHFFFAOYSA-N,LCGLNKUTAGEVQW-UHFFFAOYSA-N,QWVGKYWNOKOFNN-UHFFFAOYSA-N,299.99,1754
LCGLNKUTAGEVQW-UHFFFAOYSA-N,LCGLNKUTAGEVQW-UHFFFAOYSA-N,QWVGKYWNOKOFNN-UHFFFAOYSA-N,309.98,1755
LCGLNKUTAGEVQW-UHFFFAOYSA-N,LCGLNKUTAGEVQW-UHFFFAOYSA-N,QWVGKYWNOKOFNN-UHFFFAOYSA-N,319.98,1756
LCGLNKUTAGEVQW-UHFFFAOYSA-N,LCGLNKUTAGEVQW-UHFFFAOYSA-N,QWVGKYWNOKOFNN-UHFFFAOYSA-N,329.99,1757
LCGLNKUTAGEVQW-UHFFFAOYSA-N,LCGLNKUTAGEVQW-UHFFFAOYSA-N,RLSSMJSEOOYNOY-UHFFFAOYSA-N,289.97,1758
LCGLNKUTAGEVQW-UHFFFAOYSA-N,LCGLNKUTAGEVQW-UHFFFAOYSA-N,RLSSMJSEOOYNOY-UHFFFAOYSA-N,299.98,1759
LCGLNKUTAGEVQW-UHFFFAOYSA-N,LCGLNKUTAGEVQW-UHFFFAOYSA-N,RLSSMJSEOOYNOY-UHFFFAOYSA-N,309.98,1760
LCGLNKUTAGEVQW-UHFFFAOYSA-N,LCGLNKUTAGEVQW-UHFFFAOYSA-N,RLSSMJSEOOYNOY-UHFFFAOYSA-N,319.99,1761
LCGLNKUTAGEVQW-UHFFFAOYSA-N,LCGLNKUTAGEVQW-UHFFFAOYSA-N,RLSSMJSEOOYNOY-UHFFFAOYSA-N,329.99,1762
LCGLNKUTAGEVQW-UHFFFAOYSA-N,LCGLNKUTAGEVQW-UHFFFAOYSA-N,UHOVQNZJYSORNB-UHFFFAOYSA-N,279.95,1763
LCGLNKUTAGEVQW-UHFFFAOYSA-N,LCGLNKUTAGEVQW-UHFFFAOYSA-N,UHOVQNZJYSORNB-UHFFFAOYSA-N,289.97,1764
LCGLNKUTAGEVQW-UHFFFAOYSA-N,LCGLNKUTAGEVQW-UHFFFAOYSA-N,UHOVQNZJYSORNB-UHFFFAOYSA-N,309.98,1765
LCGLNKUTAGEVQW-UHFFFAOYSA-N,LCGLNKUTAGEVQW-UHFFFAOYSA-N,UHOVQNZJYSORNB-UHFFFAOYSA-N,329.99,1766
LCGLNKUTAGEVQW-UHFFFAOYSA-N,LCGLNKUTAGEVQW-UHFFFAOYSA-N,URLKBWYHVLBVBO-UHFFFAOYSA-N,289.97,1767
LCGLNKUTAGEVQW-UHFFFAOYSA-N,LCGLNKUTAGEVQW-UHFFFAOYSA-N,URLKBWYHVLBVBO-UHFFFAOYSA-N,299.98,1768
LCGLNKUTAGEVQW-UHFFFAOYSA-N,LCGLNKUTAGEVQW-UHFFFAOYSA-N,URLKBWYHVLBVBO-UHFFFAOYSA-N,309.98,1769
LCGLNKUTAGEVQW-UHFFFAOYSA-N,LCGLNKUTAGEVQW-UHFFFAOYSA-N,URLKBWYHVLBVBO-UHFFFAOYSA-N,319.99,1770
LCGLNKUTAGEVQW-UHFFFAOYSA-N,LCGLNKUTAGEVQW-UHFFFAOYSA-N,URLKBWYHVLBVBO-UHFFFAOYSA-N,329.99,1771
LCGLNKUTAGEVQW-UHFFFAOYSA-N,LCGLNKUTAGEVQW-UHFFFAOYSA-N,XXROGKLTLUQVRX-UHFFFAOYSA-N,270.06,1772
LCGLNKUTAGEVQW-UHFFFAOYSA-N,LCGLNKUTAGEVQW-UHFFFAOYSA-N,XXROGKLTLUQVRX-UHFFFAOYSA-N,289.99,1773
LCGLNKUTAGEVQW-UHFFFAOYSA-N,LCGLNKUTAGEVQW-UHFFFAOYSA-N,XXROGKLTLUQVRX-UHFFFAOYSA-N,309.98,1774
LCGLNKUTAGEVQW-UHFFFAOYSA-N,LCGLNKUTAGEVQW-UHFFFAOYSA-N,XXROGKLTLUQVRX-UHFFFAOYSA-N,329.99,1775
LCGLNKUTAGEVQW-UHFFFAOYSA-N,LCGLNKUTAGEVQW-UHFFFAOYSA-N,YXFVVABEGXRONW-UHFFFAOYSA-N,250.04,1776
LCGLNKUTAGEVQW-UHFFFAOYSA-N,LCGLNKUTAGEVQW-UHFFFAOYSA-N,YXFVVABEGXRONW-UHFFFAOYSA-N,270.2,1777
LCGLNKUTAGEVQW-UHFFFAOYSA-N,LCGLNKUTAGEVQW-UHFFFAOYSA-N,YXFVVABEGXRONW-UHFFFAOYSA-N,289.98,1778
LCGLNKUTAGEVQW-UHFFFAOYSA-N,LCGLNKUTAGEVQW-UHFFFAOYSA-N,YXFVVABEGXRONW-UHFFFAOYSA-N,309.84,1779
LCGLNKUTAGEVQW-UHFFFAOYSA-N,LCGLNKUTAGEVQW-UHFFFAOYSA-N,YXFVVABEGXRONW-UHFFFAOYSA-N,329.99,1780
LCGLNKUTAGEVQW-UHFFFAOYSA-N,LCGLNKUTAGEVQW-UHFFFAOYSA-N,ZXEKIIBDNHEJCQ-UHFFFAOYSA-N,270.01,1781
LCGLNKUTAGEVQW-UHFFFAOYSA-N,LCGLNKUTAGEVQW-UHFFFAOYSA-N,ZXEKIIBDNHEJCQ-UHFFFAOYSA-N,289.99,1782
LCGLNKUTAGEVQW-UHFFFAOYSA-N,LCGLNKUTAGEVQW-UHFFFAOYSA-N,ZXEKIIBDNHEJCQ-UHFFFAOYSA-N,309.99,1783
LCGLNKUTAGEVQW-UHFFFAOYSA-N,LCGLNKUTAGEVQW-UHFFFAOYSA-N,ZXEKIIBDNHEJCQ-UHFFFAOYSA-N,329.93,1784
VXNZUUAINFGPBY-UHFFFAOYSA-N,VXNZUUAINFGPBY-UHFFFAOYSA-N,AMQJEAYHLZJPGS-UHFFFAOYSA-N,269.99,1785
VXNZUUAINFGPBY-UHFFFAOYSA-N,VXNZUUAINFGPBY-UHFFFAOYSA-N,AMQJEAYHLZJPGS-UHFFFAOYSA-N,290.0,1786
VXNZUUAINFGPBY-UHFFFAOYSA-N,VXNZUUAINFGPBY-UHFFFAOYSA-N,AMQJEAYHLZJPGS-UHFFFAOYSA-N,310.0,1787
VXNZUUAINFGPBY-UHFFFAOYSA-N,VXNZUUAINFGPBY-UHFFFAOYSA-N,AMQJEAYHLZJPGS-UHFFFAOYSA-N,330.0,1788
VXNZUUAINFGPBY-UHFFFAOYSA-N,VXNZUUAINFGPBY-UHFFFAOYSA-N,AQIXEPGDORPWBJ-UHFFFAOYSA-N,259.96,1789
VXNZUUAINFGPBY-UHFFFAOYSA-N,VXNZUUAINFGPBY-UHFFFAOYSA-N,AQIXEPGDORPWBJ-UHFFFAOYSA-N,270.02,1790
VXNZUUAINFGPBY-UHFFFAOYSA-N,VXNZUUAINFGPBY-UHFFFAOYSA-N,AQIXEPGDORPWBJ-UHFFFAOYSA-N,280.0,1791
VXNZUUAINFGPBY-UHFFFAOYSA-N,VXNZUUAINFGPBY-UHFFFAOYSA-N,AQIXEPGDORPWBJ-UHFFFAOYSA-N,290.0,1792
VXNZUUAINFGPBY-UHFFFAOYSA-N,VXNZUUAINFGPBY-UHFFFAOYSA-N,AQIXEPGDORPWBJ-UHFFFAOYSA-N,300.0,1793
VXNZUUAINFGPBY-UHFFFAOYSA-N,VXNZUUAINFGPBY-UHFFFAOYSA-N,AQIXEPGDORPWBJ-UHFFFAOYSA-N,310.01,1794
VXNZUUAINFGPBY-UHFFFAOYSA-N,VXNZUUAINFGPBY-UHFFFAOYSA-N,AQIXEPGDORPWBJ-UHFFFAOYSA-N,320.0,1795
VXNZUUAINFGPBY-UHFFFAOYSA-N,VXNZUUAINFGPBY-UHFFFAOYSA-N,AQIXEPGDORPWBJ-UHFFFAOYSA-N,330.0,1796
VXNZUUAINFGPBY-UHFFFAOYSA-N,VXNZUUAINFGPBY-UHFFFAOYSA-N,BDERNNFJNOPAEC-UHFFFAOYSA-N,260.03,1797
VXNZUUAINFGPBY-UHFFFAOYSA-N,VXNZUUAINFGPBY-UHFFFAOYSA-N,BDERNNFJNOPAEC-UHFFFAOYSA-N,280.04,1798
VXNZUUAINFGPBY-UHFFFAOYSA-N,VXNZUUAINFGPBY-UHFFFAOYSA-N,BDERNNFJNOPAEC-UHFFFAOYSA-N,299.98,1799
VXNZUUAINFGPBY-UHFFFAOYSA-N,VXNZUUAINFGPBY-UHFFFAOYSA-N,BDERNNFJNOPAEC-UHFFFAOYSA-N,320.03,1800
VXNZUUAINFGPBY-UHFFFAOYSA-N,VXNZUUAINFGPBY-UHFFFAOYSA-N,BDERNNFJNOPAEC-UHFFFAOYSA-N,340.0,1801
VXNZUUAINFGPBY-UHFFFAOYSA-N,VXNZUUAINFGPBY-UHFFFAOYSA-N,CPJRRXSHAYUTGL-UHFFFAOYSA-N,270.04,1802
VXNZUUAINFGPBY-UHFFFAOYSA-N,VXNZUUAINFGPBY-UHFFFAOYSA-N,CPJRRXSHAYUTGL-UHFFFAOYSA-N,289.99,1803
VXNZUUAINFGPBY-UHFFFAOYSA-N,VXNZUUAINFGPBY-UHFFFAOYSA-N,CPJRRXSHAYUTGL-UHFFFAOYSA-N,309.99,1804
VXNZUUAINFGPBY-UHFFFAOYSA-N,VXNZUUAINFGPBY-UHFFFAOYSA-N,CPJRRXSHAYUTGL-UHFFFAOYSA-N,330.0,1805
VXNZUUAINFGPBY-UHFFFAOYSA-N,VXNZUUAINFGPBY-UHFFFAOYSA-N,CTQNGGLPUBDAKN-UHFFFAOYSA-N,270.13,1806
VXNZUUAINFGPBY-UHFFFAOYSA-N,VXNZUUAINFGPBY-UHFFFAOYSA-N,CTQNGGLPUBDAKN-UHFFFAOYSA-N,289.99,1807
VXNZUUAINFGPBY-UHFFFAOYSA-N,VXNZUUAINFGPBY-UHFFFAOYSA-N,CTQNGGLPUBDAKN-UHFFFAOYSA-N,309.84,1808
VXNZUUAINFGPBY-UHFFFAOYSA-N,VXNZUUAINFGPBY-UHFFFAOYSA-N,CTQNGGLPUBDAKN-UHFFFAOYSA-N,329.99,1809
VXNZUUAINFGPBY-UHFFFAOYSA-N,VXNZUUAINFGPBY-UHFFFAOYSA-N,DHXVGJBLRPWPCS-UHFFFAOYSA-N,250.06,1810
VXNZUUAINFGPBY-UHFFFAOYSA-N,VXNZUUAINFGPBY-UHFFFAOYSA-N,DHXVGJBLRPWPCS-UHFFFAOYSA-N,270.12,1811
VXNZUUAINFGPBY-UHFFFAOYSA-N,VXNZUUAINFGPBY-UHFFFAOYSA-N,DHXVGJBLRPWPCS-UHFFFAOYSA-N,289.97,1812
VXNZUUAINFGPBY-UHFFFAOYSA-N,VXNZUUAINFGPBY-UHFFFAOYSA-N,DHXVGJBLRPWPCS-UHFFFAOYSA-N,309.98,1813
VXNZUUAINFGPBY-UHFFFAOYSA-N,VXNZUUAINFGPBY-UHFFFAOYSA-N,DHXVGJBLRPWPCS-UHFFFAOYSA-N,329.97,1814
VXNZUUAINFGPBY-UHFFFAOYSA-N,VXNZUUAINFGPBY-UHFFFAOYSA-N,HNVRRHSXBLFLIG-UHFFFAOYSA-N,269.95,1815
VXNZUUAINFGPBY-UHFFFAOYSA-N,VXNZUUAINFGPBY-UHFFFAOYSA-N,HNVRRHSXBLFLIG-UHFFFAOYSA-N,289.99,1816
VXNZUUAINFGPBY-UHFFFAOYSA-N,VXNZUUAINFGPBY-UHFFFAOYSA-N,HNVRRHSXBLFLIG-UHFFFAOYSA-N,309.99,1817
VXNZUUAINFGPBY-UHFFFAOYSA-N,VXNZUUAINFGPBY-UHFFFAOYSA-N,HNVRRHSXBLFLIG-UHFFFAOYSA-N,330.0,1818
VXNZUUAINFGPBY-UHFFFAOYSA-N,VXNZUUAINFGPBY-UHFFFAOYSA-N,IVSZLXZYQVIEFR-UHFFFAOYSA-N,270.1,1819
VXNZUUAINFGPBY-UHFFFAOYSA-N,VXNZUUAINFGPBY-UHFFFAOYSA-N,IVSZLXZYQVIEFR-UHFFFAOYSA-N,289.99,1820
VXNZUUAINFGPBY-UHFFFAOYSA-N,VXNZUUAINFGPBY-UHFFFAOYSA-N,IVSZLXZYQVIEFR-UHFFFAOYSA-N,309.84,1821
VXNZUUAINFGPBY-UHFFFAOYSA-N,VXNZUUAINFGPBY-UHFFFAOYSA-N,IVSZLXZYQVIEFR-UHFFFAOYSA-N,329.99,1822
VXNZUUAINFGPBY-UHFFFAOYSA-N,VXNZUUAINFGPBY-UHFFFAOYSA-N,IWDCLRJOBJJRNH-UHFFFAOYSA-N,309.99,1823
VXNZUUAINFGPBY-UHFFFAOYSA-N,VXNZUUAINFGPBY-UHFFFAOYSA-N,IWDCLRJOBJJRNH-UHFFFAOYSA-N,319.99,1824
VXNZUUAINFGPBY-UHFFFAOYSA-N,VXNZUUAINFGPBY-UHFFFAOYSA-N,IWDCLRJOBJJRNH-UHFFFAOYSA-N,329.99,1825
VXNZUUAINFGPBY-UHFFFAOYSA-N,VXNZUUAINFGPBY-UHFFFAOYSA-N,IWDCLRJOBJJRNH-UHFFFAOYSA-N,340.02,1826
VXNZUUAINFGPBY-UHFFFAOYSA-N,VXNZUUAINFGPBY-UHFFFAOYSA-N,JYVLIDXNZAXMDK-YFKPBYRVSA-N,269.99,1827
VXNZUUAINFGPBY-UHFFFAOYSA-N,VXNZUUAINFGPBY-UHFFFAOYSA-N,JYVLIDXNZAXMDK-YFKPBYRVSA-N,290.0,1828
VXNZUUAINFGPBY-UHFFFAOYSA-N,VXNZUUAINFGPBY-UHFFFAOYSA-N,JYVLIDXNZAXMDK-YFKPBYRVSA-N,310.0,1829
VXNZUUAINFGPBY-UHFFFAOYSA-N,VXNZUUAINFGPBY-UHFFFAOYSA-N,JYVLIDXNZAXMDK-YFKPBYRVSA-N,330.0,1830
VXNZUUAINFGPBY-UHFFFAOYSA-N,VXNZUUAINFGPBY-UHFFFAOYSA-N,KFZMGEQAYNKOFK-UHFFFAOYSA-N,270.03,1831
VXNZUUAINFGPBY-UHFFFAOYSA-N,VXNZUUAINFGPBY-UHFFFAOYSA-N,KFZMGEQAYNKOFK-UHFFFAOYSA-N,290.0,1832
VXNZUUAINFGPBY-UHFFFAOYSA-N,VXNZUUAINFGPBY-UHFFFAOYSA-N,KFZMGEQAYNKOFK-UHFFFAOYSA-N,310.0,1833
VXNZUUAINFGPBY-UHFFFAOYSA-N,VXNZUUAINFGPBY-UHFFFAOYSA-N,KFZMGEQAYNKOFK-UHFFFAOYSA-N,330.0,1834
VXNZUUAINFGPBY-UHFFFAOYSA-N,VXNZUUAINFGPBY-UHFFFAOYSA-N,LRHPLDYGYMQRHN-UHFFFAOYSA-N,250.01,1835
VXNZUUAINFGPBY-UHFFFAOYSA-N,VXNZUUAINFGPBY-UHFFFAOYSA-N,LRHPLDYGYMQRHN-UHFFFAOYSA-N,270.0,1836
VXNZUUAINFGPBY-UHFFFAOYSA-N,VXNZUUAINFGPBY-UHFFFAOYSA-N,LRHPLDYGYMQRHN-UHFFFAOYSA-N,290.01,1837
VXNZUUAINFGPBY-UHFFFAOYSA-N,VXNZUUAINFGPBY-UHFFFAOYSA-N,LRHPLDYGYMQRHN-UHFFFAOYSA-N,310.0,1838
VXNZUUAINFGPBY-UHFFFAOYSA-N,VXNZUUAINFGPBY-UHFFFAOYSA-N,LRHPLDYGYMQRHN-UHFFFAOYSA-N,330.0,1839
VXNZUUAINFGPBY-UHFFFAOYSA-N,VXNZUUAINFGPBY-UHFFFAOYSA-N,OKKJLVBELUTLKV-UHFFFAOYSA-N,374.0,1840
VXNZUUAINFGPBY-UHFFFAOYSA-N,VXNZUUAINFGPBY-UHFFFAOYSA-N,OKKJLVBELUTLKV-UHFFFAOYSA-N,394.8,1841
VXNZUUAINFGPBY-UHFFFAOYSA-N,VXNZUUAINFGPBY-UHFFFAOYSA-N,OKKJLVBELUTLKV-UHFFFAOYSA-N,412.5,1842
VXNZUUAINFGPBY-UHFFFAOYSA-N,VXNZUUAINFGPBY-UHFFFAOYSA-N,PPBRXRYQALVLMV-UHFFFAOYSA-N,270.07,1843
VXNZUUAINFGPBY-UHFFFAOYSA-N,VXNZUUAINFGPBY-UHFFFAOYSA-N,PPBRXRYQALVLMV-UHFFFAOYSA-N,309.84,1844
VXNZUUAINFGPBY-UHFFFAOYSA-N,VXNZUUAINFGPBY-UHFFFAOYSA-N,PPBRXRYQALVLMV-UHFFFAOYSA-N,329.99,1845
VXNZUUAINFGPBY-UHFFFAOYSA-N,VXNZUUAINFGPBY-UHFFFAOYSA-N,QWVGKYWNOKOFNN-UHFFFAOYSA-N,299.99,1846
VXNZUUAINFGPBY-UHFFFAOYSA-N,VXNZUUAINFGPBY-UHFFFAOYSA-N,QWVGKYWNOKOFNN-UHFFFAOYSA-N,309.99,1847
VXNZUUAINFGPBY-UHFFFAOYSA-N,VXNZUUAINFGPBY-UHFFFAOYSA-N,QWVGKYWNOKOFNN-UHFFFAOYSA-N,319.99,1848
VXNZUUAINFGPBY-UHFFFAOYSA-N,VXNZUUAINFGPBY-UHFFFAOYSA-N,QWVGKYWNOKOFNN-UHFFFAOYSA-N,329.99,1849
VXNZUUAINFGPBY-UHFFFAOYSA-N,VXNZUUAINFGPBY-UHFFFAOYSA-N,RLSSMJSEOOYNOY-UHFFFAOYSA-N,289.98,1850
VXNZUUAINFGPBY-UHFFFAOYSA-N,VXNZUUAINFGPBY-UHFFFAOYSA-N,RLSSMJSEOOYNOY-UHFFFAOYSA-N,299.98,1851
VXNZUUAINFGPBY-UHFFFAOYSA-N,VXNZUUAINFGPBY-UHFFFAOYSA-N,RLSSMJSEOOYNOY-UHFFFAOYSA-N,309.99,1852
VXNZUUAINFGPBY-UHFFFAOYSA-N,VXNZUUAINFGPBY-UHFFFAOYSA-N,RLSSMJSEOOYNOY-UHFFFAOYSA-N,319.99,1853
VXNZUUAINFGPBY-UHFFFAOYSA-N,VXNZUUAINFGPBY-UHFFFAOYSA-N,RLSSMJSEOOYNOY-UHFFFAOYSA-N,329.99,1854
VXNZUUAINFGPBY-UHFFFAOYSA-N,VXNZUUAINFGPBY-UHFFFAOYSA-N,UHOVQNZJYSORNB-UHFFFAOYSA-N,279.99,1855
VXNZUUAINFGPBY-UHFFFAOYSA-N,VXNZUUAINFGPBY-UHFFFAOYSA-N,UHOVQNZJYSORNB-UHFFFAOYSA-N,289.99,1856
VXNZUUAINFGPBY-UHFFFAOYSA-N,VXNZUUAINFGPBY-UHFFFAOYSA-N,UHOVQNZJYSORNB-UHFFFAOYSA-N,309.99,1857
VXNZUUAINFGPBY-UHFFFAOYSA-N,VXNZUUAINFGPBY-UHFFFAOYSA-N,UHOVQNZJYSORNB-UHFFFAOYSA-N,329.99,1858
VXNZUUAINFGPBY-UHFFFAOYSA-N,VXNZUUAINFGPBY-UHFFFAOYSA-N,URLKBWYHVLBVBO-UHFFFAOYSA-N,289.99,1859
VXNZUUAINFGPBY-UHFFFAOYSA-N,VXNZUUAINFGPBY-UHFFFAOYSA-N,URLKBWYHVLBVBO-UHFFFAOYSA-N,299.99,1860
VXNZUUAINFGPBY-UHFFFAOYSA-N,VXNZUUAINFGPBY-UHFFFAOYSA-N,URLKBWYHVLBVBO-UHFFFAOYSA-N,309.85,1861
VXNZUUAINFGPBY-UHFFFAOYSA-N,VXNZUUAINFGPBY-UHFFFAOYSA-N,URLKBWYHVLBVBO-UHFFFAOYSA-N,319.99,1862
VXNZUUAINFGPBY-UHFFFAOYSA-N,VXNZUUAINFGPBY-UHFFFAOYSA-N,URLKBWYHVLBVBO-UHFFFAOYSA-N,329.99,1863
VXNZUUAINFGPBY-UHFFFAOYSA-N,VXNZUUAINFGPBY-UHFFFAOYSA-N,XXROGKLTLUQVRX-UHFFFAOYSA-N,270.01,1864
VXNZUUAINFGPBY-UHFFFAOYSA-N,VXNZUUAINFGPBY-UHFFFAOYSA-N,XXROGKLTLUQVRX-UHFFFAOYSA-N,289.99,1865
VXNZUUAINFGPBY-UHFFFAOYSA-N,VXNZUUAINFGPBY-UHFFFAOYSA-N,XXROGKLTLUQVRX-UHFFFAOYSA-N,309.995,1866
VXNZUUAINFGPBY-UHFFFAOYSA-N,VXNZUUAINFGPBY-UHFFFAOYSA-N,XXROGKLTLUQVRX-UHFFFAOYSA-N,329.99,1867
VXNZUUAINFGPBY-UHFFFAOYSA-N,VXNZUUAINFGPBY-UHFFFAOYSA-N,YXFVVABEGXRONW-UHFFFAOYSA-N,270.0,1868
VXNZUUAINFGPBY-UHFFFAOYSA-N,VXNZUUAINFGPBY-UHFFFAOYSA-N,YXFVVABEGXRONW-UHFFFAOYSA-N,289.98,1869
VXNZUUAINFGPBY-UHFFFAOYSA-N,VXNZUUAINFGPBY-UHFFFAOYSA-N,YXFVVABEGXRONW-UHFFFAOYSA-N,309.94,1870
VXNZUUAINFGPBY-UHFFFAOYSA-N,VXNZUUAINFGPBY-UHFFFAOYSA-N,YXFVVABEGXRONW-UHFFFAOYSA-N,329.99,1871
PWGJDPKCLMLPJW-UHFFFAOYSA-N,AFFLGGQVNFXPEV-UHFFFAOYSA-N,PWGJDPKCLMLPJW-UHFFFAOYSA-N,328.15,1872
PWGJDPKCLMLPJW-UHFFFAOYSA-N,AFFLGGQVNFXPEV-UHFFFAOYSA-N,PWGJDPKCLMLPJW-UHFFFAOYSA-N,338.15,1873
PWGJDPKCLMLPJW-UHFFFAOYSA-N,AFFLGGQVNFXPEV-UHFFFAOYSA-N,PWGJDPKCLMLPJW-UHFFFAOYSA-N,343.15,1874
PWGJDPKCLMLPJW-UHFFFAOYSA-N,AFFLGGQVNFXPEV-UHFFFAOYSA-N,PWGJDPKCLMLPJW-UHFFFAOYSA-N,348.15,1875
PWGJDPKCLMLPJW-UHFFFAOYSA-N,BDERNNFJNOPAEC-UHFFFAOYSA-N,PWGJDPKCLMLPJW-UHFFFAOYSA-N,328.15,1876
PWGJDPKCLMLPJW-UHFFFAOYSA-N,BDERNNFJNOPAEC-UHFFFAOYSA-N,PWGJDPKCLMLPJW-UHFFFAOYSA-N,338.15,1877
PWGJDPKCLMLPJW-UHFFFAOYSA-N,BDERNNFJNOPAEC-UHFFFAOYSA-N,PWGJDPKCLMLPJW-UHFFFAOYSA-N,343.15,1878
PWGJDPKCLMLPJW-UHFFFAOYSA-N,BDERNNFJNOPAEC-UHFFFAOYSA-N,PWGJDPKCLMLPJW-UHFFFAOYSA-N,348.15,1879
PWGJDPKCLMLPJW-UHFFFAOYSA-N,DIOQZVSQGTUSAI-UHFFFAOYSA-N,PWGJDPKCLMLPJW-UHFFFAOYSA-N,328.15,1880
PWGJDPKCLMLPJW-UHFFFAOYSA-N,DIOQZVSQGTUSAI-UHFFFAOYSA-N,PWGJDPKCLMLPJW-UHFFFAOYSA-N,338.15,1881
PWGJDPKCLMLPJW-UHFFFAOYSA-N,DIOQZVSQGTUSAI-UHFFFAOYSA-N,PWGJDPKCLMLPJW-UHFFFAOYSA-N,343.15,1882
PWGJDPKCLMLPJW-UHFFFAOYSA-N,DIOQZVSQGTUSAI-UHFFFAOYSA-N,PWGJDPKCLMLPJW-UHFFFAOYSA-N,348.15,1883
PWGJDPKCLMLPJW-UHFFFAOYSA-N,DKPFZGUDAPQIHT-UHFFFAOYSA-N,PWGJDPKCLMLPJW-UHFFFAOYSA-N,328.15,1884
PWGJDPKCLMLPJW-UHFFFAOYSA-N,DKPFZGUDAPQIHT-UHFFFAOYSA-N,PWGJDPKCLMLPJW-UHFFFAOYSA-N,338.15,1885
PWGJDPKCLMLPJW-UHFFFAOYSA-N,DKPFZGUDAPQIHT-UHFFFAOYSA-N,PWGJDPKCLMLPJW-UHFFFAOYSA-N,343.15,1886
PWGJDPKCLMLPJW-UHFFFAOYSA-N,DKPFZGUDAPQIHT-UHFFFAOYSA-N,PWGJDPKCLMLPJW-UHFFFAOYSA-N,348.15,1887
PWGJDPKCLMLPJW-UHFFFAOYSA-N,DURPTKYDGMDSBL-UHFFFAOYSA-N,PWGJDPKCLMLPJW-UHFFFAOYSA-N,328.15,1888
PWGJDPKCLMLPJW-UHFFFAOYSA-N,DURPTKYDGMDSBL-UHFFFAOYSA-N,PWGJDPKCLMLPJW-UHFFFAOYSA-N,338.15,1889
PWGJDPKCLMLPJW-UHFFFAOYSA-N,DURPTKYDGMDSBL-UHFFFAOYSA-N,PWGJDPKCLMLPJW-UHFFFAOYSA-N,343.15,1890
PWGJDPKCLMLPJW-UHFFFAOYSA-N,DURPTKYDGMDSBL-UHFFFAOYSA-N,PWGJDPKCLMLPJW-UHFFFAOYSA-N,348.15,1891
PWGJDPKCLMLPJW-UHFFFAOYSA-N,IMNFDUFMRHMDMM-UHFFFAOYSA-N,PWGJDPKCLMLPJW-UHFFFAOYSA-N,328.15,1892
PWGJDPKCLMLPJW-UHFFFAOYSA-N,IMNFDUFMRHMDMM-UHFFFAOYSA-N,PWGJDPKCLMLPJW-UHFFFAOYSA-N,338.15,1893
PWGJDPKCLMLPJW-UHFFFAOYSA-N,IMNFDUFMRHMDMM-UHFFFAOYSA-N,PWGJDPKCLMLPJW-UHFFFAOYSA-N,343.15,1894
PWGJDPKCLMLPJW-UHFFFAOYSA-N,IMNFDUFMRHMDMM-UHFFFAOYSA-N,PWGJDPKCLMLPJW-UHFFFAOYSA-N,348.15,1895
PWGJDPKCLMLPJW-UHFFFAOYSA-N,KWKAKUADMBZCLK-UHFFFAOYSA-N,PWGJDPKCLMLPJW-UHFFFAOYSA-N,328.15,1896
PWGJDPKCLMLPJW-UHFFFAOYSA-N,KWKAKUADMBZCLK-UHFFFAOYSA-N,PWGJDPKCLMLPJW-UHFFFAOYSA-N,338.15,1897
PWGJDPKCLMLPJW-UHFFFAOYSA-N,KWKAKUADMBZCLK-UHFFFAOYSA-N,PWGJDPKCLMLPJW-UHFFFAOYSA-N,343.15,1898
PWGJDPKCLMLPJW-UHFFFAOYSA-N,KWKAKUADMBZCLK-UHFFFAOYSA-N,PWGJDPKCLMLPJW-UHFFFAOYSA-N,348.15,1899
PWGJDPKCLMLPJW-UHFFFAOYSA-N,LFQSCWFLJHTTHZ-UHFFFAOYSA-N,PWGJDPKCLMLPJW-UHFFFAOYSA-N,328.15,1900
PWGJDPKCLMLPJW-UHFFFAOYSA-N,LFQSCWFLJHTTHZ-UHFFFAOYSA-N,PWGJDPKCLMLPJW-UHFFFAOYSA-N,338.15,1901
PWGJDPKCLMLPJW-UHFFFAOYSA-N,LFQSCWFLJHTTHZ-UHFFFAOYSA-N,PWGJDPKCLMLPJW-UHFFFAOYSA-N,343.15,1902
PWGJDPKCLMLPJW-UHFFFAOYSA-N,LFQSCWFLJHTTHZ-UHFFFAOYSA-N,PWGJDPKCLMLPJW-UHFFFAOYSA-N,348.15,1903
PWGJDPKCLMLPJW-UHFFFAOYSA-N,LIKMAJRDDDTEIG-UHFFFAOYSA-N,PWGJDPKCLMLPJW-UHFFFAOYSA-N,328.15,1904
PWGJDPKCLMLPJW-UHFFFAOYSA-N,LIKMAJRDDDTEIG-UHFFFAOYSA-N,PWGJDPKCLMLPJW-UHFFFAOYSA-N,338.15,1905
PWGJDPKCLMLPJW-UHFFFAOYSA-N,LIKMAJRDDDTEIG-UHFFFAOYSA-N,PWGJDPKCLMLPJW-UHFFFAOYSA-N,343.15,1906
PWGJDPKCLMLPJW-UHFFFAOYSA-N,LIKMAJRDDDTEIG-UHFFFAOYSA-N,PWGJDPKCLMLPJW-UHFFFAOYSA-N,348.15,1907
PWGJDPKCLMLPJW-UHFFFAOYSA-N,LRHPLDYGYMQRHN-UHFFFAOYSA-N,PWGJDPKCLMLPJW-UHFFFAOYSA-N,328.15,1908
PWGJDPKCLMLPJW-UHFFFAOYSA-N,LRHPLDYGYMQRHN-UHFFFAOYSA-N,PWGJDPKCLMLPJW-UHFFFAOYSA-N,338.15,1909
PWGJDPKCLMLPJW-UHFFFAOYSA-N,LRHPLDYGYMQRHN-UHFFFAOYSA-N,PWGJDPKCLMLPJW-UHFFFAOYSA-N,343.15,1910
PWGJDPKCLMLPJW-UHFFFAOYSA-N,LRHPLDYGYMQRHN-UHFFFAOYSA-N,PWGJDPKCLMLPJW-UHFFFAOYSA-N,348.15,1911
PWGJDPKCLMLPJW-UHFFFAOYSA-N,MLRVZFYXUZQSRU-UHFFFAOYSA-N,PWGJDPKCLMLPJW-UHFFFAOYSA-N,328.15,1912
PWGJDPKCLMLPJW-UHFFFAOYSA-N,MLRVZFYXUZQSRU-UHFFFAOYSA-N,PWGJDPKCLMLPJW-UHFFFAOYSA-N,338.15,1913
PWGJDPKCLMLPJW-UHFFFAOYSA-N,MLRVZFYXUZQSRU-UHFFFAOYSA-N,PWGJDPKCLMLPJW-UHFFFAOYSA-N,343.15,1914
PWGJDPKCLMLPJW-UHFFFAOYSA-N,MLRVZFYXUZQSRU-UHFFFAOYSA-N,PWGJDPKCLMLPJW-UHFFFAOYSA-N,348.15,1915
PWGJDPKCLMLPJW-UHFFFAOYSA-N,OFBQJSOFQDEBGM-UHFFFAOYSA-N,PWGJDPKCLMLPJW-UHFFFAOYSA-N,328.21,1916
PWGJDPKCLMLPJW-UHFFFAOYSA-N,OFBQJSOFQDEBGM-UHFFFAOYSA-N,PWGJDPKCLMLPJW-UHFFFAOYSA-N,338.23,1917
PWGJDPKCLMLPJW-UHFFFAOYSA-N,OFBQJSOFQDEBGM-UHFFFAOYSA-N,PWGJDPKCLMLPJW-UHFFFAOYSA-N,343.19,1918
PWGJDPKCLMLPJW-UHFFFAOYSA-N,OFBQJSOFQDEBGM-UHFFFAOYSA-N,PWGJDPKCLMLPJW-UHFFFAOYSA-N,348.25,1919
PWGJDPKCLMLPJW-UHFFFAOYSA-N,OKKJLVBELUTLKV-UHFFFAOYSA-N,PWGJDPKCLMLPJW-UHFFFAOYSA-N,328.15,1920
PWGJDPKCLMLPJW-UHFFFAOYSA-N,OKKJLVBELUTLKV-UHFFFAOYSA-N,PWGJDPKCLMLPJW-UHFFFAOYSA-N,338.15,1921
PWGJDPKCLMLPJW-UHFFFAOYSA-N,OKKJLVBELUTLKV-UHFFFAOYSA-N,PWGJDPKCLMLPJW-UHFFFAOYSA-N,343.15,1922
PWGJDPKCLMLPJW-UHFFFAOYSA-N,OKKJLVBELUTLKV-UHFFFAOYSA-N,PWGJDPKCLMLPJW-UHFFFAOYSA-N,348.15,1923
PWGJDPKCLMLPJW-UHFFFAOYSA-N,RTZKZFJDLAIYFH-UHFFFAOYSA-N,PWGJDPKCLMLPJW-UHFFFAOYSA-N,328.15,1924
PWGJDPKCLMLPJW-UHFFFAOYSA-N,RTZKZFJDLAIYFH-UHFFFAOYSA-N,PWGJDPKCLMLPJW-UHFFFAOYSA-N,338.15,1925
PWGJDPKCLMLPJW-UHFFFAOYSA-N,RTZKZFJDLAIYFH-UHFFFAOYSA-N,PWGJDPKCLMLPJW-UHFFFAOYSA-N,343.15,1926
PWGJDPKCLMLPJW-UHFFFAOYSA-N,RTZKZFJDLAIYFH-UHFFFAOYSA-N,PWGJDPKCLMLPJW-UHFFFAOYSA-N,348.15,1927
PWGJDPKCLMLPJW-UHFFFAOYSA-N,SQCZQTSHSZLZIQ-UHFFFAOYSA-N,PWGJDPKCLMLPJW-UHFFFAOYSA-N,328.15,1928
PWGJDPKCLMLPJW-UHFFFAOYSA-N,SQCZQTSHSZLZIQ-UHFFFAOYSA-N,PWGJDPKCLMLPJW-UHFFFAOYSA-N,338.15,1929
PWGJDPKCLMLPJW-UHFFFAOYSA-N,SQCZQTSHSZLZIQ-UHFFFAOYSA-N,PWGJDPKCLMLPJW-UHFFFAOYSA-N,343.15,1930
PWGJDPKCLMLPJW-UHFFFAOYSA-N,SQCZQTSHSZLZIQ-UHFFFAOYSA-N,PWGJDPKCLMLPJW-UHFFFAOYSA-N,348.15,1931
PWGJDPKCLMLPJW-UHFFFAOYSA-N,TVMXDCGIABBOFY-UHFFFAOYSA-N,PWGJDPKCLMLPJW-UHFFFAOYSA-N,328.15,1932
PWGJDPKCLMLPJW-UHFFFAOYSA-N,TVMXDCGIABBOFY-UHFFFAOYSA-N,PWGJDPKCLMLPJW-UHFFFAOYSA-N,338.15,1933
PWGJDPKCLMLPJW-UHFFFAOYSA-N,TVMXDCGIABBOFY-UHFFFAOYSA-N,PWGJDPKCLMLPJW-UHFFFAOYSA-N,343.15,1934
PWGJDPKCLMLPJW-UHFFFAOYSA-N,TVMXDCGIABBOFY-UHFFFAOYSA-N,PWGJDPKCLMLPJW-UHFFFAOYSA-N,348.15,1935
PWGJDPKCLMLPJW-UHFFFAOYSA-N,UHOVQNZJYSORNB-UHFFFAOYSA-N,PWGJDPKCLMLPJW-UHFFFAOYSA-N,328.15,1936
PWGJDPKCLMLPJW-UHFFFAOYSA-N,UHOVQNZJYSORNB-UHFFFAOYSA-N,PWGJDPKCLMLPJW-UHFFFAOYSA-N,338.15,1937
PWGJDPKCLMLPJW-UHFFFAOYSA-N,UHOVQNZJYSORNB-UHFFFAOYSA-N,PWGJDPKCLMLPJW-UHFFFAOYSA-N,343.15,1938
PWGJDPKCLMLPJW-UHFFFAOYSA-N,UHOVQNZJYSORNB-UHFFFAOYSA-N,PWGJDPKCLMLPJW-UHFFFAOYSA-N,348.15,1939
PWGJDPKCLMLPJW-UHFFFAOYSA-N,VFWCMGCRMGJXDK-UHFFFAOYSA-N,PWGJDPKCLMLPJW-UHFFFAOYSA-N,328.15,1940
PWGJDPKCLMLPJW-UHFFFAOYSA-N,VFWCMGCRMGJXDK-UHFFFAOYSA-N,PWGJDPKCLMLPJW-UHFFFAOYSA-N,338.15,1941
PWGJDPKCLMLPJW-UHFFFAOYSA-N,VFWCMGCRMGJXDK-UHFFFAOYSA-N,PWGJDPKCLMLPJW-UHFFFAOYSA-N,343.15,1942
PWGJDPKCLMLPJW-UHFFFAOYSA-N,VFWCMGCRMGJXDK-UHFFFAOYSA-N,PWGJDPKCLMLPJW-UHFFFAOYSA-N,348.15,1943
PWGJDPKCLMLPJW-UHFFFAOYSA-N,VLKZOEOYAKHREP-UHFFFAOYSA-N,PWGJDPKCLMLPJW-UHFFFAOYSA-N,328.15,1944
PWGJDPKCLMLPJW-UHFFFAOYSA-N,VLKZOEOYAKHREP-UHFFFAOYSA-N,PWGJDPKCLMLPJW-UHFFFAOYSA-N,338.15,1945
PWGJDPKCLMLPJW-UHFFFAOYSA-N,VLKZOEOYAKHREP-UHFFFAOYSA-N,PWGJDPKCLMLPJW-UHFFFAOYSA-N,343.15,1946
PWGJDPKCLMLPJW-UHFFFAOYSA-N,VLKZOEOYAKHREP-UHFFFAOYSA-N,PWGJDPKCLMLPJW-UHFFFAOYSA-N,348.15,1947
PWGJDPKCLMLPJW-UHFFFAOYSA-N,VZGDMQKNWNREIO-UHFFFAOYSA-N,PWGJDPKCLMLPJW-UHFFFAOYSA-N,328.15,1948
PWGJDPKCLMLPJW-UHFFFAOYSA-N,VZGDMQKNWNREIO-UHFFFAOYSA-N,PWGJDPKCLMLPJW-UHFFFAOYSA-N,338.15,1949
PWGJDPKCLMLPJW-UHFFFAOYSA-N,VZGDMQKNWNREIO-UHFFFAOYSA-N,PWGJDPKCLMLPJW-UHFFFAOYSA-N,343.15,1950
PWGJDPKCLMLPJW-UHFFFAOYSA-N,VZGDMQKNWNREIO-UHFFFAOYSA-N,PWGJDPKCLMLPJW-UHFFFAOYSA-N,348.15,1951
PWGJDPKCLMLPJW-UHFFFAOYSA-N,XEKOWRVHYACXOJ-UHFFFAOYSA-N,PWGJDPKCLMLPJW-UHFFFAOYSA-N,328.15,1952
PWGJDPKCLMLPJW-UHFFFAOYSA-N,XEKOWRVHYACXOJ-UHFFFAOYSA-N,PWGJDPKCLMLPJW-UHFFFAOYSA-N,338.15,1953
PWGJDPKCLMLPJW-UHFFFAOYSA-N,XEKOWRVHYACXOJ-UHFFFAOYSA-N,PWGJDPKCLMLPJW-UHFFFAOYSA-N,343.15,1954
PWGJDPKCLMLPJW-UHFFFAOYSA-N,XEKOWRVHYACXOJ-UHFFFAOYSA-N,PWGJDPKCLMLPJW-UHFFFAOYSA-N,348.15,1955
PWGJDPKCLMLPJW-UHFFFAOYSA-N,YMWUJEATGCHHMB-UHFFFAOYSA-N,PWGJDPKCLMLPJW-UHFFFAOYSA-N,328.15,1956
PWGJDPKCLMLPJW-UHFFFAOYSA-N,YMWUJEATGCHHMB-UHFFFAOYSA-N,PWGJDPKCLMLPJW-UHFFFAOYSA-N,338.15,1957
PWGJDPKCLMLPJW-UHFFFAOYSA-N,YMWUJEATGCHHMB-UHFFFAOYSA-N,PWGJDPKCLMLPJW-UHFFFAOYSA-N,343.15,1958
PWGJDPKCLMLPJW-UHFFFAOYSA-N,YMWUJEATGCHHMB-UHFFFAOYSA-N,PWGJDPKCLMLPJW-UHFFFAOYSA-N,348.15,1959
PWGJDPKCLMLPJW-UHFFFAOYSA-N,YNQLUTRBYVCPMQ-UHFFFAOYSA-N,PWGJDPKCLMLPJW-UHFFFAOYSA-N,328.15,1960
PWGJDPKCLMLPJW-UHFFFAOYSA-N,YNQLUTRBYVCPMQ-UHFFFAOYSA-N,PWGJDPKCLMLPJW-UHFFFAOYSA-N,338.15,1961
PWGJDPKCLMLPJW-UHFFFAOYSA-N,YNQLUTRBYVCPMQ-UHFFFAOYSA-N,PWGJDPKCLMLPJW-UHFFFAOYSA-N,343.15,1962
PWGJDPKCLMLPJW-UHFFFAOYSA-N,YNQLUTRBYVCPMQ-UHFFFAOYSA-N,PWGJDPKCLMLPJW-UHFFFAOYSA-N,348.15,1963
PWGJDPKCLMLPJW-UHFFFAOYSA-N,YWAKXRMUMFPDSH-UHFFFAOYSA-N,PWGJDPKCLMLPJW-UHFFFAOYSA-N,328.15,1964
PWGJDPKCLMLPJW-UHFFFAOYSA-N,YWAKXRMUMFPDSH-UHFFFAOYSA-N,PWGJDPKCLMLPJW-UHFFFAOYSA-N,338.15,1965
PWGJDPKCLMLPJW-UHFFFAOYSA-N,YWAKXRMUMFPDSH-UHFFFAOYSA-N,PWGJDPKCLMLPJW-UHFFFAOYSA-N,343.15,1966
PWGJDPKCLMLPJW-UHFFFAOYSA-N,YWAKXRMUMFPDSH-UHFFFAOYSA-N,PWGJDPKCLMLPJW-UHFFFAOYSA-N,348.15,1967
PWGJDPKCLMLPJW-UHFFFAOYSA-N,YXFVVABEGXRONW-UHFFFAOYSA-N,PWGJDPKCLMLPJW-UHFFFAOYSA-N,328.15,1968
PWGJDPKCLMLPJW-UHFFFAOYSA-N,YXFVVABEGXRONW-UHFFFAOYSA-N,PWGJDPKCLMLPJW-UHFFFAOYSA-N,338.15,1969
PWGJDPKCLMLPJW-UHFFFAOYSA-N,YXFVVABEGXRONW-UHFFFAOYSA-N,PWGJDPKCLMLPJW-UHFFFAOYSA-N,343.15,1970
PWGJDPKCLMLPJW-UHFFFAOYSA-N,YXFVVABEGXRONW-UHFFFAOYSA-N,PWGJDPKCLMLPJW-UHFFFAOYSA-N,348.15,1971
PWGJDPKCLMLPJW-UHFFFAOYSA-N,ZGEGCLOFRBLKSE-UHFFFAOYSA-N,PWGJDPKCLMLPJW-UHFFFAOYSA-N,328.15,1972
PWGJDPKCLMLPJW-UHFFFAOYSA-N,ZGEGCLOFRBLKSE-UHFFFAOYSA-N,PWGJDPKCLMLPJW-UHFFFAOYSA-N,338.15,1973
PWGJDPKCLMLPJW-UHFFFAOYSA-N,ZGEGCLOFRBLKSE-UHFFFAOYSA-N,PWGJDPKCLMLPJW-UHFFFAOYSA-N,343.15,1974
PWGJDPKCLMLPJW-UHFFFAOYSA-N,ZGEGCLOFRBLKSE-UHFFFAOYSA-N,PWGJDPKCLMLPJW-UHFFFAOYSA-N,348.15,1975
HRYZWHHZPQKTII-UHFFFAOYSA-N,HRYZWHHZPQKTII-UHFFFAOYSA-N,AMQJEAYHLZJPGS-UHFFFAOYSA-N,270.06,1976
HRYZWHHZPQKTII-UHFFFAOYSA-N,HRYZWHHZPQKTII-UHFFFAOYSA-N,AMQJEAYHLZJPGS-UHFFFAOYSA-N,290.0,1977
HRYZWHHZPQKTII-UHFFFAOYSA-N,HRYZWHHZPQKTII-UHFFFAOYSA-N,AMQJEAYHLZJPGS-UHFFFAOYSA-N,309.99,1978
HRYZWHHZPQKTII-UHFFFAOYSA-N,HRYZWHHZPQKTII-UHFFFAOYSA-N,AMQJEAYHLZJPGS-UHFFFAOYSA-N,330.0,1979
HRYZWHHZPQKTII-UHFFFAOYSA-N,HRYZWHHZPQKTII-UHFFFAOYSA-N,AQIXEPGDORPWBJ-UHFFFAOYSA-N,259.98,1980
HRYZWHHZPQKTII-UHFFFAOYSA-N,HRYZWHHZPQKTII-UHFFFAOYSA-N,AQIXEPGDORPWBJ-UHFFFAOYSA-N,270.03,1981
HRYZWHHZPQKTII-UHFFFAOYSA-N,HRYZWHHZPQKTII-UHFFFAOYSA-N,AQIXEPGDORPWBJ-UHFFFAOYSA-N,290.0,1982
HRYZWHHZPQKTII-UHFFFAOYSA-N,HRYZWHHZPQKTII-UHFFFAOYSA-N,AQIXEPGDORPWBJ-UHFFFAOYSA-N,309.99,1983
HRYZWHHZPQKTII-UHFFFAOYSA-N,HRYZWHHZPQKTII-UHFFFAOYSA-N,AQIXEPGDORPWBJ-UHFFFAOYSA-N,330.0,1984
HRYZWHHZPQKTII-UHFFFAOYSA-N,HRYZWHHZPQKTII-UHFFFAOYSA-N,BDERNNFJNOPAEC-UHFFFAOYSA-N,270.0,1985
HRYZWHHZPQKTII-UHFFFAOYSA-N,HRYZWHHZPQKTII-UHFFFAOYSA-N,BDERNNFJNOPAEC-UHFFFAOYSA-N,289.99,1986
HRYZWHHZPQKTII-UHFFFAOYSA-N,HRYZWHHZPQKTII-UHFFFAOYSA-N,BDERNNFJNOPAEC-UHFFFAOYSA-N,309.99,1987
HRYZWHHZPQKTII-UHFFFAOYSA-N,HRYZWHHZPQKTII-UHFFFAOYSA-N,BDERNNFJNOPAEC-UHFFFAOYSA-N,330.0,1988
HRYZWHHZPQKTII-UHFFFAOYSA-N,HRYZWHHZPQKTII-UHFFFAOYSA-N,CPJRRXSHAYUTGL-UHFFFAOYSA-N,269.95,1989
HRYZWHHZPQKTII-UHFFFAOYSA-N,HRYZWHHZPQKTII-UHFFFAOYSA-N,CPJRRXSHAYUTGL-UHFFFAOYSA-N,289.9,1990
HRYZWHHZPQKTII-UHFFFAOYSA-N,HRYZWHHZPQKTII-UHFFFAOYSA-N,CPJRRXSHAYUTGL-UHFFFAOYSA-N,309.99,1991
HRYZWHHZPQKTII-UHFFFAOYSA-N,HRYZWHHZPQKTII-UHFFFAOYSA-N,CPJRRXSHAYUTGL-UHFFFAOYSA-N,330.0,1992
HRYZWHHZPQKTII-UHFFFAOYSA-N,HRYZWHHZPQKTII-UHFFFAOYSA-N,CTQNGGLPUBDAKN-UHFFFAOYSA-N,250.05,1993
HRYZWHHZPQKTII-UHFFFAOYSA-N,HRYZWHHZPQKTII-UHFFFAOYSA-N,CTQNGGLPUBDAKN-UHFFFAOYSA-N,269.91,1994
HRYZWHHZPQKTII-UHFFFAOYSA-N,HRYZWHHZPQKTII-UHFFFAOYSA-N,CTQNGGLPUBDAKN-UHFFFAOYSA-N,289.97,1995
HRYZWHHZPQKTII-UHFFFAOYSA-N,HRYZWHHZPQKTII-UHFFFAOYSA-N,CTQNGGLPUBDAKN-UHFFFAOYSA-N,309.98,1996
HRYZWHHZPQKTII-UHFFFAOYSA-N,HRYZWHHZPQKTII-UHFFFAOYSA-N,CTQNGGLPUBDAKN-UHFFFAOYSA-N,329.99,1997
HRYZWHHZPQKTII-UHFFFAOYSA-N,HRYZWHHZPQKTII-UHFFFAOYSA-N,DHXVGJBLRPWPCS-UHFFFAOYSA-N,250.0,1998
HRYZWHHZPQKTII-UHFFFAOYSA-N,HRYZWHHZPQKTII-UHFFFAOYSA-N,DHXVGJBLRPWPCS-UHFFFAOYSA-N,270.07,1999
HRYZWHHZPQKTII-UHFFFAOYSA-N,HRYZWHHZPQKTII-UHFFFAOYSA-N,DHXVGJBLRPWPCS-UHFFFAOYSA-N,289.98,2000
HRYZWHHZPQKTII-UHFFFAOYSA-N,HRYZWHHZPQKTII-UHFFFAOYSA-N,DHXVGJBLRPWPCS-UHFFFAOYSA-N,309.98,2001
HRYZWHHZPQKTII-UHFFFAOYSA-N,HRYZWHHZPQKTII-UHFFFAOYSA-N,DHXVGJBLRPWPCS-UHFFFAOYSA-N,330.0,2002
HRYZWHHZPQKTII-UHFFFAOYSA-N,HRYZWHHZPQKTII-UHFFFAOYSA-N,DKGAVHZHDRPRBM-UHFFFAOYSA-N,300.0,2003
HRYZWHHZPQKTII-UHFFFAOYSA-N,HRYZWHHZPQKTII-UHFFFAOYSA-N,DKGAVHZHDRPRBM-UHFFFAOYSA-N,310.0,2004
HRYZWHHZPQKTII-UHFFFAOYSA-N,HRYZWHHZPQKTII-UHFFFAOYSA-N,DKGAVHZHDRPRBM-UHFFFAOYSA-N,320.0,2005
HRYZWHHZPQKTII-UHFFFAOYSA-N,HRYZWHHZPQKTII-UHFFFAOYSA-N,DKGAVHZHDRPRBM-UHFFFAOYSA-N,330.0,2006
HRYZWHHZPQKTII-UHFFFAOYSA-N,HRYZWHHZPQKTII-UHFFFAOYSA-N,HNVRRHSXBLFLIG-UHFFFAOYSA-N,250.01,2007
HRYZWHHZPQKTII-UHFFFAOYSA-N,HRYZWHHZPQKTII-UHFFFAOYSA-N,HNVRRHSXBLFLIG-UHFFFAOYSA-N,269.96,2008
HRYZWHHZPQKTII-UHFFFAOYSA-N,HRYZWHHZPQKTII-UHFFFAOYSA-N,HNVRRHSXBLFLIG-UHFFFAOYSA-N,289.99,2009
HRYZWHHZPQKTII-UHFFFAOYSA-N,HRYZWHHZPQKTII-UHFFFAOYSA-N,HNVRRHSXBLFLIG-UHFFFAOYSA-N,309.99,2010
HRYZWHHZPQKTII-UHFFFAOYSA-N,HRYZWHHZPQKTII-UHFFFAOYSA-N,HNVRRHSXBLFLIG-UHFFFAOYSA-N,330.0,2011
HRYZWHHZPQKTII-UHFFFAOYSA-N,HRYZWHHZPQKTII-UHFFFAOYSA-N,IVSZLXZYQVIEFR-UHFFFAOYSA-N,270.05,2012
HRYZWHHZPQKTII-UHFFFAOYSA-N,HRYZWHHZPQKTII-UHFFFAOYSA-N,IVSZLXZYQVIEFR-UHFFFAOYSA-N,289.98,2013
HRYZWHHZPQKTII-UHFFFAOYSA-N,HRYZWHHZPQKTII-UHFFFAOYSA-N,IVSZLXZYQVIEFR-UHFFFAOYSA-N,309.89,2014
HRYZWHHZPQKTII-UHFFFAOYSA-N,HRYZWHHZPQKTII-UHFFFAOYSA-N,IVSZLXZYQVIEFR-UHFFFAOYSA-N,329.99,2015
HRYZWHHZPQKTII-UHFFFAOYSA-N,HRYZWHHZPQKTII-UHFFFAOYSA-N,IWDCLRJOBJJRNH-UHFFFAOYSA-N,309.98,2016
HRYZWHHZPQKTII-UHFFFAOYSA-N,HRYZWHHZPQKTII-UHFFFAOYSA-N,IWDCLRJOBJJRNH-UHFFFAOYSA-N,319.98,2017
HRYZWHHZPQKTII-UHFFFAOYSA-N,HRYZWHHZPQKTII-UHFFFAOYSA-N,IWDCLRJOBJJRNH-UHFFFAOYSA-N,329.99,2018
HRYZWHHZPQKTII-UHFFFAOYSA-N,HRYZWHHZPQKTII-UHFFFAOYSA-N,IWDCLRJOBJJRNH-UHFFFAOYSA-N,340.01,2019
HRYZWHHZPQKTII-UHFFFAOYSA-N,HRYZWHHZPQKTII-UHFFFAOYSA-N,JYVLIDXNZAXMDK-YFKPBYRVSA-N,270.05,2020
HRYZWHHZPQKTII-UHFFFAOYSA-N,HRYZWHHZPQKTII-UHFFFAOYSA-N,JYVLIDXNZAXMDK-YFKPBYRVSA-N,290.0,2021
HRYZWHHZPQKTII-UHFFFAOYSA-N,HRYZWHHZPQKTII-UHFFFAOYSA-N,JYVLIDXNZAXMDK-YFKPBYRVSA-N,309.99,2022
HRYZWHHZPQKTII-UHFFFAOYSA-N,HRYZWHHZPQKTII-UHFFFAOYSA-N,JYVLIDXNZAXMDK-YFKPBYRVSA-N,330.01,2023
HRYZWHHZPQKTII-UHFFFAOYSA-N,HRYZWHHZPQKTII-UHFFFAOYSA-N,KFZMGEQAYNKOFK-UHFFFAOYSA-N,269.94,2024
HRYZWHHZPQKTII-UHFFFAOYSA-N,HRYZWHHZPQKTII-UHFFFAOYSA-N,KFZMGEQAYNKOFK-UHFFFAOYSA-N,289.99,2025
HRYZWHHZPQKTII-UHFFFAOYSA-N,HRYZWHHZPQKTII-UHFFFAOYSA-N,KFZMGEQAYNKOFK-UHFFFAOYSA-N,309.99,2026
HRYZWHHZPQKTII-UHFFFAOYSA-N,HRYZWHHZPQKTII-UHFFFAOYSA-N,KFZMGEQAYNKOFK-UHFFFAOYSA-N,330.01,2027
HRYZWHHZPQKTII-UHFFFAOYSA-N,HRYZWHHZPQKTII-UHFFFAOYSA-N,LRHPLDYGYMQRHN-UHFFFAOYSA-N,270.01,2028
HRYZWHHZPQKTII-UHFFFAOYSA-N,HRYZWHHZPQKTII-UHFFFAOYSA-N,LRHPLDYGYMQRHN-UHFFFAOYSA-N,289.99,2029
HRYZWHHZPQKTII-UHFFFAOYSA-N,HRYZWHHZPQKTII-UHFFFAOYSA-N,LRHPLDYGYMQRHN-UHFFFAOYSA-N,309.99,2030
HRYZWHHZPQKTII-UHFFFAOYSA-N,HRYZWHHZPQKTII-UHFFFAOYSA-N,LRHPLDYGYMQRHN-UHFFFAOYSA-N,329.93,2031
HRYZWHHZPQKTII-UHFFFAOYSA-N,HRYZWHHZPQKTII-UHFFFAOYSA-N,OKKJLVBELUTLKV-UHFFFAOYSA-N,250.06,2032
HRYZWHHZPQKTII-UHFFFAOYSA-N,HRYZWHHZPQKTII-UHFFFAOYSA-N,OKKJLVBELUTLKV-UHFFFAOYSA-N,269.96,2033
HRYZWHHZPQKTII-UHFFFAOYSA-N,HRYZWHHZPQKTII-UHFFFAOYSA-N,OKKJLVBELUTLKV-UHFFFAOYSA-N,289.99,2034
HRYZWHHZPQKTII-UHFFFAOYSA-N,HRYZWHHZPQKTII-UHFFFAOYSA-N,OKKJLVBELUTLKV-UHFFFAOYSA-N,309.99,2035
HRYZWHHZPQKTII-UHFFFAOYSA-N,HRYZWHHZPQKTII-UHFFFAOYSA-N,OKKJLVBELUTLKV-UHFFFAOYSA-N,330.0,2036
HRYZWHHZPQKTII-UHFFFAOYSA-N,HRYZWHHZPQKTII-UHFFFAOYSA-N,PHTQWCKDNZKARW-UHFFFAOYSA-N,270.01,2037
HRYZWHHZPQKTII-UHFFFAOYSA-N,HRYZWHHZPQKTII-UHFFFAOYSA-N,PHTQWCKDNZKARW-UHFFFAOYSA-N,290.0,2038
HRYZWHHZPQKTII-UHFFFAOYSA-N,HRYZWHHZPQKTII-UHFFFAOYSA-N,PHTQWCKDNZKARW-UHFFFAOYSA-N,309.99,2039
HRYZWHHZPQKTII-UHFFFAOYSA-N,HRYZWHHZPQKTII-UHFFFAOYSA-N,PHTQWCKDNZKARW-UHFFFAOYSA-N,330.0,2040
HRYZWHHZPQKTII-UHFFFAOYSA-N,HRYZWHHZPQKTII-UHFFFAOYSA-N,PPBRXRYQALVLMV-UHFFFAOYSA-N,250.04,2041
HRYZWHHZPQKTII-UHFFFAOYSA-N,HRYZWHHZPQKTII-UHFFFAOYSA-N,PPBRXRYQALVLMV-UHFFFAOYSA-N,270.2,2042
HRYZWHHZPQKTII-UHFFFAOYSA-N,HRYZWHHZPQKTII-UHFFFAOYSA-N,PPBRXRYQALVLMV-UHFFFAOYSA-N,289.98,2043
HRYZWHHZPQKTII-UHFFFAOYSA-N,HRYZWHHZPQKTII-UHFFFAOYSA-N,PPBRXRYQALVLMV-UHFFFAOYSA-N,309.84,2044
HRYZWHHZPQKTII-UHFFFAOYSA-N,HRYZWHHZPQKTII-UHFFFAOYSA-N,PPBRXRYQALVLMV-UHFFFAOYSA-N,329.99,2045
HRYZWHHZPQKTII-UHFFFAOYSA-N,HRYZWHHZPQKTII-UHFFFAOYSA-N,QPRQEDXDYOZYLA-YFKPBYRVSA-N,270.01,2046
HRYZWHHZPQKTII-UHFFFAOYSA-N,HRYZWHHZPQKTII-UHFFFAOYSA-N,QPRQEDXDYOZYLA-YFKPBYRVSA-N,289.99,2047
HRYZWHHZPQKTII-UHFFFAOYSA-N,HRYZWHHZPQKTII-UHFFFAOYSA-N,QPRQEDXDYOZYLA-YFKPBYRVSA-N,309.99,2048
HRYZWHHZPQKTII-UHFFFAOYSA-N,HRYZWHHZPQKTII-UHFFFAOYSA-N,QPRQEDXDYOZYLA-YFKPBYRVSA-N,330.0,2049
HRYZWHHZPQKTII-UHFFFAOYSA-N,HRYZWHHZPQKTII-UHFFFAOYSA-N,QWVGKYWNOKOFNN-UHFFFAOYSA-N,299.99,2050
HRYZWHHZPQKTII-UHFFFAOYSA-N,HRYZWHHZPQKTII-UHFFFAOYSA-N,QWVGKYWNOKOFNN-UHFFFAOYSA-N,309.98,2051
HRYZWHHZPQKTII-UHFFFAOYSA-N,HRYZWHHZPQKTII-UHFFFAOYSA-N,QWVGKYWNOKOFNN-UHFFFAOYSA-N,319.98,2052
HRYZWHHZPQKTII-UHFFFAOYSA-N,HRYZWHHZPQKTII-UHFFFAOYSA-N,QWVGKYWNOKOFNN-UHFFFAOYSA-N,329.99,2053
HRYZWHHZPQKTII-UHFFFAOYSA-N,HRYZWHHZPQKTII-UHFFFAOYSA-N,RLSSMJSEOOYNOY-UHFFFAOYSA-N,289.97,2054
HRYZWHHZPQKTII-UHFFFAOYSA-N,HRYZWHHZPQKTII-UHFFFAOYSA-N,RLSSMJSEOOYNOY-UHFFFAOYSA-N,299.98,2055
HRYZWHHZPQKTII-UHFFFAOYSA-N,HRYZWHHZPQKTII-UHFFFAOYSA-N,RLSSMJSEOOYNOY-UHFFFAOYSA-N,309.98,2056
HRYZWHHZPQKTII-UHFFFAOYSA-N,HRYZWHHZPQKTII-UHFFFAOYSA-N,RLSSMJSEOOYNOY-UHFFFAOYSA-N,319.99,2057
HRYZWHHZPQKTII-UHFFFAOYSA-N,HRYZWHHZPQKTII-UHFFFAOYSA-N,RLSSMJSEOOYNOY-UHFFFAOYSA-N,329.99,2058
HRYZWHHZPQKTII-UHFFFAOYSA-N,HRYZWHHZPQKTII-UHFFFAOYSA-N,UHOVQNZJYSORNB-UHFFFAOYSA-N,279.95,2059
HRYZWHHZPQKTII-UHFFFAOYSA-N,HRYZWHHZPQKTII-UHFFFAOYSA-N,UHOVQNZJYSORNB-UHFFFAOYSA-N,289.97,2060
HRYZWHHZPQKTII-UHFFFAOYSA-N,HRYZWHHZPQKTII-UHFFFAOYSA-N,UHOVQNZJYSORNB-UHFFFAOYSA-N,309.98,2061
HRYZWHHZPQKTII-UHFFFAOYSA-N,HRYZWHHZPQKTII-UHFFFAOYSA-N,UHOVQNZJYSORNB-UHFFFAOYSA-N,329.99,2062
HRYZWHHZPQKTII-UHFFFAOYSA-N,HRYZWHHZPQKTII-UHFFFAOYSA-N,URLKBWYHVLBVBO-UHFFFAOYSA-N,289.97,2063
HRYZWHHZPQKTII-UHFFFAOYSA-N,HRYZWHHZPQKTII-UHFFFAOYSA-N,URLKBWYHVLBVBO-UHFFFAOYSA-N,299.98,2064
HRYZWHHZPQKTII-UHFFFAOYSA-N,HRYZWHHZPQKTII-UHFFFAOYSA-N,URLKBWYHVLBVBO-UHFFFAOYSA-N,309.98,2065
HRYZWHHZPQKTII-UHFFFAOYSA-N,HRYZWHHZPQKTII-UHFFFAOYSA-N,URLKBWYHVLBVBO-UHFFFAOYSA-N,319.99,2066
HRYZWHHZPQKTII-UHFFFAOYSA-N,HRYZWHHZPQKTII-UHFFFAOYSA-N,URLKBWYHVLBVBO-UHFFFAOYSA-N,329.99,2067
HRYZWHHZPQKTII-UHFFFAOYSA-N,HRYZWHHZPQKTII-UHFFFAOYSA-N,XXROGKLTLUQVRX-UHFFFAOYSA-N,270.06,2068
HRYZWHHZPQKTII-UHFFFAOYSA-N,HRYZWHHZPQKTII-UHFFFAOYSA-N,XXROGKLTLUQVRX-UHFFFAOYSA-N,289.99,2069
HRYZWHHZPQKTII-UHFFFAOYSA-N,HRYZWHHZPQKTII-UHFFFAOYSA-N,XXROGKLTLUQVRX-UHFFFAOYSA-N,309.98,2070
HRYZWHHZPQKTII-UHFFFAOYSA-N,HRYZWHHZPQKTII-UHFFFAOYSA-N,XXROGKLTLUQVRX-UHFFFAOYSA-N,329.99,2071
HRYZWHHZPQKTII-UHFFFAOYSA-N,HRYZWHHZPQKTII-UHFFFAOYSA-N,YXFVVABEGXRONW-UHFFFAOYSA-N,250.04,2072
HRYZWHHZPQKTII-UHFFFAOYSA-N,HRYZWHHZPQKTII-UHFFFAOYSA-N,YXFVVABEGXRONW-UHFFFAOYSA-N,270.2,2073
HRYZWHHZPQKTII-UHFFFAOYSA-N,HRYZWHHZPQKTII-UHFFFAOYSA-N,YXFVVABEGXRONW-UHFFFAOYSA-N,289.98,2074
HRYZWHHZPQKTII-UHFFFAOYSA-N,HRYZWHHZPQKTII-UHFFFAOYSA-N,YXFVVABEGXRONW-UHFFFAOYSA-N,309.84,2075
HRYZWHHZPQKTII-UHFFFAOYSA-N,HRYZWHHZPQKTII-UHFFFAOYSA-N,YXFVVABEGXRONW-UHFFFAOYSA-N,329.99,2076
HRYZWHHZPQKTII-UHFFFAOYSA-N,HRYZWHHZPQKTII-UHFFFAOYSA-N,ZXEKIIBDNHEJCQ-UHFFFAOYSA-N,269.96,2077
HRYZWHHZPQKTII-UHFFFAOYSA-N,HRYZWHHZPQKTII-UHFFFAOYSA-N,ZXEKIIBDNHEJCQ-UHFFFAOYSA-N,289.99,2078
HRYZWHHZPQKTII-UHFFFAOYSA-N,HRYZWHHZPQKTII-UHFFFAOYSA-N,ZXEKIIBDNHEJCQ-UHFFFAOYSA-N,309.99,2079
HRYZWHHZPQKTII-UHFFFAOYSA-N,HRYZWHHZPQKTII-UHFFFAOYSA-N,ZXEKIIBDNHEJCQ-UHFFFAOYSA-N,329.94,2080
XEKOWRVHYACXOJ-UHFFFAOYSA-N,XEKOWRVHYACXOJ-UHFFFAOYSA-N,BTFJIXJJCSYFAL-UHFFFAOYSA-N,338.15,2081
XEKOWRVHYACXOJ-UHFFFAOYSA-N,XEKOWRVHYACXOJ-UHFFFAOYSA-N,BTFJIXJJCSYFAL-UHFFFAOYSA-N,343.15,2082
XEKOWRVHYACXOJ-UHFFFAOYSA-N,XEKOWRVHYACXOJ-UHFFFAOYSA-N,BTFJIXJJCSYFAL-UHFFFAOYSA-N,348.15,2083
XEKOWRVHYACXOJ-UHFFFAOYSA-N,XEKOWRVHYACXOJ-UHFFFAOYSA-N,BTFJIXJJCSYFAL-UHFFFAOYSA-N,353.15,2084
XEKOWRVHYACXOJ-UHFFFAOYSA-N,XEKOWRVHYACXOJ-UHFFFAOYSA-N,DTOSIQBPPRVQHS-PDBXOOCHSA-N,303.13,2085
XEKOWRVHYACXOJ-UHFFFAOYSA-N,XEKOWRVHYACXOJ-UHFFFAOYSA-N,DTOSIQBPPRVQHS-PDBXOOCHSA-N,313.24,2086
XEKOWRVHYACXOJ-UHFFFAOYSA-N,XEKOWRVHYACXOJ-UHFFFAOYSA-N,DTOSIQBPPRVQHS-PDBXOOCHSA-N,323.24,2087
XEKOWRVHYACXOJ-UHFFFAOYSA-N,XEKOWRVHYACXOJ-UHFFFAOYSA-N,GHVNFZFCNZKVNT-UHFFFAOYSA-N,314.1,2088
XEKOWRVHYACXOJ-UHFFFAOYSA-N,XEKOWRVHYACXOJ-UHFFFAOYSA-N,GHVNFZFCNZKVNT-UHFFFAOYSA-N,333.26,2089
XEKOWRVHYACXOJ-UHFFFAOYSA-N,XEKOWRVHYACXOJ-UHFFFAOYSA-N,GHVNFZFCNZKVNT-UHFFFAOYSA-N,333.38,2090
XEKOWRVHYACXOJ-UHFFFAOYSA-N,XEKOWRVHYACXOJ-UHFFFAOYSA-N,GHVNFZFCNZKVNT-UHFFFAOYSA-N,353.25,2091
XEKOWRVHYACXOJ-UHFFFAOYSA-N,XEKOWRVHYACXOJ-UHFFFAOYSA-N,GLDOVTGHNKAZLK-UHFFFAOYSA-N,333.15,2092
XEKOWRVHYACXOJ-UHFFFAOYSA-N,XEKOWRVHYACXOJ-UHFFFAOYSA-N,GLDOVTGHNKAZLK-UHFFFAOYSA-N,338.15,2093
XEKOWRVHYACXOJ-UHFFFAOYSA-N,XEKOWRVHYACXOJ-UHFFFAOYSA-N,GLDOVTGHNKAZLK-UHFFFAOYSA-N,343.15,2094
XEKOWRVHYACXOJ-UHFFFAOYSA-N,XEKOWRVHYACXOJ-UHFFFAOYSA-N,GLDOVTGHNKAZLK-UHFFFAOYSA-N,348.15,2095
XEKOWRVHYACXOJ-UHFFFAOYSA-N,XEKOWRVHYACXOJ-UHFFFAOYSA-N,GLDOVTGHNKAZLK-UHFFFAOYSA-N,353.15,2096
XEKOWRVHYACXOJ-UHFFFAOYSA-N,XEKOWRVHYACXOJ-UHFFFAOYSA-N,IPCSVZSSVZVIGE-UHFFFAOYSA-N,340.19,2097
XEKOWRVHYACXOJ-UHFFFAOYSA-N,XEKOWRVHYACXOJ-UHFFFAOYSA-N,IPCSVZSSVZVIGE-UHFFFAOYSA-N,347.93,2098
XEKOWRVHYACXOJ-UHFFFAOYSA-N,XEKOWRVHYACXOJ-UHFFFAOYSA-N,IPCSVZSSVZVIGE-UHFFFAOYSA-N,358.22,2099
XEKOWRVHYACXOJ-UHFFFAOYSA-N,XEKOWRVHYACXOJ-UHFFFAOYSA-N,OYHQOLUKZRVURQ-HZJYTTRNSA-N,338.28,2100
XEKOWRVHYACXOJ-UHFFFAOYSA-N,XEKOWRVHYACXOJ-UHFFFAOYSA-N,OYHQOLUKZRVURQ-HZJYTTRNSA-N,348.28,2101
XEKOWRVHYACXOJ-UHFFFAOYSA-N,XEKOWRVHYACXOJ-UHFFFAOYSA-N,OYHQOLUKZRVURQ-HZJYTTRNSA-N,358.33,2102
XEKOWRVHYACXOJ-UHFFFAOYSA-N,XEKOWRVHYACXOJ-UHFFFAOYSA-N,POULHZVOKOAJMA-UHFFFAOYSA-N,314.1,2103
XEKOWRVHYACXOJ-UHFFFAOYSA-N,XEKOWRVHYACXOJ-UHFFFAOYSA-N,POULHZVOKOAJMA-UHFFFAOYSA-N,314.24,2104
XEKOWRVHYACXOJ-UHFFFAOYSA-N,XEKOWRVHYACXOJ-UHFFFAOYSA-N,POULHZVOKOAJMA-UHFFFAOYSA-N,333.38,2105
XEKOWRVHYACXOJ-UHFFFAOYSA-N,XEKOWRVHYACXOJ-UHFFFAOYSA-N,POULHZVOKOAJMA-UHFFFAOYSA-N,353.25,2106
XEKOWRVHYACXOJ-UHFFFAOYSA-N,XEKOWRVHYACXOJ-UHFFFAOYSA-N,POULHZVOKOAJMA-UHFFFAOYSA-N,353.3,2107
XEKOWRVHYACXOJ-UHFFFAOYSA-N,XEKOWRVHYACXOJ-UHFFFAOYSA-N,PWGJDPKCLMLPJW-UHFFFAOYSA-N,328.15,2108
XEKOWRVHYACXOJ-UHFFFAOYSA-N,XEKOWRVHYACXOJ-UHFFFAOYSA-N,PWGJDPKCLMLPJW-UHFFFAOYSA-N,338.15,2109
XEKOWRVHYACXOJ-UHFFFAOYSA-N,XEKOWRVHYACXOJ-UHFFFAOYSA-N,PWGJDPKCLMLPJW-UHFFFAOYSA-N,343.15,2110
XEKOWRVHYACXOJ-UHFFFAOYSA-N,XEKOWRVHYACXOJ-UHFFFAOYSA-N,PWGJDPKCLMLPJW-UHFFFAOYSA-N,348.15,2111
XEKOWRVHYACXOJ-UHFFFAOYSA-N,XEKOWRVHYACXOJ-UHFFFAOYSA-N,QIQXTHQIDYTFRH-UHFFFAOYSA-N,349.48,2112
XEKOWRVHYACXOJ-UHFFFAOYSA-N,XEKOWRVHYACXOJ-UHFFFAOYSA-N,QIQXTHQIDYTFRH-UHFFFAOYSA-N,358.39,2113
XEKOWRVHYACXOJ-UHFFFAOYSA-N,XEKOWRVHYACXOJ-UHFFFAOYSA-N,QIQXTHQIDYTFRH-UHFFFAOYSA-N,367.93,2114
XEKOWRVHYACXOJ-UHFFFAOYSA-N,XEKOWRVHYACXOJ-UHFFFAOYSA-N,QIQXTHQIDYTFRH-UHFFFAOYSA-N,368.19,2115
XEKOWRVHYACXOJ-UHFFFAOYSA-N,XEKOWRVHYACXOJ-UHFFFAOYSA-N,TUNFSRHWOTWDNC-UHFFFAOYSA-N,314.1,2116
XEKOWRVHYACXOJ-UHFFFAOYSA-N,XEKOWRVHYACXOJ-UHFFFAOYSA-N,TUNFSRHWOTWDNC-UHFFFAOYSA-N,314.24,2117
XEKOWRVHYACXOJ-UHFFFAOYSA-N,XEKOWRVHYACXOJ-UHFFFAOYSA-N,TUNFSRHWOTWDNC-UHFFFAOYSA-N,333.26,2118
XEKOWRVHYACXOJ-UHFFFAOYSA-N,XEKOWRVHYACXOJ-UHFFFAOYSA-N,TUNFSRHWOTWDNC-UHFFFAOYSA-N,333.38,2119
XEKOWRVHYACXOJ-UHFFFAOYSA-N,XEKOWRVHYACXOJ-UHFFFAOYSA-N,TUNFSRHWOTWDNC-UHFFFAOYSA-N,353.25,2120
XEKOWRVHYACXOJ-UHFFFAOYSA-N,XEKOWRVHYACXOJ-UHFFFAOYSA-N,TUNFSRHWOTWDNC-UHFFFAOYSA-N,353.3,2121
XEKOWRVHYACXOJ-UHFFFAOYSA-N,XEKOWRVHYACXOJ-UHFFFAOYSA-N,XLYOFNOQVPJJNP-UHFFFAOYSA-N,273.35,2122
XEKOWRVHYACXOJ-UHFFFAOYSA-N,XEKOWRVHYACXOJ-UHFFFAOYSA-N,XLYOFNOQVPJJNP-UHFFFAOYSA-N,283.15,2123
XEKOWRVHYACXOJ-UHFFFAOYSA-N,XEKOWRVHYACXOJ-UHFFFAOYSA-N,XLYOFNOQVPJJNP-UHFFFAOYSA-N,293.15,2124
XEKOWRVHYACXOJ-UHFFFAOYSA-N,XEKOWRVHYACXOJ-UHFFFAOYSA-N,XLYOFNOQVPJJNP-UHFFFAOYSA-N,293.15,2125
XEKOWRVHYACXOJ-UHFFFAOYSA-N,XEKOWRVHYACXOJ-UHFFFAOYSA-N,XLYOFNOQVPJJNP-UHFFFAOYSA-N,298.15,2126
XEKOWRVHYACXOJ-UHFFFAOYSA-N,XEKOWRVHYACXOJ-UHFFFAOYSA-N,XLYOFNOQVPJJNP-UHFFFAOYSA-N,303.15,2127
XEKOWRVHYACXOJ-UHFFFAOYSA-N,XEKOWRVHYACXOJ-UHFFFAOYSA-N,XLYOFNOQVPJJNP-UHFFFAOYSA-N,313.15,2128
CSCPPACGZOOCGX-UHFFFAOYSA-N,CSCPPACGZOOCGX-UHFFFAOYSA-N,BTFJIXJJCSYFAL-UHFFFAOYSA-N,338.15,2129
CSCPPACGZOOCGX-UHFFFAOYSA-N,CSCPPACGZOOCGX-UHFFFAOYSA-N,BTFJIXJJCSYFAL-UHFFFAOYSA-N,343.15,2130
CSCPPACGZOOCGX-UHFFFAOYSA-N,CSCPPACGZOOCGX-UHFFFAOYSA-N,BTFJIXJJCSYFAL-UHFFFAOYSA-N,348.15,2131
CSCPPACGZOOCGX-UHFFFAOYSA-N,CSCPPACGZOOCGX-UHFFFAOYSA-N,BTFJIXJJCSYFAL-UHFFFAOYSA-N,353.15,2132
CSCPPACGZOOCGX-UHFFFAOYSA-N,CSCPPACGZOOCGX-UHFFFAOYSA-N,DTOSIQBPPRVQHS-PDBXOOCHSA-N,303.13,2133
CSCPPACGZOOCGX-UHFFFAOYSA-N,CSCPPACGZOOCGX-UHFFFAOYSA-N,DTOSIQBPPRVQHS-PDBXOOCHSA-N,313.24,2134
CSCPPACGZOOCGX-UHFFFAOYSA-N,CSCPPACGZOOCGX-UHFFFAOYSA-N,DTOSIQBPPRVQHS-PDBXOOCHSA-N,313.25,2135
CSCPPACGZOOCGX-UHFFFAOYSA-N,CSCPPACGZOOCGX-UHFFFAOYSA-N,DTOSIQBPPRVQHS-PDBXOOCHSA-N,323.26,2136
CSCPPACGZOOCGX-UHFFFAOYSA-N,CSCPPACGZOOCGX-UHFFFAOYSA-N,GHVNFZFCNZKVNT-UHFFFAOYSA-N,314.1,2137
CSCPPACGZOOCGX-UHFFFAOYSA-N,CSCPPACGZOOCGX-UHFFFAOYSA-N,GHVNFZFCNZKVNT-UHFFFAOYSA-N,333.26,2138
CSCPPACGZOOCGX-UHFFFAOYSA-N,CSCPPACGZOOCGX-UHFFFAOYSA-N,GHVNFZFCNZKVNT-UHFFFAOYSA-N,333.38,2139
CSCPPACGZOOCGX-UHFFFAOYSA-N,CSCPPACGZOOCGX-UHFFFAOYSA-N,GHVNFZFCNZKVNT-UHFFFAOYSA-N,353.25,2140
CSCPPACGZOOCGX-UHFFFAOYSA-N,CSCPPACGZOOCGX-UHFFFAOYSA-N,GLDOVTGHNKAZLK-UHFFFAOYSA-N,333.15,2141
CSCPPACGZOOCGX-UHFFFAOYSA-N,CSCPPACGZOOCGX-UHFFFAOYSA-N,GLDOVTGHNKAZLK-UHFFFAOYSA-N,338.15,2142
CSCPPACGZOOCGX-UHFFFAOYSA-N,CSCPPACGZOOCGX-UHFFFAOYSA-N,GLDOVTGHNKAZLK-UHFFFAOYSA-N,343.15,2143
CSCPPACGZOOCGX-UHFFFAOYSA-N,CSCPPACGZOOCGX-UHFFFAOYSA-N,GLDOVTGHNKAZLK-UHFFFAOYSA-N,348.15,2144
CSCPPACGZOOCGX-UHFFFAOYSA-N,CSCPPACGZOOCGX-UHFFFAOYSA-N,GLDOVTGHNKAZLK-UHFFFAOYSA-N,353.15,2145
CSCPPACGZOOCGX-UHFFFAOYSA-N,CSCPPACGZOOCGX-UHFFFAOYSA-N,IPCSVZSSVZVIGE-UHFFFAOYSA-N,340.19,2146
CSCPPACGZOOCGX-UHFFFAOYSA-N,CSCPPACGZOOCGX-UHFFFAOYSA-N,IPCSVZSSVZVIGE-UHFFFAOYSA-N,340.17,2147
CSCPPACGZOOCGX-UHFFFAOYSA-N,CSCPPACGZOOCGX-UHFFFAOYSA-N,IPCSVZSSVZVIGE-UHFFFAOYSA-N,348.01,2148
CSCPPACGZOOCGX-UHFFFAOYSA-N,CSCPPACGZOOCGX-UHFFFAOYSA-N,IPCSVZSSVZVIGE-UHFFFAOYSA-N,347.93,2149
CSCPPACGZOOCGX-UHFFFAOYSA-N,CSCPPACGZOOCGX-UHFFFAOYSA-N,IPCSVZSSVZVIGE-UHFFFAOYSA-N,358.23,2150
CSCPPACGZOOCGX-UHFFFAOYSA-N,CSCPPACGZOOCGX-UHFFFAOYSA-N,IPCSVZSSVZVIGE-UHFFFAOYSA-N,358.32,2151
CSCPPACGZOOCGX-UHFFFAOYSA-N,CSCPPACGZOOCGX-UHFFFAOYSA-N,JUJWROOIHBZHMG-UHFFFAOYSA-N,298.15,2152
CSCPPACGZOOCGX-UHFFFAOYSA-N,CSCPPACGZOOCGX-UHFFFAOYSA-N,OYHQOLUKZRVURQ-HZJYTTRNSA-N,338.28,2153
CSCPPACGZOOCGX-UHFFFAOYSA-N,CSCPPACGZOOCGX-UHFFFAOYSA-N,OYHQOLUKZRVURQ-HZJYTTRNSA-N,348.31,2154
CSCPPACGZOOCGX-UHFFFAOYSA-N,CSCPPACGZOOCGX-UHFFFAOYSA-N,OYHQOLUKZRVURQ-HZJYTTRNSA-N,358.33,2155
CSCPPACGZOOCGX-UHFFFAOYSA-N,CSCPPACGZOOCGX-UHFFFAOYSA-N,POULHZVOKOAJMA-UHFFFAOYSA-N,314.1,2156
CSCPPACGZOOCGX-UHFFFAOYSA-N,CSCPPACGZOOCGX-UHFFFAOYSA-N,POULHZVOKOAJMA-UHFFFAOYSA-N,314.24,2157
CSCPPACGZOOCGX-UHFFFAOYSA-N,CSCPPACGZOOCGX-UHFFFAOYSA-N,POULHZVOKOAJMA-UHFFFAOYSA-N,333.26,2158
CSCPPACGZOOCGX-UHFFFAOYSA-N,CSCPPACGZOOCGX-UHFFFAOYSA-N,POULHZVOKOAJMA-UHFFFAOYSA-N,333.38,2159
CSCPPACGZOOCGX-UHFFFAOYSA-N,CSCPPACGZOOCGX-UHFFFAOYSA-N,POULHZVOKOAJMA-UHFFFAOYSA-N,353.25,2160
CSCPPACGZOOCGX-UHFFFAOYSA-N,CSCPPACGZOOCGX-UHFFFAOYSA-N,POULHZVOKOAJMA-UHFFFAOYSA-N,353.3,2161
CSCPPACGZOOCGX-UHFFFAOYSA-N,CSCPPACGZOOCGX-UHFFFAOYSA-N,QIQXTHQIDYTFRH-UHFFFAOYSA-N,349.48,2162
CSCPPACGZOOCGX-UHFFFAOYSA-N,CSCPPACGZOOCGX-UHFFFAOYSA-N,QIQXTHQIDYTFRH-UHFFFAOYSA-N,358.39,2163
CSCPPACGZOOCGX-UHFFFAOYSA-N,CSCPPACGZOOCGX-UHFFFAOYSA-N,QIQXTHQIDYTFRH-UHFFFAOYSA-N,368.13,2164
CSCPPACGZOOCGX-UHFFFAOYSA-N,CSCPPACGZOOCGX-UHFFFAOYSA-N,TUNFSRHWOTWDNC-UHFFFAOYSA-N,314.1,2165
CSCPPACGZOOCGX-UHFFFAOYSA-N,CSCPPACGZOOCGX-UHFFFAOYSA-N,TUNFSRHWOTWDNC-UHFFFAOYSA-N,314.24,2166
CSCPPACGZOOCGX-UHFFFAOYSA-N,CSCPPACGZOOCGX-UHFFFAOYSA-N,TUNFSRHWOTWDNC-UHFFFAOYSA-N,333.26,2167
CSCPPACGZOOCGX-UHFFFAOYSA-N,CSCPPACGZOOCGX-UHFFFAOYSA-N,TUNFSRHWOTWDNC-UHFFFAOYSA-N,333.38,2168
CSCPPACGZOOCGX-UHFFFAOYSA-N,CSCPPACGZOOCGX-UHFFFAOYSA-N,TUNFSRHWOTWDNC-UHFFFAOYSA-N,353.25,2169
CSCPPACGZOOCGX-UHFFFAOYSA-N,CSCPPACGZOOCGX-UHFFFAOYSA-N,TUNFSRHWOTWDNC-UHFFFAOYSA-N,353.3,2170
CSCPPACGZOOCGX-UHFFFAOYSA-N,CSCPPACGZOOCGX-UHFFFAOYSA-N,XLYOFNOQVPJJNP-UHFFFAOYSA-N,298.01,2171
CSCPPACGZOOCGX-UHFFFAOYSA-N,CSCPPACGZOOCGX-UHFFFAOYSA-N,XLYOFNOQVPJJNP-UHFFFAOYSA-N,298.03,2172
CSCPPACGZOOCGX-UHFFFAOYSA-N,CSCPPACGZOOCGX-UHFFFAOYSA-N,XLYOFNOQVPJJNP-UHFFFAOYSA-N,298.04,2173
CSCPPACGZOOCGX-UHFFFAOYSA-N,CSCPPACGZOOCGX-UHFFFAOYSA-N,XLYOFNOQVPJJNP-UHFFFAOYSA-N,298.03,2174
CSCPPACGZOOCGX-UHFFFAOYSA-N,CSCPPACGZOOCGX-UHFFFAOYSA-N,XLYOFNOQVPJJNP-UHFFFAOYSA-N,298.17,2175
CSCPPACGZOOCGX-UHFFFAOYSA-N,CSCPPACGZOOCGX-UHFFFAOYSA-N,XLYOFNOQVPJJNP-UHFFFAOYSA-N,298.01,2176
CSCPPACGZOOCGX-UHFFFAOYSA-N,CSCPPACGZOOCGX-UHFFFAOYSA-N,XLYOFNOQVPJJNP-UHFFFAOYSA-N,298.04,2177
CSCPPACGZOOCGX-UHFFFAOYSA-N,TVMXDCGIABBOFY-UHFFFAOYSA-N,CSCPPACGZOOCGX-UHFFFAOYSA-N,298.15,2178
CSCPPACGZOOCGX-UHFFFAOYSA-N,YXFVVABEGXRONW-UHFFFAOYSA-N,CSCPPACGZOOCGX-UHFFFAOYSA-N,298.15,2179
HEDRZPFGACZZDS-UHFFFAOYSA-N,HEDRZPFGACZZDS-UHFFFAOYSA-N,BTFJIXJJCSYFAL-UHFFFAOYSA-N,338.15,2180
HEDRZPFGACZZDS-UHFFFAOYSA-N,HEDRZPFGACZZDS-UHFFFAOYSA-N,BTFJIXJJCSYFAL-UHFFFAOYSA-N,343.15,2181
HEDRZPFGACZZDS-UHFFFAOYSA-N,HEDRZPFGACZZDS-UHFFFAOYSA-N,BTFJIXJJCSYFAL-UHFFFAOYSA-N,348.15,2182
HEDRZPFGACZZDS-UHFFFAOYSA-N,HEDRZPFGACZZDS-UHFFFAOYSA-N,BTFJIXJJCSYFAL-UHFFFAOYSA-N,353.15,2183
HEDRZPFGACZZDS-UHFFFAOYSA-N,HEDRZPFGACZZDS-UHFFFAOYSA-N,DTOSIQBPPRVQHS-PDBXOOCHSA-N,303.13,2184
HEDRZPFGACZZDS-UHFFFAOYSA-N,HEDRZPFGACZZDS-UHFFFAOYSA-N,DTOSIQBPPRVQHS-PDBXOOCHSA-N,313.24,2185
HEDRZPFGACZZDS-UHFFFAOYSA-N,HEDRZPFGACZZDS-UHFFFAOYSA-N,DTOSIQBPPRVQHS-PDBXOOCHSA-N,323.24,2186
HEDRZPFGACZZDS-UHFFFAOYSA-N,HEDRZPFGACZZDS-UHFFFAOYSA-N,GHVNFZFCNZKVNT-UHFFFAOYSA-N,314.1,2187
HEDRZPFGACZZDS-UHFFFAOYSA-N,HEDRZPFGACZZDS-UHFFFAOYSA-N,GHVNFZFCNZKVNT-UHFFFAOYSA-N,314.24,2188
HEDRZPFGACZZDS-UHFFFAOYSA-N,HEDRZPFGACZZDS-UHFFFAOYSA-N,GHVNFZFCNZKVNT-UHFFFAOYSA-N,333.26,2189
HEDRZPFGACZZDS-UHFFFAOYSA-N,HEDRZPFGACZZDS-UHFFFAOYSA-N,GHVNFZFCNZKVNT-UHFFFAOYSA-N,333.38,2190
HEDRZPFGACZZDS-UHFFFAOYSA-N,HEDRZPFGACZZDS-UHFFFAOYSA-N,GHVNFZFCNZKVNT-UHFFFAOYSA-N,353.3,2191
HEDRZPFGACZZDS-UHFFFAOYSA-N,HEDRZPFGACZZDS-UHFFFAOYSA-N,GLDOVTGHNKAZLK-UHFFFAOYSA-N,333.15,2192
HEDRZPFGACZZDS-UHFFFAOYSA-N,HEDRZPFGACZZDS-UHFFFAOYSA-N,GLDOVTGHNKAZLK-UHFFFAOYSA-N,338.15,2193
HEDRZPFGACZZDS-UHFFFAOYSA-N,HEDRZPFGACZZDS-UHFFFAOYSA-N,GLDOVTGHNKAZLK-UHFFFAOYSA-N,343.15,2194
HEDRZPFGACZZDS-UHFFFAOYSA-N,HEDRZPFGACZZDS-UHFFFAOYSA-N,GLDOVTGHNKAZLK-UHFFFAOYSA-N,348.15,2195
HEDRZPFGACZZDS-UHFFFAOYSA-N,HEDRZPFGACZZDS-UHFFFAOYSA-N,GLDOVTGHNKAZLK-UHFFFAOYSA-N,353.15,2196
HEDRZPFGACZZDS-UHFFFAOYSA-N,HEDRZPFGACZZDS-UHFFFAOYSA-N,IPCSVZSSVZVIGE-UHFFFAOYSA-N,340.19,2197
HEDRZPFGACZZDS-UHFFFAOYSA-N,HEDRZPFGACZZDS-UHFFFAOYSA-N,IPCSVZSSVZVIGE-UHFFFAOYSA-N,348.01,2198
HEDRZPFGACZZDS-UHFFFAOYSA-N,HEDRZPFGACZZDS-UHFFFAOYSA-N,IPCSVZSSVZVIGE-UHFFFAOYSA-N,358.22,2199
HEDRZPFGACZZDS-UHFFFAOYSA-N,HEDRZPFGACZZDS-UHFFFAOYSA-N,OYHQOLUKZRVURQ-HZJYTTRNSA-N,338.28,2200
HEDRZPFGACZZDS-UHFFFAOYSA-N,HEDRZPFGACZZDS-UHFFFAOYSA-N,OYHQOLUKZRVURQ-HZJYTTRNSA-N,338.28,2201
HEDRZPFGACZZDS-UHFFFAOYSA-N,HEDRZPFGACZZDS-UHFFFAOYSA-N,OYHQOLUKZRVURQ-HZJYTTRNSA-N,348.31,2202
HEDRZPFGACZZDS-UHFFFAOYSA-N,HEDRZPFGACZZDS-UHFFFAOYSA-N,OYHQOLUKZRVURQ-HZJYTTRNSA-N,348.28,2203
HEDRZPFGACZZDS-UHFFFAOYSA-N,HEDRZPFGACZZDS-UHFFFAOYSA-N,OYHQOLUKZRVURQ-HZJYTTRNSA-N,358.3,2204
HEDRZPFGACZZDS-UHFFFAOYSA-N,HEDRZPFGACZZDS-UHFFFAOYSA-N,POULHZVOKOAJMA-UHFFFAOYSA-N,314.1,2205
HEDRZPFGACZZDS-UHFFFAOYSA-N,HEDRZPFGACZZDS-UHFFFAOYSA-N,POULHZVOKOAJMA-UHFFFAOYSA-N,314.24,2206
HEDRZPFGACZZDS-UHFFFAOYSA-N,HEDRZPFGACZZDS-UHFFFAOYSA-N,POULHZVOKOAJMA-UHFFFAOYSA-N,333.26,2207
HEDRZPFGACZZDS-UHFFFAOYSA-N,HEDRZPFGACZZDS-UHFFFAOYSA-N,POULHZVOKOAJMA-UHFFFAOYSA-N,333.38,2208
HEDRZPFGACZZDS-UHFFFAOYSA-N,HEDRZPFGACZZDS-UHFFFAOYSA-N,POULHZVOKOAJMA-UHFFFAOYSA-N,353.3,2209
HEDRZPFGACZZDS-UHFFFAOYSA-N,HEDRZPFGACZZDS-UHFFFAOYSA-N,QIQXTHQIDYTFRH-UHFFFAOYSA-N,349.47,2210
HEDRZPFGACZZDS-UHFFFAOYSA-N,HEDRZPFGACZZDS-UHFFFAOYSA-N,QIQXTHQIDYTFRH-UHFFFAOYSA-N,358.39,2211
HEDRZPFGACZZDS-UHFFFAOYSA-N,HEDRZPFGACZZDS-UHFFFAOYSA-N,QIQXTHQIDYTFRH-UHFFFAOYSA-N,368.13,2212
HEDRZPFGACZZDS-UHFFFAOYSA-N,HEDRZPFGACZZDS-UHFFFAOYSA-N,TUNFSRHWOTWDNC-UHFFFAOYSA-N,314.1,2213
HEDRZPFGACZZDS-UHFFFAOYSA-N,HEDRZPFGACZZDS-UHFFFAOYSA-N,TUNFSRHWOTWDNC-UHFFFAOYSA-N,314.24,2214
HEDRZPFGACZZDS-UHFFFAOYSA-N,HEDRZPFGACZZDS-UHFFFAOYSA-N,TUNFSRHWOTWDNC-UHFFFAOYSA-N,333.26,2215
HEDRZPFGACZZDS-UHFFFAOYSA-N,HEDRZPFGACZZDS-UHFFFAOYSA-N,TUNFSRHWOTWDNC-UHFFFAOYSA-N,333.38,2216
HEDRZPFGACZZDS-UHFFFAOYSA-N,HEDRZPFGACZZDS-UHFFFAOYSA-N,TUNFSRHWOTWDNC-UHFFFAOYSA-N,353.25,2217
HEDRZPFGACZZDS-UHFFFAOYSA-N,HEDRZPFGACZZDS-UHFFFAOYSA-N,TUNFSRHWOTWDNC-UHFFFAOYSA-N,353.3,2218
RTZKZFJDLAIYFH-UHFFFAOYSA-N,RTZKZFJDLAIYFH-UHFFFAOYSA-N,BTFJIXJJCSYFAL-UHFFFAOYSA-N,338.15,2219
RTZKZFJDLAIYFH-UHFFFAOYSA-N,RTZKZFJDLAIYFH-UHFFFAOYSA-N,BTFJIXJJCSYFAL-UHFFFAOYSA-N,343.15,2220
RTZKZFJDLAIYFH-UHFFFAOYSA-N,RTZKZFJDLAIYFH-UHFFFAOYSA-N,BTFJIXJJCSYFAL-UHFFFAOYSA-N,348.15,2221
RTZKZFJDLAIYFH-UHFFFAOYSA-N,RTZKZFJDLAIYFH-UHFFFAOYSA-N,BTFJIXJJCSYFAL-UHFFFAOYSA-N,353.15,2222
RTZKZFJDLAIYFH-UHFFFAOYSA-N,RTZKZFJDLAIYFH-UHFFFAOYSA-N,GLDOVTGHNKAZLK-UHFFFAOYSA-N,333.15,2223
RTZKZFJDLAIYFH-UHFFFAOYSA-N,RTZKZFJDLAIYFH-UHFFFAOYSA-N,GLDOVTGHNKAZLK-UHFFFAOYSA-N,338.15,2224
RTZKZFJDLAIYFH-UHFFFAOYSA-N,RTZKZFJDLAIYFH-UHFFFAOYSA-N,GLDOVTGHNKAZLK-UHFFFAOYSA-N,343.15,2225
RTZKZFJDLAIYFH-UHFFFAOYSA-N,RTZKZFJDLAIYFH-UHFFFAOYSA-N,GLDOVTGHNKAZLK-UHFFFAOYSA-N,348.15,2226
RTZKZFJDLAIYFH-UHFFFAOYSA-N,RTZKZFJDLAIYFH-UHFFFAOYSA-N,GLDOVTGHNKAZLK-UHFFFAOYSA-N,353.15,2227
RTZKZFJDLAIYFH-UHFFFAOYSA-N,RTZKZFJDLAIYFH-UHFFFAOYSA-N,PWGJDPKCLMLPJW-UHFFFAOYSA-N,328.15,2228
RTZKZFJDLAIYFH-UHFFFAOYSA-N,RTZKZFJDLAIYFH-UHFFFAOYSA-N,PWGJDPKCLMLPJW-UHFFFAOYSA-N,338.15,2229
RTZKZFJDLAIYFH-UHFFFAOYSA-N,RTZKZFJDLAIYFH-UHFFFAOYSA-N,PWGJDPKCLMLPJW-UHFFFAOYSA-N,343.15,2230
RTZKZFJDLAIYFH-UHFFFAOYSA-N,RTZKZFJDLAIYFH-UHFFFAOYSA-N,PWGJDPKCLMLPJW-UHFFFAOYSA-N,348.15,2231
RTZKZFJDLAIYFH-UHFFFAOYSA-N,RTZKZFJDLAIYFH-UHFFFAOYSA-N,XLYOFNOQVPJJNP-UHFFFAOYSA-N,273.35,2232
RTZKZFJDLAIYFH-UHFFFAOYSA-N,RTZKZFJDLAIYFH-UHFFFAOYSA-N,XLYOFNOQVPJJNP-UHFFFAOYSA-N,278.15,2233
RTZKZFJDLAIYFH-UHFFFAOYSA-N,RTZKZFJDLAIYFH-UHFFFAOYSA-N,XLYOFNOQVPJJNP-UHFFFAOYSA-N,283.15,2234
RTZKZFJDLAIYFH-UHFFFAOYSA-N,RTZKZFJDLAIYFH-UHFFFAOYSA-N,XLYOFNOQVPJJNP-UHFFFAOYSA-N,288.15,2235
RTZKZFJDLAIYFH-UHFFFAOYSA-N,RTZKZFJDLAIYFH-UHFFFAOYSA-N,XLYOFNOQVPJJNP-UHFFFAOYSA-N,293.15,2236
RTZKZFJDLAIYFH-UHFFFAOYSA-N,RTZKZFJDLAIYFH-UHFFFAOYSA-N,XLYOFNOQVPJJNP-UHFFFAOYSA-N,298.15,2237
RTZKZFJDLAIYFH-UHFFFAOYSA-N,RTZKZFJDLAIYFH-UHFFFAOYSA-N,XLYOFNOQVPJJNP-UHFFFAOYSA-N,303.15,2238
RTZKZFJDLAIYFH-UHFFFAOYSA-N,RTZKZFJDLAIYFH-UHFFFAOYSA-N,XLYOFNOQVPJJNP-UHFFFAOYSA-N,308.15,2239
RTZKZFJDLAIYFH-UHFFFAOYSA-N,RTZKZFJDLAIYFH-UHFFFAOYSA-N,XLYOFNOQVPJJNP-UHFFFAOYSA-N,318.15,2240
RTZKZFJDLAIYFH-UHFFFAOYSA-N,RTZKZFJDLAIYFH-UHFFFAOYSA-N,XLYOFNOQVPJJNP-UHFFFAOYSA-N,328.15,2241
JUJWROOIHBZHMG-UHFFFAOYSA-N,BKIMMITUMNQMOS-UHFFFAOYSA-N,JUJWROOIHBZHMG-UHFFFAOYSA-N,298.15,2242
JUJWROOIHBZHMG-UHFFFAOYSA-N,CSCPPACGZOOCGX-UHFFFAOYSA-N,JUJWROOIHBZHMG-UHFFFAOYSA-N,298.15,2243
JUJWROOIHBZHMG-UHFFFAOYSA-N,CTQNGGLPUBDAKN-UHFFFAOYSA-N,JUJWROOIHBZHMG-UHFFFAOYSA-N,298.15,2244
JUJWROOIHBZHMG-UHFFFAOYSA-N,DIOQZVSQGTUSAI-UHFFFAOYSA-N,JUJWROOIHBZHMG-UHFFFAOYSA-N,298.15,2245
JUJWROOIHBZHMG-UHFFFAOYSA-N,DKPFZGUDAPQIHT-UHFFFAOYSA-N,JUJWROOIHBZHMG-UHFFFAOYSA-N,298.15,2246
JUJWROOIHBZHMG-UHFFFAOYSA-N,HGCIXCUEYOPUTN-UHFFFAOYSA-N,JUJWROOIHBZHMG-UHFFFAOYSA-N,298.15,2247
JUJWROOIHBZHMG-UHFFFAOYSA-N,IMNFDUFMRHMDMM-UHFFFAOYSA-N,JUJWROOIHBZHMG-UHFFFAOYSA-N,298.15,2248
JUJWROOIHBZHMG-UHFFFAOYSA-N,IVSZLXZYQVIEFR-UHFFFAOYSA-N,JUJWROOIHBZHMG-UHFFFAOYSA-N,298.15,2249
JUJWROOIHBZHMG-UHFFFAOYSA-N,JUJWROOIHBZHMG-UHFFFAOYSA-N,XLYOFNOQVPJJNP-UHFFFAOYSA-N,333.15,2250
JUJWROOIHBZHMG-UHFFFAOYSA-N,JUJWROOIHBZHMG-UHFFFAOYSA-N,XLYOFNOQVPJJNP-UHFFFAOYSA-N,343.15,2251
JUJWROOIHBZHMG-UHFFFAOYSA-N,JUJWROOIHBZHMG-UHFFFAOYSA-N,XLYOFNOQVPJJNP-UHFFFAOYSA-N,353.15,2252
JUJWROOIHBZHMG-UHFFFAOYSA-N,JUJWROOIHBZHMG-UHFFFAOYSA-N,XLYOFNOQVPJJNP-UHFFFAOYSA-N,372.8,2253
JUJWROOIHBZHMG-UHFFFAOYSA-N,KNKRKFALVUDBJE-GSVOUGTGSA-N,JUJWROOIHBZHMG-UHFFFAOYSA-N,298.15,2254
JUJWROOIHBZHMG-UHFFFAOYSA-N,NAMYKGVDVNBCFQ-UHFFFAOYSA-N,JUJWROOIHBZHMG-UHFFFAOYSA-N,298.15,2255
JUJWROOIHBZHMG-UHFFFAOYSA-N,PGMYKACGEOXYJE-UHFFFAOYSA-N,JUJWROOIHBZHMG-UHFFFAOYSA-N,298.15,2256
JUJWROOIHBZHMG-UHFFFAOYSA-N,RSJKGSCJYJTIGS-UHFFFAOYSA-N,JUJWROOIHBZHMG-UHFFFAOYSA-N,298.15,2257
JUJWROOIHBZHMG-UHFFFAOYSA-N,TVMXDCGIABBOFY-UHFFFAOYSA-N,JUJWROOIHBZHMG-UHFFFAOYSA-N,298.15,2258
JUJWROOIHBZHMG-UHFFFAOYSA-N,URLKBWYHVLBVBO-UHFFFAOYSA-N,JUJWROOIHBZHMG-UHFFFAOYSA-N,298.15,2259
JUJWROOIHBZHMG-UHFFFAOYSA-N,VFWCMGCRMGJXDK-UHFFFAOYSA-N,JUJWROOIHBZHMG-UHFFFAOYSA-N,298.15,2260
JUJWROOIHBZHMG-UHFFFAOYSA-N,WEVYAHXRMPXWCK-UHFFFAOYSA-N,JUJWROOIHBZHMG-UHFFFAOYSA-N,298.15,2261
JUJWROOIHBZHMG-UHFFFAOYSA-N,WYURNTSHIVDZCO-UHFFFAOYSA-N,JUJWROOIHBZHMG-UHFFFAOYSA-N,298.15,2262
JUJWROOIHBZHMG-UHFFFAOYSA-N,YNQLUTRBYVCPMQ-UHFFFAOYSA-N,JUJWROOIHBZHMG-UHFFFAOYSA-N,298.15,2263
JUJWROOIHBZHMG-UHFFFAOYSA-N,YVXHZKKCZYLQOP-UHFFFAOYSA-N,JUJWROOIHBZHMG-UHFFFAOYSA-N,298.15,2264
JUJWROOIHBZHMG-UHFFFAOYSA-N,ZGEGCLOFRBLKSE-UHFFFAOYSA-N,JUJWROOIHBZHMG-UHFFFAOYSA-N,298.15,2265
WYURNTSHIVDZCO-UHFFFAOYSA-N,WYURNTSHIVDZCO-UHFFFAOYSA-N,BTFJIXJJCSYFAL-UHFFFAOYSA-N,338.15,2266
WYURNTSHIVDZCO-UHFFFAOYSA-N,WYURNTSHIVDZCO-UHFFFAOYSA-N,BTFJIXJJCSYFAL-UHFFFAOYSA-N,343.15,2267
WYURNTSHIVDZCO-UHFFFAOYSA-N,WYURNTSHIVDZCO-UHFFFAOYSA-N,BTFJIXJJCSYFAL-UHFFFAOYSA-N,348.15,2268
WYURNTSHIVDZCO-UHFFFAOYSA-N,WYURNTSHIVDZCO-UHFFFAOYSA-N,BTFJIXJJCSYFAL-UHFFFAOYSA-N,353.15,2269
WYURNTSHIVDZCO-UHFFFAOYSA-N,WYURNTSHIVDZCO-UHFFFAOYSA-N,GLDOVTGHNKAZLK-UHFFFAOYSA-N,333.15,2270
WYURNTSHIVDZCO-UHFFFAOYSA-N,WYURNTSHIVDZCO-UHFFFAOYSA-N,GLDOVTGHNKAZLK-UHFFFAOYSA-N,338.15,2271
WYURNTSHIVDZCO-UHFFFAOYSA-N,WYURNTSHIVDZCO-UHFFFAOYSA-N,GLDOVTGHNKAZLK-UHFFFAOYSA-N,343.15,2272
WYURNTSHIVDZCO-UHFFFAOYSA-N,WYURNTSHIVDZCO-UHFFFAOYSA-N,GLDOVTGHNKAZLK-UHFFFAOYSA-N,348.15,2273
WYURNTSHIVDZCO-UHFFFAOYSA-N,WYURNTSHIVDZCO-UHFFFAOYSA-N,GLDOVTGHNKAZLK-UHFFFAOYSA-N,353.15,2274
WYURNTSHIVDZCO-UHFFFAOYSA-N,WYURNTSHIVDZCO-UHFFFAOYSA-N,JUJWROOIHBZHMG-UHFFFAOYSA-N,298.15,2275
WYURNTSHIVDZCO-UHFFFAOYSA-N,WYURNTSHIVDZCO-UHFFFAOYSA-N,XLYOFNOQVPJJNP-UHFFFAOYSA-N,273.35,2276
WYURNTSHIVDZCO-UHFFFAOYSA-N,WYURNTSHIVDZCO-UHFFFAOYSA-N,XLYOFNOQVPJJNP-UHFFFAOYSA-N,278.15,2277
WYURNTSHIVDZCO-UHFFFAOYSA-N,WYURNTSHIVDZCO-UHFFFAOYSA-N,XLYOFNOQVPJJNP-UHFFFAOYSA-N,288.15,2278
WYURNTSHIVDZCO-UHFFFAOYSA-N,WYURNTSHIVDZCO-UHFFFAOYSA-N,XLYOFNOQVPJJNP-UHFFFAOYSA-N,298.15,2279
WYURNTSHIVDZCO-UHFFFAOYSA-N,WYURNTSHIVDZCO-UHFFFAOYSA-N,XLYOFNOQVPJJNP-UHFFFAOYSA-N,308.15,2280
WYURNTSHIVDZCO-UHFFFAOYSA-N,WYURNTSHIVDZCO-UHFFFAOYSA-N,XLYOFNOQVPJJNP-UHFFFAOYSA-N,318.15,2281
WYURNTSHIVDZCO-UHFFFAOYSA-N,WYURNTSHIVDZCO-UHFFFAOYSA-N,XLYOFNOQVPJJNP-UHFFFAOYSA-N,328.15,2282
WYURNTSHIVDZCO-UHFFFAOYSA-N,WYURNTSHIVDZCO-UHFFFAOYSA-N,XLYOFNOQVPJJNP-UHFFFAOYSA-N,328.15,2283
WEVYAHXRMPXWCK-UHFFFAOYSA-N,TVMXDCGIABBOFY-UHFFFAOYSA-N,WEVYAHXRMPXWCK-UHFFFAOYSA-N,298.15,2284
WEVYAHXRMPXWCK-UHFFFAOYSA-N,WEVYAHXRMPXWCK-UHFFFAOYSA-N,JUJWROOIHBZHMG-UHFFFAOYSA-N,298.15,2285
WEVYAHXRMPXWCK-UHFFFAOYSA-N,WEVYAHXRMPXWCK-UHFFFAOYSA-N,XLYOFNOQVPJJNP-UHFFFAOYSA-N,298.15,2286
WEVYAHXRMPXWCK-UHFFFAOYSA-N,WEVYAHXRMPXWCK-UHFFFAOYSA-N,XLYOFNOQVPJJNP-UHFFFAOYSA-N,298.15,2287
WEVYAHXRMPXWCK-UHFFFAOYSA-N,WEVYAHXRMPXWCK-UHFFFAOYSA-N,XMGQYMWWDOXHJM-JTQLQIEISA-N,298.15,2288
WEVYAHXRMPXWCK-UHFFFAOYSA-N,XLYOFNOQVPJJNP-UHFFFAOYSA-N,WEVYAHXRMPXWCK-UHFFFAOYSA-N,298.15,2289
WEVYAHXRMPXWCK-UHFFFAOYSA-N,XMGQYMWWDOXHJM-JTQLQIEISA-N,WEVYAHXRMPXWCK-UHFFFAOYSA-N,298.15,2290
WEVYAHXRMPXWCK-UHFFFAOYSA-N,YXFVVABEGXRONW-UHFFFAOYSA-N,WEVYAHXRMPXWCK-UHFFFAOYSA-N,298.15,2291
ZMXDDKWLCZADIW-UHFFFAOYSA-N,ZMXDDKWLCZADIW-UHFFFAOYSA-N,XLYOFNOQVPJJNP-UHFFFAOYSA-N,343.73,2292
ZMXDDKWLCZADIW-UHFFFAOYSA-N,ZMXDDKWLCZADIW-UHFFFAOYSA-N,XLYOFNOQVPJJNP-UHFFFAOYSA-N,349.05,2293
ZMXDDKWLCZADIW-UHFFFAOYSA-N,ZMXDDKWLCZADIW-UHFFFAOYSA-N,XLYOFNOQVPJJNP-UHFFFAOYSA-N,353.45,2294
ZMXDDKWLCZADIW-UHFFFAOYSA-N,ZMXDDKWLCZADIW-UHFFFAOYSA-N,XLYOFNOQVPJJNP-UHFFFAOYSA-N,357.91,2295
ZMXDDKWLCZADIW-UHFFFAOYSA-N,ZMXDDKWLCZADIW-UHFFFAOYSA-N,XLYOFNOQVPJJNP-UHFFFAOYSA-N,358.5,2296
ZMXDDKWLCZADIW-UHFFFAOYSA-N,ZMXDDKWLCZADIW-UHFFFAOYSA-N,XLYOFNOQVPJJNP-UHFFFAOYSA-N,363.82,2297
ZMXDDKWLCZADIW-UHFFFAOYSA-N,ZMXDDKWLCZADIW-UHFFFAOYSA-N,XLYOFNOQVPJJNP-UHFFFAOYSA-N,368.38,2298
ZMXDDKWLCZADIW-UHFFFAOYSA-N,ZMXDDKWLCZADIW-UHFFFAOYSA-N,XLYOFNOQVPJJNP-UHFFFAOYSA-N,371.62,2299
ZMXDDKWLCZADIW-UHFFFAOYSA-N,ZMXDDKWLCZADIW-UHFFFAOYSA-N,XLYOFNOQVPJJNP-UHFFFAOYSA-N,372.0,2300
XNNQFQFUQLJSQT-UHFFFAOYSA-N,XNNQFQFUQLJSQT-UHFFFAOYSA-N,IAZDPXIOMUYVGZ-UHFFFAOYSA-N,298.0,2301
